id,label,source_label
twifil-00002,2,Positive
twifil-00003,1,Neutral
twifil-00004,2,Positive
twifil-00005,0,Negative
twifil-00006,2,Positive
twifil-00007,0,Negative
twifil-00008,2,Positive
twifil-00009,2,Positive
twifil-00011,2,Positive
twifil-00013,2,Positive
twifil-00016,1,Neutral
twifil-00017,2,Positive
twifil-00018,2,Positive
twifil-00019,2,Positive
twifil-00021,2,Positive
twifil-00022,2,Positive
twifil-00023,0,Negative
twifil-00024,2,Positive
twifil-00025,2,Positive
twifil-00026,2,Positive
twifil-00029,0,Negative
twifil-00030,2,Positive
twifil-00031,0,Negative
twifil-00033,1,Neutral
twifil-00034,0,Negative
twifil-00035,2,Positive
twifil-00036,1,Neutral
twifil-00038,2,Positive
twifil-00040,0,Negative
twifil-00041,2,Positive
twifil-00043,2,Positive
twifil-00044,0,Negative
twifil-00045,1,Neutral
twifil-00046,0,Negative
twifil-00047,0,Negative
twifil-00048,2,Positive
twifil-00049,1,Neutral
twifil-00050,2,Positive
twifil-00051,0,Negative
twifil-00052,1,Neutral
twifil-00053,2,Positive
twifil-00054,0,Negative
twifil-00056,1,Neutral
twifil-00057,0,Negative
twifil-00058,2,Positive
twifil-00059,2,Positive
twifil-00066,0,Negative
twifil-00067,2,Positive
twifil-00068,2,Positive
twifil-00069,0,Negative
twifil-00070,0,Negative
twifil-00071,2,Positive
twifil-00072,0,Negative
twifil-00075,2,Positive
twifil-00076,1,Neutral
twifil-00077,2,Positive
twifil-00078,0,Negative
twifil-00080,1,Neutral
twifil-00082,2,Positive
twifil-00083,2,Positive
twifil-00085,0,Negative
twifil-00086,2,Positive
twifil-00088,2,Positive
twifil-00091,2,Positive
twifil-00092,2,Positive
twifil-00093,2,Positive
twifil-00094,1,Neutral
twifil-00096,0,Negative
twifil-00097,2,Positive
twifil-00099,0,Negative
twifil-00100,0,Negative
twifil-00101,0,Negative
twifil-00102,0,Negative
twifil-00106,2,Positive
twifil-00107,0,Negative
twifil-00108,0,Negative
twifil-00109,0,Negative
twifil-00111,0,Negative
twifil-00112,2,Positive
twifil-00113,0,Negative
twifil-00114,2,Positive
twifil-00115,0,Negative
twifil-00116,1,Neutral
twifil-00117,2,Positive
twifil-00118,2,Positive
twifil-00119,2,Positive
twifil-00120,2,Positive
twifil-00122,2,Positive
twifil-00125,2,Positive
twifil-00126,2,Positive
twifil-00127,2,Positive
twifil-00128,2,Positive
twifil-00130,0,Negative
twifil-00131,0,Negative
twifil-00132,1,Neutral
twifil-00133,1,Neutral
twifil-00134,2,Positive
twifil-00135,0,Negative
twifil-00137,2,Positive
twifil-00141,0,Negative
twifil-00143,2,Positive
twifil-00144,1,Neutral
twifil-00145,1,Neutral
twifil-00146,0,Negative
twifil-00147,2,Positive
twifil-00150,2,Positive
twifil-00151,1,Neutral
twifil-00152,2,Positive
twifil-00153,2,Positive
twifil-00154,2,Positive
twifil-00156,2,Positive
twifil-00157,0,Negative
twifil-00158,0,Negative
twifil-00159,2,Positive
twifil-00160,0,Negative
twifil-00161,0,Negative
twifil-00163,2,Positive
twifil-00164,2,Positive
twifil-00165,2,Positive
twifil-00166,2,Positive
twifil-00168,2,Positive
twifil-00170,2,Positive
twifil-00171,0,Negative
twifil-00173,0,Negative
twifil-00174,2,Positive
twifil-00175,2,Positive
twifil-00176,2,Positive
twifil-00179,1,Neutral
twifil-00180,1,Neutral
twifil-00181,2,Positive
twifil-00182,2,Positive
twifil-00183,1,Neutral
twifil-00184,1,Neutral
twifil-00186,0,Negative
twifil-00188,0,Negative
twifil-00190,2,Positive
twifil-00191,0,Negative
twifil-00193,1,Neutral
twifil-00194,1,Neutral
twifil-00195,2,Positive
twifil-00196,2,Positive
twifil-00197,0,Negative
twifil-00198,0,Negative
twifil-00200,2,Positive
twifil-00201,2,Positive
twifil-00205,0,Negative
twifil-00207,2,Positive
twifil-00208,2,Positive
twifil-00209,0,Negative
twifil-00210,0,Negative
twifil-00212,2,Positive
twifil-00215,1,Neutral
twifil-00217,0,Negative
twifil-00218,2,Positive
twifil-00219,2,Positive
twifil-00220,2,Positive
twifil-00222,2,Positive
twifil-00224,2,Positive
twifil-00226,0,Negative
twifil-00227,1,Neutral
twifil-00229,2,Positive
twifil-00230,1,Neutral
twifil-00231,1,Neutral
twifil-00232,2,Positive
twifil-00233,2,Positive
twifil-00235,0,Negative
twifil-00236,0,Negative
twifil-00237,2,Positive
twifil-00239,0,Negative
twifil-00241,0,Negative
twifil-00242,0,Negative
twifil-00243,2,Positive
twifil-00244,2,Positive
twifil-00246,0,Negative
twifil-00247,2,Positive
twifil-00248,2,Positive
twifil-00251,1,Neutral
twifil-00252,2,Positive
twifil-00253,0,Negative
twifil-00255,1,Neutral
twifil-00257,2,Positive
twifil-00259,0,Negative
twifil-00260,0,Negative
twifil-00262,0,Negative
twifil-00263,2,Positive
twifil-00265,2,Positive
twifil-00266,2,Positive
twifil-00267,2,Positive
twifil-00268,1,Neutral
twifil-00269,1,Neutral
twifil-00270,0,Negative
twifil-00271,0,Negative
twifil-00272,2,Positive
twifil-00274,2,Positive
twifil-00275,1,Neutral
twifil-00276,2,Positive
twifil-00277,2,Positive
twifil-00279,0,Negative
twifil-00280,2,Positive
twifil-00281,2,Positive
twifil-00284,2,Positive
twifil-00285,2,Positive
twifil-00286,2,Positive
twifil-00287,0,Negative
twifil-00288,2,Positive
twifil-00289,0,Negative
twifil-00290,1,Neutral
twifil-00291,1,Neutral
twifil-00292,2,Positive
twifil-00294,2,Positive
twifil-00295,2,Positive
twifil-00296,2,Positive
twifil-00297,0,Negative
twifil-00298,2,Positive
twifil-00299,0,Negative
twifil-00300,2,Positive
twifil-00302,2,Positive
twifil-00303,2,Positive
twifil-00304,1,Neutral
twifil-00305,1,Neutral
twifil-00306,0,Negative
twifil-00307,0,Negative
twifil-00308,2,Positive
twifil-00309,1,Neutral
twifil-00310,0,Negative
twifil-00313,1,Neutral
twifil-00315,2,Positive
twifil-00317,2,Positive
twifil-00320,2,Positive
twifil-00321,0,Negative
twifil-00322,2,Positive
twifil-00323,1,Neutral
twifil-00325,2,Positive
twifil-00326,2,Positive
twifil-00327,2,Positive
twifil-00328,2,Positive
twifil-00329,0,Negative
twifil-00330,0,Negative
twifil-00331,2,Positive
twifil-00332,0,Negative
twifil-00333,0,Negative
twifil-00334,2,Positive
twifil-00336,0,Negative
twifil-00337,2,Positive
twifil-00338,1,Neutral
twifil-00339,0,Negative
twifil-00340,0,Negative
twifil-00341,0,Negative
twifil-00343,0,Negative
twifil-00345,0,Negative
twifil-00346,0,Negative
twifil-00347,2,Positive
twifil-00348,2,Positive
twifil-00349,2,Positive
twifil-00351,2,Positive
twifil-00353,2,Positive
twifil-00354,0,Negative
twifil-00355,0,Negative
twifil-00360,1,Neutral
twifil-00362,2,Positive
twifil-00363,2,Positive
twifil-00365,2,Positive
twifil-00366,2,Positive
twifil-00368,0,Negative
twifil-00370,2,Positive
twifil-00372,2,Positive
twifil-00374,2,Positive
twifil-00375,1,Neutral
twifil-00376,2,Positive
twifil-00377,2,Positive
twifil-00379,2,Positive
twifil-00382,0,Negative
twifil-00383,2,Positive
twifil-00384,0,Negative
twifil-00385,1,Neutral
twifil-00386,2,Positive
twifil-00387,2,Positive
twifil-00388,1,Neutral
twifil-00389,2,Positive
twifil-00390,2,Positive
twifil-00393,0,Negative
twifil-00394,1,Neutral
twifil-00395,1,Neutral
twifil-00396,0,Negative
twifil-00399,0,Negative
twifil-00400,0,Negative
twifil-00401,0,Negative
twifil-00403,2,Positive
twifil-00404,2,Positive
twifil-00405,2,Positive
twifil-00406,0,Negative
twifil-00407,0,Negative
twifil-00408,2,Positive
twifil-00409,2,Positive
twifil-00411,2,Positive
twifil-00412,0,Negative
twifil-00413,0,Negative
twifil-00414,0,Negative
twifil-00415,1,Neutral
twifil-00416,0,Negative
twifil-00417,0,Negative
twifil-00419,0,Negative
twifil-00421,2,Positive
twifil-00422,0,Negative
twifil-00423,0,Negative
twifil-00425,0,Negative
twifil-00426,0,Negative
twifil-00428,2,Positive
twifil-00430,0,Negative
twifil-00432,0,Negative
twifil-00433,0,Negative
twifil-00434,2,Positive
twifil-00435,2,Positive
twifil-00437,0,Negative
twifil-00438,2,Positive
twifil-00439,2,Positive
twifil-00440,2,Positive
twifil-00441,1,Neutral
twifil-00442,2,Positive
twifil-00445,0,Negative
twifil-00446,2,Positive
twifil-00449,0,Negative
twifil-00450,0,Negative
twifil-00451,0,Negative
twifil-00452,0,Negative
twifil-00454,2,Positive
twifil-00455,2,Positive
twifil-00457,2,Positive
twifil-00458,0,Negative
twifil-00459,1,Neutral
twifil-00460,2,Positive
twifil-00461,0,Negative
twifil-00463,1,Neutral
twifil-00464,2,Positive
twifil-00465,2,Positive
twifil-00466,1,Neutral
twifil-00467,2,Positive
twifil-00468,0,Negative
twifil-00469,2,Positive
twifil-00470,0,Negative
twifil-00472,2,Positive
twifil-00473,2,Positive
twifil-00474,1,Neutral
twifil-00475,1,Neutral
twifil-00476,0,Negative
twifil-00477,0,Negative
twifil-00478,2,Positive
twifil-00480,0,Negative
twifil-00481,2,Positive
twifil-00482,2,Positive
twifil-00483,2,Positive
twifil-00486,2,Positive
twifil-00488,0,Negative
twifil-00490,1,Neutral
twifil-00492,0,Negative
twifil-00494,2,Positive
twifil-00495,0,Negative
twifil-00496,0,Negative
twifil-00497,0,Negative
twifil-00499,0,Negative
twifil-00500,2,Positive
twifil-00501,0,Negative
twifil-00502,0,Negative
twifil-00503,2,Positive
twifil-00504,1,Neutral
twifil-00505,1,Neutral
twifil-00506,2,Positive
twifil-00507,2,Positive
twifil-00508,0,Negative
twifil-00509,2,Positive
twifil-00510,2,Positive
twifil-00511,0,Negative
twifil-00513,0,Negative
twifil-00515,0,Negative
twifil-00516,0,Negative
twifil-00517,2,Positive
twifil-00518,2,Positive
twifil-00519,2,Positive
twifil-00520,2,Positive
twifil-00521,1,Neutral
twifil-00522,1,Neutral
twifil-00523,2,Positive
twifil-00525,0,Negative
twifil-00526,2,Positive
twifil-00528,0,Negative
twifil-00529,1,Neutral
twifil-00530,1,Neutral
twifil-00531,2,Positive
twifil-00532,0,Negative
twifil-00534,2,Positive
twifil-00535,0,Negative
twifil-00536,2,Positive
twifil-00538,2,Positive
twifil-00539,2,Positive
twifil-00542,2,Positive
twifil-00543,2,Positive
twifil-00544,2,Positive
twifil-00546,0,Negative
twifil-00547,2,Positive
twifil-00548,0,Negative
twifil-00551,2,Positive
twifil-00552,0,Negative
twifil-00554,1,Neutral
twifil-00555,0,Negative
twifil-00556,2,Positive
twifil-00557,1,Neutral
twifil-00558,2,Positive
twifil-00559,0,Negative
twifil-00560,0,Negative
twifil-00562,0,Negative
twifil-00563,0,Negative
twifil-00564,2,Positive
twifil-00565,1,Neutral
twifil-00566,0,Negative
twifil-00567,2,Positive
twifil-00569,2,Positive
twifil-00572,0,Negative
twifil-00573,0,Negative
twifil-00574,2,Positive
twifil-00575,2,Positive
twifil-00576,0,Negative
twifil-00577,2,Positive
twifil-00578,2,Positive
twifil-00579,2,Positive
twifil-00580,2,Positive
twifil-00582,0,Negative
twifil-00584,2,Positive
twifil-00586,2,Positive
twifil-00588,0,Negative
twifil-00589,2,Positive
twifil-00591,1,Neutral
twifil-00592,0,Negative
twifil-00594,2,Positive
twifil-00595,2,Positive
twifil-00596,0,Negative
twifil-00598,0,Negative
twifil-00599,2,Positive
twifil-00600,2,Positive
twifil-00601,0,Negative
twifil-00602,0,Negative
twifil-00603,2,Positive
twifil-00604,0,Negative
twifil-00605,2,Positive
twifil-00607,0,Negative
twifil-00608,0,Negative
twifil-00609,2,Positive
twifil-00610,0,Negative
twifil-00611,0,Negative
twifil-00612,2,Positive
twifil-00614,2,Positive
twifil-00615,2,Positive
twifil-00616,1,Neutral
twifil-00619,0,Negative
twifil-00622,2,Positive
twifil-00623,1,Neutral
twifil-00624,2,Positive
twifil-00625,0,Negative
twifil-00626,2,Positive
twifil-00627,2,Positive
twifil-00628,2,Positive
twifil-00630,2,Positive
twifil-00631,1,Neutral
twifil-00634,2,Positive
twifil-00636,2,Positive
twifil-00637,2,Positive
twifil-00638,1,Neutral
twifil-00639,2,Positive
twifil-00641,1,Neutral
twifil-00642,2,Positive
twifil-00643,2,Positive
twifil-00645,1,Neutral
twifil-00646,0,Negative
twifil-00647,2,Positive
twifil-00649,2,Positive
twifil-00650,0,Negative
twifil-00652,2,Positive
twifil-00653,2,Positive
twifil-00654,2,Positive
twifil-00656,0,Negative
twifil-00657,0,Negative
twifil-00658,2,Positive
twifil-00659,2,Positive
twifil-00660,1,Neutral
twifil-00661,2,Positive
twifil-00662,0,Negative
twifil-00663,0,Negative
twifil-00664,0,Negative
twifil-00665,1,Neutral
twifil-00666,2,Positive
twifil-00667,2,Positive
twifil-00669,0,Negative
twifil-00673,2,Positive
twifil-00674,1,Neutral
twifil-00675,2,Positive
twifil-00677,2,Positive
twifil-00681,2,Positive
twifil-00683,2,Positive
twifil-00684,1,Neutral
twifil-00685,2,Positive
twifil-00686,0,Negative
twifil-00687,0,Negative
twifil-00688,2,Positive
twifil-00689,0,Negative
twifil-00690,2,Positive
twifil-00691,2,Positive
twifil-00692,2,Positive
twifil-00693,1,Neutral
twifil-00694,2,Positive
twifil-00699,2,Positive
twifil-00700,0,Negative
twifil-00701,2,Positive
twifil-00703,2,Positive
twifil-00704,0,Negative
twifil-00705,0,Negative
twifil-00706,2,Positive
twifil-00708,0,Negative
twifil-00709,2,Positive
twifil-00710,0,Negative
twifil-00711,2,Positive
twifil-00712,0,Negative
twifil-00713,2,Positive
twifil-00714,1,Neutral
twifil-00716,0,Negative
twifil-00718,1,Neutral
twifil-00719,2,Positive
twifil-00720,2,Positive
twifil-00722,2,Positive
twifil-00724,2,Positive
twifil-00727,2,Positive
twifil-00728,2,Positive
twifil-00733,0,Negative
twifil-00735,0,Negative
twifil-00736,0,Negative
twifil-00739,2,Positive
twifil-00740,2,Positive
twifil-00741,1,Neutral
twifil-00742,1,Neutral
twifil-00743,2,Positive
twifil-00747,0,Negative
twifil-00749,2,Positive
twifil-00750,2,Positive
twifil-00751,1,Neutral
twifil-00752,0,Negative
twifil-00754,1,Neutral
twifil-00755,2,Positive
twifil-00756,0,Negative
twifil-00757,2,Positive
twifil-00759,0,Negative
twifil-00761,2,Positive
twifil-00762,2,Positive
twifil-00763,0,Negative
twifil-00764,2,Positive
twifil-00766,1,Neutral
twifil-00768,2,Positive
twifil-00771,2,Positive
twifil-00772,1,Neutral
twifil-00773,2,Positive
twifil-00774,0,Negative
twifil-00775,0,Negative
twifil-00777,1,Neutral
twifil-00778,2,Positive
twifil-00780,0,Negative
twifil-00781,0,Negative
twifil-00782,2,Positive
twifil-00784,2,Positive
twifil-00786,2,Positive
twifil-00787,0,Negative
twifil-00788,2,Positive
twifil-00789,2,Positive
twifil-00790,2,Positive
twifil-00791,1,Neutral
twifil-00792,2,Positive
twifil-00793,2,Positive
twifil-00794,2,Positive
twifil-00796,2,Positive
twifil-00798,0,Negative
twifil-00799,1,Neutral
twifil-00800,2,Positive
twifil-00801,0,Negative
twifil-00802,0,Negative
twifil-00803,2,Positive
twifil-00804,2,Positive
twifil-00805,2,Positive
twifil-00806,2,Positive
twifil-00807,0,Negative
twifil-00808,2,Positive
twifil-00809,1,Neutral
twifil-00810,2,Positive
twifil-00811,2,Positive
twifil-00812,2,Positive
twifil-00813,1,Neutral
twifil-00814,0,Negative
twifil-00815,0,Negative
twifil-00817,2,Positive
twifil-00818,0,Negative
twifil-00819,2,Positive
twifil-00820,2,Positive
twifil-00823,2,Positive
twifil-00824,2,Positive
twifil-00825,0,Negative
twifil-00826,0,Negative
twifil-00827,1,Neutral
twifil-00829,0,Negative
twifil-00830,0,Negative
twifil-00831,2,Positive
twifil-00834,2,Positive
twifil-00835,1,Neutral
twifil-00837,0,Negative
twifil-00839,0,Negative
twifil-00840,2,Positive
twifil-00841,0,Negative
twifil-00842,1,Neutral
twifil-00843,0,Negative
twifil-00844,2,Positive
twifil-00845,2,Positive
twifil-00846,1,Neutral
twifil-00847,2,Positive
twifil-00849,0,Negative
twifil-00850,2,Positive
twifil-00851,2,Positive
twifil-00853,2,Positive
twifil-00855,2,Positive
twifil-00856,2,Positive
twifil-00857,2,Positive
twifil-00858,0,Negative
twifil-00860,2,Positive
twifil-00861,2,Positive
twifil-00862,0,Negative
twifil-00863,2,Positive
twifil-00864,0,Negative
twifil-00865,0,Negative
twifil-00866,2,Positive
twifil-00867,2,Positive
twifil-00868,0,Negative
twifil-00869,2,Positive
twifil-00870,2,Positive
twifil-00871,0,Negative
twifil-00873,0,Negative
twifil-00874,0,Negative
twifil-00875,2,Positive
twifil-00876,1,Neutral
twifil-00877,2,Positive
twifil-00878,0,Negative
twifil-00879,2,Positive
twifil-00880,0,Negative
twifil-00882,2,Positive
twifil-00885,2,Positive
twifil-00887,2,Positive
twifil-00889,2,Positive
twifil-00890,0,Negative
twifil-00891,2,Positive
twifil-00892,2,Positive
twifil-00894,0,Negative
twifil-00896,0,Negative
twifil-00897,2,Positive
twifil-00898,2,Positive
twifil-00899,2,Positive
twifil-00901,2,Positive
twifil-00902,0,Negative
twifil-00903,1,Neutral
twifil-00904,1,Neutral
twifil-00906,2,Positive
twifil-00907,2,Positive
twifil-00908,0,Negative
twifil-00909,2,Positive
twifil-00910,2,Positive
twifil-00912,1,Neutral
twifil-00913,2,Positive
twifil-00914,2,Positive
twifil-00915,0,Negative
twifil-00916,1,Neutral
twifil-00920,1,Neutral
twifil-00922,2,Positive
twifil-00923,2,Positive
twifil-00924,2,Positive
twifil-00926,0,Negative
twifil-00927,1,Neutral
twifil-00928,0,Negative
twifil-00929,2,Positive
twifil-00930,2,Positive
twifil-00931,0,Negative
twifil-00932,0,Negative
twifil-00935,2,Positive
twifil-00936,2,Positive
twifil-00938,2,Positive
twifil-00939,0,Negative
twifil-00940,2,Positive
twifil-00941,1,Neutral
twifil-00944,0,Negative
twifil-00945,0,Negative
twifil-00946,2,Positive
twifil-00947,2,Positive
twifil-00948,0,Negative
twifil-00949,2,Positive
twifil-00952,0,Negative
twifil-00953,1,Neutral
twifil-00954,2,Positive
twifil-00955,2,Positive
twifil-00956,0,Negative
twifil-00957,1,Neutral
twifil-00958,0,Negative
twifil-00959,0,Negative
twifil-00960,2,Positive
twifil-00961,2,Positive
twifil-00963,2,Positive
twifil-00964,0,Negative
twifil-00965,0,Negative
twifil-00966,2,Positive
twifil-00967,0,Negative
twifil-00968,0,Negative
twifil-00972,0,Negative
twifil-00973,0,Negative
twifil-00975,2,Positive
twifil-00977,0,Negative
twifil-00978,2,Positive
twifil-00979,2,Positive
twifil-00980,2,Positive
twifil-00981,2,Positive
twifil-00982,2,Positive
twifil-00984,0,Negative
twifil-00985,0,Negative
twifil-00986,2,Positive
twifil-00987,1,Neutral
twifil-00988,0,Negative
twifil-00990,1,Neutral
twifil-00991,1,Neutral
twifil-00992,0,Negative
twifil-00993,2,Positive
twifil-00995,0,Negative
twifil-00996,2,Positive
twifil-00998,1,Neutral
twifil-00999,2,Positive
twifil-01000,2,Positive
twifil-01001,2,Positive
twifil-01002,2,Positive
twifil-01003,2,Positive
twifil-01004,2,Positive
twifil-01005,2,Positive
twifil-01006,2,Positive
twifil-01007,0,Negative
twifil-01008,0,Negative
twifil-01009,2,Positive
twifil-01011,0,Negative
twifil-01012,2,Positive
twifil-01014,0,Negative
twifil-01015,2,Positive
twifil-01016,0,Negative
twifil-01017,0,Negative
twifil-01018,0,Negative
twifil-01019,0,Negative
twifil-01021,0,Negative
twifil-01022,2,Positive
twifil-01023,2,Positive
twifil-01024,2,Positive
twifil-01027,2,Positive
twifil-01028,0,Negative
twifil-01029,2,Positive
twifil-01030,1,Neutral
twifil-01034,0,Negative
twifil-01036,2,Positive
twifil-01037,2,Positive
twifil-01038,0,Negative
twifil-01039,2,Positive
twifil-01041,0,Negative
twifil-01042,2,Positive
twifil-01047,0,Negative
twifil-01048,1,Neutral
twifil-01049,2,Positive
twifil-01050,2,Positive
twifil-01052,2,Positive
twifil-01053,2,Positive
twifil-01055,1,Neutral
twifil-01056,2,Positive
twifil-01058,2,Positive
twifil-01060,1,Neutral
twifil-01062,2,Positive
twifil-01063,2,Positive
twifil-01064,2,Positive
twifil-01065,2,Positive
twifil-01066,0,Negative
twifil-01067,2,Positive
twifil-01068,2,Positive
twifil-01072,0,Negative
twifil-01075,0,Negative
twifil-01079,2,Positive
twifil-01081,2,Positive
twifil-01082,2,Positive
twifil-01083,2,Positive
twifil-01084,2,Positive
twifil-01085,2,Positive
twifil-01087,2,Positive
twifil-01088,0,Negative
twifil-01089,2,Positive
twifil-01090,2,Positive
twifil-01092,0,Negative
twifil-01093,2,Positive
twifil-01094,2,Positive
twifil-01095,0,Negative
twifil-01096,2,Positive
twifil-01098,2,Positive
twifil-01099,1,Neutral
twifil-01100,0,Negative
twifil-01101,0,Negative
twifil-01103,0,Negative
twifil-01104,0,Negative
twifil-01105,1,Neutral
twifil-01106,0,Negative
twifil-01108,2,Positive
twifil-01109,0,Negative
twifil-01110,0,Negative
twifil-01111,0,Negative
twifil-01113,2,Positive
twifil-01114,2,Positive
twifil-01115,2,Positive
twifil-01117,0,Negative
twifil-01118,2,Positive
twifil-01120,2,Positive
twifil-01121,0,Negative
twifil-01123,0,Negative
twifil-01124,0,Negative
twifil-01126,0,Negative
twifil-01127,2,Positive
twifil-01128,1,Neutral
twifil-01130,2,Positive
twifil-01131,0,Negative
twifil-01132,2,Positive
twifil-01133,2,Positive
twifil-01134,2,Positive
twifil-01135,2,Positive
twifil-01136,2,Positive
twifil-01137,2,Positive
twifil-01139,2,Positive
twifil-01140,1,Neutral
twifil-01141,2,Positive
twifil-01142,0,Negative
twifil-01143,0,Negative
twifil-01144,2,Positive
twifil-01145,2,Positive
twifil-01146,2,Positive
twifil-01148,0,Negative
twifil-01150,0,Negative
twifil-01151,2,Positive
twifil-01154,2,Positive
twifil-01155,0,Negative
twifil-01156,0,Negative
twifil-01158,2,Positive
twifil-01162,2,Positive
twifil-01165,0,Negative
twifil-01166,1,Neutral
twifil-01167,0,Negative
twifil-01168,0,Negative
twifil-01169,2,Positive
twifil-01170,0,Negative
twifil-01171,2,Positive
twifil-01172,0,Negative
twifil-01173,2,Positive
twifil-01174,0,Negative
twifil-01175,0,Negative
twifil-01178,2,Positive
twifil-01179,1,Neutral
twifil-01180,0,Negative
twifil-01182,2,Positive
twifil-01183,0,Negative
twifil-01184,1,Neutral
twifil-01185,2,Positive
twifil-01186,0,Negative
twifil-01187,0,Negative
twifil-01188,0,Negative
twifil-01190,2,Positive
twifil-01191,0,Negative
twifil-01192,2,Positive
twifil-01193,1,Neutral
twifil-01194,2,Positive
twifil-01196,0,Negative
twifil-01197,2,Positive
twifil-01199,2,Positive
twifil-01201,2,Positive
twifil-01202,0,Negative
twifil-01205,2,Positive
twifil-01206,0,Negative
twifil-01207,0,Negative
twifil-01208,2,Positive
twifil-01209,2,Positive
twifil-01210,0,Negative
twifil-01211,1,Neutral
twifil-01212,2,Positive
twifil-01214,1,Neutral
twifil-01215,2,Positive
twifil-01216,0,Negative
twifil-01218,0,Negative
twifil-01219,2,Positive
twifil-01220,2,Positive
twifil-01222,2,Positive
twifil-01223,0,Negative
twifil-01224,0,Negative
twifil-01225,2,Positive
twifil-01227,0,Negative
twifil-01228,0,Negative
twifil-01229,0,Negative
twifil-01231,2,Positive
twifil-01232,0,Negative
twifil-01233,2,Positive
twifil-01234,2,Positive
twifil-01235,2,Positive
twifil-01236,0,Negative
twifil-01238,0,Negative
twifil-01239,2,Positive
twifil-01240,0,Negative
twifil-01241,2,Positive
twifil-01242,2,Positive
twifil-01243,2,Positive
twifil-01245,0,Negative
twifil-01246,0,Negative
twifil-01247,2,Positive
twifil-01248,0,Negative
twifil-01249,0,Negative
twifil-01250,0,Negative
twifil-01251,0,Negative
twifil-01252,2,Positive
twifil-01253,1,Neutral
twifil-01254,0,Negative
twifil-01256,0,Negative
twifil-01257,2,Positive
twifil-01258,2,Positive
twifil-01260,0,Negative
twifil-01261,2,Positive
twifil-01263,2,Positive
twifil-01264,1,Neutral
twifil-01266,2,Positive
twifil-01267,2,Positive
twifil-01268,0,Negative
twifil-01269,1,Neutral
twifil-01271,0,Negative
twifil-01272,2,Positive
twifil-01273,2,Positive
twifil-01274,2,Positive
twifil-01276,2,Positive
twifil-01278,2,Positive
twifil-01279,2,Positive
twifil-01280,2,Positive
twifil-01281,0,Negative
twifil-01282,0,Negative
twifil-01283,0,Negative
twifil-01285,1,Neutral
twifil-01286,2,Positive
twifil-01287,0,Negative
twifil-01288,2,Positive
twifil-01291,2,Positive
twifil-01292,0,Negative
twifil-01293,1,Neutral
twifil-01294,0,Negative
twifil-01295,2,Positive
twifil-01296,0,Negative
twifil-01297,2,Positive
twifil-01299,0,Negative
twifil-01300,2,Positive
twifil-01302,0,Negative
twifil-01303,2,Positive
twifil-01304,1,Neutral
twifil-01305,2,Positive
twifil-01306,2,Positive
twifil-01308,0,Negative
twifil-01309,1,Neutral
twifil-01311,0,Negative
twifil-01312,2,Positive
twifil-01313,0,Negative
twifil-01314,1,Neutral
twifil-01315,0,Negative
twifil-01317,1,Neutral
twifil-01318,2,Positive
twifil-01319,1,Neutral
twifil-01322,0,Negative
twifil-01323,0,Negative
twifil-01325,0,Negative
twifil-01326,0,Negative
twifil-01327,1,Neutral
twifil-01330,1,Neutral
twifil-01331,2,Positive
twifil-01332,2,Positive
twifil-01333,1,Neutral
twifil-01334,0,Negative
twifil-01335,2,Positive
twifil-01336,1,Neutral
twifil-01340,2,Positive
twifil-01341,2,Positive
twifil-01342,2,Positive
twifil-01343,2,Positive
twifil-01344,0,Negative
twifil-01345,2,Positive
twifil-01348,2,Positive
twifil-01350,1,Neutral
twifil-01351,2,Positive
twifil-01352,0,Negative
twifil-01353,1,Neutral
twifil-01354,0,Negative
twifil-01355,1,Neutral
twifil-01356,0,Negative
twifil-01359,0,Negative
twifil-01360,2,Positive
twifil-01361,2,Positive
twifil-01362,0,Negative
twifil-01363,2,Positive
twifil-01366,2,Positive
twifil-01368,1,Neutral
twifil-01369,0,Negative
twifil-01371,2,Positive
twifil-01372,1,Neutral
twifil-01373,0,Negative
twifil-01375,2,Positive
twifil-01376,2,Positive
twifil-01377,2,Positive
twifil-01378,2,Positive
twifil-01379,2,Positive
twifil-01380,0,Negative
twifil-01381,1,Neutral
twifil-01382,0,Negative
twifil-01383,1,Neutral
twifil-01384,2,Positive
twifil-01385,2,Positive
twifil-01386,0,Negative
twifil-01387,2,Positive
twifil-01390,0,Negative
twifil-01391,2,Positive
twifil-01394,0,Negative
twifil-01397,1,Neutral
twifil-01398,1,Neutral
twifil-01400,1,Neutral
twifil-01401,1,Neutral
twifil-01402,0,Negative
twifil-01403,0,Negative
twifil-01407,2,Positive
twifil-01408,0,Negative
twifil-01409,2,Positive
twifil-01410,2,Positive
twifil-01411,2,Positive
twifil-01412,0,Negative
twifil-01413,1,Neutral
twifil-01414,0,Negative
twifil-01418,1,Neutral
twifil-01419,1,Neutral
twifil-01421,0,Negative
twifil-01422,2,Positive
twifil-01423,0,Negative
twifil-01424,1,Neutral
twifil-01425,0,Negative
twifil-01426,0,Negative
twifil-01429,0,Negative
twifil-01430,2,Positive
twifil-01431,2,Positive
twifil-01432,2,Positive
twifil-01433,2,Positive
twifil-01434,0,Negative
twifil-01435,2,Positive
twifil-01436,2,Positive
twifil-01440,2,Positive
twifil-01441,0,Negative
twifil-01443,0,Negative
twifil-01445,2,Positive
twifil-01448,2,Positive
twifil-01449,2,Positive
twifil-01450,2,Positive
twifil-01451,2,Positive
twifil-01452,0,Negative
twifil-01453,2,Positive
twifil-01456,0,Negative
twifil-01457,1,Neutral
twifil-01458,0,Negative
twifil-01459,0,Negative
twifil-01460,0,Negative
twifil-01462,0,Negative
twifil-01465,0,Negative
twifil-01466,0,Negative
twifil-01468,0,Negative
twifil-01469,0,Negative
twifil-01471,0,Negative
twifil-01472,2,Positive
twifil-01474,2,Positive
twifil-01475,0,Negative
twifil-01476,0,Negative
twifil-01478,0,Negative
twifil-01479,0,Negative
twifil-01480,2,Positive
twifil-01481,2,Positive
twifil-01482,2,Positive
twifil-01484,0,Negative
twifil-01485,1,Neutral
twifil-01486,0,Negative
twifil-01487,2,Positive
twifil-01489,2,Positive
twifil-01491,2,Positive
twifil-01492,0,Negative
twifil-01493,2,Positive
twifil-01496,1,Neutral
twifil-01501,0,Negative
twifil-01502,1,Neutral
twifil-01503,0,Negative
twifil-01504,0,Negative
twifil-01505,2,Positive
twifil-01506,2,Positive
twifil-01508,2,Positive
twifil-01510,2,Positive
twifil-01513,0,Negative
twifil-01514,1,Neutral
twifil-01516,2,Positive
twifil-01517,1,Neutral
twifil-01518,0,Negative
twifil-01520,0,Negative
twifil-01521,1,Neutral
twifil-01522,2,Positive
twifil-01523,0,Negative
twifil-01524,2,Positive
twifil-01526,1,Neutral
twifil-01527,0,Negative
twifil-01528,0,Negative
twifil-01529,2,Positive
twifil-01530,0,Negative
twifil-01534,1,Neutral
twifil-01535,2,Positive
twifil-01536,2,Positive
twifil-01537,0,Negative
twifil-01539,0,Negative
twifil-01540,2,Positive
twifil-01541,0,Negative
twifil-01542,2,Positive
twifil-01543,2,Positive
twifil-01544,2,Positive
twifil-01546,2,Positive
twifil-01548,1,Neutral
twifil-01551,2,Positive
twifil-01554,1,Neutral
twifil-01555,2,Positive
twifil-01556,2,Positive
twifil-01557,2,Positive
twifil-01558,2,Positive
twifil-01559,1,Neutral
twifil-01561,2,Positive
twifil-01562,0,Negative
twifil-01564,2,Positive
twifil-01565,2,Positive
twifil-01566,2,Positive
twifil-01567,2,Positive
twifil-01568,0,Negative
twifil-01569,2,Positive
twifil-01572,2,Positive
twifil-01573,2,Positive
twifil-01574,0,Negative
twifil-01575,2,Positive
twifil-01576,2,Positive
twifil-01578,1,Neutral
twifil-01579,2,Positive
twifil-01581,2,Positive
twifil-01583,0,Negative
twifil-01584,2,Positive
twifil-01585,2,Positive
twifil-01586,0,Negative
twifil-01587,2,Positive
twifil-01588,1,Neutral
twifil-01590,2,Positive
twifil-01591,0,Negative
twifil-01595,1,Neutral
twifil-01596,1,Neutral
twifil-01599,0,Negative
twifil-01600,0,Negative
twifil-01603,2,Positive
twifil-01605,0,Negative
twifil-01607,0,Negative
twifil-01608,2,Positive
twifil-01610,0,Negative
twifil-01612,2,Positive
twifil-01614,1,Neutral
twifil-01615,2,Positive
twifil-01616,0,Negative
twifil-01617,2,Positive
twifil-01618,1,Neutral
twifil-01619,2,Positive
twifil-01621,2,Positive
twifil-01622,2,Positive
twifil-01623,0,Negative
twifil-01624,2,Positive
twifil-01625,2,Positive
twifil-01630,2,Positive
twifil-01633,0,Negative
twifil-01636,1,Neutral
twifil-01637,1,Neutral
twifil-01638,2,Positive
twifil-01639,0,Negative
twifil-01640,0,Negative
twifil-01641,2,Positive
twifil-01643,0,Negative
twifil-01645,0,Negative
twifil-01646,2,Positive
twifil-01647,0,Negative
twifil-01649,2,Positive
twifil-01650,2,Positive
twifil-01651,2,Positive
twifil-01654,2,Positive
twifil-01655,0,Negative
twifil-01656,0,Negative
twifil-01657,2,Positive
twifil-01659,2,Positive
twifil-01662,2,Positive
twifil-01664,2,Positive
twifil-01665,0,Negative
twifil-01666,2,Positive
twifil-01667,0,Negative
twifil-01668,0,Negative
twifil-01669,2,Positive
twifil-01671,2,Positive
twifil-01672,2,Positive
twifil-01674,2,Positive
twifil-01675,0,Negative
twifil-01676,1,Neutral
twifil-01677,1,Neutral
twifil-01678,2,Positive
twifil-01679,1,Neutral
twifil-01680,0,Negative
twifil-01682,2,Positive
twifil-01683,0,Negative
twifil-01685,2,Positive
twifil-01687,2,Positive
twifil-01688,0,Negative
twifil-01689,0,Negative
twifil-01690,2,Positive
twifil-01691,2,Positive
twifil-01694,2,Positive
twifil-01696,0,Negative
twifil-01697,1,Neutral
twifil-01699,2,Positive
twifil-01701,0,Negative
twifil-01702,2,Positive
twifil-01703,0,Negative
twifil-01706,0,Negative
twifil-01708,0,Negative
twifil-01709,2,Positive
twifil-01710,2,Positive
twifil-01711,1,Neutral
twifil-01713,1,Neutral
twifil-01714,2,Positive
twifil-01715,2,Positive
twifil-01717,1,Neutral
twifil-01719,2,Positive
twifil-01721,0,Negative
twifil-01722,0,Negative
twifil-01723,0,Negative
twifil-01724,1,Neutral
twifil-01725,2,Positive
twifil-01729,1,Neutral
twifil-01730,2,Positive
twifil-01732,0,Negative
twifil-01734,2,Positive
twifil-01737,0,Negative
twifil-01738,2,Positive
twifil-01740,2,Positive
twifil-01742,2,Positive
twifil-01743,1,Neutral
twifil-01744,1,Neutral
twifil-01745,0,Negative
twifil-01746,1,Neutral
twifil-01747,2,Positive
twifil-01749,2,Positive
twifil-01751,0,Negative
twifil-01752,0,Negative
twifil-01753,2,Positive
twifil-01754,2,Positive
twifil-01756,2,Positive
twifil-01757,1,Neutral
twifil-01758,1,Neutral
twifil-01759,0,Negative
twifil-01760,2,Positive
twifil-01761,1,Neutral
twifil-01763,1,Neutral
twifil-01764,0,Negative
twifil-01765,2,Positive
twifil-01766,2,Positive
twifil-01767,2,Positive
twifil-01769,0,Negative
twifil-01770,2,Positive
twifil-01771,0,Negative
twifil-01773,2,Positive
twifil-01774,2,Positive
twifil-01775,2,Positive
twifil-01777,2,Positive
twifil-01778,2,Positive
twifil-01779,1,Neutral
twifil-01780,2,Positive
twifil-01782,2,Positive
twifil-01783,2,Positive
twifil-01784,0,Negative
twifil-01785,2,Positive
twifil-01786,0,Negative
twifil-01787,2,Positive
twifil-01790,0,Negative
twifil-01791,2,Positive
twifil-01795,2,Positive
twifil-01796,1,Neutral
twifil-01799,2,Positive
twifil-01800,2,Positive
twifil-01801,2,Positive
twifil-01802,0,Negative
twifil-01804,2,Positive
twifil-01805,2,Positive
twifil-01806,2,Positive
twifil-01807,2,Positive
twifil-01808,2,Positive
twifil-01809,1,Neutral
twifil-01810,2,Positive
twifil-01811,2,Positive
twifil-01812,2,Positive
twifil-01813,2,Positive
twifil-01814,2,Positive
twifil-01816,2,Positive
twifil-01818,2,Positive
twifil-01819,2,Positive
twifil-01820,0,Negative
twifil-01821,1,Neutral
twifil-01822,2,Positive
twifil-01823,2,Positive
twifil-01824,2,Positive
twifil-01826,2,Positive
twifil-01827,2,Positive
twifil-01828,2,Positive
twifil-01829,2,Positive
twifil-01831,2,Positive
twifil-01832,2,Positive
twifil-01833,2,Positive
twifil-01834,1,Neutral
twifil-01835,0,Negative
twifil-01837,0,Negative
twifil-01838,2,Positive
twifil-01842,1,Neutral
twifil-01843,0,Negative
twifil-01844,1,Neutral
twifil-01846,2,Positive
twifil-01847,2,Positive
twifil-01848,0,Negative
twifil-01849,0,Negative
twifil-01850,2,Positive
twifil-01851,0,Negative
twifil-01852,1,Neutral
twifil-01853,0,Negative
twifil-01854,0,Negative
twifil-01855,2,Positive
twifil-01856,0,Negative
twifil-01858,2,Positive
twifil-01860,1,Neutral
twifil-01861,2,Positive
twifil-01862,1,Neutral
twifil-01863,2,Positive
twifil-01864,0,Negative
twifil-01866,1,Neutral
twifil-01868,0,Negative
twifil-01869,1,Neutral
twifil-01870,0,Negative
twifil-01872,1,Neutral
twifil-01873,2,Positive
twifil-01874,2,Positive
twifil-01876,2,Positive
twifil-01877,2,Positive
twifil-01878,2,Positive
twifil-01881,2,Positive
twifil-01882,2,Positive
twifil-01884,2,Positive
twifil-01885,2,Positive
twifil-01886,0,Negative
twifil-01887,2,Positive
twifil-01888,0,Negative
twifil-01890,0,Negative
twifil-01891,1,Neutral
twifil-01892,2,Positive
twifil-01893,0,Negative
twifil-01895,2,Positive
twifil-01896,1,Neutral
twifil-01897,2,Positive
twifil-01898,2,Positive
twifil-01899,2,Positive
twifil-01900,0,Negative
twifil-01901,1,Neutral
twifil-01903,2,Positive
twifil-01904,0,Negative
twifil-01905,2,Positive
twifil-01907,2,Positive
twifil-01909,2,Positive
twifil-01910,0,Negative
twifil-01911,2,Positive
twifil-01912,2,Positive
twifil-01914,2,Positive
twifil-01915,2,Positive
twifil-01916,1,Neutral
twifil-01917,0,Negative
twifil-01918,1,Neutral
twifil-01920,0,Negative
twifil-01921,1,Neutral
twifil-01922,0,Negative
twifil-01923,2,Positive
twifil-01924,2,Positive
twifil-01925,2,Positive
twifil-01926,2,Positive
twifil-01928,1,Neutral
twifil-01929,0,Negative
twifil-01931,2,Positive
twifil-01932,2,Positive
twifil-01939,2,Positive
twifil-01940,2,Positive
twifil-01941,2,Positive
twifil-01942,2,Positive
twifil-01943,0,Negative
twifil-01945,0,Negative
twifil-01946,2,Positive
twifil-01948,1,Neutral
twifil-01949,2,Positive
twifil-01950,2,Positive
twifil-01951,0,Negative
twifil-01952,0,Negative
twifil-01953,0,Negative
twifil-01954,2,Positive
twifil-01955,2,Positive
twifil-01956,0,Negative
twifil-01958,2,Positive
twifil-01960,2,Positive
twifil-01961,0,Negative
twifil-01962,2,Positive
twifil-01963,0,Negative
twifil-01964,0,Negative
twifil-01965,0,Negative
twifil-01966,2,Positive
twifil-01969,2,Positive
twifil-01970,1,Neutral
twifil-01971,2,Positive
twifil-01972,0,Negative
twifil-01973,0,Negative
twifil-01974,2,Positive
twifil-01975,0,Negative
twifil-01976,2,Positive
twifil-01977,0,Negative
twifil-01978,1,Neutral
twifil-01981,2,Positive
twifil-01982,2,Positive
twifil-01983,2,Positive
twifil-01984,0,Negative
twifil-01986,0,Negative
twifil-01987,1,Neutral
twifil-01988,2,Positive
twifil-01990,0,Negative
twifil-01991,2,Positive
twifil-01992,2,Positive
twifil-01994,2,Positive
twifil-01995,0,Negative
twifil-01996,0,Negative
twifil-01997,2,Positive
twifil-01998,2,Positive
twifil-01999,0,Negative
twifil-02000,1,Neutral
twifil-02001,2,Positive
twifil-02003,1,Neutral
twifil-02004,2,Positive
twifil-02005,2,Positive
twifil-02006,2,Positive
twifil-02007,2,Positive
twifil-02011,2,Positive
twifil-02013,2,Positive
twifil-02016,2,Positive
twifil-02019,0,Negative
twifil-02020,0,Negative
twifil-02022,0,Negative
twifil-02023,2,Positive
twifil-02025,2,Positive
twifil-02026,0,Negative
twifil-02027,2,Positive
twifil-02029,1,Neutral
twifil-02030,2,Positive
twifil-02031,1,Neutral
twifil-02032,0,Negative
twifil-02033,0,Negative
twifil-02036,1,Neutral
twifil-02037,2,Positive
twifil-02038,1,Neutral
twifil-02039,0,Negative
twifil-02040,2,Positive
twifil-02043,2,Positive
twifil-02044,2,Positive
twifil-02048,0,Negative
twifil-02049,0,Negative
twifil-02050,2,Positive
twifil-02052,2,Positive
twifil-02053,2,Positive
twifil-02055,2,Positive
twifil-02057,2,Positive
twifil-02058,2,Positive
twifil-02061,2,Positive
twifil-02062,0,Negative
twifil-02063,1,Neutral
twifil-02064,2,Positive
twifil-02065,2,Positive
twifil-02066,0,Negative
twifil-02068,2,Positive
twifil-02071,2,Positive
twifil-02073,0,Negative
twifil-02075,2,Positive
twifil-02076,0,Negative
twifil-02077,0,Negative
twifil-02078,0,Negative
twifil-02079,2,Positive
twifil-02080,2,Positive
twifil-02082,0,Negative
twifil-02083,1,Neutral
twifil-02084,0,Negative
twifil-02086,2,Positive
twifil-02087,1,Neutral
twifil-02088,0,Negative
twifil-02089,0,Negative
twifil-02090,2,Positive
twifil-02091,0,Negative
twifil-02092,0,Negative
twifil-02093,1,Neutral
twifil-02094,1,Neutral
twifil-02095,2,Positive
twifil-02096,1,Neutral
twifil-02097,2,Positive
twifil-02099,0,Negative
twifil-02100,0,Negative
twifil-02101,2,Positive
twifil-02103,0,Negative
twifil-02104,1,Neutral
twifil-02106,2,Positive
twifil-02107,0,Negative
twifil-02109,2,Positive
twifil-02111,1,Neutral
twifil-02112,0,Negative
twifil-02113,0,Negative
twifil-02114,0,Negative
twifil-02116,2,Positive
twifil-02117,2,Positive
twifil-02118,1,Neutral
twifil-02119,0,Negative
twifil-02120,2,Positive
twifil-02123,0,Negative
twifil-02124,0,Negative
twifil-02127,1,Neutral
twifil-02129,0,Negative
twifil-02130,2,Positive
twifil-02131,2,Positive
twifil-02132,2,Positive
twifil-02135,1,Neutral
twifil-02136,2,Positive
twifil-02137,2,Positive
twifil-02139,2,Positive
twifil-02140,2,Positive
twifil-02141,1,Neutral
twifil-02143,2,Positive
twifil-02146,0,Negative
twifil-02147,2,Positive
twifil-02149,2,Positive
twifil-02150,0,Negative
twifil-02151,0,Negative
twifil-02152,2,Positive
twifil-02153,0,Negative
twifil-02154,0,Negative
twifil-02155,2,Positive
twifil-02156,2,Positive
twifil-02157,0,Negative
twifil-02159,0,Negative
twifil-02161,2,Positive
twifil-02162,2,Positive
twifil-02163,2,Positive
twifil-02164,0,Negative
twifil-02167,2,Positive
twifil-02169,2,Positive
twifil-02170,2,Positive
twifil-02171,0,Negative
twifil-02173,1,Neutral
twifil-02176,1,Neutral
twifil-02177,0,Negative
twifil-02178,0,Negative
twifil-02180,2,Positive
twifil-02181,2,Positive
twifil-02185,2,Positive
twifil-02186,2,Positive
twifil-02188,2,Positive
twifil-02190,1,Neutral
twifil-02191,2,Positive
twifil-02194,1,Neutral
twifil-02198,2,Positive
twifil-02199,1,Neutral
twifil-02200,1,Neutral
twifil-02201,2,Positive
twifil-02204,0,Negative
twifil-02205,0,Negative
twifil-02206,2,Positive
twifil-02207,2,Positive
twifil-02208,0,Negative
twifil-02209,2,Positive
twifil-02210,0,Negative
twifil-02211,2,Positive
twifil-02212,0,Negative
twifil-02213,2,Positive
twifil-02214,2,Positive
twifil-02216,0,Negative
twifil-02218,0,Negative
twifil-02219,1,Neutral
twifil-02221,1,Neutral
twifil-02222,0,Negative
twifil-02224,0,Negative
twifil-02225,2,Positive
twifil-02226,1,Neutral
twifil-02228,2,Positive
twifil-02231,2,Positive
twifil-02233,0,Negative
twifil-02234,1,Neutral
twifil-02236,2,Positive
twifil-02239,0,Negative
twifil-02240,0,Negative
twifil-02241,2,Positive
twifil-02242,2,Positive
twifil-02243,1,Neutral
twifil-02245,2,Positive
twifil-02246,0,Negative
twifil-02247,2,Positive
twifil-02248,0,Negative
twifil-02249,0,Negative
twifil-02253,0,Negative
twifil-02254,2,Positive
twifil-02256,2,Positive
twifil-02258,0,Negative
twifil-02259,1,Neutral
twifil-02262,2,Positive
twifil-02263,0,Negative
twifil-02265,0,Negative
twifil-02267,1,Neutral
twifil-02268,1,Neutral
twifil-02269,0,Negative
twifil-02270,1,Neutral
twifil-02271,0,Negative
twifil-02272,0,Negative
twifil-02274,0,Negative
twifil-02275,2,Positive
twifil-02276,0,Negative
twifil-02277,2,Positive
twifil-02278,2,Positive
twifil-02279,0,Negative
twifil-02280,2,Positive
twifil-02282,2,Positive
twifil-02284,2,Positive
twifil-02285,2,Positive
twifil-02286,0,Negative
twifil-02288,0,Negative
twifil-02289,2,Positive
twifil-02292,2,Positive
twifil-02293,0,Negative
twifil-02294,0,Negative
twifil-02295,0,Negative
twifil-02296,2,Positive
twifil-02297,0,Negative
twifil-02298,0,Negative
twifil-02299,2,Positive
twifil-02300,0,Negative
twifil-02301,0,Negative
twifil-02302,1,Neutral
twifil-02303,2,Positive
twifil-02304,2,Positive
twifil-02308,0,Negative
twifil-02309,2,Positive
twifil-02310,2,Positive
twifil-02312,2,Positive
twifil-02313,1,Neutral
twifil-02314,1,Neutral
twifil-02315,0,Negative
twifil-02316,0,Negative
twifil-02319,2,Positive
twifil-02320,0,Negative
twifil-02321,0,Negative
twifil-02323,0,Negative
twifil-02325,2,Positive
twifil-02326,2,Positive
twifil-02328,2,Positive
twifil-02329,2,Positive
twifil-02330,1,Neutral
twifil-02333,1,Neutral
twifil-02335,1,Neutral
twifil-02336,0,Negative
twifil-02337,2,Positive
twifil-02339,1,Neutral
twifil-02340,0,Negative
twifil-02341,2,Positive
twifil-02342,2,Positive
twifil-02343,0,Negative
twifil-02345,0,Negative
twifil-02347,2,Positive
twifil-02348,2,Positive
twifil-02350,0,Negative
twifil-02351,2,Positive
twifil-02352,2,Positive
twifil-02353,2,Positive
twifil-02354,0,Negative
twifil-02355,0,Negative
twifil-02356,0,Negative
twifil-02357,0,Negative
twifil-02358,2,Positive
twifil-02359,2,Positive
twifil-02360,2,Positive
twifil-02362,2,Positive
twifil-02364,0,Negative
twifil-02365,0,Negative
twifil-02368,1,Neutral
twifil-02369,2,Positive
twifil-02370,1,Neutral
twifil-02371,0,Negative
twifil-02373,2,Positive
twifil-02376,0,Negative
twifil-02378,0,Negative
twifil-02382,1,Neutral
twifil-02383,0,Negative
twifil-02384,2,Positive
twifil-02386,0,Negative
twifil-02387,2,Positive
twifil-02388,0,Negative
twifil-02392,2,Positive
twifil-02393,0,Negative
twifil-02394,2,Positive
twifil-02395,2,Positive
twifil-02396,1,Neutral
twifil-02398,1,Neutral
twifil-02399,0,Negative
twifil-02400,0,Negative
twifil-02401,1,Neutral
twifil-02402,0,Negative
twifil-02403,0,Negative
twifil-02407,2,Positive
twifil-02408,0,Negative
twifil-02409,2,Positive
twifil-02410,0,Negative
twifil-02411,1,Neutral
twifil-02412,0,Negative
twifil-02413,0,Negative
twifil-02414,0,Negative
twifil-02415,1,Neutral
twifil-02416,2,Positive
twifil-02417,2,Positive
twifil-02418,2,Positive
twifil-02420,0,Negative
twifil-02422,2,Positive
twifil-02424,2,Positive
twifil-02426,0,Negative
twifil-02427,2,Positive
twifil-02428,0,Negative
twifil-02430,0,Negative
twifil-02431,1,Neutral
twifil-02432,2,Positive
twifil-02434,0,Negative
twifil-02435,2,Positive
twifil-02436,0,Negative
twifil-02437,1,Neutral
twifil-02438,2,Positive
twifil-02440,0,Negative
twifil-02441,2,Positive
twifil-02442,0,Negative
twifil-02444,2,Positive
twifil-02445,1,Neutral
twifil-02447,0,Negative
twifil-02448,0,Negative
twifil-02449,2,Positive
twifil-02452,0,Negative
twifil-02453,0,Negative
twifil-02454,2,Positive
twifil-02455,2,Positive
twifil-02457,0,Negative
twifil-02458,2,Positive
twifil-02460,1,Neutral
twifil-02462,0,Negative
twifil-02463,2,Positive
twifil-02465,2,Positive
twifil-02466,2,Positive
twifil-02467,1,Neutral
twifil-02468,0,Negative
twifil-02469,0,Negative
twifil-02471,0,Negative
twifil-02472,2,Positive
twifil-02473,2,Positive
twifil-02474,2,Positive
twifil-02475,2,Positive
twifil-02477,2,Positive
twifil-02479,1,Neutral
twifil-02484,2,Positive
twifil-02485,2,Positive
twifil-02489,2,Positive
twifil-02491,1,Neutral
twifil-02493,2,Positive
twifil-02494,0,Negative
twifil-02495,0,Negative
twifil-02496,0,Negative
twifil-02497,0,Negative
twifil-02498,2,Positive
twifil-02499,0,Negative
twifil-02500,2,Positive
twifil-02502,0,Negative
twifil-02503,2,Positive
twifil-02504,2,Positive
twifil-02505,2,Positive
twifil-02506,0,Negative
twifil-02507,2,Positive
twifil-02509,2,Positive
twifil-02510,2,Positive
twifil-02511,2,Positive
twifil-02512,2,Positive
twifil-02513,2,Positive
twifil-02514,1,Neutral
twifil-02517,2,Positive
twifil-02518,0,Negative
twifil-02519,0,Negative
twifil-02520,2,Positive
twifil-02521,2,Positive
twifil-02522,0,Negative
twifil-02525,2,Positive
twifil-02526,0,Negative
twifil-02527,2,Positive
twifil-02528,2,Positive
twifil-02530,2,Positive
twifil-02531,2,Positive
twifil-02532,2,Positive
twifil-02533,0,Negative
twifil-02535,0,Negative
twifil-02536,1,Neutral
twifil-02537,1,Neutral
twifil-02540,2,Positive
twifil-02543,0,Negative
twifil-02546,0,Negative
twifil-02547,2,Positive
twifil-02548,1,Neutral
twifil-02550,0,Negative
twifil-02552,2,Positive
twifil-02553,0,Negative
twifil-02555,2,Positive
twifil-02556,2,Positive
twifil-02559,2,Positive
twifil-02560,0,Negative
twifil-02563,2,Positive
twifil-02564,1,Neutral
twifil-02566,2,Positive
twifil-02567,2,Positive
twifil-02568,2,Positive
twifil-02572,2,Positive
twifil-02574,2,Positive
twifil-02575,2,Positive
twifil-02576,2,Positive
twifil-02577,2,Positive
twifil-02579,2,Positive
twifil-02580,2,Positive
twifil-02581,2,Positive
twifil-02582,2,Positive
twifil-02584,0,Negative
twifil-02585,0,Negative
twifil-02586,0,Negative
twifil-02587,2,Positive
twifil-02588,1,Neutral
twifil-02589,0,Negative
twifil-02590,2,Positive
twifil-02592,1,Neutral
twifil-02593,2,Positive
twifil-02594,2,Positive
twifil-02596,1,Neutral
twifil-02597,2,Positive
twifil-02598,0,Negative
twifil-02600,0,Negative
twifil-02601,2,Positive
twifil-02602,0,Negative
twifil-02603,2,Positive
twifil-02604,0,Negative
twifil-02605,2,Positive
twifil-02606,2,Positive
twifil-02607,2,Positive
twifil-02608,1,Neutral
twifil-02609,2,Positive
twifil-02611,2,Positive
twifil-02612,0,Negative
twifil-02613,2,Positive
twifil-02614,2,Positive
twifil-02615,2,Positive
twifil-02618,0,Negative
twifil-02619,2,Positive
twifil-02620,2,Positive
twifil-02622,2,Positive
twifil-02625,2,Positive
twifil-02626,2,Positive
twifil-02627,2,Positive
twifil-02628,1,Neutral
twifil-02629,2,Positive
twifil-02630,2,Positive
twifil-02631,2,Positive
twifil-02632,1,Neutral
twifil-02634,2,Positive
twifil-02635,0,Negative
twifil-02637,2,Positive
twifil-02638,2,Positive
twifil-02639,0,Negative
twifil-02640,0,Negative
twifil-02641,2,Positive
twifil-02642,2,Positive
twifil-02643,2,Positive
twifil-02645,2,Positive
twifil-02646,0,Negative
twifil-02647,2,Positive
twifil-02648,0,Negative
twifil-02650,0,Negative
twifil-02651,2,Positive
twifil-02652,0,Negative
twifil-02654,0,Negative
twifil-02655,0,Negative
twifil-02657,2,Positive
twifil-02658,0,Negative
twifil-02659,2,Positive
twifil-02660,1,Neutral
twifil-02661,0,Negative
twifil-02663,0,Negative
twifil-02665,0,Negative
twifil-02666,1,Neutral
twifil-02667,0,Negative
twifil-02669,0,Negative
twifil-02670,2,Positive
twifil-02671,1,Neutral
twifil-02673,1,Neutral
twifil-02674,2,Positive
twifil-02676,0,Negative
twifil-02677,1,Neutral
twifil-02679,0,Negative
twifil-02680,2,Positive
twifil-02681,0,Negative
twifil-02682,0,Negative
twifil-02685,0,Negative
twifil-02686,2,Positive
twifil-02688,1,Neutral
twifil-02691,2,Positive
twifil-02692,2,Positive
twifil-02693,2,Positive
twifil-02694,0,Negative
twifil-02695,2,Positive
twifil-02696,0,Negative
twifil-02698,0,Negative
twifil-02699,0,Negative
twifil-02701,0,Negative
twifil-02702,0,Negative
twifil-02703,0,Negative
twifil-02704,0,Negative
twifil-02705,2,Positive
twifil-02706,2,Positive
twifil-02707,2,Positive
twifil-02708,1,Neutral
twifil-02711,2,Positive
twifil-02712,1,Neutral
twifil-02713,2,Positive
twifil-02714,2,Positive
twifil-02715,1,Neutral
twifil-02716,0,Negative
twifil-02717,0,Negative
twifil-02718,2,Positive
twifil-02719,0,Negative
twifil-02720,2,Positive
twifil-02721,1,Neutral
twifil-02722,2,Positive
twifil-02723,1,Neutral
twifil-02724,1,Neutral
twifil-02725,2,Positive
twifil-02726,0,Negative
twifil-02727,1,Neutral
twifil-02729,2,Positive
twifil-02730,0,Negative
twifil-02732,2,Positive
twifil-02733,1,Neutral
twifil-02735,2,Positive
twifil-02737,2,Positive
twifil-02739,2,Positive
twifil-02741,0,Negative
twifil-02742,2,Positive
twifil-02743,2,Positive
twifil-02744,1,Neutral
twifil-02745,1,Neutral
twifil-02746,2,Positive
twifil-02747,2,Positive
twifil-02748,0,Negative
twifil-02749,1,Neutral
twifil-02752,0,Negative
twifil-02753,2,Positive
twifil-02754,2,Positive
twifil-02755,0,Negative
twifil-02756,2,Positive
twifil-02757,2,Positive
twifil-02759,2,Positive
twifil-02760,2,Positive
twifil-02762,0,Negative
twifil-02764,2,Positive
twifil-02767,2,Positive
twifil-02768,0,Negative
twifil-02769,2,Positive
twifil-02771,0,Negative
twifil-02772,1,Neutral
twifil-02773,0,Negative
twifil-02774,2,Positive
twifil-02775,0,Negative
twifil-02776,1,Neutral
twifil-02777,2,Positive
twifil-02779,2,Positive
twifil-02781,0,Negative
twifil-02782,0,Negative
twifil-02785,2,Positive
twifil-02786,2,Positive
twifil-02790,1,Neutral
twifil-02791,2,Positive
twifil-02793,2,Positive
twifil-02794,0,Negative
twifil-02796,0,Negative
twifil-02797,0,Negative
twifil-02798,0,Negative
twifil-02799,2,Positive
twifil-02800,2,Positive
twifil-02801,0,Negative
twifil-02802,0,Negative
twifil-02803,2,Positive
twifil-02804,0,Negative
twifil-02805,0,Negative
twifil-02807,2,Positive
twifil-02808,2,Positive
twifil-02809,2,Positive
twifil-02810,2,Positive
twifil-02811,2,Positive
twifil-02812,0,Negative
twifil-02813,2,Positive
twifil-02814,2,Positive
twifil-02816,2,Positive
twifil-02817,0,Negative
twifil-02822,0,Negative
twifil-02823,1,Neutral
twifil-02825,2,Positive
twifil-02826,1,Neutral
twifil-02829,2,Positive
twifil-02831,0,Negative
twifil-02832,0,Negative
twifil-02833,2,Positive
twifil-02834,1,Neutral
twifil-02836,2,Positive
twifil-02837,2,Positive
twifil-02838,2,Positive
twifil-02839,1,Neutral
twifil-02842,0,Negative
twifil-02843,0,Negative
twifil-02845,0,Negative
twifil-02846,2,Positive
twifil-02847,0,Negative
twifil-02848,2,Positive
twifil-02850,0,Negative
twifil-02852,0,Negative
twifil-02853,0,Negative
twifil-02855,2,Positive
twifil-02856,2,Positive
twifil-02858,0,Negative
twifil-02859,0,Negative
twifil-02863,2,Positive
twifil-02864,2,Positive
twifil-02866,2,Positive
twifil-02868,1,Neutral
twifil-02870,0,Negative
twifil-02872,0,Negative
twifil-02873,2,Positive
twifil-02874,2,Positive
twifil-02875,0,Negative
twifil-02876,1,Neutral
twifil-02877,0,Negative
twifil-02878,2,Positive
twifil-02879,2,Positive
twifil-02880,1,Neutral
twifil-02882,0,Negative
twifil-02883,0,Negative
twifil-02884,0,Negative
twifil-02885,1,Neutral
twifil-02886,0,Negative
twifil-02888,2,Positive
twifil-02889,2,Positive
twifil-02891,0,Negative
twifil-02893,0,Negative
twifil-02894,2,Positive
twifil-02897,1,Neutral
twifil-02899,0,Negative
twifil-02900,1,Neutral
twifil-02901,2,Positive
twifil-02902,1,Neutral
twifil-02903,2,Positive
twifil-02905,1,Neutral
twifil-02906,2,Positive
twifil-02907,0,Negative
twifil-02908,0,Negative
twifil-02909,0,Negative
twifil-02910,0,Negative
twifil-02912,2,Positive
twifil-02914,0,Negative
twifil-02917,2,Positive
twifil-02918,2,Positive
twifil-02919,2,Positive
twifil-02921,0,Negative
twifil-02922,2,Positive
twifil-02924,2,Positive
twifil-02925,2,Positive
twifil-02926,0,Negative
twifil-02927,0,Negative
twifil-02928,0,Negative
twifil-02929,2,Positive
twifil-02930,2,Positive
twifil-02932,1,Neutral
twifil-02933,2,Positive
twifil-02934,2,Positive
twifil-02935,0,Negative
twifil-02936,0,Negative
twifil-02937,0,Negative
twifil-02938,0,Negative
twifil-02939,2,Positive
twifil-02940,2,Positive
twifil-02945,1,Neutral
twifil-02946,1,Neutral
twifil-02947,2,Positive
twifil-02949,2,Positive
twifil-02951,2,Positive
twifil-02952,1,Neutral
twifil-02953,2,Positive
twifil-02954,2,Positive
twifil-02955,0,Negative
twifil-02956,2,Positive
twifil-02957,0,Negative
twifil-02958,2,Positive
twifil-02962,2,Positive
twifil-02963,2,Positive
twifil-02965,2,Positive
twifil-02966,1,Neutral
twifil-02967,2,Positive
twifil-02968,0,Negative
twifil-02969,2,Positive
twifil-02970,1,Neutral
twifil-02971,2,Positive
twifil-02972,2,Positive
twifil-02973,2,Positive
twifil-02975,2,Positive
twifil-02976,2,Positive
twifil-02979,1,Neutral
twifil-02980,0,Negative
twifil-02981,2,Positive
twifil-02982,2,Positive
twifil-02983,2,Positive
twifil-02984,2,Positive
twifil-02985,2,Positive
twifil-02986,2,Positive
twifil-02987,0,Negative
twifil-02988,0,Negative
twifil-02989,2,Positive
twifil-02990,0,Negative
twifil-02991,1,Neutral
twifil-02992,2,Positive
twifil-02993,0,Negative
twifil-02994,2,Positive
twifil-02996,2,Positive
twifil-02998,1,Neutral
twifil-03000,2,Positive
twifil-03002,2,Positive
twifil-03003,1,Neutral
twifil-03004,0,Negative
twifil-03005,0,Negative
twifil-03006,2,Positive
twifil-03008,2,Positive
twifil-03009,2,Positive
twifil-03010,0,Negative
twifil-03012,0,Negative
twifil-03013,1,Neutral
twifil-03014,0,Negative
twifil-03015,2,Positive
twifil-03016,0,Negative
twifil-03020,2,Positive
twifil-03021,2,Positive
twifil-03022,0,Negative
twifil-03023,2,Positive
twifil-03024,2,Positive
twifil-03025,2,Positive
twifil-03026,2,Positive
twifil-03028,1,Neutral
twifil-03029,2,Positive
twifil-03030,2,Positive
twifil-03031,2,Positive
twifil-03032,1,Neutral
twifil-03033,2,Positive
twifil-03034,2,Positive
twifil-03035,0,Negative
twifil-03037,0,Negative
twifil-03038,2,Positive
twifil-03039,0,Negative
twifil-03040,2,Positive
twifil-03042,2,Positive
twifil-03044,2,Positive
twifil-03046,2,Positive
twifil-03047,2,Positive
twifil-03048,0,Negative
twifil-03049,2,Positive
twifil-03051,2,Positive
twifil-03052,2,Positive
twifil-03054,1,Neutral
twifil-03055,0,Negative
twifil-03056,2,Positive
twifil-03057,2,Positive
twifil-03058,0,Negative
twifil-03060,1,Neutral
twifil-03061,2,Positive
twifil-03062,1,Neutral
twifil-03063,2,Positive
twifil-03064,0,Negative
twifil-03065,0,Negative
twifil-03067,2,Positive
twifil-03068,2,Positive
twifil-03069,1,Neutral
twifil-03071,1,Neutral
twifil-03073,2,Positive
twifil-03075,2,Positive
twifil-03076,2,Positive
twifil-03077,0,Negative
twifil-03078,2,Positive
twifil-03081,2,Positive
twifil-03082,1,Neutral
twifil-03084,0,Negative
twifil-03087,2,Positive
twifil-03090,2,Positive
twifil-03091,0,Negative
twifil-03094,2,Positive
twifil-03096,1,Neutral
twifil-03098,0,Negative
twifil-03099,0,Negative
twifil-03100,2,Positive
twifil-03105,2,Positive
twifil-03107,0,Negative
twifil-03109,2,Positive
twifil-03110,2,Positive
twifil-03111,2,Positive
twifil-03113,1,Neutral
twifil-03115,2,Positive
twifil-03117,2,Positive
twifil-03118,2,Positive
twifil-03119,2,Positive
twifil-03120,1,Neutral
twifil-03121,2,Positive
twifil-03122,0,Negative
twifil-03123,2,Positive
twifil-03124,2,Positive
twifil-03125,0,Negative
twifil-03126,2,Positive
twifil-03127,2,Positive
twifil-03129,0,Negative
twifil-03130,1,Neutral
twifil-03131,1,Neutral
twifil-03132,2,Positive
twifil-03133,0,Negative
twifil-03134,2,Positive
twifil-03135,0,Negative
twifil-03139,0,Negative
twifil-03140,1,Neutral
twifil-03141,2,Positive
twifil-03143,1,Neutral
twifil-03144,2,Positive
twifil-03145,0,Negative
twifil-03146,0,Negative
twifil-03147,2,Positive
twifil-03148,2,Positive
twifil-03149,0,Negative
twifil-03150,0,Negative
twifil-03151,0,Negative
twifil-03154,2,Positive
twifil-03155,2,Positive
twifil-03156,0,Negative
twifil-03157,2,Positive
twifil-03158,0,Negative
twifil-03159,0,Negative
twifil-03162,2,Positive
twifil-03163,2,Positive
twifil-03164,0,Negative
twifil-03165,2,Positive
twifil-03166,0,Negative
twifil-03167,2,Positive
twifil-03168,2,Positive
twifil-03169,0,Negative
twifil-03170,0,Negative
twifil-03171,0,Negative
twifil-03172,1,Neutral
twifil-03174,2,Positive
twifil-03177,2,Positive
twifil-03179,1,Neutral
twifil-03181,0,Negative
twifil-03182,0,Negative
twifil-03183,0,Negative
twifil-03184,0,Negative
twifil-03185,2,Positive
twifil-03186,1,Neutral
twifil-03189,2,Positive
twifil-03192,2,Positive
twifil-03194,0,Negative
twifil-03195,1,Neutral
twifil-03196,2,Positive
twifil-03197,2,Positive
twifil-03198,2,Positive
twifil-03199,0,Negative
twifil-03202,2,Positive
twifil-03204,0,Negative
twifil-03205,2,Positive
twifil-03206,2,Positive
twifil-03208,0,Negative
twifil-03209,0,Negative
twifil-03211,2,Positive
twifil-03212,1,Neutral
twifil-03213,2,Positive
twifil-03214,2,Positive
twifil-03216,2,Positive
twifil-03218,2,Positive
twifil-03219,2,Positive
twifil-03220,2,Positive
twifil-03221,2,Positive
twifil-03222,2,Positive
twifil-03223,2,Positive
twifil-03225,2,Positive
twifil-03226,0,Negative
twifil-03227,2,Positive
twifil-03229,0,Negative
twifil-03230,2,Positive
twifil-03232,0,Negative
twifil-03233,2,Positive
twifil-03234,2,Positive
twifil-03235,2,Positive
twifil-03236,0,Negative
twifil-03237,2,Positive
twifil-03238,1,Neutral
twifil-03240,2,Positive
twifil-03241,2,Positive
twifil-03242,1,Neutral
twifil-03243,0,Negative
twifil-03244,1,Neutral
twifil-03245,2,Positive
twifil-03247,0,Negative
twifil-03248,0,Negative
twifil-03250,0,Negative
twifil-03251,0,Negative
twifil-03253,2,Positive
twifil-03254,2,Positive
twifil-03257,0,Negative
twifil-03258,2,Positive
twifil-03260,2,Positive
twifil-03261,2,Positive
twifil-03263,0,Negative
twifil-03264,2,Positive
twifil-03265,0,Negative
twifil-03267,2,Positive
twifil-03268,2,Positive
twifil-03269,1,Neutral
twifil-03270,1,Neutral
twifil-03272,0,Negative
twifil-03273,0,Negative
twifil-03274,0,Negative
twifil-03275,0,Negative
twifil-03277,2,Positive
twifil-03278,2,Positive
twifil-03281,2,Positive
twifil-03282,0,Negative
twifil-03284,0,Negative
twifil-03285,1,Neutral
twifil-03286,2,Positive
twifil-03287,0,Negative
twifil-03290,2,Positive
twifil-03291,0,Negative
twifil-03292,2,Positive
twifil-03293,1,Neutral
twifil-03295,2,Positive
twifil-03296,1,Neutral
twifil-03298,0,Negative
twifil-03300,2,Positive
twifil-03301,0,Negative
twifil-03302,0,Negative
twifil-03303,0,Negative
twifil-03305,0,Negative
twifil-03306,0,Negative
twifil-03308,1,Neutral
twifil-03309,1,Neutral
twifil-03310,1,Neutral
twifil-03311,2,Positive
twifil-03315,1,Neutral
twifil-03320,2,Positive
twifil-03321,1,Neutral
twifil-03322,2,Positive
twifil-03323,2,Positive
twifil-03324,1,Neutral
twifil-03325,1,Neutral
twifil-03327,2,Positive
twifil-03328,2,Positive
twifil-03329,1,Neutral
twifil-03330,2,Positive
twifil-03331,2,Positive
twifil-03332,0,Negative
twifil-03333,1,Neutral
twifil-03334,2,Positive
twifil-03336,2,Positive
twifil-03337,0,Negative
twifil-03339,2,Positive
twifil-03340,0,Negative
twifil-03341,2,Positive
twifil-03343,2,Positive
twifil-03344,1,Neutral
twifil-03345,0,Negative
twifil-03347,1,Neutral
twifil-03349,0,Negative
twifil-03350,2,Positive
twifil-03351,2,Positive
twifil-03352,2,Positive
twifil-03353,2,Positive
twifil-03356,2,Positive
twifil-03357,2,Positive
twifil-03358,1,Neutral
twifil-03359,2,Positive
twifil-03360,1,Neutral
twifil-03361,0,Negative
twifil-03363,1,Neutral
twifil-03364,0,Negative
twifil-03365,1,Neutral
twifil-03366,2,Positive
twifil-03368,0,Negative
twifil-03371,0,Negative
twifil-03372,0,Negative
twifil-03374,2,Positive
twifil-03375,2,Positive
twifil-03376,2,Positive
twifil-03377,2,Positive
twifil-03378,0,Negative
twifil-03381,2,Positive
twifil-03382,2,Positive
twifil-03383,2,Positive
twifil-03385,2,Positive
twifil-03386,2,Positive
twifil-03387,2,Positive
twifil-03390,1,Neutral
twifil-03391,0,Negative
twifil-03392,1,Neutral
twifil-03394,2,Positive
twifil-03395,0,Negative
twifil-03396,0,Negative
twifil-03398,2,Positive
twifil-03399,2,Positive
twifil-03400,0,Negative
twifil-03401,2,Positive
twifil-03402,2,Positive
twifil-03403,1,Neutral
twifil-03404,0,Negative
twifil-03405,1,Neutral
twifil-03406,1,Neutral
twifil-03407,2,Positive
twifil-03409,2,Positive
twifil-03410,0,Negative
twifil-03413,0,Negative
twifil-03414,2,Positive
twifil-03415,0,Negative
twifil-03416,0,Negative
twifil-03417,2,Positive
twifil-03418,2,Positive
twifil-03419,1,Neutral
twifil-03420,0,Negative
twifil-03421,2,Positive
twifil-03422,2,Positive
twifil-03423,2,Positive
twifil-03424,0,Negative
twifil-03426,0,Negative
twifil-03427,0,Negative
twifil-03431,0,Negative
twifil-03433,0,Negative
twifil-03434,2,Positive
twifil-03435,2,Positive
twifil-03436,2,Positive
twifil-03437,0,Negative
twifil-03438,2,Positive
twifil-03439,2,Positive
twifil-03440,0,Negative
twifil-03441,2,Positive
twifil-03442,2,Positive
twifil-03443,1,Neutral
twifil-03444,0,Negative
twifil-03445,0,Negative
twifil-03447,2,Positive
twifil-03448,2,Positive
twifil-03449,2,Positive
twifil-03450,0,Negative
twifil-03451,2,Positive
twifil-03454,2,Positive
twifil-03455,2,Positive
twifil-03456,0,Negative
twifil-03457,2,Positive
twifil-03459,2,Positive
twifil-03460,1,Neutral
twifil-03461,0,Negative
twifil-03462,1,Neutral
twifil-03464,2,Positive
twifil-03465,1,Neutral
twifil-03466,2,Positive
twifil-03469,0,Negative
twifil-03470,2,Positive
twifil-03471,2,Positive
twifil-03472,2,Positive
twifil-03473,1,Neutral
twifil-03474,0,Negative
twifil-03475,2,Positive
twifil-03477,0,Negative
twifil-03478,2,Positive
twifil-03479,2,Positive
twifil-03480,0,Negative
twifil-03482,0,Negative
twifil-03483,0,Negative
twifil-03484,2,Positive
twifil-03485,2,Positive
twifil-03488,1,Neutral
twifil-03489,2,Positive
twifil-03490,2,Positive
twifil-03492,2,Positive
twifil-03493,2,Positive
twifil-03495,0,Negative
twifil-03496,0,Negative
twifil-03499,2,Positive
twifil-03501,2,Positive
twifil-03503,2,Positive
twifil-03505,2,Positive
twifil-03506,0,Negative
twifil-03508,0,Negative
twifil-03509,2,Positive
twifil-03510,2,Positive
twifil-03511,0,Negative
twifil-03512,2,Positive
twifil-03513,2,Positive
twifil-03514,2,Positive
twifil-03515,2,Positive
twifil-03516,2,Positive
twifil-03517,2,Positive
twifil-03518,0,Negative
twifil-03520,2,Positive
twifil-03521,2,Positive
twifil-03523,2,Positive
twifil-03524,1,Neutral
twifil-03525,2,Positive
twifil-03526,2,Positive
twifil-03528,0,Negative
twifil-03529,0,Negative
twifil-03530,2,Positive
twifil-03531,1,Neutral
twifil-03533,2,Positive
twifil-03534,0,Negative
twifil-03535,2,Positive
twifil-03536,2,Positive
twifil-03538,2,Positive
twifil-03539,2,Positive
twifil-03541,0,Negative
twifil-03542,2,Positive
twifil-03543,0,Negative
twifil-03544,0,Negative
twifil-03546,0,Negative
twifil-03547,0,Negative
twifil-03550,2,Positive
twifil-03554,2,Positive
twifil-03555,2,Positive
twifil-03557,2,Positive
twifil-03559,2,Positive
twifil-03560,2,Positive
twifil-03562,1,Neutral
twifil-03564,2,Positive
twifil-03565,2,Positive
twifil-03566,0,Negative
twifil-03569,2,Positive
twifil-03571,0,Negative
twifil-03572,2,Positive
twifil-03574,0,Negative
twifil-03576,2,Positive
twifil-03578,2,Positive
twifil-03579,2,Positive
twifil-03580,0,Negative
twifil-03581,2,Positive
twifil-03582,2,Positive
twifil-03583,0,Negative
twifil-03585,1,Neutral
twifil-03586,2,Positive
twifil-03587,0,Negative
twifil-03589,2,Positive
twifil-03591,0,Negative
twifil-03593,1,Neutral
twifil-03594,1,Neutral
twifil-03595,0,Negative
twifil-03596,0,Negative
twifil-03598,2,Positive
twifil-03599,0,Negative
twifil-03600,0,Negative
twifil-03601,0,Negative
twifil-03602,1,Neutral
twifil-03603,0,Negative
twifil-03604,2,Positive
twifil-03605,2,Positive
twifil-03607,2,Positive
twifil-03608,0,Negative
twifil-03609,2,Positive
twifil-03610,2,Positive
twifil-03612,2,Positive
twifil-03613,0,Negative
twifil-03614,1,Neutral
twifil-03615,0,Negative
twifil-03616,2,Positive
twifil-03617,2,Positive
twifil-03618,2,Positive
twifil-03620,2,Positive
twifil-03623,2,Positive
twifil-03625,2,Positive
twifil-03628,1,Neutral
twifil-03629,2,Positive
twifil-03630,1,Neutral
twifil-03631,0,Negative
twifil-03632,2,Positive
twifil-03633,2,Positive
twifil-03635,2,Positive
twifil-03636,1,Neutral
twifil-03637,0,Negative
twifil-03638,2,Positive
twifil-03639,2,Positive
twifil-03640,2,Positive
twifil-03641,1,Neutral
twifil-03643,1,Neutral
twifil-03647,1,Neutral
twifil-03648,0,Negative
twifil-03649,0,Negative
twifil-03650,2,Positive
twifil-03651,0,Negative
twifil-03652,0,Negative
twifil-03653,2,Positive
twifil-03654,2,Positive
twifil-03655,2,Positive
twifil-03656,1,Neutral
twifil-03657,2,Positive
twifil-03658,2,Positive
twifil-03661,2,Positive
twifil-03662,0,Negative
twifil-03664,0,Negative
twifil-03666,2,Positive
twifil-03667,2,Positive
twifil-03668,2,Positive
twifil-03669,2,Positive
twifil-03671,2,Positive
twifil-03672,0,Negative
twifil-03674,1,Neutral
twifil-03675,0,Negative
twifil-03676,0,Negative
twifil-03677,2,Positive
twifil-03678,2,Positive
twifil-03679,0,Negative
twifil-03680,1,Neutral
twifil-03681,0,Negative
twifil-03682,0,Negative
twifil-03683,0,Negative
twifil-03684,2,Positive
twifil-03685,2,Positive
twifil-03686,1,Neutral
twifil-03687,2,Positive
twifil-03688,0,Negative
twifil-03689,0,Negative
twifil-03690,2,Positive
twifil-03692,2,Positive
twifil-03693,2,Positive
twifil-03694,2,Positive
twifil-03696,1,Neutral
twifil-03698,0,Negative
twifil-03700,2,Positive
twifil-03701,0,Negative
twifil-03702,1,Neutral
twifil-03705,2,Positive
twifil-03706,2,Positive
twifil-03708,2,Positive
twifil-03709,2,Positive
twifil-03710,2,Positive
twifil-03711,0,Negative
twifil-03712,2,Positive
twifil-03714,2,Positive
twifil-03715,0,Negative
twifil-03716,2,Positive
twifil-03717,0,Negative
twifil-03719,2,Positive
twifil-03720,2,Positive
twifil-03721,2,Positive
twifil-03722,2,Positive
twifil-03723,1,Neutral
twifil-03724,2,Positive
twifil-03725,0,Negative
twifil-03727,2,Positive
twifil-03728,2,Positive
twifil-03729,2,Positive
twifil-03730,1,Neutral
twifil-03731,1,Neutral
twifil-03732,0,Negative
twifil-03733,2,Positive
twifil-03734,2,Positive
twifil-03736,2,Positive
twifil-03737,2,Positive
twifil-03738,0,Negative
twifil-03739,0,Negative
twifil-03741,2,Positive
twifil-03742,0,Negative
twifil-03743,0,Negative
twifil-03744,1,Neutral
twifil-03745,0,Negative
twifil-03746,2,Positive
twifil-03747,2,Positive
twifil-03748,0,Negative
twifil-03749,0,Negative
twifil-03750,2,Positive
twifil-03752,2,Positive
twifil-03753,2,Positive
twifil-03754,0,Negative
twifil-03757,0,Negative
twifil-03758,1,Neutral
twifil-03760,2,Positive
twifil-03762,2,Positive
twifil-03763,1,Neutral
twifil-03765,0,Negative
twifil-03766,0,Negative
twifil-03767,2,Positive
twifil-03768,2,Positive
twifil-03770,0,Negative
twifil-03772,2,Positive
twifil-03773,2,Positive
twifil-03776,2,Positive
twifil-03778,1,Neutral
twifil-03782,2,Positive
twifil-03784,1,Neutral
twifil-03785,2,Positive
twifil-03787,2,Positive
twifil-03788,1,Neutral
twifil-03789,2,Positive
twifil-03792,2,Positive
twifil-03795,0,Negative
twifil-03797,0,Negative
twifil-03798,1,Neutral
twifil-03799,2,Positive
twifil-03800,1,Neutral
twifil-03801,2,Positive
twifil-03803,2,Positive
twifil-03804,2,Positive
twifil-03806,2,Positive
twifil-03807,1,Neutral
twifil-03809,0,Negative
twifil-03810,1,Neutral
twifil-03811,2,Positive
twifil-03812,2,Positive
twifil-03813,2,Positive
twifil-03815,0,Negative
twifil-03817,0,Negative
twifil-03818,2,Positive
twifil-03819,0,Negative
twifil-03820,2,Positive
twifil-03821,2,Positive
twifil-03823,0,Negative
twifil-03826,0,Negative
twifil-03829,2,Positive
twifil-03830,2,Positive
twifil-03831,2,Positive
twifil-03832,2,Positive
twifil-03834,2,Positive
twifil-03836,2,Positive
twifil-03837,2,Positive
twifil-03838,1,Neutral
twifil-03839,2,Positive
twifil-03840,1,Neutral
twifil-03842,1,Neutral
twifil-03845,1,Neutral
twifil-03846,0,Negative
twifil-03847,0,Negative
twifil-03848,2,Positive
twifil-03849,0,Negative
twifil-03850,0,Negative
twifil-03852,2,Positive
twifil-03856,2,Positive
twifil-03857,2,Positive
twifil-03859,2,Positive
twifil-03861,2,Positive
twifil-03862,0,Negative
twifil-03865,1,Neutral
twifil-03869,2,Positive
twifil-03870,2,Positive
twifil-03871,1,Neutral
twifil-03872,2,Positive
twifil-03873,2,Positive
twifil-03874,0,Negative
twifil-03876,2,Positive
twifil-03878,2,Positive
twifil-03879,2,Positive
twifil-03880,2,Positive
twifil-03881,2,Positive
twifil-03883,2,Positive
twifil-03884,0,Negative
twifil-03886,1,Neutral
twifil-03887,2,Positive
twifil-03889,1,Neutral
twifil-03891,2,Positive
twifil-03892,0,Negative
twifil-03894,2,Positive
twifil-03895,2,Positive
twifil-03899,2,Positive
twifil-03900,0,Negative
twifil-03903,2,Positive
twifil-03905,1,Neutral
twifil-03906,0,Negative
twifil-03907,1,Neutral
twifil-03908,2,Positive
twifil-03909,2,Positive
twifil-03910,2,Positive
twifil-03911,0,Negative
twifil-03912,2,Positive
twifil-03913,2,Positive
twifil-03915,0,Negative
twifil-03916,2,Positive
twifil-03917,1,Neutral
twifil-03918,1,Neutral
twifil-03919,1,Neutral
twifil-03922,1,Neutral
twifil-03923,1,Neutral
twifil-03924,2,Positive
twifil-03925,2,Positive
twifil-03926,2,Positive
twifil-03928,1,Neutral
twifil-03929,1,Neutral
twifil-03932,2,Positive
twifil-03935,0,Negative
twifil-03936,0,Negative
twifil-03937,2,Positive
twifil-03939,2,Positive
twifil-03940,0,Negative
twifil-03941,0,Negative
twifil-03942,0,Negative
twifil-03945,0,Negative
twifil-03947,0,Negative
twifil-03948,2,Positive
twifil-03949,0,Negative
twifil-03950,2,Positive
twifil-03951,0,Negative
twifil-03956,0,Negative
twifil-03957,0,Negative
twifil-03959,2,Positive
twifil-03960,2,Positive
twifil-03961,0,Negative
twifil-03963,2,Positive
twifil-03964,2,Positive
twifil-03966,0,Negative
twifil-03967,0,Negative
twifil-03969,0,Negative
twifil-03970,0,Negative
twifil-03971,0,Negative
twifil-03972,2,Positive
twifil-03973,1,Neutral
twifil-03974,2,Positive
twifil-03975,2,Positive
twifil-03976,2,Positive
twifil-03977,2,Positive
twifil-03979,2,Positive
twifil-03980,2,Positive
twifil-03981,0,Negative
twifil-03983,2,Positive
twifil-03984,2,Positive
twifil-03985,2,Positive
twifil-03986,0,Negative
twifil-03988,2,Positive
twifil-03989,2,Positive
twifil-03990,2,Positive
twifil-03992,1,Neutral
twifil-03993,2,Positive
twifil-03994,0,Negative
twifil-03996,2,Positive
twifil-03997,0,Negative
twifil-03998,0,Negative
twifil-03999,2,Positive
twifil-04000,2,Positive
twifil-04003,1,Neutral
twifil-04004,0,Negative
twifil-04006,0,Negative
twifil-04007,0,Negative
twifil-04009,2,Positive
twifil-04010,1,Neutral
twifil-04011,0,Negative
twifil-04012,0,Negative
twifil-04014,0,Negative
twifil-04016,0,Negative
twifil-04017,2,Positive
twifil-04019,1,Neutral
twifil-04021,0,Negative
twifil-04022,2,Positive
twifil-04023,2,Positive
twifil-04024,1,Neutral
twifil-04025,1,Neutral
twifil-04026,0,Negative
twifil-04027,0,Negative
twifil-04028,0,Negative
twifil-04030,2,Positive
twifil-04031,2,Positive
twifil-04032,2,Positive
twifil-04034,2,Positive
twifil-04036,0,Negative
twifil-04037,2,Positive
twifil-04039,0,Negative
twifil-04040,2,Positive
twifil-04041,0,Negative
twifil-04042,2,Positive
twifil-04043,0,Negative
twifil-04044,0,Negative
twifil-04045,2,Positive
twifil-04046,0,Negative
twifil-04047,0,Negative
twifil-04048,0,Negative
twifil-04049,2,Positive
twifil-04050,1,Neutral
twifil-04051,2,Positive
twifil-04052,1,Neutral
twifil-04053,2,Positive
twifil-04054,1,Neutral
twifil-04055,2,Positive
twifil-04057,0,Negative
twifil-04059,1,Neutral
twifil-04060,0,Negative
twifil-04061,2,Positive
twifil-04062,2,Positive
twifil-04065,0,Negative
twifil-04066,0,Negative
twifil-04067,1,Neutral
twifil-04069,2,Positive
twifil-04070,2,Positive
twifil-04071,0,Negative
twifil-04072,0,Negative
twifil-04073,0,Negative
twifil-04074,1,Neutral
twifil-04075,2,Positive
twifil-04076,0,Negative
twifil-04077,0,Negative
twifil-04078,1,Neutral
twifil-04080,0,Negative
twifil-04083,2,Positive
twifil-04085,1,Neutral
twifil-04087,0,Negative
twifil-04088,2,Positive
twifil-04092,0,Negative
twifil-04093,1,Neutral
twifil-04096,2,Positive
twifil-04097,0,Negative
twifil-04098,1,Neutral
twifil-04101,2,Positive
twifil-04102,0,Negative
twifil-04104,2,Positive
twifil-04105,2,Positive
twifil-04107,2,Positive
twifil-04109,1,Neutral
twifil-04112,1,Neutral
twifil-04113,0,Negative
twifil-04115,0,Negative
twifil-04116,2,Positive
twifil-04118,2,Positive
twifil-04119,1,Neutral
twifil-04120,2,Positive
twifil-04121,1,Neutral
twifil-04122,0,Negative
twifil-04123,1,Neutral
twifil-04124,0,Negative
twifil-04125,0,Negative
twifil-04127,2,Positive
twifil-04128,2,Positive
twifil-04129,0,Negative
twifil-04131,0,Negative
twifil-04133,0,Negative
twifil-04134,2,Positive
twifil-04136,0,Negative
twifil-04137,2,Positive
twifil-04138,2,Positive
twifil-04139,0,Negative
twifil-04140,2,Positive
twifil-04141,0,Negative
twifil-04142,2,Positive
twifil-04144,2,Positive
twifil-04145,2,Positive
twifil-04146,2,Positive
twifil-04148,2,Positive
twifil-04149,0,Negative
twifil-04150,2,Positive
twifil-04152,2,Positive
twifil-04153,2,Positive
twifil-04154,0,Negative
twifil-04155,0,Negative
twifil-04157,1,Neutral
twifil-04161,0,Negative
twifil-04163,2,Positive
twifil-04164,0,Negative
twifil-04165,2,Positive
twifil-04166,1,Neutral
twifil-04167,2,Positive
twifil-04168,0,Negative
twifil-04169,2,Positive
twifil-04172,0,Negative
twifil-04173,2,Positive
twifil-04174,2,Positive
twifil-04175,2,Positive
twifil-04176,2,Positive
twifil-04177,2,Positive
twifil-04178,2,Positive
twifil-04179,2,Positive
twifil-04181,2,Positive
twifil-04182,1,Neutral
twifil-04185,2,Positive
twifil-04187,2,Positive
twifil-04188,2,Positive
twifil-04189,2,Positive
twifil-04191,0,Negative
twifil-04192,2,Positive
twifil-04193,0,Negative
twifil-04194,0,Negative
twifil-04195,2,Positive
twifil-04196,2,Positive
twifil-04197,2,Positive
twifil-04201,2,Positive
twifil-04202,2,Positive
twifil-04204,2,Positive
twifil-04205,2,Positive
twifil-04206,0,Negative
twifil-04209,0,Negative
twifil-04210,2,Positive
twifil-04211,2,Positive
twifil-04212,1,Neutral
twifil-04213,0,Negative
twifil-04215,0,Negative
twifil-04216,2,Positive
twifil-04218,0,Negative
twifil-04220,0,Negative
twifil-04221,2,Positive
twifil-04222,2,Positive
twifil-04223,2,Positive
twifil-04224,0,Negative
twifil-04225,0,Negative
twifil-04226,2,Positive
twifil-04230,0,Negative
twifil-04232,2,Positive
twifil-04233,0,Negative
twifil-04234,1,Neutral
twifil-04235,2,Positive
twifil-04236,2,Positive
twifil-04237,0,Negative
twifil-04239,0,Negative
twifil-04240,2,Positive
twifil-04241,1,Neutral
twifil-04243,2,Positive
twifil-04244,2,Positive
twifil-04245,0,Negative
twifil-04246,0,Negative
twifil-04250,2,Positive
twifil-04253,0,Negative
twifil-04254,2,Positive
twifil-04255,2,Positive
twifil-04256,0,Negative
twifil-04257,1,Neutral
twifil-04259,0,Negative
twifil-04260,2,Positive
twifil-04261,2,Positive
twifil-04262,2,Positive
twifil-04263,1,Neutral
twifil-04264,2,Positive
twifil-04267,1,Neutral
twifil-04269,0,Negative
twifil-04270,2,Positive
twifil-04271,1,Neutral
twifil-04273,2,Positive
twifil-04274,0,Negative
twifil-04275,2,Positive
twifil-04276,0,Negative
twifil-04278,2,Positive
twifil-04279,2,Positive
twifil-04281,0,Negative
twifil-04282,2,Positive
twifil-04283,2,Positive
twifil-04284,2,Positive
twifil-04289,0,Negative
twifil-04291,2,Positive
twifil-04292,2,Positive
twifil-04294,1,Neutral
twifil-04295,1,Neutral
twifil-04296,0,Negative
twifil-04297,1,Neutral
twifil-04300,2,Positive
twifil-04301,2,Positive
twifil-04302,2,Positive
twifil-04304,2,Positive
twifil-04305,0,Negative
twifil-04306,2,Positive
twifil-04307,0,Negative
twifil-04309,0,Negative
twifil-04310,2,Positive
twifil-04311,0,Negative
twifil-04312,0,Negative
twifil-04314,0,Negative
twifil-04317,2,Positive
twifil-04318,2,Positive
twifil-04320,2,Positive
twifil-04321,0,Negative
twifil-04323,2,Positive
twifil-04325,0,Negative
twifil-04326,1,Neutral
twifil-04327,0,Negative
twifil-04328,2,Positive
twifil-04329,0,Negative
twifil-04330,1,Neutral
twifil-04331,2,Positive
twifil-04332,2,Positive
twifil-04334,2,Positive
twifil-04335,2,Positive
twifil-04336,0,Negative
twifil-04337,0,Negative
twifil-04339,2,Positive
twifil-04341,2,Positive
twifil-04342,2,Positive
twifil-04343,0,Negative
twifil-04344,2,Positive
twifil-04346,0,Negative
twifil-04347,2,Positive
twifil-04350,2,Positive
twifil-04352,1,Neutral
twifil-04353,2,Positive
twifil-04354,2,Positive
twifil-04355,2,Positive
twifil-04358,2,Positive
twifil-04360,2,Positive
twifil-04362,0,Negative
twifil-04363,2,Positive
twifil-04365,2,Positive
twifil-04366,0,Negative
twifil-04368,0,Negative
twifil-04369,2,Positive
twifil-04370,0,Negative
twifil-04371,2,Positive
twifil-04372,2,Positive
twifil-04374,2,Positive
twifil-04375,1,Neutral
twifil-04376,2,Positive
twifil-04377,0,Negative
twifil-04378,2,Positive
twifil-04381,2,Positive
twifil-04382,2,Positive
twifil-04386,0,Negative
twifil-04387,2,Positive
twifil-04388,0,Negative
twifil-04389,2,Positive
twifil-04390,2,Positive
twifil-04392,1,Neutral
twifil-04393,0,Negative
twifil-04395,2,Positive
twifil-04396,1,Neutral
twifil-04397,2,Positive
twifil-04399,0,Negative
twifil-04401,0,Negative
twifil-04403,1,Neutral
twifil-04404,2,Positive
twifil-04408,2,Positive
twifil-04409,0,Negative
twifil-04410,0,Negative
twifil-04411,2,Positive
twifil-04412,1,Neutral
twifil-04413,0,Negative
twifil-04415,0,Negative
twifil-04416,2,Positive
twifil-04417,1,Neutral
twifil-04418,2,Positive
twifil-04420,0,Negative
twifil-04421,2,Positive
twifil-04422,0,Negative
twifil-04423,2,Positive
twifil-04424,0,Negative
twifil-04425,2,Positive
twifil-04427,0,Negative
twifil-04428,2,Positive
twifil-04430,2,Positive
twifil-04432,2,Positive
twifil-04434,0,Negative
twifil-04435,0,Negative
twifil-04437,2,Positive
twifil-04439,2,Positive
twifil-04441,1,Neutral
twifil-04445,2,Positive
twifil-04446,2,Positive
twifil-04447,0,Negative
twifil-04449,2,Positive
twifil-04450,0,Negative
twifil-04451,0,Negative
twifil-04452,0,Negative
twifil-04453,0,Negative
twifil-04454,2,Positive
twifil-04455,0,Negative
twifil-04456,0,Negative
twifil-04457,1,Neutral
twifil-04459,2,Positive
twifil-04460,2,Positive
twifil-04461,2,Positive
twifil-04462,2,Positive
twifil-04463,2,Positive
twifil-04465,2,Positive
twifil-04467,2,Positive
twifil-04468,2,Positive
twifil-04469,2,Positive
twifil-04472,2,Positive
twifil-04473,0,Negative
twifil-04475,0,Negative
twifil-04476,2,Positive
twifil-04478,2,Positive
twifil-04479,0,Negative
twifil-04482,2,Positive
twifil-04484,2,Positive
twifil-04485,2,Positive
twifil-04486,2,Positive
twifil-04487,1,Neutral
twifil-04488,2,Positive
twifil-04489,2,Positive
twifil-04490,0,Negative
twifil-04493,2,Positive
twifil-04494,2,Positive
twifil-04496,2,Positive
twifil-04497,0,Negative
twifil-04498,2,Positive
twifil-04500,2,Positive
twifil-04501,2,Positive
twifil-04502,0,Negative
twifil-04503,0,Negative
twifil-04504,1,Neutral
twifil-04505,2,Positive
twifil-04507,0,Negative
twifil-04508,2,Positive
twifil-04509,0,Negative
twifil-04510,1,Neutral
twifil-04512,2,Positive
twifil-04514,0,Negative
twifil-04515,2,Positive
twifil-04516,2,Positive
twifil-04518,2,Positive
twifil-04519,0,Negative
twifil-04520,2,Positive
twifil-04522,2,Positive
twifil-04525,2,Positive
twifil-04526,2,Positive
twifil-04527,2,Positive
twifil-04528,2,Positive
twifil-04529,0,Negative
twifil-04531,0,Negative
twifil-04532,2,Positive
twifil-04535,0,Negative
twifil-04536,1,Neutral
twifil-04539,0,Negative
twifil-04540,2,Positive
twifil-04541,2,Positive
twifil-04543,0,Negative
twifil-04545,2,Positive
twifil-04546,0,Negative
twifil-04548,1,Neutral
twifil-04550,0,Negative
twifil-04551,2,Positive
twifil-04553,0,Negative
twifil-04555,2,Positive
twifil-04558,0,Negative
twifil-04559,2,Positive
twifil-04561,2,Positive
twifil-04562,2,Positive
twifil-04563,2,Positive
twifil-04564,0,Negative
twifil-04566,0,Negative
twifil-04567,2,Positive
twifil-04568,2,Positive
twifil-04569,0,Negative
twifil-04572,2,Positive
twifil-04573,0,Negative
twifil-04574,2,Positive
twifil-04575,2,Positive
twifil-04576,2,Positive
twifil-04577,0,Negative
twifil-04579,0,Negative
twifil-04581,0,Negative
twifil-04582,2,Positive
twifil-04584,2,Positive
twifil-04586,0,Negative
twifil-04587,2,Positive
twifil-04588,2,Positive
twifil-04590,2,Positive
twifil-04592,2,Positive
twifil-04593,2,Positive
twifil-04595,0,Negative
twifil-04598,0,Negative
twifil-04599,1,Neutral
twifil-04600,2,Positive
twifil-04601,0,Negative
twifil-04602,0,Negative
twifil-04603,2,Positive
twifil-04604,2,Positive
twifil-04605,2,Positive
twifil-04607,1,Neutral
twifil-04608,2,Positive
twifil-04609,2,Positive
twifil-04611,0,Negative
twifil-04612,1,Neutral
twifil-04613,0,Negative
twifil-04614,0,Negative
twifil-04615,2,Positive
twifil-04616,0,Negative
twifil-04617,0,Negative
twifil-04618,1,Neutral
twifil-04619,0,Negative
twifil-04620,2,Positive
twifil-04621,2,Positive
twifil-04622,0,Negative
twifil-04623,2,Positive
twifil-04625,2,Positive
twifil-04628,2,Positive
twifil-04629,0,Negative
twifil-04630,2,Positive
twifil-04632,2,Positive
twifil-04633,2,Positive
twifil-04635,2,Positive
twifil-04637,2,Positive
twifil-04640,0,Negative
twifil-04642,0,Negative
twifil-04643,1,Neutral
twifil-04644,2,Positive
twifil-04645,2,Positive
twifil-04647,2,Positive
twifil-04648,0,Negative
twifil-04649,0,Negative
twifil-04650,1,Neutral
twifil-04651,0,Negative
twifil-04652,2,Positive
twifil-04654,2,Positive
twifil-04655,2,Positive
twifil-04658,2,Positive
twifil-04659,2,Positive
twifil-04660,2,Positive
twifil-04661,0,Negative
twifil-04662,2,Positive
twifil-04663,2,Positive
twifil-04666,2,Positive
twifil-04671,2,Positive
twifil-04672,0,Negative
twifil-04674,0,Negative
twifil-04677,0,Negative
twifil-04678,1,Neutral
twifil-04679,1,Neutral
twifil-04680,1,Neutral
twifil-04681,2,Positive
twifil-04682,0,Negative
twifil-04683,2,Positive
twifil-04685,2,Positive
twifil-04687,2,Positive
twifil-04688,2,Positive
twifil-04689,1,Neutral
twifil-04690,2,Positive
twifil-04692,1,Neutral
twifil-04695,1,Neutral
twifil-04696,2,Positive
twifil-04698,0,Negative
twifil-04699,0,Negative
twifil-04701,0,Negative
twifil-04702,2,Positive
twifil-04703,0,Negative
twifil-04704,0,Negative
twifil-04706,1,Neutral
twifil-04708,2,Positive
twifil-04709,2,Positive
twifil-04710,0,Negative
twifil-04711,0,Negative
twifil-04713,0,Negative
twifil-04715,2,Positive
twifil-04716,0,Negative
twifil-04717,2,Positive
twifil-04720,2,Positive
twifil-04721,1,Neutral
twifil-04722,0,Negative
twifil-04723,2,Positive
twifil-04724,0,Negative
twifil-04725,0,Negative
twifil-04726,2,Positive
twifil-04727,1,Neutral
twifil-04728,2,Positive
twifil-04730,2,Positive
twifil-04731,2,Positive
twifil-04732,1,Neutral
twifil-04733,0,Negative
twifil-04734,0,Negative
twifil-04736,1,Neutral
twifil-04738,0,Negative
twifil-04739,2,Positive
twifil-04740,0,Negative
twifil-04742,2,Positive
twifil-04743,1,Neutral
twifil-04744,2,Positive
twifil-04745,2,Positive
twifil-04749,2,Positive
twifil-04750,2,Positive
twifil-04752,0,Negative
twifil-04754,0,Negative
twifil-04758,0,Negative
twifil-04760,1,Neutral
twifil-04764,2,Positive
twifil-04765,2,Positive
twifil-04766,2,Positive
twifil-04767,2,Positive
twifil-04768,2,Positive
twifil-04769,0,Negative
twifil-04770,1,Neutral
twifil-04771,0,Negative
twifil-04772,2,Positive
twifil-04774,0,Negative
twifil-04775,0,Negative
twifil-04776,0,Negative
twifil-04778,0,Negative
twifil-04780,2,Positive
twifil-04781,0,Negative
twifil-04783,0,Negative
twifil-04785,1,Neutral
twifil-04786,0,Negative
twifil-04787,0,Negative
twifil-04788,0,Negative
twifil-04789,1,Neutral
twifil-04790,0,Negative
twifil-04792,2,Positive
twifil-04793,0,Negative
twifil-04794,2,Positive
twifil-04795,0,Negative
twifil-04796,2,Positive
twifil-04798,1,Neutral
twifil-04799,2,Positive
twifil-04800,0,Negative
twifil-04801,2,Positive
twifil-04802,2,Positive
twifil-04803,2,Positive
twifil-04804,2,Positive
twifil-04806,1,Neutral
twifil-04808,1,Neutral
twifil-04810,2,Positive
twifil-04811,2,Positive
twifil-04815,2,Positive
twifil-04816,0,Negative
twifil-04817,2,Positive
twifil-04819,0,Negative
twifil-04820,1,Neutral
twifil-04821,0,Negative
twifil-04822,2,Positive
twifil-04823,2,Positive
twifil-04824,0,Negative
twifil-04825,0,Negative
twifil-04827,2,Positive
twifil-04829,2,Positive
twifil-04831,0,Negative
twifil-04832,2,Positive
twifil-04833,0,Negative
twifil-04834,0,Negative
twifil-04835,0,Negative
twifil-04836,0,Negative
twifil-04837,0,Negative
twifil-04838,2,Positive
twifil-04839,1,Neutral
twifil-04840,0,Negative
twifil-04842,2,Positive
twifil-04843,0,Negative
twifil-04844,0,Negative
twifil-04845,1,Neutral
twifil-04846,2,Positive
twifil-04847,1,Neutral
twifil-04848,0,Negative
twifil-04850,1,Neutral
twifil-04851,0,Negative
twifil-04852,2,Positive
twifil-04853,2,Positive
twifil-04854,0,Negative
twifil-04855,2,Positive
twifil-04858,1,Neutral
twifil-04859,0,Negative
twifil-04860,2,Positive
twifil-04861,2,Positive
twifil-04864,0,Negative
twifil-04865,0,Negative
twifil-04867,2,Positive
twifil-04868,1,Neutral
twifil-04869,2,Positive
twifil-04870,1,Neutral
twifil-04871,0,Negative
twifil-04873,2,Positive
twifil-04874,1,Neutral
twifil-04875,0,Negative
twifil-04877,0,Negative
twifil-04878,0,Negative
twifil-04879,1,Neutral
twifil-04880,0,Negative
twifil-04883,2,Positive
twifil-04884,0,Negative
twifil-04885,0,Negative
twifil-04886,2,Positive
twifil-04887,2,Positive
twifil-04889,0,Negative
twifil-04891,2,Positive
twifil-04892,2,Positive
twifil-04893,1,Neutral
twifil-04895,2,Positive
twifil-04898,2,Positive
twifil-04899,0,Negative
twifil-04901,1,Neutral
twifil-04902,0,Negative
twifil-04904,1,Neutral
twifil-04905,2,Positive
twifil-04906,0,Negative
twifil-04908,2,Positive
twifil-04909,2,Positive
twifil-04910,2,Positive
twifil-04911,2,Positive
twifil-04913,2,Positive
twifil-04914,2,Positive
twifil-04915,0,Negative
twifil-04917,0,Negative
twifil-04918,0,Negative
twifil-04919,2,Positive
twifil-04920,0,Negative
twifil-04921,0,Negative
twifil-04922,2,Positive
twifil-04923,2,Positive
twifil-04924,2,Positive
twifil-04925,0,Negative
twifil-04926,1,Neutral
twifil-04927,0,Negative
twifil-04929,0,Negative
twifil-04931,0,Negative
twifil-04932,1,Neutral
twifil-04933,2,Positive
twifil-04935,0,Negative
twifil-04936,1,Neutral
twifil-04941,1,Neutral
twifil-04942,0,Negative
twifil-04943,0,Negative
twifil-04948,2,Positive
twifil-04949,2,Positive
twifil-04951,2,Positive
twifil-04952,1,Neutral
twifil-04953,1,Neutral
twifil-04954,2,Positive
twifil-04955,0,Negative
twifil-04956,2,Positive
twifil-04957,0,Negative
twifil-04958,1,Neutral
twifil-04959,2,Positive
twifil-04960,2,Positive
twifil-04961,2,Positive
twifil-04966,2,Positive
twifil-04968,0,Negative
twifil-04969,1,Neutral
twifil-04970,2,Positive
twifil-04972,2,Positive
twifil-04973,2,Positive
twifil-04974,2,Positive
twifil-04975,1,Neutral
twifil-04976,2,Positive
twifil-04977,2,Positive
twifil-04979,1,Neutral
twifil-04980,2,Positive
twifil-04981,2,Positive
twifil-04983,2,Positive
twifil-04984,1,Neutral
twifil-04993,2,Positive
twifil-04994,2,Positive
twifil-04995,1,Neutral
twifil-04996,1,Neutral
twifil-04997,0,Negative
twifil-04998,2,Positive
twifil-04999,2,Positive
twifil-05001,1,Neutral
twifil-05003,0,Negative
twifil-05004,2,Positive
twifil-05005,2,Positive
twifil-05006,2,Positive
twifil-05007,2,Positive
twifil-05008,1,Neutral
twifil-05009,0,Negative
twifil-05010,2,Positive
twifil-05011,2,Positive
twifil-05012,2,Positive
twifil-05013,2,Positive
twifil-05014,1,Neutral
twifil-05016,2,Positive
twifil-05017,0,Negative
twifil-05018,1,Neutral
twifil-05020,2,Positive
twifil-05022,1,Neutral
twifil-05024,2,Positive
twifil-05025,0,Negative
twifil-05027,2,Positive
twifil-05028,2,Positive
twifil-05031,1,Neutral
twifil-05033,0,Negative
twifil-05034,0,Negative
twifil-05035,2,Positive
twifil-05036,2,Positive
twifil-05037,0,Negative
twifil-05038,2,Positive
twifil-05039,2,Positive
twifil-05040,2,Positive
twifil-05042,0,Negative
twifil-05043,0,Negative
twifil-05044,2,Positive
twifil-05045,0,Negative
twifil-05046,0,Negative
twifil-05048,2,Positive
twifil-05049,2,Positive
twifil-05050,2,Positive
twifil-05051,2,Positive
twifil-05053,2,Positive
twifil-05054,2,Positive
twifil-05055,2,Positive
twifil-05056,0,Negative
twifil-05060,1,Neutral
twifil-05062,0,Negative
twifil-05064,0,Negative
twifil-05065,2,Positive
twifil-05066,2,Positive
twifil-05067,2,Positive
twifil-05068,2,Positive
twifil-05069,2,Positive
twifil-05070,1,Neutral
twifil-05071,0,Negative
twifil-05073,2,Positive
twifil-05074,2,Positive
twifil-05075,2,Positive
twifil-05076,0,Negative
twifil-05077,2,Positive
twifil-05078,1,Neutral
twifil-05079,2,Positive
twifil-05080,0,Negative
twifil-05081,2,Positive
twifil-05082,2,Positive
twifil-05083,0,Negative
twifil-05085,2,Positive
twifil-05087,0,Negative
twifil-05088,2,Positive
twifil-05089,2,Positive
twifil-05093,0,Negative
twifil-05094,2,Positive
twifil-05095,2,Positive
twifil-05096,2,Positive
twifil-05097,0,Negative
twifil-05098,2,Positive
twifil-05099,2,Positive
twifil-05100,0,Negative
twifil-05102,1,Neutral
twifil-05108,0,Negative
twifil-05111,2,Positive
twifil-05112,2,Positive
twifil-05114,0,Negative
twifil-05120,0,Negative
twifil-05121,0,Negative
twifil-05124,0,Negative
twifil-05126,0,Negative
twifil-05128,2,Positive
twifil-05129,1,Neutral
twifil-05130,2,Positive
twifil-05131,0,Negative
twifil-05133,1,Neutral
twifil-05134,2,Positive
twifil-05135,2,Positive
twifil-05137,1,Neutral
twifil-05138,2,Positive
twifil-05139,1,Neutral
twifil-05141,2,Positive
twifil-05142,1,Neutral
twifil-05144,0,Negative
twifil-05145,2,Positive
twifil-05146,2,Positive
twifil-05148,0,Negative
twifil-05150,1,Neutral
twifil-05151,2,Positive
twifil-05152,2,Positive
twifil-05153,0,Negative
twifil-05156,2,Positive
twifil-05157,0,Negative
twifil-05158,2,Positive
twifil-05159,2,Positive
twifil-05160,2,Positive
twifil-05161,0,Negative
twifil-05162,1,Neutral
twifil-05164,2,Positive
twifil-05166,2,Positive
twifil-05167,2,Positive
twifil-05168,0,Negative
twifil-05170,2,Positive
twifil-05173,0,Negative
twifil-05174,2,Positive
twifil-05176,2,Positive
twifil-05177,1,Neutral
twifil-05178,2,Positive
twifil-05179,0,Negative
twifil-05180,0,Negative
twifil-05181,2,Positive
twifil-05182,2,Positive
twifil-05183,0,Negative
twifil-05186,2,Positive
twifil-05187,2,Positive
twifil-05190,2,Positive
twifil-05193,0,Negative
twifil-05194,0,Negative
twifil-05196,0,Negative
twifil-05197,0,Negative
twifil-05200,2,Positive
twifil-05201,0,Negative
twifil-05202,2,Positive
twifil-05205,2,Positive
twifil-05207,0,Negative
twifil-05209,2,Positive
twifil-05211,0,Negative
twifil-05215,2,Positive
twifil-05216,1,Neutral
twifil-05218,2,Positive
twifil-05219,2,Positive
twifil-05220,2,Positive
twifil-05221,2,Positive
twifil-05222,2,Positive
twifil-05223,0,Negative
twifil-05224,2,Positive
twifil-05226,2,Positive
twifil-05228,2,Positive
twifil-05229,2,Positive
twifil-05231,0,Negative
twifil-05232,2,Positive
twifil-05233,2,Positive
twifil-05234,2,Positive
twifil-05236,2,Positive
twifil-05237,1,Neutral
twifil-05238,0,Negative
twifil-05239,2,Positive
twifil-05240,0,Negative
twifil-05241,2,Positive
twifil-05242,0,Negative
twifil-05243,0,Negative
twifil-05245,0,Negative
twifil-05247,2,Positive
twifil-05248,1,Neutral
twifil-05249,1,Neutral
twifil-05251,1,Neutral
twifil-05252,0,Negative
twifil-05254,0,Negative
twifil-05255,0,Negative
twifil-05256,2,Positive
twifil-05257,1,Neutral
twifil-05260,0,Negative
twifil-05263,1,Neutral
twifil-05264,2,Positive
twifil-05266,2,Positive
twifil-05267,0,Negative
twifil-05268,2,Positive
twifil-05269,0,Negative
twifil-05270,0,Negative
twifil-05273,2,Positive
twifil-05274,2,Positive
twifil-05276,1,Neutral
twifil-05278,0,Negative
twifil-05279,0,Negative
twifil-05280,0,Negative
twifil-05282,2,Positive
twifil-05283,1,Neutral
twifil-05284,0,Negative
twifil-05286,0,Negative
twifil-05287,2,Positive
twifil-05288,2,Positive
twifil-05289,2,Positive
twifil-05290,2,Positive
twifil-05291,2,Positive
twifil-05292,2,Positive
twifil-05293,0,Negative
twifil-05294,1,Neutral
twifil-05295,2,Positive
twifil-05296,2,Positive
twifil-05297,2,Positive
twifil-05299,1,Neutral
twifil-05300,2,Positive
twifil-05301,1,Neutral
twifil-05305,2,Positive
twifil-05306,2,Positive
twifil-05309,2,Positive
twifil-05310,0,Negative
twifil-05312,0,Negative
twifil-05313,2,Positive
twifil-05314,2,Positive
twifil-05316,0,Negative
twifil-05318,0,Negative
twifil-05321,0,Negative
twifil-05322,2,Positive
twifil-05326,2,Positive
twifil-05327,2,Positive
twifil-05329,1,Neutral
twifil-05330,0,Negative
twifil-05331,2,Positive
twifil-05332,1,Neutral
twifil-05333,1,Neutral
twifil-05334,2,Positive
twifil-05336,1,Neutral
twifil-05337,0,Negative
twifil-05338,1,Neutral
twifil-05339,2,Positive
twifil-05340,2,Positive
twifil-05341,2,Positive
twifil-05342,2,Positive
twifil-05343,0,Negative
twifil-05344,2,Positive
twifil-05345,0,Negative
twifil-05346,0,Negative
twifil-05348,2,Positive
twifil-05350,0,Negative
twifil-05351,2,Positive
twifil-05353,0,Negative
twifil-05354,1,Neutral
twifil-05357,2,Positive
twifil-05359,1,Neutral
twifil-05360,2,Positive
twifil-05361,0,Negative
twifil-05362,2,Positive
twifil-05364,2,Positive
twifil-05365,2,Positive
twifil-05367,2,Positive
twifil-05368,1,Neutral
twifil-05369,2,Positive
twifil-05370,1,Neutral
twifil-05372,1,Neutral
twifil-05373,1,Neutral
twifil-05374,2,Positive
twifil-05375,2,Positive
twifil-05376,2,Positive
twifil-05378,0,Negative
twifil-05379,1,Neutral
twifil-05381,2,Positive
twifil-05385,0,Negative
twifil-05388,0,Negative
twifil-05389,0,Negative
twifil-05391,2,Positive
twifil-05392,2,Positive
twifil-05393,0,Negative
twifil-05395,2,Positive
twifil-05396,2,Positive
twifil-05398,2,Positive
twifil-05399,0,Negative
twifil-05404,2,Positive
twifil-05405,0,Negative
twifil-05406,2,Positive
twifil-05407,2,Positive
twifil-05408,2,Positive
twifil-05410,1,Neutral
twifil-05411,1,Neutral
twifil-05413,0,Negative
twifil-05415,2,Positive
twifil-05417,2,Positive
twifil-05418,2,Positive
twifil-05419,1,Neutral
twifil-05420,0,Negative
twifil-05421,2,Positive
twifil-05422,2,Positive
twifil-05423,1,Neutral
twifil-05424,0,Negative
twifil-05425,1,Neutral
twifil-05426,0,Negative
twifil-05429,2,Positive
twifil-05430,2,Positive
twifil-05431,0,Negative
twifil-05432,2,Positive
twifil-05433,2,Positive
twifil-05434,0,Negative
twifil-05436,0,Negative
twifil-05437,0,Negative
twifil-05440,0,Negative
twifil-05441,0,Negative
twifil-05443,2,Positive
twifil-05444,2,Positive
twifil-05445,2,Positive
twifil-05447,0,Negative
twifil-05449,1,Neutral
twifil-05451,1,Neutral
twifil-05452,2,Positive
twifil-05453,2,Positive
twifil-05454,0,Negative
twifil-05455,0,Negative
twifil-05456,2,Positive
twifil-05457,2,Positive
twifil-05458,0,Negative
twifil-05459,0,Negative
twifil-05460,2,Positive
twifil-05461,2,Positive
twifil-05462,1,Neutral
twifil-05464,1,Neutral
twifil-05465,2,Positive
twifil-05468,2,Positive
twifil-05469,0,Negative
twifil-05470,0,Negative
twifil-05471,2,Positive
twifil-05472,0,Negative
twifil-05474,2,Positive
twifil-05476,2,Positive
twifil-05478,2,Positive
twifil-05480,1,Neutral
twifil-05481,2,Positive
twifil-05482,0,Negative
twifil-05483,2,Positive
twifil-05484,0,Negative
twifil-05485,2,Positive
twifil-05486,2,Positive
twifil-05487,2,Positive
twifil-05491,2,Positive
twifil-05492,2,Positive
twifil-05493,2,Positive
twifil-05494,1,Neutral
twifil-05495,2,Positive
twifil-05496,2,Positive
twifil-05497,2,Positive
twifil-05498,1,Neutral
twifil-05499,2,Positive
twifil-05500,2,Positive
twifil-05502,1,Neutral
twifil-05503,1,Neutral
twifil-05504,1,Neutral
twifil-05505,1,Neutral
twifil-05507,2,Positive
twifil-05508,2,Positive
twifil-05509,2,Positive
twifil-05510,2,Positive
twifil-05511,0,Negative
twifil-05512,2,Positive
twifil-05514,0,Negative
twifil-05515,2,Positive
twifil-05519,2,Positive
twifil-05520,0,Negative
twifil-05521,2,Positive
twifil-05525,1,Neutral
twifil-05526,2,Positive
twifil-05527,0,Negative
twifil-05528,2,Positive
twifil-05529,1,Neutral
twifil-05530,2,Positive
twifil-05531,2,Positive
twifil-05532,1,Neutral
twifil-05534,0,Negative
twifil-05535,2,Positive
twifil-05536,0,Negative
twifil-05537,2,Positive
twifil-05538,2,Positive
twifil-05539,2,Positive
twifil-05541,2,Positive
twifil-05542,0,Negative
twifil-05543,2,Positive
twifil-05544,1,Neutral
twifil-05546,2,Positive
twifil-05547,0,Negative
twifil-05549,2,Positive
twifil-05551,2,Positive
twifil-05552,0,Negative
twifil-05553,2,Positive
twifil-05555,2,Positive
twifil-05556,2,Positive
twifil-05557,0,Negative
twifil-05558,0,Negative
twifil-05560,2,Positive
twifil-05562,2,Positive
twifil-05563,1,Neutral
twifil-05565,1,Neutral
twifil-05566,0,Negative
twifil-05567,0,Negative
twifil-05568,2,Positive
twifil-05569,0,Negative
twifil-05570,2,Positive
twifil-05572,2,Positive
twifil-05573,2,Positive
twifil-05577,1,Neutral
twifil-05578,0,Negative
twifil-05579,2,Positive
twifil-05583,2,Positive
twifil-05584,0,Negative
twifil-05586,1,Neutral
twifil-05589,1,Neutral
twifil-05590,0,Negative
twifil-05593,2,Positive
twifil-05594,2,Positive
twifil-05596,2,Positive
twifil-05597,2,Positive
twifil-05598,2,Positive
twifil-05600,0,Negative
twifil-05601,1,Neutral
twifil-05602,0,Negative
twifil-05606,0,Negative
twifil-05607,0,Negative
twifil-05608,2,Positive
twifil-05609,2,Positive
twifil-05610,2,Positive
twifil-05611,2,Positive
twifil-05612,2,Positive
twifil-05613,2,Positive
twifil-05615,2,Positive
twifil-05616,2,Positive
twifil-05617,2,Positive
twifil-05621,0,Negative
twifil-05622,2,Positive
twifil-05623,1,Neutral
twifil-05625,2,Positive
twifil-05626,0,Negative
twifil-05627,1,Neutral
twifil-05628,2,Positive
twifil-05629,2,Positive
twifil-05631,2,Positive
twifil-05632,0,Negative
twifil-05634,0,Negative
twifil-05635,1,Neutral
twifil-05638,1,Neutral
twifil-05640,0,Negative
twifil-05642,2,Positive
twifil-05643,2,Positive
twifil-05647,2,Positive
twifil-05648,0,Negative
twifil-05649,2,Positive
twifil-05650,2,Positive
twifil-05651,1,Neutral
twifil-05653,2,Positive
twifil-05654,0,Negative
twifil-05656,0,Negative
twifil-05657,0,Negative
twifil-05659,2,Positive
twifil-05660,0,Negative
twifil-05662,1,Neutral
twifil-05664,0,Negative
twifil-05665,2,Positive
twifil-05666,2,Positive
twifil-05668,1,Neutral
twifil-05669,2,Positive
twifil-05673,1,Neutral
twifil-05674,1,Neutral
twifil-05675,0,Negative
twifil-05676,0,Negative
twifil-05677,2,Positive
twifil-05678,0,Negative
twifil-05679,2,Positive
twifil-05681,2,Positive
twifil-05683,2,Positive
twifil-05684,0,Negative
twifil-05685,0,Negative
twifil-05688,2,Positive
twifil-05691,1,Neutral
twifil-05692,2,Positive
twifil-05693,0,Negative
twifil-05694,0,Negative
twifil-05695,0,Negative
twifil-05696,0,Negative
twifil-05697,0,Negative
twifil-05698,0,Negative
twifil-05699,0,Negative
twifil-05700,2,Positive
twifil-05702,0,Negative
twifil-05705,2,Positive
twifil-05706,0,Negative
twifil-05707,0,Negative
twifil-05710,2,Positive
twifil-05711,0,Negative
twifil-05712,0,Negative
twifil-05713,2,Positive
twifil-05715,0,Negative
twifil-05716,0,Negative
twifil-05717,0,Negative
twifil-05719,2,Positive
twifil-05720,2,Positive
twifil-05721,0,Negative
twifil-05722,2,Positive
twifil-05723,0,Negative
twifil-05724,2,Positive
twifil-05725,2,Positive
twifil-05727,2,Positive
twifil-05728,1,Neutral
twifil-05731,0,Negative
twifil-05733,2,Positive
twifil-05734,0,Negative
twifil-05736,0,Negative
twifil-05737,0,Negative
twifil-05738,0,Negative
twifil-05739,2,Positive
twifil-05740,0,Negative
twifil-05742,2,Positive
twifil-05743,2,Positive
twifil-05744,2,Positive
twifil-05745,2,Positive
twifil-05746,0,Negative
twifil-05747,2,Positive
twifil-05750,1,Neutral
twifil-05751,0,Negative
twifil-05752,0,Negative
twifil-05753,2,Positive
twifil-05756,0,Negative
twifil-05757,0,Negative
twifil-05759,2,Positive
twifil-05760,2,Positive
twifil-05761,2,Positive
twifil-05762,1,Neutral
twifil-05763,2,Positive
twifil-05764,0,Negative
twifil-05765,0,Negative
twifil-05766,0,Negative
twifil-05767,2,Positive
twifil-05769,0,Negative
twifil-05770,2,Positive
twifil-05771,2,Positive
twifil-05772,2,Positive
twifil-05773,1,Neutral
twifil-05774,2,Positive
twifil-05775,2,Positive
twifil-05776,2,Positive
twifil-05777,0,Negative
twifil-05779,2,Positive
twifil-05780,2,Positive
twifil-05781,2,Positive
twifil-05782,2,Positive
twifil-05783,0,Negative
twifil-05785,0,Negative
twifil-05786,1,Neutral
twifil-05787,2,Positive
twifil-05788,2,Positive
twifil-05789,0,Negative
twifil-05792,2,Positive
twifil-05793,0,Negative
twifil-05794,2,Positive
twifil-05796,2,Positive
twifil-05797,2,Positive
twifil-05798,0,Negative
twifil-05799,2,Positive
twifil-05800,2,Positive
twifil-05801,0,Negative
twifil-05803,0,Negative
twifil-05804,0,Negative
twifil-05807,0,Negative
twifil-05808,0,Negative
twifil-05810,1,Neutral
twifil-05812,0,Negative
twifil-05813,2,Positive
twifil-05814,2,Positive
twifil-05815,0,Negative
twifil-05816,2,Positive
twifil-05818,0,Negative
twifil-05821,0,Negative
twifil-05822,2,Positive
twifil-05824,2,Positive
twifil-05826,0,Negative
twifil-05827,2,Positive
twifil-05829,1,Neutral
twifil-05830,2,Positive
twifil-05831,0,Negative
twifil-05832,0,Negative
twifil-05834,2,Positive
twifil-05836,2,Positive
twifil-05837,2,Positive
twifil-05838,1,Neutral
twifil-05841,0,Negative
twifil-05842,1,Neutral
twifil-05843,2,Positive
twifil-05844,2,Positive
twifil-05848,2,Positive
twifil-05850,1,Neutral
twifil-05853,0,Negative
twifil-05854,2,Positive
twifil-05856,2,Positive
twifil-05859,2,Positive
twifil-05861,0,Negative
twifil-05863,0,Negative
twifil-05864,0,Negative
twifil-05866,1,Neutral
twifil-05867,2,Positive
twifil-05868,1,Neutral
twifil-05871,2,Positive
twifil-05872,0,Negative
twifil-05873,2,Positive
twifil-05876,2,Positive
twifil-05879,2,Positive
twifil-05880,2,Positive
twifil-05881,1,Neutral
twifil-05883,2,Positive
twifil-05885,1,Neutral
twifil-05886,0,Negative
twifil-05889,2,Positive
twifil-05891,2,Positive
twifil-05892,2,Positive
twifil-05894,2,Positive
twifil-05895,2,Positive
twifil-05896,2,Positive
twifil-05897,0,Negative
twifil-05898,0,Negative
twifil-05899,0,Negative
twifil-05901,2,Positive
twifil-05903,0,Negative
twifil-05905,0,Negative
twifil-05908,1,Neutral
twifil-05910,2,Positive
twifil-05913,0,Negative
twifil-05914,2,Positive
twifil-05918,2,Positive
twifil-05919,0,Negative
twifil-05921,2,Positive
twifil-05922,2,Positive
twifil-05924,0,Negative
twifil-05925,0,Negative
twifil-05926,0,Negative
twifil-05927,2,Positive
twifil-05928,0,Negative
twifil-05929,0,Negative
twifil-05930,2,Positive
twifil-05931,2,Positive
twifil-05932,2,Positive
twifil-05933,2,Positive
twifil-05934,0,Negative
twifil-05935,2,Positive
twifil-05936,0,Negative
twifil-05937,2,Positive
twifil-05938,0,Negative
twifil-05939,1,Neutral
twifil-05940,0,Negative
twifil-05941,2,Positive
twifil-05942,2,Positive
twifil-05943,1,Neutral
twifil-05944,2,Positive
twifil-05947,0,Negative
twifil-05948,0,Negative
twifil-05949,0,Negative
twifil-05950,0,Negative
twifil-05951,0,Negative
twifil-05952,0,Negative
twifil-05954,0,Negative
twifil-05955,0,Negative
twifil-05957,1,Neutral
twifil-05959,0,Negative
twifil-05960,2,Positive
twifil-05961,2,Positive
twifil-05963,2,Positive
twifil-05964,0,Negative
twifil-05966,2,Positive
twifil-05968,1,Neutral
twifil-05969,2,Positive
twifil-05972,2,Positive
twifil-05973,0,Negative
twifil-05974,2,Positive
twifil-05975,2,Positive
twifil-05976,2,Positive
twifil-05977,2,Positive
twifil-05978,1,Neutral
twifil-05980,2,Positive
twifil-05981,2,Positive
twifil-05982,2,Positive
twifil-05984,0,Negative
twifil-05985,2,Positive
twifil-05987,2,Positive
twifil-05989,2,Positive
twifil-05990,0,Negative
twifil-05991,0,Negative
twifil-05992,2,Positive
twifil-05993,2,Positive
twifil-05994,2,Positive
twifil-05995,0,Negative
twifil-05996,0,Negative
twifil-05997,2,Positive
twifil-05998,0,Negative
twifil-06000,0,Negative
twifil-06002,2,Positive
twifil-06003,2,Positive
twifil-06004,0,Negative
twifil-06006,1,Neutral
twifil-06008,2,Positive
twifil-06009,0,Negative
twifil-06010,0,Negative
twifil-06012,2,Positive
twifil-06016,2,Positive
twifil-06017,1,Neutral
twifil-06018,0,Negative
twifil-06019,2,Positive
twifil-06020,2,Positive
twifil-06021,0,Negative
twifil-06024,2,Positive
twifil-06025,2,Positive
twifil-06027,0,Negative
twifil-06030,2,Positive
twifil-06032,2,Positive
twifil-06036,0,Negative
twifil-06037,2,Positive
twifil-06038,0,Negative
twifil-06040,2,Positive
twifil-06042,0,Negative
twifil-06043,2,Positive
twifil-06044,2,Positive
twifil-06045,1,Neutral
twifil-06046,2,Positive
twifil-06047,2,Positive
twifil-06048,2,Positive
twifil-06049,0,Negative
twifil-06050,2,Positive
twifil-06053,2,Positive
twifil-06054,2,Positive
twifil-06056,2,Positive
twifil-06057,0,Negative
twifil-06058,0,Negative
twifil-06059,0,Negative
twifil-06060,1,Neutral
twifil-06061,0,Negative
twifil-06062,0,Negative
twifil-06063,0,Negative
twifil-06064,2,Positive
twifil-06065,0,Negative
twifil-06066,0,Negative
twifil-06067,0,Negative
twifil-06068,0,Negative
twifil-06069,2,Positive
twifil-06070,2,Positive
twifil-06071,0,Negative
twifil-06072,0,Negative
twifil-06074,0,Negative
twifil-06076,0,Negative
twifil-06077,2,Positive
twifil-06079,1,Neutral
twifil-06080,2,Positive
twifil-06081,0,Negative
twifil-06082,2,Positive
twifil-06083,2,Positive
twifil-06084,0,Negative
twifil-06085,2,Positive
twifil-06086,2,Positive
twifil-06087,2,Positive
twifil-06088,0,Negative
twifil-06091,1,Neutral
twifil-06092,2,Positive
twifil-06094,0,Negative
twifil-06096,2,Positive
twifil-06097,2,Positive
twifil-06098,2,Positive
twifil-06099,0,Negative
twifil-06100,2,Positive
twifil-06101,0,Negative
twifil-06102,2,Positive
twifil-06103,0,Negative
twifil-06105,0,Negative
twifil-06107,0,Negative
twifil-06108,0,Negative
twifil-06109,2,Positive
twifil-06110,0,Negative
twifil-06111,2,Positive
twifil-06112,1,Neutral
twifil-06113,0,Negative
twifil-06116,2,Positive
twifil-06117,0,Negative
twifil-06118,0,Negative
twifil-06119,0,Negative
twifil-06120,0,Negative
twifil-06122,0,Negative
twifil-06123,0,Negative
twifil-06124,0,Negative
twifil-06125,0,Negative
twifil-06126,0,Negative
twifil-06128,2,Positive
twifil-06129,2,Positive
twifil-06130,0,Negative
twifil-06131,0,Negative
twifil-06133,2,Positive
twifil-06134,2,Positive
twifil-06136,2,Positive
twifil-06137,1,Neutral
twifil-06138,0,Negative
twifil-06139,1,Neutral
twifil-06141,0,Negative
twifil-06143,1,Neutral
twifil-06144,2,Positive
twifil-06145,2,Positive
twifil-06146,2,Positive
twifil-06147,2,Positive
twifil-06149,2,Positive
twifil-06151,1,Neutral
twifil-06152,0,Negative
twifil-06153,0,Negative
twifil-06154,0,Negative
twifil-06155,2,Positive
twifil-06156,0,Negative
twifil-06157,1,Neutral
twifil-06158,0,Negative
twifil-06160,0,Negative
twifil-06162,2,Positive
twifil-06163,0,Negative
twifil-06165,2,Positive
twifil-06166,2,Positive
twifil-06168,2,Positive
twifil-06172,2,Positive
twifil-06173,2,Positive
twifil-06174,0,Negative
twifil-06175,2,Positive
twifil-06176,0,Negative
twifil-06177,0,Negative
twifil-06178,0,Negative
twifil-06179,2,Positive
twifil-06180,0,Negative
twifil-06181,0,Negative
twifil-06184,2,Positive
twifil-06185,0,Negative
twifil-06187,2,Positive
twifil-06188,0,Negative
twifil-06190,0,Negative
twifil-06191,0,Negative
twifil-06193,2,Positive
twifil-06194,0,Negative
twifil-06195,2,Positive
twifil-06197,2,Positive
twifil-06198,1,Neutral
twifil-06200,2,Positive
twifil-06201,2,Positive
twifil-06202,1,Neutral
twifil-06203,1,Neutral
twifil-06204,0,Negative
twifil-06205,2,Positive
twifil-06206,1,Neutral
twifil-06207,1,Neutral
twifil-06209,0,Negative
twifil-06211,2,Positive
twifil-06212,0,Negative
twifil-06213,2,Positive
twifil-06215,2,Positive
twifil-06216,0,Negative
twifil-06217,0,Negative
twifil-06218,2,Positive
twifil-06219,2,Positive
twifil-06221,1,Neutral
twifil-06223,2,Positive
twifil-06224,2,Positive
twifil-06226,2,Positive
twifil-06227,0,Negative
twifil-06228,0,Negative
twifil-06229,0,Negative
twifil-06230,2,Positive
twifil-06231,0,Negative
twifil-06232,2,Positive
twifil-06233,1,Neutral
twifil-06234,0,Negative
twifil-06235,1,Neutral
twifil-06236,0,Negative
twifil-06238,0,Negative
twifil-06239,2,Positive
twifil-06240,0,Negative
twifil-06241,2,Positive
twifil-06247,1,Neutral
twifil-06248,0,Negative
twifil-06250,2,Positive
twifil-06252,0,Negative
twifil-06253,0,Negative
twifil-06254,2,Positive
twifil-06255,2,Positive
twifil-06257,2,Positive
twifil-06258,2,Positive
twifil-06260,1,Neutral
twifil-06261,0,Negative
twifil-06263,2,Positive
twifil-06264,2,Positive
twifil-06265,2,Positive
twifil-06270,2,Positive
twifil-06271,2,Positive
twifil-06272,0,Negative
twifil-06273,2,Positive
twifil-06274,2,Positive
twifil-06275,1,Neutral
twifil-06276,1,Neutral
twifil-06278,0,Negative
twifil-06280,2,Positive
twifil-06283,0,Negative
twifil-06284,2,Positive
twifil-06285,0,Negative
twifil-06286,1,Neutral
twifil-06287,2,Positive
twifil-06288,2,Positive
twifil-06289,0,Negative
twifil-06291,1,Neutral
twifil-06292,1,Neutral
twifil-06294,2,Positive
twifil-06295,2,Positive
twifil-06297,2,Positive
twifil-06298,2,Positive
twifil-06300,0,Negative
twifil-06303,0,Negative
twifil-06305,0,Negative
twifil-06306,0,Negative
twifil-06307,2,Positive
twifil-06309,2,Positive
twifil-06310,0,Negative
twifil-06311,1,Neutral
twifil-06312,2,Positive
twifil-06314,1,Neutral
twifil-06317,1,Neutral
twifil-06318,2,Positive
twifil-06321,1,Neutral
twifil-06322,0,Negative
twifil-06324,2,Positive
twifil-06325,2,Positive
twifil-06326,2,Positive
twifil-06328,0,Negative
twifil-06330,0,Negative
twifil-06331,0,Negative
twifil-06332,0,Negative
twifil-06335,0,Negative
twifil-06336,1,Neutral
twifil-06337,2,Positive
twifil-06339,0,Negative
twifil-06340,1,Neutral
twifil-06343,0,Negative
twifil-06344,0,Negative
twifil-06345,2,Positive
twifil-06346,0,Negative
twifil-06347,0,Negative
twifil-06348,0,Negative
twifil-06349,2,Positive
twifil-06350,2,Positive
twifil-06351,0,Negative
twifil-06352,0,Negative
twifil-06354,1,Neutral
twifil-06355,1,Neutral
twifil-06356,2,Positive
twifil-06357,2,Positive
twifil-06358,2,Positive
twifil-06360,1,Neutral
twifil-06361,0,Negative
twifil-06362,2,Positive
twifil-06367,0,Negative
twifil-06368,0,Negative
twifil-06369,1,Neutral
twifil-06372,2,Positive
twifil-06376,0,Negative
twifil-06379,0,Negative
twifil-06380,2,Positive
twifil-06382,2,Positive
twifil-06387,0,Negative
twifil-06389,2,Positive
twifil-06390,2,Positive
twifil-06391,0,Negative
twifil-06392,2,Positive
twifil-06393,0,Negative
twifil-06394,2,Positive
twifil-06395,2,Positive
twifil-06396,1,Neutral
twifil-06398,2,Positive
twifil-06399,0,Negative
twifil-06400,2,Positive
twifil-06401,2,Positive
twifil-06402,2,Positive
twifil-06403,0,Negative
twifil-06404,0,Negative
twifil-06405,0,Negative
twifil-06406,2,Positive
twifil-06407,0,Negative
twifil-06409,0,Negative
twifil-06410,2,Positive
twifil-06411,1,Neutral
twifil-06415,2,Positive
twifil-06417,2,Positive
twifil-06420,1,Neutral
twifil-06423,1,Neutral
twifil-06425,2,Positive
twifil-06426,2,Positive
twifil-06427,2,Positive
twifil-06429,0,Negative
twifil-06430,0,Negative
twifil-06433,0,Negative
twifil-06434,0,Negative
twifil-06436,1,Neutral
twifil-06437,2,Positive
twifil-06439,2,Positive
twifil-06440,0,Negative
twifil-06441,0,Negative
twifil-06442,0,Negative
twifil-06443,2,Positive
twifil-06444,0,Negative
twifil-06445,0,Negative
twifil-06448,2,Positive
twifil-06450,0,Negative
twifil-06451,2,Positive
twifil-06453,2,Positive
twifil-06454,0,Negative
twifil-06455,2,Positive
twifil-06456,2,Positive
twifil-06457,2,Positive
twifil-06458,2,Positive
twifil-06459,2,Positive
twifil-06460,2,Positive
twifil-06461,2,Positive
twifil-06462,0,Negative
twifil-06465,0,Negative
twifil-06469,2,Positive
twifil-06470,0,Negative
twifil-06473,2,Positive
twifil-06474,2,Positive
twifil-06477,2,Positive
twifil-06478,0,Negative
twifil-06479,2,Positive
twifil-06480,0,Negative
twifil-06481,2,Positive
twifil-06482,0,Negative
twifil-06484,0,Negative
twifil-06486,1,Neutral
twifil-06487,2,Positive
twifil-06489,2,Positive
twifil-06491,1,Neutral
twifil-06492,2,Positive
twifil-06495,2,Positive
twifil-06496,1,Neutral
twifil-06497,0,Negative
twifil-06498,2,Positive
twifil-06499,1,Neutral
twifil-06500,1,Neutral
twifil-06501,1,Neutral
twifil-06502,0,Negative
twifil-06503,2,Positive
twifil-06504,1,Neutral
twifil-06505,0,Negative
twifil-06506,0,Negative
twifil-06508,2,Positive
twifil-06509,2,Positive
twifil-06511,2,Positive
twifil-06512,1,Neutral
twifil-06513,0,Negative
twifil-06515,2,Positive
twifil-06516,0,Negative
twifil-06517,0,Negative
twifil-06518,2,Positive
twifil-06519,0,Negative
twifil-06521,2,Positive
twifil-06523,1,Neutral
twifil-06524,0,Negative
twifil-06525,2,Positive
twifil-06526,1,Neutral
twifil-06527,2,Positive
twifil-06529,2,Positive
twifil-06530,0,Negative
twifil-06531,0,Negative
twifil-06533,2,Positive
twifil-06535,0,Negative
twifil-06538,2,Positive
twifil-06540,0,Negative
twifil-06546,2,Positive
twifil-06547,2,Positive
twifil-06548,0,Negative
twifil-06550,2,Positive
twifil-06551,0,Negative
twifil-06552,0,Negative
twifil-06553,0,Negative
twifil-06554,2,Positive
twifil-06556,2,Positive
twifil-06557,2,Positive
twifil-06562,2,Positive
twifil-06563,0,Negative
twifil-06564,1,Neutral
twifil-06565,2,Positive
twifil-06566,2,Positive
twifil-06567,0,Negative
twifil-06568,2,Positive
twifil-06569,2,Positive
twifil-06570,0,Negative
twifil-06571,0,Negative
twifil-06573,2,Positive
twifil-06574,2,Positive
twifil-06577,0,Negative
twifil-06578,2,Positive
twifil-06579,2,Positive
twifil-06580,2,Positive
twifil-06584,0,Negative
twifil-06585,2,Positive
twifil-06588,0,Negative
twifil-06589,2,Positive
twifil-06590,2,Positive
twifil-06591,2,Positive
twifil-06592,2,Positive
twifil-06593,2,Positive
twifil-06594,2,Positive
twifil-06595,1,Neutral
twifil-06596,1,Neutral
twifil-06597,2,Positive
twifil-06599,0,Negative
twifil-06600,2,Positive
twifil-06603,0,Negative
twifil-06611,1,Neutral
twifil-06612,2,Positive
twifil-06614,0,Negative
twifil-06615,1,Neutral
twifil-06616,2,Positive
twifil-06617,1,Neutral
twifil-06618,0,Negative
twifil-06620,1,Neutral
twifil-06622,2,Positive
twifil-06623,0,Negative
twifil-06624,2,Positive
twifil-06625,0,Negative
twifil-06627,2,Positive
twifil-06635,2,Positive
twifil-06636,0,Negative
twifil-06638,0,Negative
twifil-06639,2,Positive
twifil-06641,0,Negative
twifil-06642,2,Positive
twifil-06643,2,Positive
twifil-06644,0,Negative
twifil-06645,2,Positive
twifil-06646,2,Positive
twifil-06648,2,Positive
twifil-06649,0,Negative
twifil-06651,0,Negative
twifil-06652,0,Negative
twifil-06653,2,Positive
twifil-06654,0,Negative
twifil-06659,0,Negative
twifil-06660,2,Positive
twifil-06661,0,Negative
twifil-06663,0,Negative
twifil-06664,0,Negative
twifil-06666,1,Neutral
twifil-06667,2,Positive
twifil-06670,0,Negative
twifil-06671,1,Neutral
twifil-06673,2,Positive
twifil-06674,2,Positive
twifil-06675,0,Negative
twifil-06676,2,Positive
twifil-06680,2,Positive
twifil-06681,2,Positive
twifil-06683,1,Neutral
twifil-06684,0,Negative
twifil-06685,0,Negative
twifil-06687,2,Positive
twifil-06688,0,Negative
twifil-06690,2,Positive
twifil-06691,2,Positive
twifil-06695,1,Neutral
twifil-06698,2,Positive
twifil-06699,0,Negative
twifil-06700,0,Negative
twifil-06701,2,Positive
twifil-06704,0,Negative
twifil-06705,2,Positive
twifil-06706,0,Negative
twifil-06707,2,Positive
twifil-06708,1,Neutral
twifil-06709,2,Positive
twifil-06710,0,Negative
twifil-06711,0,Negative
twifil-06712,1,Neutral
twifil-06713,2,Positive
twifil-06715,0,Negative
twifil-06716,0,Negative
twifil-06717,1,Neutral
twifil-06718,2,Positive
twifil-06719,2,Positive
twifil-06720,2,Positive
twifil-06724,0,Negative
twifil-06725,2,Positive
twifil-06726,2,Positive
twifil-06727,2,Positive
twifil-06729,0,Negative
twifil-06730,0,Negative
twifil-06731,0,Negative
twifil-06732,0,Negative
twifil-06733,0,Negative
twifil-06734,0,Negative
twifil-06735,2,Positive
twifil-06736,2,Positive
twifil-06737,1,Neutral
twifil-06738,0,Negative
twifil-06740,2,Positive
twifil-06741,2,Positive
twifil-06743,0,Negative
twifil-06744,1,Neutral
twifil-06745,2,Positive
twifil-06746,2,Positive
twifil-06748,0,Negative
twifil-06749,0,Negative
twifil-06750,1,Neutral
twifil-06751,2,Positive
twifil-06752,2,Positive
twifil-06753,2,Positive
twifil-06754,0,Negative
twifil-06755,2,Positive
twifil-06756,2,Positive
twifil-06758,2,Positive
twifil-06760,0,Negative
twifil-06765,0,Negative
twifil-06767,2,Positive
twifil-06768,2,Positive
twifil-06769,0,Negative
twifil-06770,0,Negative
twifil-06771,2,Positive
twifil-06772,2,Positive
twifil-06773,0,Negative
twifil-06774,0,Negative
twifil-06775,2,Positive
twifil-06776,2,Positive
twifil-06779,1,Neutral
twifil-06780,2,Positive
twifil-06781,2,Positive
twifil-06782,2,Positive
twifil-06784,2,Positive
twifil-06785,2,Positive
twifil-06787,0,Negative
twifil-06788,2,Positive
twifil-06789,0,Negative
twifil-06790,1,Neutral
twifil-06791,0,Negative
twifil-06792,0,Negative
twifil-06794,0,Negative
twifil-06795,0,Negative
twifil-06796,0,Negative
twifil-06797,2,Positive
twifil-06798,2,Positive
twifil-06799,0,Negative
twifil-06800,0,Negative
twifil-06803,2,Positive
twifil-06805,2,Positive
twifil-06806,0,Negative
twifil-06807,2,Positive
twifil-06808,1,Neutral
twifil-06810,0,Negative
twifil-06811,2,Positive
twifil-06812,0,Negative
twifil-06814,2,Positive
twifil-06815,2,Positive
twifil-06816,0,Negative
twifil-06817,2,Positive
twifil-06820,2,Positive
twifil-06823,2,Positive
twifil-06824,2,Positive
twifil-06825,2,Positive
twifil-06826,2,Positive
twifil-06827,2,Positive
twifil-06829,0,Negative
twifil-06830,2,Positive
twifil-06831,0,Negative
twifil-06832,2,Positive
twifil-06833,2,Positive
twifil-06834,0,Negative
twifil-06835,1,Neutral
twifil-06836,1,Neutral
twifil-06839,2,Positive
twifil-06840,0,Negative
twifil-06842,1,Neutral
twifil-06843,2,Positive
twifil-06844,0,Negative
twifil-06845,0,Negative
twifil-06846,1,Neutral
twifil-06848,2,Positive
twifil-06849,1,Neutral
twifil-06850,0,Negative
twifil-06851,2,Positive
twifil-06853,2,Positive
twifil-06855,2,Positive
twifil-06857,1,Neutral
twifil-06858,0,Negative
twifil-06859,2,Positive
twifil-06860,2,Positive
twifil-06862,0,Negative
twifil-06863,0,Negative
twifil-06865,0,Negative
twifil-06866,1,Neutral
twifil-06867,1,Neutral
twifil-06868,1,Neutral
twifil-06869,2,Positive
twifil-06871,2,Positive
twifil-06872,2,Positive
twifil-06873,1,Neutral
twifil-06875,2,Positive
twifil-06876,2,Positive
twifil-06878,2,Positive
twifil-06879,2,Positive
twifil-06881,2,Positive
twifil-06883,1,Neutral
twifil-06884,0,Negative
twifil-06886,2,Positive
twifil-06888,0,Negative
twifil-06891,0,Negative
twifil-06892,0,Negative
twifil-06895,2,Positive
twifil-06896,0,Negative
twifil-06897,2,Positive
twifil-06898,2,Positive
twifil-06899,2,Positive
twifil-06901,2,Positive
twifil-06902,2,Positive
twifil-06903,0,Negative
twifil-06904,2,Positive
twifil-06906,2,Positive
twifil-06908,0,Negative
twifil-06909,1,Neutral
twifil-06910,0,Negative
twifil-06911,2,Positive
twifil-06913,0,Negative
twifil-06915,2,Positive
twifil-06917,2,Positive
twifil-06918,1,Neutral
twifil-06920,0,Negative
twifil-06921,2,Positive
twifil-06923,2,Positive
twifil-06924,2,Positive
twifil-06925,0,Negative
twifil-06926,0,Negative
twifil-06927,2,Positive
twifil-06928,0,Negative
twifil-06929,2,Positive
twifil-06930,2,Positive
twifil-06931,1,Neutral
twifil-06933,0,Negative
twifil-06934,0,Negative
twifil-06935,2,Positive
twifil-06936,0,Negative
twifil-06938,2,Positive
twifil-06940,0,Negative
twifil-06941,1,Neutral
twifil-06943,1,Neutral
twifil-06944,2,Positive
twifil-06947,2,Positive
twifil-06948,2,Positive
twifil-06949,0,Negative
twifil-06953,1,Neutral
twifil-06954,0,Negative
twifil-06955,0,Negative
twifil-06957,1,Neutral
twifil-06959,0,Negative
twifil-06960,2,Positive
twifil-06961,0,Negative
twifil-06962,2,Positive
twifil-06964,0,Negative
twifil-06965,1,Neutral
twifil-06966,2,Positive
twifil-06968,0,Negative
twifil-06969,2,Positive
twifil-06970,2,Positive
twifil-06971,2,Positive
twifil-06972,2,Positive
twifil-06974,0,Negative
twifil-06976,2,Positive
twifil-06977,0,Negative
twifil-06978,1,Neutral
twifil-06980,0,Negative
twifil-06982,0,Negative
twifil-06983,2,Positive
twifil-06984,2,Positive
twifil-06986,2,Positive
twifil-06987,0,Negative
twifil-06988,2,Positive
twifil-06989,2,Positive
twifil-06991,2,Positive
twifil-06992,2,Positive
twifil-06993,2,Positive
twifil-06994,2,Positive
twifil-06995,0,Negative
twifil-06996,2,Positive
twifil-06997,2,Positive
twifil-07000,2,Positive
twifil-07001,1,Neutral
twifil-07002,0,Negative
twifil-07003,1,Neutral
twifil-07005,0,Negative
twifil-07006,0,Negative
twifil-07009,2,Positive
twifil-07010,2,Positive
twifil-07011,0,Negative
twifil-07012,0,Negative
twifil-07013,0,Negative
twifil-07014,0,Negative
twifil-07016,2,Positive
twifil-07017,1,Neutral
twifil-07018,2,Positive
twifil-07019,2,Positive
twifil-07021,1,Neutral
twifil-07022,2,Positive
twifil-07023,1,Neutral
twifil-07024,2,Positive
twifil-07025,2,Positive
twifil-07026,2,Positive
twifil-07029,0,Negative
twifil-07031,2,Positive
twifil-07032,2,Positive
twifil-07033,2,Positive
twifil-07035,1,Neutral
twifil-07037,0,Negative
twifil-07040,0,Negative
twifil-07042,0,Negative
twifil-07044,1,Neutral
twifil-07045,0,Negative
twifil-07046,2,Positive
twifil-07047,2,Positive
twifil-07052,2,Positive
twifil-07053,2,Positive
twifil-07054,2,Positive
twifil-07055,2,Positive
twifil-07056,1,Neutral
twifil-07058,2,Positive
twifil-07060,0,Negative
twifil-07062,2,Positive
twifil-07064,2,Positive
twifil-07065,0,Negative
twifil-07066,2,Positive
twifil-07067,1,Neutral
twifil-07068,2,Positive
twifil-07070,1,Neutral
twifil-07071,0,Negative
twifil-07073,0,Negative
twifil-07075,2,Positive
twifil-07076,2,Positive
