id,text,label,label_name,source_label
twifil-00002,تسلمي,2,positive,Positive
twifil-00003,APAB Algérie et et le monde de l’industrie des jus et boissons aux fruits se penche sur le…,1,neutral,Neutral
twifil-00004,Life is 10% what happens to you and 90% how you react to it. Taken by walid_m_k Edited by …,2,positive,Positive
twifil-00005,كونتينيو ليس كميسي,0,negative,Negative
twifil-00006,اه صح ... اكيد,2,positive,Positive
twifil-00007,"Le président est impotent, le Pays est comme dans le coma et le peuple n'est gouv…",0,negative,Negative
twifil-00008,""" تبتسم ولك حسنة .. وتمرض ولك أجر .. وتصبر ولك من بعد العسر يسر .. أيُّ دين أجمل من هذا ! "" ..😉😍 صباحكم .. وكل ص…",2,positive,Positive
twifil-00009,انت كل عام ونت بالف خيييير,2,positive,Positive
twifil-00011,اللهم اكتب لنا من أنفاس هذا الصباح خيراً نعلمه و رزقاً نكتسبه ،و بشارة نسعد بها. صباح الخير ع الجميع,2,positive,Positive
twifil-00013,مقطوعة رائعة عنوان ذوق رفيع..,2,positive,Positive
twifil-00016,مسلخير 👀,1,neutral,Neutral
twifil-00017,والزي الجزائري,2,positive,Positive
twifil-00018,كاينة منها اختي بارك الله فيك 💎,2,positive,Positive
twifil-00019,"Le destin fait entrer beaucoup de personnes dans notre vie , mais seules les meilleures restent pour toujours.",2,positive,Positive
twifil-00021,Vive l'amitié franco algerienne !,2,positive,Positive
twifil-00022,"Tu es poussière , et tu retourneras poussière ...c'est pour cela que je dépoussière pas, ça pourrait être quelqu'un que je connais.",2,positive,Positive
twifil-00023,ولِأنها تُحبك..َ سَتغَارُ عليكَ مِن كُل شَيءْ / فَلا تتَعجّب..!,0,negative,Negative
twifil-00024,no sorry girls,2,positive,Positive
twifil-00025,... حتى تهب نسمات صبابة تغزل جسر وصل و تنزل قطرات ندى تبل البتلات.. الظمئ,2,positive,Positive
twifil-00026,أشكر الذي يطعنك في أول الطريق لأنه وفَّر عليك صدمة الطعنة بعد عشرة طويلة...,2,positive,Positive
twifil-00029,الخرلمان ممثلين هوليوود اللولبن ول لا لا خخخخخخخ,0,negative,Negative
twifil-00030,Listen 🎧 to wonderful algerian 🇩🇿 raï song 🎼 👇 Newsong NewMusic Bandcamp Synthwave…,2,positive,Positive
twifil-00031,"Le film de Bachir Deraïs sur Larbi Ben M'hidi, héros de la Révolution, a été interdit de projection par l'arbitrair…",0,negative,Negative
twifil-00033,7assab el hagat,1,neutral,Neutral
twifil-00034,هدا هو معدنك كنت اعرف من قبل,0,negative,Negative
twifil-00035,وتبقى نعمة النوم على نغمات المطر نعمة لا يشعر بها الا من طار عليه نعاس مثلي ☺😉,2,positive,Positive
twifil-00036,Simply the GOAT,1,neutral,Neutral
twifil-00038,Agréable.,2,positive,Positive
twifil-00040,Peuples indigènes d'Europe ! C'est un peu lourd ... J'y croyais que le mot '' Indigène '' désignai…,0,negative,Negative
twifil-00041,تَفْصِيلٌ جَمِيلٌ فِي كَيْفِيَّةِ تَقْدِيرِ مُدَّةِ الصَّبْرِ عَلَى المُخَالِفِ قال الشيخ الوالد محمد علي فركوس ح…,2,positive,Positive
twifil-00043,Bun nuit,2,positive,Positive
twifil-00044,لم نقاطعهم لأنهم شارك في القتل أو الإرهاب أرادو أن يتذخلو في المشاكل الذاخلية لو شارك في القتل لا نرجع العلاقات معهم,0,negative,Negative
twifil-00045,بعض؟!!!,1,neutral,Neutral
twifil-00046,قبل ان يطلق المستعمر على هذه الأرض إسم موريتانيا كانت تعرف…,0,negative,Negative
twifil-00047,لست داعية و لا رجل دين .... إن كنت مسلما فهذا كلام يحيد بك عن الطريق ... أرجع ... إن كنت مسيحيا أو يهود…,0,negative,Negative
twifil-00048,المعيار عندنا والزين والجمال بناتنا ونساؤناوعرضهنا فى الأصواق ليسا من شيمتنا نحن وعروبتناوالزين 💐🍏🍊🌷🦜🌹🌍😍والجمال يبقا لينا ولا لغيرنا,2,positive,Positive
twifil-00049,"Consultation - Exploration - Chirurgie , Pour plus de renseignements appelez le : 024.39.84.47 024.39.84.68 0549.09…",1,neutral,Neutral
twifil-00050,KalpAtışı صباح النور صباح الورد على كل عائلة ☺☺☺😍😍😍😚😚😚😘😘😘😘نبضات قلب,2,positive,Positive
twifil-00051,"""لأنني لستُ معتادة أن أجبر أحداً على البقاء بجانبي، كنت دائماً أتخلى عندما أشعر ولو مرةً بأن هذا المكان لم يعد لي.""",0,negative,Negative
twifil-00052,صح عندك الحق ممكن على الخاص,1,neutral,Neutral
twifil-00053,Never care what others say not living for them 😉,2,positive,Positive
twifil-00054,ههههه الصحراء عندكم متروو كاذب ولسنا محتاجين مسعداتكم قادرين نشتريكم أنتم وبلدكم,0,negative,Negative
twifil-00056,Niggainoklm,1,neutral,Neutral
twifil-00057,Ooooooh la nouvelle !! La nuit va être très longue 😍😭 CaroJuLive,0,negative,Negative
twifil-00058,Happening Now MasterClass SoPportunity HDN MEPI Cilas Algeria Coaching,2,positive,Positive
twifil-00059,يوم الجمعه ﷽ ﴿إِنَّ الله ومَلائكته يُصَلُّونَ على النَّبِيِّ يا أَيها الذين آَمنُوا صَلوا عَليهِ وسَلِّموا تَسلِ…,2,positive,Positive
twifil-00066,اجمل حاجه 😍😍 انك تلقى شخص مدورك 😎😎😎 و لمه ترقالك يفطنلك 😊😊😊 فتحت الشنطه القياها جوه 😭😭😭😭😭😭جو ليه زمان عليه @ مختبر…,0,negative,Negative
twifil-00067,اللهم صل وسلم على سيدنا محمد,2,positive,Positive
twifil-00068,KenzaInMissGold كنزة نجمة لكل قلب يحبها و حنا نحبوك يا كنزة😍,2,positive,Positive
twifil-00069,Mort de Charles aznavour Laura et David réclament leur part de l’héritage !,0,negative,Negative
twifil-00070,Il aurait trié les blancos ? FDP,0,negative,Negative
twifil-00071,"الجزائر ميلاد ثلاثة أشبال في مستغانم وتحديدا في حديقة التسلية ""موستالاند"" Algerie Mostaganem: naissance de troi…",2,positive,Positive
twifil-00072,كبش فداء,0,negative,Negative
twifil-00075,حنية كبيييرة كتير ياعمري عليها,2,positive,Positive
twifil-00076,Information Technology MySarahah,1,neutral,Neutral
twifil-00077,صباحي الحلو مريومتي 😍😘❤,2,positive,Positive
twifil-00078,زهير الكذاب نسيتو يوحد الجاحد,0,negative,Negative
twifil-00080,Intellectuels algeriens... Mais dans quel domaine d’expertise?,1,neutral,Neutral
twifil-00082,يأحمر خلتني مولع,2,positive,Positive
twifil-00083,Vous avez été expulsés de la Palestine par Babylone et Rome.. Les musulmans l'ont conquis…,2,positive,Positive
twifil-00085,ولا شيء 😂 بالي مشغول على مسلسل,0,negative,Negative
twifil-00086,"قال النبي صلى الله عليه وسلم =: ""مَن قرأَ سورةَ الكَهْفِ ليلةَ الجمعةِ، أضاءَ لَهُ منَ النُّورِ فيما بينَهُ وبينَ ا…",2,positive,Positive
twifil-00088,Alouss Vous Avez Un Trés Bon Coeur 💗😍😍😍 Et Mes Félicitations Pour La Miss Du Liban 🇱🇧👍👏👏👏 MissLebanon2018,2,positive,Positive
twifil-00091,nice daay in the last day in holiday 😍🥰😇💻 i would to rebet it in the next day⏰📸💻 Algeria وهران holiday…,2,positive,Positive
twifil-00092,J'ai jamais eu autant d'amour pour un perso woow,2,positive,Positive
twifil-00093,•••صباح الخير مُجدداً، أتمنى لك صُدفةً جميلة في هذا الصباح تجعل الحياة تبدو كبُستان ورد في عيناك🌸••• 🌹🌹,2,positive,Positive
twifil-00094,"L'artiste Libanaise Elissa 🇱🇧Sur Le Twitter 👉Octobre est un mois de prévention, de santé et, surtout, d’espoir. L…",1,neutral,Neutral
twifil-00096,قال الشيخ مقبل الوادعي: المسلمون الآن أحوج ما يكونون إلى معرفة العلماء، حتى يردوا ما اختلفوا فيه إلى علمائهم، فإنّ…,0,negative,Negative
twifil-00097,iHeartAwards BestFanArmy BTSARMY 4,2,positive,Positive
twifil-00099,ta vu ptn de merde,0,negative,Negative
twifil-00100,اعطيني وحدة اخرا معندهاش علاقة بالبالون,0,negative,Negative
twifil-00101,L'état voyou d'Israël agit comme il veut. ..Et on nous parle de justice internationale. ..foutaises,0,negative,Negative
twifil-00102,C'est durant les pires moments de la vie que tu verras les vraies couleurs de ceux qui prétendent se préoccuper de toi.,0,negative,Negative
twifil-00106,اليوم ألقى الوزير للحديث باللغة العربية، الحمد لله أستاذة خديجة ، لكن حديثه ال…,2,positive,Positive
twifil-00107,جانسو حتلعب عليه لانها انانية و ازرا لانها غبية لسا تسمع كلام سومرو الحقيرة,0,negative,Negative
twifil-00108,أتمنى أن أكون أول الراحلين من أهلي وأحبتي وكـــل مايعـــرفني. !! وأصدقائي فلا طاقة لي بفقدان أحد 💔,0,negative,Negative
twifil-00109,😔😔💔,0,negative,Negative
twifil-00111,"قال الشّيخ بكر رحمه الله في حلية طالب العلم :"" احْذَرْ أن تكونَ ( أبا شِبْرٍ )""",0,negative,Negative
twifil-00112,لقاء تاريخي ،،،، في مرحلة مفصلية ،،،، 🇩🇿🇸🇾💞🌺,2,positive,Positive
twifil-00113,الحمد الله نشاهد المباريات من القنوات أوروبية على سماع تعليقه الخايب,0,negative,Negative
twifil-00114,يعني مع اخوها ههه,2,positive,Positive
twifil-00115,هههه نسيتهم,0,negative,Negative
twifil-00116,scattered clouds -> broken clouds humidity down 82% -> 71%,1,neutral,Neutral
twifil-00117,ألطف أمر.ممكن حدوثه على هذه الأرض ؛ أن الله يأخذ منك ليعطيك ، يحرمك ليعوضك ، يبعدك مسافات لترى الحقائق كما هي لا كم…,2,positive,Positive
twifil-00118,مزال ماسييتش وقيل هاذي الي راهي خاصتني ههه,2,positive,Positive
twifil-00119,"La vie , il faut la déguster et la savourer , il faut la croquer pleines dents et la dévorer.",2,positive,Positive
twifil-00120,يا الله قداش نحبها 😍❤️❤️,2,positive,Positive
twifil-00122,هههه عادي، اي سؤال انا هنا 🙋🏻💜🙋🏻,2,positive,Positive
twifil-00125,نحن في أسوإ أحوالنا، ربما! لكننا واعون بما يعيق نهضتنا ، ولن تضيع جهود النهضويين سدى ، فقد أقلعت القا…,2,positive,Positive
twifil-00126,مساء الخير 💙💙,2,positive,Positive
twifil-00127,"Cool video Paige , as usual 🖤🖤. I loved the outro 😂❤️",2,positive,Positive
twifil-00128,💜💜💜💜💜💜💜🥰🥰🥰🥰,2,positive,Positive
twifil-00130,الفتاة الوحيدة التي عشقت فقيرا 😎🤗😘...ولكن للاسف غرقت السفينة 🤔😥😌😒 اسعد الله اوقاتكم,0,negative,Negative
twifil-00131,على اخرة عمري حسدت هيكل عظمي😔 لا بس خير يا بخته بجد😂💚🚶‍♀️ elimibırakma AlpNavruz,0,negative,Negative
twifil-00132,temperature down 27°C -> 25°C humidity up 54% -> 60% wind 5kmh -> 6kmh,1,neutral,Neutral
twifil-00133,OT9,1,neutral,Neutral
twifil-00134,لالم اؤشهد هذ الحيوان ولكن اين واي بلد اشكرك على هذ الارسال,2,positive,Positive
twifil-00135,السعودية تقتل خاشقجي في أرضها (قنصليتها بتركيا) وتتلخص من الجثة في الأراضي التركية لتوريطها، نرتقب سحب السفراء و قط…,0,negative,Negative
twifil-00137,ne dis pas ça،L'espoir existe,2,positive,Positive
twifil-00141,Mon beau frère il parle en dormant c'est flippant,0,negative,Negative
twifil-00143,لاعبين اكبر من محرز وضيعوا ضربات جزاء هذا شيئ عادي,2,positive,Positive
twifil-00144,broken clouds -> thunderstorm with light rain humidity up 87% -> 93%,1,neutral,Neutral
twifil-00145,56 anniversaire de l’adhésion de l’Algérie en tant que 109eme membre de l’Organisation des Nations-Unies. Acte de n…,1,neutral,Neutral
twifil-00146,PTDDDDRR wsh ils te terminent,0,negative,Negative
twifil-00147,💕💋🍓 SinTuMirada Paulessa 💖💋,2,positive,Positive
twifil-00150,ادعو له ربي يشافيه,2,positive,Positive
twifil-00151,b06dac3854d9f6e720deea97a8352006d06d33f815ce7bf759a927cf39b973ba956ed9f0ce6614dc19ee3a05a3a13242c4099d6135315d09bc0…,1,neutral,Neutral
twifil-00152,اللهم آميــــن يارب وربي يحفظلك ماماك,2,positive,Positive
twifil-00153,السلام عليكم,2,positive,Positive
twifil-00154,اعطي لوالديك هما لي يستاهلو كلش شئ وما ينكروش خير,2,positive,Positive
twifil-00156,🇮🇳🇮🇳🇮🇳🇮🇳🇮🇳💖💖💖💖💖🎲,2,positive,Positive
twifil-00157,عاوزا تنيكي,0,negative,Negative
twifil-00158,عصر العبودية للحكام العرب,0,negative,Negative
twifil-00159,Pingin perubahan,2,positive,Positive
twifil-00160,انا لله وانا اليه راجعون عظم الله اجركم,0,negative,Negative
twifil-00161,De ouf ptdr ya tout de faux,0,negative,Negative
twifil-00163,"İyi şanslar, Allah istekli❤😘😍",2,positive,Positive
twifil-00164,قال تعالى{ هٰذَا خَلْقُ اللَّهِ فَأَرُونِى مَاذَا خَلَقَ الَّذِينَ مِن دُونِهِۦ ۚ بَلِ الظّٰلِمُونَ فِى ضَلٰلٍ مُّ…,2,positive,Positive
twifil-00165,اللطف يا ربي,2,positive,Positive
twifil-00166,Affaire de 3 millions,2,positive,Positive
twifil-00168,سلام لصحراء الجزائر التي تغير ملامحها بثلوج تتساقط على رمالها أ ل رزق الله هذه بلادي الجزائر,2,positive,Positive
twifil-00170,نعم هذي. هي حقيقتي انا مع من احب,2,positive,Positive
twifil-00171,"You should note that women prostitutes should seek your rhythm in this outrageous, be careful of the…",0,negative,Negative
twifil-00173,Oh Remy J'en ai une meilleure Tiens toi bien..... 1er novembre 1954- 1er novembre 2018 Je ne peux…,0,negative,Negative
twifil-00174,مني اليكم العفو,2,positive,Positive
twifil-00175,لاحياء في الدين .بالكلام عن الامور التي نستحي من ذكرها امام العامة .وهي مذكورة في القرأن . مثل ال…,2,positive,Positive
twifil-00176,اغلب النجاحات تأتي من اشخاص تعرضوا لظروف قاهرة انفردو في مواجهتها ، لينفردو بنتائجها الباهرة 😉👍❤,2,positive,Positive
twifil-00179,القاسم المشترك هو 5 3*5=15-5=10 8*5=40-5=35 6*5=30-5=25 العدد هو 25,1,neutral,Neutral
twifil-00180,temperature up 11°C -> 13°C humidity down 93% -> 82%,1,neutral,Neutral
twifil-00181,wow camila supurse 1billions on Spotify with Havana the first female in the history to do this comragt Queen I love…,2,positive,Positive
twifil-00182,Vous pensez que je suis capable de faire des vidéo ?,2,positive,Positive
twifil-00183,يزهى مع جده هههه,1,neutral,Neutral
twifil-00184,FraudFlake,1,neutral,Neutral
twifil-00186,رد بالك,0,negative,Negative
twifil-00188,بعض البشر ذهابهم الى حديقة الحيوانات يعتبر صلة رحم 🐸,0,negative,Negative
twifil-00190,Couleurs de la vie .....,2,positive,Positive
twifil-00191,انت تستهزئ بيوم القيامة و بالملائكة و بحساب الله، اتق الله يا من عجبك قلة أدبك.,0,negative,Negative
twifil-00193,A View Of Algiers From Up The Hills! 🇩🇿 - - - travelblogger wander wanderlust sunsetporn trip worldnomads…,1,neutral,Neutral
twifil-00194,What do you think about Mr Trump the président of USA?,1,neutral,Neutral
twifil-00195,Salemhlekom,2,positive,Positive
twifil-00196,Ma plus grande émotion football de l'année 2017 BotolaFootFeminin,2,positive,Positive
twifil-00197,.مـؤلم أن يـستمر بـينهم الأشـتياق رغـم إنـتهاء الـقصة ! . fashionblogger fashion style…,0,negative,Negative
twifil-00198,شرير 👾,0,negative,Negative
twifil-00200,وزيرة البيئة زرواطي أثناء مشاركتها في حملة التنظيف تحث شعار نقي حومتك هي مبادرة حسنة و لا نشك في إرادة الوزيرة. ل…,2,positive,Positive
twifil-00201,اوصي نفسي وإياكم,2,positive,Positive
twifil-00205,toujours sa,0,negative,Negative
twifil-00207,اصبحنا و أصبح الملك لله و لا حول و لا قوة إلا بالله ...,2,positive,Positive
twifil-00208,retraitée mais s'occupe ''Des femmes maltraitées''.…,2,positive,Positive
twifil-00209,Salamar w bard lhal,0,negative,Negative
twifil-00210,قُلْ للمَليحَةِ في الخِمارِ الأسودِ ماذا فَعَلتِ بِزاهِدٍ مُتَعبِّدِ قَد كان شَمَّرَ للصلاةِ إزاره حَتى قَعَدتِ لَه…,0,negative,Negative
twifil-00212,When you are high on colors💙🦋🦋💙,2,positive,Positive
twifil-00215,قناة العربية/ أنباء عن مقتل ابن البغدادي الأصغر في غارة روسية بسوريا العربية - عبر نبض,1,neutral,Neutral
twifil-00217,ana 3lah ma kontch hakda min kont sghira ???? khkhkhkhkhkhkh 😂😂😂😂,0,negative,Negative
twifil-00218,🙈😂😂😂,2,positive,Positive
twifil-00219,سبحان الله و الحمد الله و لا اله الا الله و الله اكبر جزاكم الله كل خير و جمعة مبارك,2,positive,Positive
twifil-00220,Formidable,2,positive,Positive
twifil-00222,c'est une fierté,2,positive,Positive
twifil-00224,"""Khti 3endek 3inik coucher de soleil, cheftek bronzit"" in eng sis your eyes looks like sunset view i saw you i tanned",2,positive,Positive
twifil-00226,لماذا تاخرت الدولة في التكفل النفسي بالاطفال ضحايا الارهاب؟ هل تعمدت ذلك؟ في حالة بن طلحة لولا التغطية العالمية للم…,0,negative,Negative
twifil-00227,برج روز بسكرة dz,1,neutral,Neutral
twifil-00229,"""La grâce , plus belle encore que la beauté.""",2,positive,Positive
twifil-00230,هل فيه نسخة أخرى من تحدي 22؟,1,neutral,Neutral
twifil-00231,هل فعلا سيتم انتاج فلم عن الشهيد زيغود يوسف,1,neutral,Neutral
twifil-00232,إنما الناس بحار .. فلا تحكم على أعماقهم وانت لا ترى منهم إلا شواطئهم ..... 🍁🍃🍁🍃🍁🍃,2,positive,Positive
twifil-00233,"Yes, so beautiful😍💓 Thank you my friend 🙏 Happy day☀",2,positive,Positive
twifil-00235,لدينا مفترق طرق وسط المدينة منذ الأزل ... جميع من يترأس البلدية يقوم بإعادة بناءه او تزيينه المهم يغير م…,0,negative,Negative
twifil-00236,مش مصدقتك 😂😂😂,0,negative,Negative
twifil-00237,ربما هناك من يفرح بما انت له غير مهتم,2,positive,Positive
twifil-00239,انا لا اريدك فكنت تكلم القلم لم اقل شئ مني انت وهم جعل منه الليل خاطرةعجيبة حكايتها ليس موجودة في دفتر المدكرات .,0,negative,Negative
twifil-00241,and the list is still long you're friend has good eyes the world needs glasses,0,negative,Negative
twifil-00242,لا الذيب خداع وغادر,0,negative,Negative
twifil-00243,Jay is having a comeback today.. Who's ready?!,2,positive,Positive
twifil-00244,"So beautiful😍💓.... 😇 Always thank you my sweet friend 🙏, have a great time harijati 🌹, enjoy❤ ✨🍀🌷",2,positive,Positive
twifil-00246,الموجود يحيا عيشوشة الوجود ،بصورة الكينونة وصيرورة الديمومة ، وقد يمثل ذلك بالعنكبوت الذي يبني بيته ليحطمه، أو الحل…,0,negative,Negative
twifil-00247,Tout le monde peut entendre ce que tu dis .l'ami écoute ce que tu dis le meilleur ami comprend ce que tu ne dis pas.,2,positive,Positive
twifil-00248,[ ألا أخبركم بالمؤمن من أمنه الناس على أموالهم وأنفسهم والمسلم من سلم الناس من لسانه ويده والمجاهد من جاهد نفسه في…,2,positive,Positive
twifil-00251,مسكين والد حسان . كان عاءدا الي البيت فزلت رجله فى قشرة موز,1,neutral,Neutral
twifil-00252,مريومة الفارسة,2,positive,Positive
twifil-00253,هذا ليس مضحكا هذا: مبك على حال من تسرق مبك على حال من تركت خشوعها مبك على من تصور مهدا يستهزئ بشعيرة الصلاة. الله المستعان,0,negative,Negative
twifil-00255,It's available in ur country?,1,neutral,Neutral
twifil-00257,al hamdulillah elle s’en rend compte mtn et pas plus tard,2,positive,Positive
twifil-00259,"Tried DIY this morning, spent all afternoon recovering, should be in a home somewhere playing armchair rugby for th…",0,negative,Negative
twifil-00260,أسو أ الخيانات أن تتظاهر بالحب ليكون هدفك الإغتصاب !!,0,negative,Negative
twifil-00262,Au même moment. ..Des gens meurent de faim...abject,0,negative,Negative
twifil-00263,KenzaInMissGold My qween Kenza😍,2,positive,Positive
twifil-00265,🌹 لاتيـأس من صــ؏ۤــوبة الطـريق و و؏ۤـورته 🌹 🌹فالصرا؏ۤ فوق جهنم ،ولكنة طريق الى الجـنة ֆ🌹,2,positive,Positive
twifil-00266,Maes - Billets verts j’kiff,2,positive,Positive
twifil-00267,الله يسلمك على كل شيء نورالدين,2,positive,Positive
twifil-00268,give me a sec am gonna search through my history,1,neutral,Neutral
twifil-00269,つぎロスに来たら、レンタカー借りてルート66を走って🚖 ラスベガス行ってグランドキャニオン 行きたいなぁ。 4泊6日はやい。😭 明日の飛行機までゆっくり💤,1,neutral,Neutral
twifil-00270,هذه هي حقيقة النهج الفاسد والفكر المجرم ،،،،،،,0,negative,Negative
twifil-00271,و هل عندنا وزرا؟ كنت اظنهم رجال اعمال .,0,negative,Negative
twifil-00272,مشاركة نادي FREE RUN GYM استراحه في قمة الخيال LTTA الفريق الليبي للمغامرة والاستكشاف الجبل الأخضر في منطقة…,2,positive,Positive
twifil-00274,هؤلاء هم حقا فخر البشرية شكرا لكما,2,positive,Positive
twifil-00275,b6efeaf8ab6a19fb2017e291ac8a5c570f014a88e9926e9f688b922294287f74b9e430474717766bbb4c9d1a3905a75410359796784f95aaad6…,1,neutral,Neutral
twifil-00276,تحيا الجزائر المجد والخلود لشهدائنا الأبرار تحيا الجزائر,2,positive,Positive
twifil-00277,قال أيوب السختياني: - لا ينبُل الرجل حتى يكون فيه خصلتان: العفة عما في أيدي الناس، والتجاوز عما يكون منهم. - 📝مكارم…,2,positive,Positive
twifil-00279,الله يشافيك,0,negative,Negative
twifil-00280,KalpAtışı عشانا جهز تقريبا بقى غير ناكلو بصحتنا الجزائر Algeria tebessa 🇩🇿🇩🇿🇩🇿🇩🇿🍝🍝🍝🍝🍝🍝👌👌👌👌,2,positive,Positive
twifil-00281,فَإِذَا بَرِقَ الْبَصَرُ (7) وَخَسَفَ الْقَمَرُ (8) وَجُمِعَ الشَّمْسُ وَالْقَمَرُ (9) يَقُولُ الْإِنْسَانُ يَوْمَ…,2,positive,Positive
twifil-00284,شكراااا 😊,2,positive,Positive
twifil-00285,تحية ليك من الجزائر,2,positive,Positive
twifil-00286,🌍 َتحيتى بإحترام والتواصل إفادة علم وحكم وتوجيهات لمن أراد أن يتعلم من المتواصلين إن كانو ذو أدب ومعرفة…,2,positive,Positive
twifil-00287,You should note that women prostitutes should seek your rhythm in this outrag…,0,negative,Negative
twifil-00288,"طريق فوق سطح عمارة ب 11 طابق في حي تيليملي با لعاصمة الجزائر Imaginez circuler sur un pont, qui sert de terrasse…",2,positive,Positive
twifil-00289,أعتقد أنك يجب أن تكتب على العهدة الخامسة بإسهاب بالنسبة لي هذا هو حالي,0,negative,Negative
twifil-00290,في انتظار,1,neutral,Neutral
twifil-00291,tamanrasset,1,neutral,Neutral
twifil-00292,جميل جيدا جميل احسنتم اشكركم جزيل اشكر,2,positive,Positive
twifil-00294,الله يفرحك ويسر أيامك دائما اخ 🌸,2,positive,Positive
twifil-00295,La vie est belle !,2,positive,Positive
twifil-00296,Nice and well done job 😍 Please what's the font at 00:24 ? Thank you,2,positive,Positive
twifil-00297,الله يرحمو?????,0,negative,Negative
twifil-00298,ماشاء الله,2,positive,Positive
twifil-00299,{قل هاتوا برهانكم إن كنتم صادقين} نشط بعض السفهاء للطعن في شيخنا عوسات وشيخنا عزالدين وشيخنا عمر الحاج بغير حق وما…,0,negative,Negative
twifil-00300,استغفرك ربي و أتوب إليك,2,positive,Positive
twifil-00302,Viva l'Algérie,2,positive,Positive
twifil-00303,اللهم اغفر له و ارحمه,2,positive,Positive
twifil-00304,scattered clouds -> broken clouds temperature down 8°C -> 6°C humidity up 87% -> 93%,1,neutral,Neutral
twifil-00305,"@ Râs El Oued, Bordj Bou Arreridj, Algeria",1,neutral,Neutral
twifil-00306,الشيخ د. محمد أمان الجامي: وأما إذا جعلنا الدعوة أمرا ثانويا لا نهب من أوقاتنا للدعوة والإصلاح إلا ما زاد على أوقات…,0,negative,Negative
twifil-00307,حولتم انتم و المليشيات الايرانية اليمن الى القرون الوسطى .كفاكم كذبا,0,negative,Negative
twifil-00308,لافتة جميلة من أحد الشوارع,2,positive,Positive
twifil-00309,البقية في حياتك 😣😢😭,1,neutral,Neutral
twifil-00310,Est ce que c'est pas elbouchi(chikhi)de sidiaich qui a vole ma villa française au nom de mezianiarab ben larbi situe sous la polyclinique.,0,negative,Negative
twifil-00313,تهكم لا شي متخلفات,1,neutral,Neutral
twifil-00315,Te Deseo Muy Linda Noche Mi Cielo Willy 💖💖💖 Y Hermosos Suenos Te Amamos Muchisimo 🙋😍🌷🌷😍 WilliamLevy…,2,positive,Positive
twifil-00317,HappyBirthdayJimin 💟💗,2,positive,Positive
twifil-00320,سألوا فتاآة مآ رأيكك بالحجاآب…؟!! فقاآلــت : ويكفيناآ شرفــاً إذا مررناآ بِزحاآم فتحوا لناآ طريقاً كـ َالأميرات…,2,positive,Positive
twifil-00321,les vieux c'est sur leur lit de mort qu'ils sont difficiles à supporter.,0,negative,Negative
twifil-00322,فعلا من احترم اوحترما,2,positive,Positive
twifil-00323,التاريخ......في صورة,1,neutral,Neutral
twifil-00325,HananeElKhader 😌💅🏻,2,positive,Positive
twifil-00326,اذا كان بأمكاني ان اعطيك شيئاً في هذه الحياه سأمنحك القدره على رؤيه نفسك بعيني ، حينها فقط ستدرك كم انت استثنائي بالنسبه لي .....,2,positive,Positive
twifil-00327,و للموطن.. اهتزت اوتار القلب حبا و عشقا فترنم بالقصيد القلم,2,positive,Positive
twifil-00328,هههههههه احشمي من الحاجة مهههههها لؤلؤتنا الجميلة,2,positive,Positive
twifil-00329,وجهها يخيفني,0,negative,Negative
twifil-00330,اسوا صيفا فيك هي عطيتيلنا بي ضهرك,0,negative,Negative
twifil-00331,Kasra 3alik sadi9i mi dobyha nti wallh,2,positive,Positive
twifil-00332,هذه حكمة اليوم ... العبيد فكرة ...,0,negative,Negative
twifil-00333,تأدب قبل أن تتكلم هؤلاء أكبر منك في السن والفضل الذي زكى هؤلاء(العلماء)كالشيخ عزالدين هم كبار العلماء ع…,0,negative,Negative
twifil-00334,لو الزمن يرجع ليت الزمن يرجع ورى وإلا اليالي تدور... ويرجع وقتنا الأول وننعم في بساطتنا زمان فيه صدق الشعور نحب ون…,2,positive,Positive
twifil-00336,🍂🍃البيت الذي لايتلى فيه كتاب الله يضيق بأهله، ويقل خيره، وتخرج منه الملائكة، وتحضره الشياطين.🍃🍂 - ابو هريرة,0,negative,Negative
twifil-00337,ربي اعينك في عملك,2,positive,Positive
twifil-00338,VIPDZ au…,1,neutral,Neutral
twifil-00339,Le couplet à ne pas écouter en famille surtout mdrrrr,0,negative,Negative
twifil-00340,الخذلان من أقرب الناس اصعب شيء,0,negative,Negative
twifil-00341,صباح ربي تلعبيلي على المشاعر ، مش حرام عليك يعني !!😔,0,negative,Negative
twifil-00343,"ولكين سيارجع شبح لاءفريا👊JSK,",0,negative,Negative
twifil-00345,من التراث اللي لا علاقة له بالاسلام.,0,negative,Negative
twifil-00346,ولذكريات كلمة ...🤔 عندما يسقط نظرك على صورة قديمة لك كنت فيها سعيداً🤣 ستعيش تلك السعادة مرة أخرى ولكن بنكهة الحزن…,0,negative,Negative
twifil-00347,الله لا تحرم منهم أحد يا رب,2,positive,Positive
twifil-00348,هههههههه😀😀😀😀,2,positive,Positive
twifil-00349,"C'est à nous de régir notre vie pour vivre dans la sérénité, quelque soit le…",2,positive,Positive
twifil-00351,واااههههاااا 🤣🤣,2,positive,Positive
twifil-00353,الله يرحمها ويرحم موتانا وموتاكم وموتى المومنين.,2,positive,Positive
twifil-00354,هكذا يتلف كليا و يصبح منتهي الصلاحية ههه,0,negative,Negative
twifil-00355,غدا تحل ذكرى السادس أكتوبر التاريخية، ذكرى إستشهاد اباءنا الجزائريين في الأراضي المصرية دفاعا عن الأمة، المجد و الخلود لشهدائنا الأبرار.,0,negative,Negative
twifil-00360,ال ٢,1,neutral,Neutral
twifil-00362,ربي يدوم العشرة,2,positive,Positive
twifil-00363,في يو الجمعة المباركة الدي جعلها الله لنا للعبادة والدكر كانها يو عيد مبارك فيه نتسامح ونغفر ونقدس هدا اليوم لطاعت…,2,positive,Positive
twifil-00365,ربما سنلتقي في الدقيقة السبعين أو اليوم الثامن من الأسبوع أو الشهر الثالث عشر من السنة لكن سنلتقي ..,2,positive,Positive
twifil-00366,"Here comes the train 🎵 Photo: Algiers @ Algiers, Algeria",2,positive,Positive
twifil-00368,هاذ الفيس تاعك علاش دايما تبارطاجي فيه 😦,0,negative,Negative
twifil-00370,iHeartAwards BestFanArmy BTSARMY 7,2,positive,Positive
twifil-00372,"Nah , it was a tough one",2,positive,Positive
twifil-00374,الحمد لله ملء السماوات و ملء الارض...و ملء ماشئت من شيء بعد,2,positive,Positive
twifil-00375,Vous aimez ?,1,neutral,Neutral
twifil-00376,من أصلح سريرته أصلح الله علانيته،، ومن أصلح ما بينه وبين الله أصلح الله ما بينه وبين الناس،، ومن عمل لآخرته كفاه ال…,2,positive,Positive
twifil-00377,OMFG I CAN'T BELIVE EXOComingSoon,2,positive,Positive
twifil-00379,They are not named protection squad for nothing.. Those poor Sasaengs in the airport lmao..,2,positive,Positive
twifil-00382,مرسي عليك على راد,0,negative,Negative
twifil-00383,He’s so used to hear 👂 it so he’s not shocked 💖 love u ur the best ever ❤️❤️❤️,2,positive,Positive
twifil-00384,mnin jbtiy l5bar !!!!!,0,negative,Negative
twifil-00385,HY,1,neutral,Neutral
twifil-00386,حلاوتها كي تطلع تاكل العنب حامض 😋,2,positive,Positive
twifil-00387,اجمعين يارب 🙏😇,2,positive,Positive
twifil-00388,الحب بيعطينا حب وبياخد حب وما في احلى من الحب نجوى كرم,1,neutral,Neutral
twifil-00389,انا اجيده لاني بدات الاهتمام بهذا الخط من 2001,2,positive,Positive
twifil-00390,امين يا رب الله يرزقك بخير الذي يفرحك في الدنيا و الاخرة و تسعد به سعادة لا شقى…,2,positive,Positive
twifil-00393,فاضيين لا صنعه لا منعه,0,negative,Negative
twifil-00394,نعم و لازم علينا نجمع جميع المؤهلات لتطوير الوطن 🇩🇿❤️,1,neutral,Neutral
twifil-00395,نعم و يمكنني شرحها لك على الخاص لو أردت,1,neutral,Neutral
twifil-00396,La route bejaia tizi est encore coupé à chamlal Prenez le train oued aissi alger ça va démarrer dans qlq minutes,0,negative,Negative
twifil-00399,من يقرأ موافقات النفري عبد الجبار،يعرف أن الموقف جمع الوقوف بالتوقيف ،ليدل على وضعية لسماع خطاب الحق، وقد أقام النف…,0,negative,Negative
twifil-00400,مدام انسانة عادية وانسان عادي يتلق اموال طائلة على عمل لا يؤدي منه 1 فالمئة وفي وقت ازمة ا…,0,negative,Negative
twifil-00401,"Tu me manque sur Instagram 😢, je souhaite vraiment que tu fasse une visite en Algérie 🇩🇿 comme et",0,negative,Negative
twifil-00403,الوحيد الذي يجب أن تجتهد لإرضائه هو نفسك، الباقي مجرد هراء,2,positive,Positive
twifil-00404,chafti hahahahahahaha bel arbia t9anat bel eng jat 7lowa w da7ak hkhkhkkh,2,positive,Positive
twifil-00405,اللهم ارقنا احبابا وأصحابا أوفياء,2,positive,Positive
twifil-00406,« Beaucoup trop de gens cherchent la bonne personne au lieu d’essayer d’être la bonne personne. » Gloria Steinem,0,negative,Negative
twifil-00407,نحن في الجزائر قلوبنا مع السعودية وقيادتها الحازمة ، كما نعتذر لكل السعوديين على ما ينقله الإعلام الجزائ…,0,negative,Negative
twifil-00408,"قال ﷺ"" المرء على دين خليله فلينظر أحدكم من يخالل"" .. إذا كنت في قوم فصاحب خيارهم ولا تصحب الأردى فتردى مع الردي عن…",2,positive,Positive
twifil-00409,Une incroyable histoire et un amour intemporel...,2,positive,Positive
twifil-00411,أسعد الله يومكم بالخير والهناء ،،،، يوم مبارك نتمناه للجميع ،،،,2,positive,Positive
twifil-00412,le meilleur choix serai tuchel ou sarri tuchel est simple et provoque du jeu avec les jeunes mais avoir sarri est…,0,negative,Negative
twifil-00413,المشكلة ان الطائرة الاندونيسية لم يجدو لها اثر سقطت في البحر إلا بعد فترة وجدو حطامها المؤشارات تدل علي وقوع خلل…,0,negative,Negative
twifil-00414,من يدفع لي عباس ومن يضغط على حماس ويتهمهم بالإرهاب الأدلة باينة ولما تتهمون حماس بالإرهاب هاذا أكبر دليل,0,negative,Negative
twifil-00415,temperature up 28°C -> 32°C humidity down 37% -> 33% wind 2kmh -> 5kmh,1,neutral,Neutral
twifil-00416,"Israël accuse le Real Madrid de défendre «la violence et la terreur» en accueillant Ahed Tamimi. Ahed Tamimi, Pales…",0,negative,Negative
twifil-00417,"Interrogé sur ce qu’il comptait faire maintenant que sa démission était actée, Collomb a déclaré : « assouvir un r…",0,negative,Negative
twifil-00419,سقطت من يدي السيجارة ثم الثقاب المهزوم أمام العاشقات لم أستطع الانحناء لنجدتهم و قلت لهم أنتم ضحية الحياة ليس لي حا…,0,negative,Negative
twifil-00421,أنا شخص يؤمن أن بعض الأصحاب هم ضلع العيش بعد الأهل، ومن أسباب إستقامة الحياه لنا.,2,positive,Positive
twifil-00422,انا لست ولد وأنتي لا تردين على كلامي .,0,negative,Negative
twifil-00423,ايه راك حافظ الطريق 😉,0,negative,Negative
twifil-00425,Ne jugez pas mes décisions si vous ne connaissez pas mes raisons.,0,negative,Negative
twifil-00426,قالها الظاهرة رونالدو هي خطوة للخلف,0,negative,Negative
twifil-00428,محمد الدرة أيقونة فلسطينية هزت ضمير العالم عام 2000 بعد اندلاع انتفاضة الأقصى، وكشفت عن مدى جرم وو…,2,positive,Positive
twifil-00430,C'est Vraiment Douloureux RIPCharlesAznavour 🙏🙏🙏💔,0,negative,Negative
twifil-00432,Et la belle mère de mon oncle qui vit à tebessa depuis 50 ans et qui ne parle aucun mot arabe xD,0,negative,Negative
twifil-00433,ربنا يشفيه من هذا المرض والله يعطيه كل القوة لتجاوز هذه المرحلة الصعبة امين يارب 🙏🙏🙏,0,negative,Negative
twifil-00434,عفوا,2,positive,Positive
twifil-00435,Ot freaackiiing 9 is happeniiiiiiingggggg IM SO HAPPPY OOOOHH MYYY GOOOODDDD EXOT9 ComingSoon,2,positive,Positive
twifil-00437,Le vivre ensemble est une réalité Et si une main êtrangrere manipulait tout ça? C est visible comme un cheveux dans…,0,negative,Negative
twifil-00438,واحلى لقاء مع احلى بنوتة بالجزائر 😍😍واخييرا 🙆😂💘💘 ويسلملي اللي جمعنا ❤❤,2,positive,Positive
twifil-00439,عـجـبــاً لـحـبٍ يـسـقـى بـعــداً .. 💔 و لازال رغـم هــذا الـبـعـــد .. يـكـبــر و يـــزداد .. ❤,2,positive,Positive
twifil-00440,بالحب تطرد الاشجان والأوهام وترسم على المباسم الإبتسام وتنطلق من الفجر النسائم وتنشدوا الطيو…,2,positive,Positive
twifil-00441,وين 👀,1,neutral,Neutral
twifil-00442,twahachnaak ya zinn,2,positive,Positive
twifil-00445,"""Comme la pluie peut se transformer en glace, l'amour peut se transformer en douleur.""",0,negative,Negative
twifil-00446,اكتبي انت اسمي نكتبلك اسمك,2,positive,Positive
twifil-00449,"Amnesty International Algérie 13 ans après l’adoption de cette charte, plusieurs mamans de disparus sont décédées d…",0,negative,Negative
twifil-00450,فوتي حسن النيه وضربيهم😂😂,0,negative,Negative
twifil-00451,خديجة هل ننتظر امريكا ان تقيمنا؟!! انت هكذا تؤمنين بها وخلي السعودية عيب تدخلي في مشاكلهم يجي نهار وين ي…,0,negative,Negative
twifil-00452,حين تريد أن تأكل لحم أخيك ...لا تنسى أن تضيف عليه بعض الملح الذي كان بينكما .. «««,0,negative,Negative
twifil-00454,"Les belles personnes sont rares , elles ne se distinguent par par leur visage , mais par leur âmes !",2,positive,Positive
twifil-00455,Je Vous Aime Pour Toujours Ma Chérie 💞💞💞😘,2,positive,Positive
twifil-00457,Bu soruyu ayın yarısını çalışıp yarısını yatan bi devlet memurundan almak çok hoş 😂 anlıyorum hafız kardeş 😉,2,positive,Positive
twifil-00458,Les chiens font pas des chats à Paris 11eme,0,negative,Negative
twifil-00459,Si quoi sa bibicha,1,neutral,Neutral
twifil-00460,صباح الانوار و المسرات,2,positive,Positive
twifil-00461,للاسف,0,negative,Negative
twifil-00463,Représente,1,neutral,Neutral
twifil-00464,البنات في العرس 😂😂😂😂,2,positive,Positive
twifil-00465,كن إنسانا وأفهم .. وقل معي :,2,positive,Positive
twifil-00466,scattered clouds -> few clouds temperature up 20°C -> 24°C humidity down 68% -> 53% wind 5kmh -> 6kmh,1,neutral,Neutral
twifil-00467,Chimmy💘❤💖... Jin I 😍💜❤💓💘,2,positive,Positive
twifil-00468,حاسبين لي ميلياردير سعداء 😏... صدقوني يا خاوتي ما يعلم بينا غير ربي 😂😂,0,negative,Negative
twifil-00469,من إليسا لنيكول سابا.. نجوم رفعوا شعار الوقاية والعلاج من السرطان,2,positive,Positive
twifil-00470,Mec t’es en retard le meet up c’est terminé il y’a une demi heure pas de chance😁😆😂,0,negative,Negative
twifil-00472,اللهمّ يارب أيقظني على رزق لم أتوقعه وعلى خير لم أفكر به وعلى تحقيق أمنيات ظننت أنها مستحيله ❤️,2,positive,Positive
twifil-00473,ياسلام على هد الخيرات ماشاء الله,2,positive,Positive
twifil-00474,8bde5116eb0b6493200a4ac19a5e8a428a3d369c73d41dae5734ffb23d9c4f1648bfccf1b21dea4f4f88858b18639f53db9b66a5957fa8821af…,1,neutral,Neutral
twifil-00475,اصبحنا واصبح الملك لله,1,neutral,Neutral
twifil-00476,احسن من غناها ..... كلو كوم والبحه لي في صوت وهم كوم تاني خالص 😞,0,negative,Negative
twifil-00477,لا أظنه كان ربيعا و لا ثورة و لا انتفاضة مادامت النتائج هي أشباه أحزاب و ديمقراطية مصطنعة و برلمان مخت…,0,negative,Negative
twifil-00478,ربي يشفيك ويعافيك,2,positive,Positive
twifil-00480,بوحجة : أنا لم أقل أن الرئاسة تحميني ولكن القوانين هي التي تحميني أزمة البرلمان الجزائر,0,negative,Negative
twifil-00481,صبــاح الفـرح واﻻمـل .الحـزن كالطيـور يأتي عليـه وقت فيرحل .والفـرح كالمطـر ينزل علـى القلـوب .فيـرويـها وينبت زهـو…,2,positive,Positive
twifil-00482,💙💙💙💙💙💙💖💖💖💖,2,positive,Positive
twifil-00483,يعيشك عزو,2,positive,Positive
twifil-00486,عليه الصلاة والسلام,2,positive,Positive
twifil-00488,يا نهار اسود هو انا اصتبحت بي وش مين النهار ده,0,negative,Negative
twifil-00490,Wrapped Photo: Algiers20xx /////// International Ideas Competition Link in bio 👆 DisruptiveUrbanism…,1,neutral,Neutral
twifil-00492,تعبنااا,0,negative,Negative
twifil-00494,السلام عليك اتقدم اليك بطلب الزواج شرعي .اذا وافقتي مبدئيا اتصلي ونناقش امور الزواج والمهر والبيت,2,positive,Positive
twifil-00495,نخاف يخرج تراب اسم امرأة هههه,0,negative,Negative
twifil-00496,Siel prône une sorte de nationalisme sentimentaliste basé sur la critique acerbe envers les migrants plutôt que…,0,negative,Negative
twifil-00497,ذنبك .. شيء ومجاهرتك به .. ذنبُ آخر ! مثال : إدمانك التدخين .. ذنب تصوير نفسك وأنت تدخن و تحمل الشيشة .. ذنب آخر !…,0,negative,Negative
twifil-00499,"You should ask yourself were was he for the past years,when everyone lose hope in system,is now you kne…",0,negative,Negative
twifil-00500,بقلك شو بقلك بدى قلك انى بحبك كلمة حبيبى يا حبيبى صغيرة عليك بعشق صوتك كلامك وعينيك انتى بقلبى وجوا الروح حاسس بغر…,2,positive,Positive
twifil-00501,On forme des gladiateurs qui vont mourir dans les arènes des routes,0,negative,Negative
twifil-00502,Dézédie ! Zoukh opère un mouvement de ... panique dans le corps de la capitale Alger,0,negative,Negative
twifil-00503,السلام عليك انا أعزب جزائري موظف سامي و وسيط قضائيفي التحكيم وكنت ابحث عن زوجة للعمل في السعودية وتغيير الا…,2,positive,Positive
twifil-00504,5742ac5ee456877d20f2f0a296893606102f9573d3df4dc3d4e3622ea0a70048ef932de4232bec501177288ba45d9e18397a311dda30baaa138…,1,neutral,Neutral
twifil-00505,clear sky -> mist temperature down 17°C -> 10°C humidity up 67% -> 93% wind 4kmh -> 2kmh,1,neutral,Neutral
twifil-00506,انت راح تكون لبروفيسور لازم تجمع الفريق😂😂😂,2,positive,Positive
twifil-00507,توا مش الجو هكي اجمل 💛,2,positive,Positive
twifil-00508,لو حضرت مؤتمر صهيوني لصفقوا لك و وصفوك بالشجاعة و الجريئة,0,negative,Negative
twifil-00509,royalty 👑 Favorite Social Artist AMAs,2,positive,Positive
twifil-00510,المنظمة العربية للتربية والثقافة والعلوم تمنح “درع الألكسو” للرئيس بوتفليقة، أين تسلمه الوزير الأول بالنيابة من طرف…,2,positive,Positive
twifil-00511,No One Wants to see This 💔,0,negative,Negative
twifil-00513,الله اسمحك على كلامك ماشي حق عليك تقول كلام كي ما هاك 👊🏼👌🏿✋ احناء نحترام ليحترامنا واحناء خوي عند…,0,negative,Negative
twifil-00515,من غباء نسيت نوت بوك متاع غياب علي دروج 1200,0,negative,Negative
twifil-00516,اضربها انت برقص الشرقي هههههههههه ايران المارقة ليست اكثر منكم بل انتم وهي في سلة واحدة,0,negative,Negative
twifil-00517,"""Vis ta vie la tête haute.""",2,positive,Positive
twifil-00518,I miss you oppa Jin 😍💞💖💘I love you oppa.. Take care and keep smiling my sweet oppa 💖💘,2,positive,Positive
twifil-00519,من سنن يوم الجمعة 1-الإغتسال 2-التطيب 3-لبس الجميل 4-التسوك 5-التبكير إلى المسجد 6-قراءة سورة الكهف 7-الإكثار من الدعاء 8-الصلاة على نبينا ﷺ,2,positive,Positive
twifil-00520,يسعد صباحك,2,positive,Positive
twifil-00521,و هل يحضر في هذا المجلس العلامة يوسف القرضاوي أم لا؟,1,neutral,Neutral
twifil-00522,الطريق السيار شمال-جنوب جسر الشفة - المدية 🇩🇿 الجزائر,1,neutral,Neutral
twifil-00523,تكريم مشرف للجزائر، هنيئا معالي الوزير,2,positive,Positive
twifil-00525,ya wili vous etiez en danger !!!! Maman indigne 😭😭,0,negative,Negative
twifil-00526,اللَّهُمَّ لَا تُخْرِجْنَا مِنْ هَذِهِ اليوم إلَّا وَ قَدْ غَفَرْتَ لَنَا جَمِيعَ ذُنُوبِنَا، وَ فَرَّجْتَ هُمُومَ…,2,positive,Positive
twifil-00528,منينذاك نبدع ونهدر الواقع,0,negative,Negative
twifil-00529,Wahran: 6:48pm: sunset,1,neutral,Neutral
twifil-00530,يقام حفل إليسا الجمعة المقبلة,1,neutral,Neutral
twifil-00531,I love you Tae oppa 😍💞💖💘💘take care and keep smiling my lovely oppa 💞💖💘❤,2,positive,Positive
twifil-00532,Fuck off CHELIV,0,negative,Negative
twifil-00534,"Yes so sweet🍬 😍🐦💞 Thank you, happy new week my friend 🙏✨🌷🌹😊",2,positive,Positive
twifil-00535,"-أنا أيضًا كنت إنساناً ذات يوم ، و كان لي حلم ، كنت فتى صالح و طيب القلب أيضًا""",0,negative,Negative
twifil-00536,how it feels now vs how you'll feel a few weeks from now,2,positive,Positive
twifil-00538,نحبوووك اسلامو 😊,2,positive,Positive
twifil-00539,ps: SoribadaAwards2018 was last minute concert so the world should know lol nah for real it was the best…,2,positive,Positive
twifil-00542,تسلم😘,2,positive,Positive
twifil-00543,يجوز الربا في الحب...فمن أعطاك حبا ...اعطيه ضعفين,2,positive,Positive
twifil-00544,اللهم أنت ربي ، لا إله إلا أنت ، خلقتني وأنا عبدك ، وأنا على عهدك ووعدك ما استطعت ، أعوذ بك من شر ما صنعت ، أبوء لك…,2,positive,Positive
twifil-00546,لا تظلموا العقل ... إنها النفس ... و شتان بينهما ...,0,negative,Negative
twifil-00547,راااااااااااااااااااااااائع,2,positive,Positive
twifil-00548,ياليت فيصل القاسم يشوف الصورة عشان يرجع حساباته,0,negative,Negative
twifil-00551,Ah super merci JB,2,positive,Positive
twifil-00552,بحث حول الحيوانات الناطقة !,0,negative,Negative
twifil-00554,متسمعش الكلام انت,1,neutral,Neutral
twifil-00555,ضحكة المدبوحة على المسلوخة 😌😏,0,negative,Negative
twifil-00556,إنَّ الصلاة على النبي صلى الله عليه وسلم خاصة في يوم الجمعة بأي صيغة من صيغها تعادل الثواب والأجر الذي نحصل عليه م…,2,positive,Positive
twifil-00557,الأفضل دائما و أبدا 😉👌🏽❤️ 🎉 مبروك الصدارة لنجمتنا المتألقة امل بوشوشة 👏🏽✨❤️👑 شكرا لكل من صوت لمبد…,1,neutral,Neutral
twifil-00558,❤️😍,2,positive,Positive
twifil-00559,دكتور سلام عليكم لم اسمع تحليلك عن قتل جمال خاشقجي,0,negative,Negative
twifil-00560,Siel imagine mal que ces 02 Saint-Martinois sont français à part entière et jouissant de tous les d…,0,negative,Negative
twifil-00562,لا تسمح لِأحد أن يأخذ الأولوية في حياتك عندما تكون أنت خياراً ثانويّاً في حياتهِ .. ولا تفعل المستحيل لِشخص لن يفعل لك الممكن .🍃,0,negative,Negative
twifil-00563,راه اليوم الإثنين زعما تايكون بنادم ناشط,0,negative,Negative
twifil-00564,قلت لك من زمان شبيح فان خال هههههههه,2,positive,Positive
twifil-00565,صباح الفل 🌼,1,neutral,Neutral
twifil-00566,VIPDZ en suisse tu rêve juste dans sa banque 🤣🤣🤣🤣,0,negative,Negative
twifil-00567,عَل فانله 😂😂😂💃🏻,2,positive,Positive
twifil-00569,اشكر روعة نعم 👍 اشكركم احسنتم سبحان الله العظيم يخلق الله ميشاء وهو الخلاق العظيم,2,positive,Positive
twifil-00572,I HATE HIM WHY TF DID HE COME BACK WHY I'M SO SAD NOW I NEED HIM I NM FUCKING NEED HIM :((( 😭😭😭😭,0,negative,Negative
twifil-00573,انا نياك لا اعترف بالصور,0,negative,Negative
twifil-00574,انت حر لاتنضر للخلف ولا تعيد الدكريات فانها رحلت فالحرية بابك هنيئا لك.,2,positive,Positive
twifil-00575,السلام عليك اتقدم اليك بطلب الزواج عمري 49 أعزب و موظف .بعد موافقتك اتصلي بي لنناقش المهر والبيت...اخره,2,positive,Positive
twifil-00576,Jsp hein dans le journal ils ont démenti le consulat français a clairement dit oe c une fake news ( tfaco…,0,negative,Negative
twifil-00577,Oklm,2,positive,Positive
twifil-00578,"""أَعْرِفُ شَقِيقَيْنِ لا يَفْتَرِقان التَّوفيقُ وبِرُّ الوَالِدَيْن !"" ❤",2,positive,Positive
twifil-00579,Ça remarche :D,2,positive,Positive
twifil-00580,مواليد أكتوبر هادئين كهدوء أكتوبر، مخلصين، يحبون من يحبهم ، عاطفيين جداً، طيبين بدرجة كبيرة بس ما تقدر تكسره…,2,positive,Positive
twifil-00582,رانا في احياء ما عندناش حاويات القمامة نتاع البلدية ورانا نرفدوها في البرويطة,0,negative,Negative
twifil-00584,بارك الله فيكم ياشيخ وجزاكم الله عنا خير الجزاء وفقكم الله وسدد خطاكم,2,positive,Positive
twifil-00586,اللهم ارزقني حبك وحب من ينفعني حبه عندك اللهم اجعلني أعظم شكرك واتبع نصيحتك وأكثر ذكرك وأحفظ وصيتك اللهم اجعل…,2,positive,Positive
twifil-00588,شبعوا تصاور و شبعنا منهم ... ما تزيدوش تروحوا معاهم خليوهم يخدموا ...بلا مزيتهم .... و إذا أصريتم عل…,0,negative,Negative
twifil-00589,"""اخسر العالم كله بعفويتك وصراحتك ولا تكسب الناس بنفاقك وتصنعك"" ويليام شكسبير الزمن يقلب الخسارة الاولى ربحا ويحوّل الربح الثاني خسارة",2,positive,Positive
twifil-00591,temperature down 22°C -> 20°C humidity down 73% -> 68% wind 6kmh -> 5kmh,1,neutral,Neutral
twifil-00592,مبروك على العرب انهم ما زالوا محافظين على الصفر بعد ضيعوا كل شيء . الى متى ?,0,negative,Negative
twifil-00594,خذ ملعقة من الذكريات الجميلة ..❤ و ملعقتين من الأحلام السعيدة .. 🎈 و ملعقة كبيرة من النسيان .. 🙈 و إخلطها جميعا ف…,2,positive,Positive
twifil-00595,هجورة رجع عشقك 😂🏃🏃🏃,2,positive,Positive
twifil-00596,"هكذا_الدنيا💫 ""من ظن أن الحياة تصفو بلا كدر فقد وهم .. ومن ظنها كدر بلا صفاء فقد أساء الظن بالله .. والحقيقة أنها م…",0,negative,Negative
twifil-00598,أيها الذكر ماذا فعلت بك الحياه لتدخل الفيس بإسم بنت احترم شعر رجليك علئ الأقل😊,0,negative,Negative
twifil-00599,Bela Mahir ❤️❤️❤️❤️❤️❤️,2,positive,Positive
twifil-00600,Grazie bella !,2,positive,Positive
twifil-00601,Had lyamat raho ydor kima l’ institut italien 🤔 ya dra 3lech,0,negative,Negative
twifil-00602,اترجاكم انا من الجزائر وكتاب الله متزوج ومحتاج المساعدة جدا,0,negative,Negative
twifil-00603,Hmm now you can even make a democracy you criterion,2,positive,Positive
twifil-00604,"mate i've seen you, you're a fucking monster of a man he wouldn't dare.",0,negative,Negative
twifil-00605,صدام حسين سيد الرجال الله يرحمه وهو أسد ومات رأسه مرفوع وبسببه أكره حكام الخليج ومصر ا…,2,positive,Positive
twifil-00607,الله ينعل اليهود,0,negative,Negative
twifil-00608,عندما كان الذيوت فأر عند اسياده,0,negative,Negative
twifil-00609,تزامنا مع مؤتمر اتحاد البرلمانات الإسلامية في طهران ،ينعقد مؤتمر موازي في القاهره دعا إليه الأزهر لنصرة القدس حضره…,2,positive,Positive
twifil-00610,Je ne veux pas sortir dans les rues de France pour ne pas voir ce désastre ? Vous faites à q…,0,negative,Negative
twifil-00611,رحمها الله,0,negative,Negative
twifil-00612,cypher pt3 has something to it that makes it THE BEST of all the cyphers i don't know what's that thing but damn am…,2,positive,Positive
twifil-00614,Quetion very important I respect you & your work 🇩🇿🌹🇬🇧,2,positive,Positive
twifil-00615,نادين نجيم اخيرا تطل علينا سهرة الاحد…,2,positive,Positive
twifil-00616,سعدية,1,neutral,Neutral
twifil-00619,"i kind of feel bad for him, they all are super confortable in their outfit and then you have j…",0,negative,Negative
twifil-00622,mdrrrr bien sur bil ajni7a .,2,positive,Positive
twifil-00623,ورينا تصويرك بالجوال من صحراء تيميمون ولاية أدرار ..,1,neutral,Neutral
twifil-00624,كلام من ذهب,2,positive,Positive
twifil-00625,"FAiza, vous pensez réellement que ce que dit votre interlocuteur va dans le sens du rassemblement ?",0,negative,Negative
twifil-00626,قال الله تعالى : { ومزاجه من تسنيم } تسنيم : اسم لعين في الجنة قال ابن عباس رضي الله عنهما : أشرف شراب أهل الجنة…,2,positive,Positive
twifil-00627,Vient de publier une photo à Béni Saf بنـــي صاف,2,positive,Positive
twifil-00628,فهمت بصح قتلك كنزة اصيلة,2,positive,Positive
twifil-00630,C'est maintenant qu'il faut acheter ! 😉,2,positive,Positive
twifil-00631,ربي يجيب الخير 😔 اللهم أسقينا غيثا مغيثا مرئيا مريعا نافعا غير ضار عاجلا غير اجلا 🇩🇿 قسنطينة Constantine…,1,neutral,Neutral
twifil-00634,كلام جميل 👍✨👏🏻🇩🇿💕 احسنت يااخي 🇩🇿✨🇩🇿,2,positive,Positive
twifil-00636,مليح . انا الفرولة هه8ههه8ه,2,positive,Positive
twifil-00637,موفقه حبييت قلبي توصلي بسلامه يارب 😍😍😍😍💋💋💋💋 ملكة سبأ kenzamorsli,2,positive,Positive
twifil-00638,ffe51cb441d336c42008b1249ba44f119392c70ae0cb76ed8d3c44ac16678ff9d93ac9757f76513dc1e8a89e4a1c0e502ac4511bd584a18746c…,1,neutral,Neutral
twifil-00639,"Aujourd'hui , si le compte est bon mon compte enregistre depuis Octobre 2017 à ce jour : Visite du profil : 69 81…",2,positive,Positive
twifil-00641,يجيبو شبهك لي سنوات وانت تحوس عليهم هههه,1,neutral,Neutral
twifil-00642,اللهم ارزقنا الزوجة الصالحة والذرية الصالحة ياا رب,2,positive,Positive
twifil-00643,Jiminy 💗💘💜,2,positive,Positive
twifil-00645,.appelé moi au numéro 213793141372 Je suis ton cousin Ahmed. Algerie,1,neutral,Neutral
twifil-00646,Les supremacistes blancs. ..Encore,0,negative,Negative
twifil-00647,Manifique,2,positive,Positive
twifil-00649,هههههههههه يستر الله بركة الريال روحت😂,2,positive,Positive
twifil-00650,أنظروا من يتكلم إسأل هذا لبني جلدتك أيها اليهودي ماذا عن مجازركم مذبحة دير ياسين بحر البقر ...تاريخكم أسود لعنة الل…,0,negative,Negative
twifil-00652,قالك النعجة ما تعشق الذيب. الفقر عمرو و ماكان عيب . وكل بنادم في كبرو ويشوف الشيب والطفل الصغير كنزو فا…,2,positive,Positive
twifil-00653,استريحي بس كده 😂😂😂,2,positive,Positive
twifil-00654,"Love ya and your music too,tbhI didn’t watch SMTM 777 this year because you are not in the show, I…",2,positive,Positive
twifil-00656,"Doesn't work man, I tried it before",0,negative,Negative
twifil-00657,Et si Trump confisquait l’or algérien stocké à Fort Knox | LA FAUTE A QUI? AUX ALGÉRIENS,0,negative,Negative
twifil-00658,Wahren El Bahia (Oran la radieuse) est considérée comme le berceau de la musique raï. Connue par ses monuments hist…,2,positive,Positive
twifil-00659,Ok ma biche,2,positive,Positive
twifil-00660,ViniVidiVici,1,neutral,Neutral
twifil-00661,Vidéo de portable e très bien😃,2,positive,Positive
twifil-00662,"Small summer finds, melancholy 😭 @ Hôtels Eden",0,negative,Negative
twifil-00663,يامطرطق أنت...خليفة شو!!!!,0,negative,Negative
twifil-00664,Ah bon ?,0,negative,Negative
twifil-00665,Mélenchon : Un grenier à bavardages ...Une discussion ciblée…,1,neutral,Neutral
twifil-00666,🎹🎹🎹,2,positive,Positive
twifil-00667,اللهم ارزقنا احبابا طيبين,2,positive,Positive
twifil-00669,Quand ton daron a ton bulletin en main quand tu rentre et que tu cherche une excuse,0,negative,Negative
twifil-00673,Tellement vrai... Ils se sont voués corps et âmes pour le bien de l'humanité. L'histoire retient et retiendra leu…,2,positive,Positive
twifil-00674,معنها في فلوس اقريب,1,neutral,Neutral
twifil-00675,🌹 🤝🏻 🌹 أغرس في قلوب الناس بذور المحبة واسقها بحسن التعامل .. فالحياة لن تدوم ولا يبقى إلا جميل ما…,2,positive,Positive
twifil-00677,مزمارداوود يصدح بالقران من جنوب افريقبا رحمك الله ياشيخنا,2,positive,Positive
twifil-00681,شفاك الله يا سيدة الياسمين ،،،،,2,positive,Positive
twifil-00683,"كيف تبدا صباحك "" السعداء .. أشخاص علموا أن الحزن ﻻ يجدد قديماً .. وﻻ يعيد ماضياً .. وﻻ يرد غائباً .. فتركوه جانب…",2,positive,Positive
twifil-00684,Boutef’ : Kourssi ? Ayat el Kourssi ?!,1,neutral,Neutral
twifil-00685,soo true,2,positive,Positive
twifil-00686,جريمة من إلهام أذكى المخلوقات على وجه الأرض و هم المسيحيين ميزاتهم الكذب و إنجيلهم في تور الكت…,0,negative,Negative
twifil-00687,نصيحة اليوم كي تدي نسا للمارشي ..متسقسيهمش وقتاش تكملو سقسي صحاب الحوانت وقتاش تغلقو 😂😂😂,0,negative,Negative
twifil-00688,تذكر: هند🌹🌷----***----🌷🌹 السماء فيها من يجيب ، فلا تحزن ولا تخيب,2,positive,Positive
twifil-00689,تجارة السلاح ليست حكرا على أحد ، أمريكا تبيع السلاح للعالم أجمع يما فيها الصهاينة ...,0,negative,Negative
twifil-00690,هههههههع,2,positive,Positive
twifil-00691,"শক্তি কখনও শারীরিক ক্ষমতা থেকে জন্ম নেয় না, এটা তৈরী হয় মনের অধম্য বাসনা থেকে। বিনম্র শ্রদ্ধা Mohandas K…",2,positive,Positive
twifil-00692,Yeah😄 🐦😴 Thank you my friend 🙏✨🐦,2,positive,Positive
twifil-00693,Alger masters 2018,1,neutral,Neutral
twifil-00694,🙏🏻🌹👍🏻,2,positive,Positive
twifil-00699,🙋🏾‍♀️🙋🏾‍♀️🙋🏾‍♀️,2,positive,Positive
twifil-00700,No way... not again 😂WhereisBangtan,0,negative,Negative
twifil-00701,just ate a 12 pack of sausages massive protein gains,2,positive,Positive
twifil-00703,Gracias Muy Feliz Noche Hermosa 🌷😘,2,positive,Positive
twifil-00704,لم يسدل بعد ربما عن قريب,0,negative,Negative
twifil-00705,"""العربية لغة جميلة ومهمة"".. وزيرة خارجية النمسا كارين كنايسل تستهل خطابها أمام الجمعية العامة بلغة الضاد احشموا يا…",0,negative,Negative
twifil-00706,SUGA Min YoonGi💘~~~>My lovely dream. I still thinking about you💜I love you more. Be happy be healthy a…,2,positive,Positive
twifil-00708,قرأت أن أخاه عدنان هو من أكبر تجار السلاح في زمانه و إبن أخته هو دودي الفايد المزهوق مع ديانا ...كيف…,0,negative,Negative
twifil-00709,Thanks. I Added FreakyFlake,2,positive,Positive
twifil-00710,الحمد لله أننا لا نفتقدك في التويتر أيضا و بما أننا نستفيد من صفحتك فأنا ممّن يعتبرك شيخا ولو في إنتقاء…,0,negative,Negative
twifil-00711,Ow thank you 💙,2,positive,Positive
twifil-00712,وحشاني جدا 😔💙,0,negative,Negative
twifil-00713,فعلا يا يسري هذي أحسن مبارياته معنا على الاقل,2,positive,Positive
twifil-00714,رابعة اص شنهي,1,neutral,Neutral
twifil-00716,"هذا حساب مارتن بارون رئيس تحرير صحيفة ""الإخوان بوست"" عفوا ""الواشنطن بوست"" وبما أن صحيف…",0,negative,Negative
twifil-00718,VIDEO. Indonésie : les images du tsunami qui a submergé l'île de Célèbes via,1,neutral,Neutral
twifil-00719,🌹🌹🌹SAH KLAMEK🌹🌹🌹,2,positive,Positive
twifil-00720,Woooow I Love Ittttttttttttt 😍👍👏👏👏,2,positive,Positive
twifil-00722,اللهم إنا نستودعتك الجزائر ️فاحرسها بعينك التي لا تنام و ألف بين قلوب أبناءها واجمعهم على طاعتك يا رحمن تصبحون على…,2,positive,Positive
twifil-00724,انه قمة البر,2,positive,Positive
twifil-00727,يبارك فيك اختي,2,positive,Positive
twifil-00728,الصبر🙏,2,positive,Positive
twifil-00733,ههههههه ختي كين بزاف من هدا نواع,0,negative,Negative
twifil-00735,السيدة ليلى ابنة لاجئ ؟ الآن أدركت سر أحاسيس الحزن التي تفارقك وأنت تؤدين عملك وسط حقول ألغام الصهاينة…,0,negative,Negative
twifil-00736,يا سيدي هذا فوتو شوب تحقق اولا قبل أن تقع في الخطأ و توقع الغير معك هذا دليل آخر أن مستواك انت أيضا لا…,0,negative,Negative
twifil-00739,"Les Catalans ont déjà voté pour l'indépendance. Don Quichotte enfin de retour, va pouvoir leur faire changer…",2,positive,Positive
twifil-00740,صوتوا للمهاجم الجزائري و نادي السد القطري بغداد بونجاح لهدف الاسبوع من دوري أبطال آسيا ✌ الجزائر الرابط موجود في…,2,positive,Positive
twifil-00741,خليكم فاهمين ان اللي يبيك يعرف يوصلك,1,neutral,Neutral
twifil-00742,"Bendaoud, Bordj Bou Arreridj, Algeria M 3.4 (25 min ago) 10km 36.01°N 4.10°E Jan 17, 2018 10:05:00 UTC earthquake",1,neutral,Neutral
twifil-00743,صح عندك الحق. صباح النور,2,positive,Positive
twifil-00747,عندك حق والله ناس تشوف ولا تفهم,0,negative,Negative
twifil-00749,العالم اليوم لا يحتاج للنصائح بل للقدوة .. فكل الحمقى لا يكفون عن الكلام. 🌺مساء الخير 🌺 عنابة 🇩🇿,2,positive,Positive
twifil-00750,Tellement mériter bravo LM10 😍❤,2,positive,Positive
twifil-00751,عثمان,1,neutral,Neutral
twifil-00752,زطشي قريب تروح,0,negative,Negative
twifil-00754,Histoire ( Ier siècle av. J.-C) évoque 54 peuples Gaulois ... Par ordre alphabétique ça part des Ab…,1,neutral,Neutral
twifil-00755,الله الموفق,2,positive,Positive
twifil-00756,Je ltelecharger en Apk au bout de 14jours mon compte a été bloqué,0,negative,Negative
twifil-00757,صباحكم مسك,2,positive,Positive
twifil-00759,"Petite pasta italienne, j'ai des freros dans la rue qui rêve de quittée la hess",0,negative,Negative
twifil-00761,صباح الحب والدلع والرومانسيه,2,positive,Positive
twifil-00762,جمعة مباركة جمعة طيبة,2,positive,Positive
twifil-00763,"Le célèbre journaliste et éditorialiste saoudien, Jamal Khashoggi, a disparu depuis la mi-journée du…",0,negative,Negative
twifil-00764,Ile des princes Istanbul Turquie,2,positive,Positive
twifil-00766,It's 5 o'clock in Lakhdaria.,1,neutral,Neutral
twifil-00768,دخول الجزائر قصدي محرز 😊 مانشستر سيتي برايتون,2,positive,Positive
twifil-00771,Ah ok sahiit,2,positive,Positive
twifil-00772,حقيقة؟!,1,neutral,Neutral
twifil-00773,mixers let help them to win vote for Queen by nickiminage for TheAlbum at 2018 PCAs,2,positive,Positive
twifil-00774,Dézédie ! État Civil. Monsieur Keboul a déposé une demande de changement de nom. Il désire s’appeler désormais Monsieur Kebboul. Dont acte!,0,negative,Negative
twifil-00775,هم عبارة على عرائس متحركة وجبناء ولا يفعلون شيء وهم يعلمون ان سلمان خرف وابنه هو من يتحكم,0,negative,Negative
twifil-00777,9d64d7fb07a9e59c208b4c82e02155017dc7a0559e84a9a1696b76142c12b3b2a68bed6946927d50e82bd8a994c058f181e1a16090cff050b6d…,1,neutral,Neutral
twifil-00778,المنتوجات الفلاحية بولاية الوادي اليوم 🇩🇿️♥️🇩🇿️♥️🇩🇿️🌷,2,positive,Positive
twifil-00780,💔😔,0,negative,Negative
twifil-00781,"Hoqam maskhara , tfiiiihhh",0,negative,Negative
twifil-00782,تعجبني إقتراحاتكم أستاذ و أتمنى أن تكون باللغة العربية الفصحى لأنني من المتابعين لك بشغف . و أحيانا…,2,positive,Positive
twifil-00784,BTS fanartbts KimTaehyung kimtaehyungfanart taehyung Tae TAETAE bangtan AMAs ❤,2,positive,Positive
twifil-00786,Joyeux anniversaire / Happy birthday to the CruiserGreat from Algeria 🇩🇿 ! Will you respond in French or Arabic ? 😂,2,positive,Positive
twifil-00787,علاه ڨاع هدا الحزن 🧐,0,negative,Negative
twifil-00788,The one and only,2,positive,Positive
twifil-00789,Ce sont des sets de table 100% écolo... D'où le joli vert 😊. on parle de…,2,positive,Positive
twifil-00790,A little nap 😽 · · · · · · · · · · · · · sonyxperia catoftheday cat features nationalpetday…,2,positive,Positive
twifil-00791,"Pcq ça fait 3 ans qu'il a pas remis les pieds en demi finales, on attend de lui d…",1,neutral,Neutral
twifil-00792,Mira looks like a LATINA BOMB 🔥🔥🔥 MissLebanon2018,2,positive,Positive
twifil-00793,بارك الله فيك . وهذا هو الأصل اللجوء للمولى عز و جل أولا .,2,positive,Positive
twifil-00794,جمعة طيبة دكتور هناك سؤال لو سمحت فضيلة الشيخ,2,positive,Positive
twifil-00796,صح,2,positive,Positive
twifil-00798,ياو فاقو مدام موجودين وجوه مثل زطشي و جماعتو علي راس كورة القدم الجزايرية والله متربح وماتشوف نور ود…,0,negative,Negative
twifil-00799,Casa de bapel,1,neutral,Neutral
twifil-00800,اللهم قدرًا جميلاً وخبرًا سعيدًا ودعوةً مُستجابة☘️.,2,positive,Positive
twifil-00801,شوي هكذا الرسمي,0,negative,Negative
twifil-00802,Mehdi attacks hhhhhh,0,negative,Negative
twifil-00803,🙏🙏🙏🙏❤❤❤❤❤,2,positive,Positive
twifil-00804,رحمه الله,2,positive,Positive
twifil-00805,اللهم صلي على سيدنا محمد صلى الله عليه وسلم عليه,2,positive,Positive
twifil-00806,so please research just one thing and the most important one you need to know is that the leaders of all…,2,positive,Positive
twifil-00807,ياحقود على مشايخ الإصلاح ربي يهديك ويصلح حالك,0,negative,Negative
twifil-00808,📖📖📩📩📩📩📩,2,positive,Positive
twifil-00809,"La curiosité n'est pas salvatrice, c'est un pouvoir et on p…",1,neutral,Neutral
twifil-00810,ugh i love algerian love,2,positive,Positive
twifil-00811,آمين. اسعدتني الكلمات,2,positive,Positive
twifil-00812,Camarade 6/6,2,positive,Positive
twifil-00813,جمال لقبه خاشقجي، و ان كانت جنسيته سعودية فاسمه يثبت أن أصوله تركية.,1,neutral,Neutral
twifil-00814,Que des promesses,0,negative,Negative
twifil-00815,"Dézédie ! Bouhadja: « je partirai lorsque bouteflika me le dira lui même, à haute et intelligible voix. » Et ben!…",0,negative,Negative
twifil-00817,كل شيء ممكن,2,positive,Positive
twifil-00818,السلام عليكم من فضلك ارجوك عندي روؤا حيرتني كثيرا ممكن التواصل معك لشرحها,0,negative,Negative
twifil-00819,Facts to know about the plastic water bottles issue. Thank you BeatPlasticPollution cleanseas…,2,positive,Positive
twifil-00820,"RT William Levy , feliz por volver a la televisión",2,positive,Positive
twifil-00823,لبنان رائعة بأهلها,2,positive,Positive
twifil-00824,:الشرق شمعه في سماء مصر ولي لها الدامسلالغلق قناة الشرق,2,positive,Positive
twifil-00825,"- What should I be grateful for , I have lived the worst moments alone ، 🌼'.",0,negative,Negative
twifil-00826,هام. فايسبوك يتعرض الى حملة قرصنة علىيكم ب تجديدكلمة السر urgent Facebook est cible d’attaques changez de mots de passe,0,negative,Negative
twifil-00827,مواد البناء,1,neutral,Neutral
twifil-00829,مخزي,0,negative,Negative
twifil-00830,"قلّك ناصيف "" بدي اياها قلبَا وطن ما بينخان"" بحب اقولك يا ناصيف الوطن دبحوه خيانة 🤷🏻‍♀️",0,negative,Negative
twifil-00831,قريباااا في الجزائر علي ساعة 16:00 مساءاا 😂😂😂😂,2,positive,Positive
twifil-00834,الانسان الذي يمكنه إتقان الصبر يمكنه إتقان أي شيء آخر !,2,positive,Positive
twifil-00835,3d640a3c87455a3b20771ffe8d689d81bafdb4d3f8d3a7465e9ca215b42bc1b77af31c2327166a36641bebc24e6220287d87fd9adcab312b0ba…,1,neutral,Neutral
twifil-00837,كسر الله كل قلب يكسر قلب انثى بدون حق💔,0,negative,Negative
twifil-00839,"Au lieu d'avoir sept points d'avance, le est à égalité avec un en re…",0,negative,Negative
twifil-00840,ايه ايمان ممكن 😀,2,positive,Positive
twifil-00841,إشاعة وفاة بوتفليقة أقرب للتصديق !.,0,negative,Negative
twifil-00842,ممتااااااااز ، نصدروها هي أولا كعينة للتجريب، ممكن مايعجبهمش الذوق,1,neutral,Neutral
twifil-00843,roh adrab achita b3id draham el 3omra milke kol el moslimin,0,negative,Negative
twifil-00844,الله يوفقك لخدمة البلاد و العباد,2,positive,Positive
twifil-00845,لكل العاشقات 😍 توقفي عن تعذيب نفسك بسؤال ماذا يفعل الان 😲 ! يا انو غرقان بالنوم 😴 يا بغازل غييرك 🙊 وش حاباتو…,2,positive,Positive
twifil-00846,قبل ثلاث سنوات وفي مثل هذا اليوم زرت مقام الشهيد بالعاصمة الجزائرية لأول مرة عندما تم تكليفي بالعمل الدبلوماسي في…,1,neutral,Neutral
twifil-00847,صباح نور,2,positive,Positive
twifil-00849,مريض بيك ههه,0,negative,Negative
twifil-00850,احسن شيء,2,positive,Positive
twifil-00851,إذا تولاك الله سخر لك كل شئ ولو كان في نظرك مستحيلاً !!,2,positive,Positive
twifil-00853,mdddrr sa me fais penser à l'épisode de ma famille d'abord meme le petit renoi il mettez une céréa…,2,positive,Positive
twifil-00855,يوجد شخصان فقط يستطيعان أن يقولا لك الحقيقة .. عدو فقد أعصابه وصديق يحبك بعمق ..,2,positive,Positive
twifil-00856,i googled it just now after seing your twt THEY DO EXIST OMG,2,positive,Positive
twifil-00857,وصباحك مغفرة ورحمة من الله,2,positive,Positive
twifil-00858,هل الدين هو الذي يجعل اللغة العربية أحسن و أكثر فعالية من اللغة الفرنسية من حيث إقتلاع الشعوب من هويتها نحو هويات لاعلاقة لها بها؟,0,negative,Negative
twifil-00860,ابن القيم: (قال بعض العارفين: ..لا طريقَ أقربُ إلى الله من العبودية.. ..ولا حجابَ أغلظُ من الدعوى.. ..ولا ينفعُ مع…,2,positive,Positive
twifil-00861,اشكرك واتمنى ان التقي بتوفيق من االه الشريك الذي يحبني💕,2,positive,Positive
twifil-00862,مع لي مايستاهلوش دقيقه من وقتي خساره فيهم حتي نرد 😊,0,negative,Negative
twifil-00863,💘😍 مسلسل أبو عمر المصرى 👈 رمضان 2018 إن شاء الله امل بوشوشة احمد عز AmelBouchoucha AhmedEzz فن…,2,positive,Positive
twifil-00864,عيب بطل,0,negative,Negative
twifil-00865,in hell,0,negative,Negative
twifil-00866,هههههههههههه برافوا 😘,2,positive,Positive
twifil-00867,أ س م ه ا ن 🌹🌹🌹,2,positive,Positive
twifil-00868,الصحراء الغربية في الأمم المتحدة وإسبانيا هم يستغبون شعبهم مثلكم,0,negative,Negative
twifil-00869,"""Il a toujours , puisque je le dis , puisque je l'affirme, au bout du chagrin , une fenêtre ouverte .""",2,positive,Positive
twifil-00870,Yesssssss superexcited,2,positive,Positive
twifil-00871,لي نكن واقعيين امريكا هي من تحمي السعودية,0,negative,Negative
twifil-00873,الاف من البيوت المهجورة بي جيجل,0,negative,Negative
twifil-00874,يرحم امك تغيير شو مستني هات ماريانو الله لا يوفقك,0,negative,Negative
twifil-00875,صح بوحك,2,positive,Positive
twifil-00876,"current weather in Constantine: broken clouds, 15°C 93% humidity, wind 8kmh, pressure 1014mb",1,neutral,Neutral
twifil-00877,"Vous souvenez-vous quand vous avez rejoint Twitter ? Moi, oui ! MyTwitterAnniversary",2,positive,Positive
twifil-00878,و في لقاء ثاني بتقول فيلم خيانة مشروعة مفيهش اغراء بصرف النظر انه دورها في الفيلم ده رااايع الا انه!!!!,0,negative,Negative
twifil-00879,حبّ الرسول ﷺ باتباع سنّته!,2,positive,Positive
twifil-00880,"Sa non convocation est due à une blessure, non ?",0,negative,Negative
twifil-00882,😀😀😀😀😀😀,2,positive,Positive
twifil-00885,اللغة الاحب علي قلبي الفرنسية و الاسبانية 👍👏👏,2,positive,Positive
twifil-00887,الله يبارك تحياتي الخالصة,2,positive,Positive
twifil-00889,💞💕💝,2,positive,Positive
twifil-00890,Au artiste Algérien Disparu Trop Trop Tôt ! Très Respecté Dans le Milieux Artistique Désormais partie Du Patrimoine…,0,negative,Negative
twifil-00891,الجزائريون عمرهم ما ينهزمو ولن يتجرء أحد الإقتراب منا,2,positive,Positive
twifil-00892,اللهم امين يارب.....مساكي نور,2,positive,Positive
twifil-00894,كيلاهما خرافة اصبح لا يؤمن بها حتى الصبيان,0,negative,Negative
twifil-00896,يعني كابتن أمريكا يموت في أفينجرز 4 🌚🙃💔,0,negative,Negative
twifil-00897,U always find the right word 👏👏,2,positive,Positive
twifil-00898,يسعد صباحك بكل خير وبركة وسعادة وهناء,2,positive,Positive
twifil-00899,بالتوفيق اختي,2,positive,Positive
twifil-00901,Bon ben à mon avis tu dors lol.... Je te souhaite une bonne nuit ma gr…,2,positive,Positive
twifil-00902,تبا تعليم فاشل وزيرة فاشلة,0,negative,Negative
twifil-00903,ماشاء الله منوة خالتي,1,neutral,Neutral
twifil-00904,Ok,1,neutral,Neutral
twifil-00906,من أراد أن يعيش تحت ستر الله فلا يكشف ستر أحد 👌,2,positive,Positive
twifil-00907,والله تمشي وحدها صح 😀,2,positive,Positive
twifil-00908,لم يقدموا لهذا الشعب الا اسماء اللصوص و لم يكن له فرصة الاختيار بين الصالح و الطالح,0,negative,Negative
twifil-00909,حس الأكراد القومي يشهد لهم.,2,positive,Positive
twifil-00910,صل الله عليه و سلم و لا حول و لا قوة الا بالله العلي العظيم,2,positive,Positive
twifil-00912,Alger ____ Oran,1,neutral,Neutral
twifil-00913,KenzaInMissGold Welcome Kenza in Oran I'm very happy 😍😉,2,positive,Positive
twifil-00914,كاتدرائية وهران ⛪ الجزائر Cathédrale Sacré Coeur ⛪ Oran 🇩🇿 Algérie,2,positive,Positive
twifil-00915,3 فوياجات كيما هادو. .. تبقا غير فلة عبابسة تغني بلادي يازينت البلدان 😂,0,negative,Negative
twifil-00916,حيعلما انا اليوم اوف! مفش عمل! هو في حاجة حتصير اجمل من الخبر هضا اليوم؟؟؟ happyaf HappinessMatters dayoff Vacations Benghazi,1,neutral,Neutral
twifil-00920,xDD,1,neutral,Neutral
twifil-00922,يسلمك ربي,2,positive,Positive
twifil-00923,يولد الإنسان طفلا بقلب مليء بالأمل و المحبة والأجمل هو أن نحافظ على هذا القلب الطاهر المفعم بالنقاء .…,2,positive,Positive
twifil-00924,هم ينادونك باسمك وأنا أناديك يا أنا هم يصافحون يدك وأنا أصافح نبض قلبك هم يقبلون خديك وأنا أقبل الشوق في عينيك هم…,2,positive,Positive
twifil-00926,Vous n'avez pas vu mon prof avec des claquettes dans le service 😭😓😲,0,negative,Negative
twifil-00927,Les deux !,1,neutral,Neutral
twifil-00928,I actually create a Facebook and it was acidntly the think all the little Mix members notice me but I don't now not…,0,negative,Negative
twifil-00929,ياديني 🙋‍♂️🤗👩‍❤️‍💋‍👨🌹😜😂,2,positive,Positive
twifil-00930,ما أشرقت في الكون أي حضارة إلا وكانت من ضياء معلم,2,positive,Positive
twifil-00931,Last time at Sao Paolo 🤣😂,0,negative,Negative
twifil-00932,ولا واحد فيهم,0,negative,Negative
twifil-00935,الله يبارك عليهم,2,positive,Positive
twifil-00936,"Thank God for renewed wellness and survival of grace, thank God the number of our days that don't…",2,positive,Positive
twifil-00938,كلامك صحيح لكن لا يعني ندعوا ربي نمرضوا باش تنقصلنا الذنوب ههه ربي يغفرلنا ذنوبنا دقها وجلها ظاهرها و باطنها. آمين,2,positive,Positive
twifil-00939,France dissolue. ..,0,negative,Negative
twifil-00940,mahrez,2,positive,Positive
twifil-00941,"current weather in Constantine: clear sky, 9°C 87% humidity, wind 2kmh, pressure 1021mb",1,neutral,Neutral
twifil-00944,Algerie Focus : A LA UNE - Vidéo. Le front de la continuité mis en branle / Quand l’absurde s’invite en politique…,0,negative,Negative
twifil-00945,اذا سقطت لن ينتشلك احد ، انت لست عملة ورقية ...!!,0,negative,Negative
twifil-00946,Where can we find such an exceptional specimen? An arduous warrior who remains smiling in fac…,2,positive,Positive
twifil-00947,تحية تقدير لك ولما تقوم به من عمل، لا تظن أن ما حدث مع غيرك من استجابات جماهيرية يزن شيئا، هو فقط تفاع…,2,positive,Positive
twifil-00948,أكتشفت ان أحلامي وطموحاتي كلها روتين عند الأجانب ..,0,negative,Negative
twifil-00949,"👋 On a tous envie de passer des vacances de rêves : des vacances au bord de la mer🏊🏄, à la campagne ou à la montagn…",2,positive,Positive
twifil-00952,"من الصعب أن تَجد للحياةِ طعماً ، بَعد أن رحل مِنك من كانَ يعَني لكَ الحَياة """,0,negative,Negative
twifil-00953,رسميا .. مقدونيا تغير اسمها,1,neutral,Neutral
twifil-00954,مساء الخير احبائيconstantine,2,positive,Positive
twifil-00955,"ne dis pas Donc , la miséricorde de Dieu est large",2,positive,Positive
twifil-00956,🧕🏼 . . . tb 2012 refugeecamp WesternSahara Saharawia Mishnuna RASD HumanRights…,0,negative,Negative
twifil-00957,كنيسة المالح ⛪ ريو صالادو سابقا ولاية عين تموشنت الجزائر Église d'El Malah ( ex Rio Salado ) ⛪ Ain Temouchent…,1,neutral,Neutral
twifil-00958,اصبح الكذب يجرى فيهم مجرى الدم و هو بمثابة الاكسجين لا يمكن العيش دونه .يظنون ان كثرة الكذب علينا تجعلنا…,0,negative,Negative
twifil-00959,"هم فازوا بجوائز علمية , الله يجازيهم ، و علماء الوهابية و الشيعة سيفوزون بفتاوي تحريضية كيفية للوضوء الاصغر",0,negative,Negative
twifil-00960,Tellmetellmetellmetellme,2,positive,Positive
twifil-00961,Always laugh please,2,positive,Positive
twifil-00963,Écouter أمي ثم أمي - أحمد الزميلي و محمد بشار par Hammam Mushtaha np sur SoundCloud,2,positive,Positive
twifil-00964,Le roi meziani Farid d'Algérie se nomme Hneche mais jamais le chat.,0,negative,Negative
twifil-00965,هذا مراهق تافه كيف تهتم به,0,negative,Negative
twifil-00966,انشالله علينا وعليك,2,positive,Positive
twifil-00967,ليبيا No,0,negative,Negative
twifil-00968,محاسبة,0,negative,Negative
twifil-00972,يا ساتر يارب حاسه قليي مقبوض مش عرفه ليه يارب سمعني خبر حلو 🙏🙏,0,negative,Negative
twifil-00973,تحت ال 0,0,negative,Negative
twifil-00975,Hassi Messaoud airport travelling home 🏠,2,positive,Positive
twifil-00977,i didn't speak up my mind before but now am like a bomb that can explode anytime i got disrespect all…,0,negative,Negative
twifil-00978,Ciao !,2,positive,Positive
twifil-00979,وش تشرب اكثر القهوه او الشاهي شوفو قهوتي مخيرة هي هدي 😍👇 …,2,positive,Positive
twifil-00980,نسيت الورد 🙊 وشكرا مره ثانيه,2,positive,Positive
twifil-00981,Indigène: Initialement individu d'une contrée-France Coloniale :«indien» importé de l’Améri…,2,positive,Positive
twifil-00982,💜i purple u too 💜,2,positive,Positive
twifil-00984,علي سبيل تعب مازال ما روحت 💔,0,negative,Negative
twifil-00985,مين اللي يحب ياكل المخاصي ؟؟؟,0,negative,Negative
twifil-00986,غريب فعلا.. هي حيوانات برية تبقى بعيدا عن الأماكن المأهولة.,2,positive,Positive
twifil-00987,broken clouds -> scattered clouds temperature up 16°C -> 20°C humidity down 87% -> 68% wind 3kmh -> 5kmh,1,neutral,Neutral
twifil-00988,قليل🤔,0,negative,Negative
twifil-00990,bref,1,neutral,Neutral
twifil-00991,"Couscous est né dans la région de Tiaret ou région antique Rostomides, dynastie ibadite du IX° s…",1,neutral,Neutral
twifil-00992,لماذا نحن الجزائريين نهتم لأمرهم و هم غير مبالين ... لماذا نحن الجزائريين ندعوا لهم و هم لا يؤمنون ... لماذا نحن ال…,0,negative,Negative
twifil-00993,🎗 ابتسمي فإن الله مااشقاكي الا ليسعدكي وما أخذ منك إلا ليعطيكي وماابكاكي الا ليضحككي وماحرمكي الا ليتفضل عليكي وماا…,2,positive,Positive
twifil-00995,أعمل إيه في اللي أنا حبيته واللي القلب أختاره واللي معاه من يوم ما لقيته جنة قلبي وناره والله و آدي حال الدنيا والل…,0,negative,Negative
twifil-00996,Juste ! Très Juste.,2,positive,Positive
twifil-00998,ليلة الجمعة,1,neutral,Neutral
twifil-00999,"منظر جوي لـ ""أم الماء"" إحدى أكبر واحات الصحراء الليبية في منطقة أوباري، نشأت منذ آلاف السنين بعد جفاف بحيرة كبيرة،…",2,positive,Positive
twifil-01000,تستاهل حنون 😌❤️,2,positive,Positive
twifil-01001,ضحكتك ‌خلقِت .. من ‌إصطِفاف ‌النجُوم ✨,2,positive,Positive
twifil-01002,"من أعظم الهدايا , التي يمكنك إهدائها لـ أي أنسان هي : ( الإنتباه له ) !~~",2,positive,Positive
twifil-01003,تهلي في والديك,2,positive,Positive
twifil-01004,شكراً🌹,2,positive,Positive
twifil-01005,صباحكم معطر بذكر الرحمان ..🙏 صباح الامل والرضى كالمرجان .. 😍 صباحكم تفائل وفرج في كل مكان ..💌 صباح الخير أحبة ال…,2,positive,Positive
twifil-01006,جميل : أن يظن الناس بك خيراً والأجمل : أن تكون خيراً مما يظنون ..,2,positive,Positive
twifil-01007,Un seul patient te sort: - tbiba ektbili dwa hada - tbiba ektbili ndir scanner - tbiba matansich justification ta3…,0,negative,Negative
twifil-01008,فالنسيا لحاله اوروبيا عيب تقارنه بباريس و نابولي,0,negative,Negative
twifil-01009,الصديق هو من تشاركه حزنك فيقاسمك سعادته ..,2,positive,Positive
twifil-01011,انت أكاديمية و استشارية تنمية،من المفروض ان يكون جوابك لائقاً ليس فيه سب و شتم و قذف للناس ، لنقل حتى…,0,negative,Negative
twifil-01012,هههههههههههه طامعه في لقغيمو 😂😂😂,2,positive,Positive
twifil-01014,Mais c’est fou on te compare un joueur qui est bon dans sont club Qatari aux meilleurs joueurs du monde…,0,negative,Negative
twifil-01015,ينــاديـنـي فاتـِنَـتـي .. 😍 جـعـلـنـي أهمسُ بأذن أزهـاري .. 🌷 أردتُ البــوح لا أكـثـر .. 🙊 فَخــان القلـم أســرا…,2,positive,Positive
twifil-01016,ماذا فعل ليعتقلوه ... علما أن هذا الجهاز نزعت منه الضبطية القضائية و هو تابع لوزارة الدفاع .. أي للقا…,0,negative,Negative
twifil-01017,من درر شيخ الإسلام: (1): (..فإنَّ كثيرًا مِمَّن يسمع كلماتِ العلماءِ الغَليظةَ قد لا يعرفُ مخرَجها،وكثيرٌ من الناس…,0,negative,Negative
twifil-01018,ترامب يحب السعودية من اجل دلاراتها الكثيرة و لا يهمه قتل الصحفيين او غيرهم,0,negative,Negative
twifil-01019,خيرا ان شاء الله,0,negative,Negative
twifil-01021,VantePictureChallenge i took the pictures with my phone so the quality ain't good but still i want to participate,0,negative,Negative
twifil-01022,اسلام عليكم ورحمة الله وباركته\ امابعد. اشكركم على هذهي الاالتفات والاهتمام بينا. انا آسال هل…,2,positive,Positive
twifil-01023,"💆🏻‍♀️🧡 @ Tobruk, Libya",2,positive,Positive
twifil-01024,Bugün hava çok soğuk😩😟ama guzel 😍😘😘😘,2,positive,Positive
twifil-01027,Un créneau pour nos communes et nos entreprises en quête de nouvelles opportunités dans la gestion des déchets…,2,positive,Positive
twifil-01028,Me: I'm not working tomorrow but I still should sleep early. And also me at 2 a.m:,0,negative,Negative
twifil-01029,شكرا نجيب .. ربي يحفظك,2,positive,Positive
twifil-01030,اسمع مني,1,neutral,Neutral
twifil-01034,حواضر البيت ....ماما مكاش 😥 وكايدتني نطيب,0,negative,Negative
twifil-01036,آمين يا رب ❤,2,positive,Positive
twifil-01037,أجمل الأغنية التارقية,2,positive,Positive
twifil-01038,😭😭,0,negative,Negative
twifil-01039,والله دايرلك مكان في قلبي مش عادي ❤️,2,positive,Positive
twifil-01041,الاستاذ سليم دادا زميل نعتز به...خرج من مؤسسة البحث الكئيبة الى عوالم الانفتاح...ارحمونا لنكمل المسيرة,0,negative,Negative
twifil-01042,حبّوا بعض وكل واحد يحكي عن حالوا,2,positive,Positive
twifil-01047,ماحد يأكدلنا كدا ياجدعان زيدان هيرجع فعلاً للريال ولا ايه عشان مش عايز أفرح وأتعشم علي الفاضي وبعدين تطلع اشتغالة و…,0,negative,Negative
twifil-01048,مش شورك نحكي علي دنيس,1,neutral,Neutral
twifil-01049,آمين يا رب العالمين,2,positive,Positive
twifil-01050,"""Ne te laisse pas décourager par la vie ; tout ceux qui sont rendus où ils sont , on dû partir d'où ils étaient.""",2,positive,Positive
twifil-01052,| ما ضرّنا بُعد السماء وإن عَلت .. مادُمت يارب السماء قريبُ .✨💙,2,positive,Positive
twifil-01053,استغفر الله,2,positive,Positive
twifil-01055,Le secrétariat général de la Haute instance a mis à la disposition des citoyennes et des citoyens des numéros de fa…,1,neutral,Neutral
twifil-01056,صباح النور والسرور,2,positive,Positive
twifil-01058,زين,2,positive,Positive
twifil-01060,شو باقي يعمل يلزم يطلع خلص,1,neutral,Neutral
twifil-01062,السلآم على الحسين وعلى علي ابن الحسين وعلى اولاد الحسين وعلى اصحاب الحسين,2,positive,Positive
twifil-01063,inshallah,2,positive,Positive
twifil-01064,A soñar bonito 🌔🌜 ¡buenas noches! Mi cosita linda 😘😘,2,positive,Positive
twifil-01065,مساء الخيرات,2,positive,Positive
twifil-01066,الله يرحمها,0,negative,Negative
twifil-01067,"فائدة (حسبي الله)تقال لجلب المنفعة تارة، وفي دفع المضرة أخرى ..! قال تعالى : "" حسبنا الله سيؤتينا الله من فضله "" ""…",2,positive,Positive
twifil-01068,السعادة قد تكون كالفراشة أن لاحقتها هربت منک وأن جلست بهدوء ربما نزلت على يديك فبين الحلم والأمنيه والقدر وا…,2,positive,Positive
twifil-01072,لديك مداخيل تكفي الجميع معاليك,0,negative,Negative
twifil-01075,بعني مسجل معنا 40 هدف في الموسم ونحن نكابر..؟؟ اذا كغن على العشر اهداف الي كان يسجلهم في 40 مباراة او…,0,negative,Negative
twifil-01079,"صباح مشرق من مدينة بورتو الساحلية شمال البرتغال، تشتهر بطراز منازلها التي تعود للقرن الخامس عشر، تعتبر ""كاتدرائية…",2,positive,Positive
twifil-01081,أحب الخريف ❤️ Fall season ❤️,2,positive,Positive
twifil-01082,Merci,2,positive,Positive
twifil-01083,اللهم اشف كل المرضى,2,positive,Positive
twifil-01084,الله يحفضه ويشدلك فيه اختي الفاضلة,2,positive,Positive
twifil-01085,الصلاة و السلام على حبيبنا و سيدنا محمد و على اهليه اجمعين ولا اله الا الله و الله اكبر,2,positive,Positive
twifil-01087,جيد🌹🌹,2,positive,Positive
twifil-01088,i'm not brave enough to do it i hate showing my self on camera or anything related to me .. i'm sorry,0,negative,Negative
twifil-01089,نريد تعميم اللغة الامازيعية نحن ننتظر ذلك بفارغ الصبر نريد عودة لغتنا الام وتعليم الاجحيال القادمة ا…,2,positive,Positive
twifil-01090,اجمل شيء في الوجود المحبة ادام الله المحبة بين المتحابين في جلال الله,2,positive,Positive
twifil-01092,وصل السديس يدعو إلى رئيس أمريكا مهزلة,0,negative,Negative
twifil-01093,"Me too, thank you my friend 🙏✨🐦",2,positive,Positive
twifil-01094,😉😉😉😉,2,positive,Positive
twifil-01095,كنت فاكرو كنبة مخططة,0,negative,Negative
twifil-01096,"on a besoin de ton remède, la chanson c’est pour quand ? 🇩🇿❣️",2,positive,Positive
twifil-01098,رائحة وجودك تجذبني إلى جنتك العالية شيء في كلامك يرسمني على زهر بستان مملوء بجمال شوقي و عطر هيامي الذي يمسح دمعي…,2,positive,Positive
twifil-01099,وانا معك بشرط انكون النائب الأول،.......هههههههه,1,neutral,Neutral
twifil-01100,i love you and from the bottom of my heart but today you guys had 2 stages at different stations so go to…,0,negative,Negative
twifil-01101,😂😂😂😂😂😂😂😂😂😂حننجحو بكرا علي الحال هذا,0,negative,Negative
twifil-01103,سيول جارفة و عائلات محاصرين وعالقين داخل السيارات عند مدخل المدينة الجديدة بوزعرورة بفلفلة في سكيكدة بعد تساقط الأم…,0,negative,Negative
twifil-01104,في كل مشروع في فقرة إعلان الفرص الوظيفية ... هذه هي الفئة المستهدفة من هذه الفقرة يا إخوان,0,negative,Negative
twifil-01105,اتحاد الجزائر,1,neutral,Neutral
twifil-01106,تلميذ ممتاز .. و انا حبيبها السابق رجل خاسر بكل المعايير . 😂😂😂,0,negative,Negative
twifil-01108,عن أَبي هريرةَ -رَضِيَ اللهُ عَنْهُ- أَنَّ رَجُلاً قَالَ للنبيِّ صَلَّى اللهُ عَلَيْهِ وَسَلَّمَ: أَوْصِ…,2,positive,Positive
twifil-01109,si nous avons des beaux jardins dans toutes les villes algérienne ...,0,negative,Negative
twifil-01110,يختااااااااااي🙄 يارب بوراك وفهرية وانتو لا يا كوبل قلبي الفخم 😂😂😂😂💔🚶‍♀️,0,negative,Negative
twifil-01111,ههه كنت نخمم فيها هادي صعيبة فادي,0,negative,Negative
twifil-01113,شكرا على تغطية 🌺,2,positive,Positive
twifil-01114,صباح النور KenzaMorsli ملكة سبأ,2,positive,Positive
twifil-01115,Good morning 😘 Bonjour 😍 صباح الخير ❤ nature morning summertime à Botanical Garden Hamma,2,positive,Positive
twifil-01117,. . 💌 . . نصيحة اليوم : حتى لا تؤلمك الحقيقة يوماً لا تضع لنفسك منزلة عالية في قلوب الناس ولا تتوقع منهم تضحية…,0,negative,Negative
twifil-01118,ولاااروع هذ الفيديو الجميل نعم جيدا جميل جيدا,2,positive,Positive
twifil-01120,هههه والله العظيم الشعور متبادل كون مانشتيكش والله مانتكلم معاك وراني قتلك قبيل معرفتنا موش في تويتر فقط,2,positive,Positive
twifil-01121,النصارى تبني قبورها بالقدر وامة النفاق قبورها كلها مبعثرة,0,negative,Negative
twifil-01123,😞,0,negative,Negative
twifil-01124,La longue histoire du conflit israélo-arabe,0,negative,Negative
twifil-01126,تبدل الزمان ⚘ جاع صاحب الجنان ومول البير مات عطشان ⚘ الطرشة توصل في الاخبار والعمية تخيط وتفصل في الكتان⚘ ساحة…,0,negative,Negative
twifil-01127,فلما راه مستقرا عنده قال هظا من فضل لربي,2,positive,Positive
twifil-01128,شو حلو الواحد يمص كس مشعر,1,neutral,Neutral
twifil-01130,هذا السونداج يعطولك عليه ... عس تشوف ...,2,positive,Positive
twifil-01131,li nhabhem rahem bi lahmar lamis mtbdla bzaf souhilaBenLachhab souhilabenlachhab,0,negative,Negative
twifil-01132,"مهماااا حدث فالنتذكر ""أن الدنيا لا تساوي عند الله جناح بعوضة """,2,positive,Positive
twifil-01133,التغير الجذري الذي يحدث في حياة إنسان ما، يكون سببه إما القراءة، أو الحب ! ❤,2,positive,Positive
twifil-01134,"_ وقل للذين وعدونا بالبقاء، "" ان البقاء لله",2,positive,Positive
twifil-01135,صباح الخير والتوفيق والنجاح الدائم على كل الأحباب و ألاصدقق اللهم طهر قلوبنا بالإيمان,2,positive,Positive
twifil-01136,كلام جميل مساءالخيرااااات,2,positive,Positive
twifil-01137,😎😎😎😎😎😎😎,2,positive,Positive
twifil-01139,عندما تُقلِع عن إدمان شيء ما ..! أول ما ستواجهه هو التفكير به في أوقات الفراغ .. فإن قتلت الفراغ ، انتصرت ..! احمد خالد توفيق,2,positive,Positive
twifil-01140,d192bb63ffb8ce3d20e8ae4cee181dbc87064b62788102a7576700b9ac347520419a1366fe09da131f4cfa9c1ba731bcb021035358f694d4230…,1,neutral,Neutral
twifil-01141,Allez au Musée Juif ... Et racontez votre histo…,2,positive,Positive
twifil-01142,Il me semble qu’il était bien malade. Il avait eu un AVC. Même si ces dernières interventions me lais…,0,negative,Negative
twifil-01143,نعم هذهي الحقيقة مع من كنت أو غريد 298 اه اه اه ياقلبي المجروح اه اه اه,0,negative,Negative
twifil-01144,اليمن بلد المسلمون من زمان ok,2,positive,Positive
twifil-01145,روعه انها مغرم بيك واكانها تستريح عندما تسمع ا للمسيقى. روعة نعم 👍 اشكركم احسنتم,2,positive,Positive
twifil-01146,مساء الورد من العاصمة,2,positive,Positive
twifil-01148,"Quand je vois ce que certains affichent comme photos de leur « petit » déjeuner, montrent et exhibent sur la toile…",0,negative,Negative
twifil-01150,التعزية في من ?,0,negative,Negative
twifil-01151,Stay strong ، Even when it feels like everything is falling apart,2,positive,Positive
twifil-01154,لكل نساء العالم 💞🌹,2,positive,Positive
twifil-01155,النسوان اجتمعن على طبق الفرمسة في غياب بقية ا…,0,negative,Negative
twifil-01156,أكيد رانيا فكيف ما كنتم يولى عليكم حنى اللي تحكملو يسرق قهوة ومايخلصهاش ويقولك المسؤولين سراقين روح خ…,0,negative,Negative
twifil-01158,برشلوووونة ههههههههههههههههه,2,positive,Positive
twifil-01162,أهلي,2,positive,Positive
twifil-01165,oh my god o can't this gonna happend,0,negative,Negative
twifil-01166,كيف يعني,1,neutral,Neutral
twifil-01167,"Le célèbre journaliste et éditorialiste saoudien, Jamal Khashoggi, a disparu depuis la mi-journée du mard…",0,negative,Negative
twifil-01168,هه ماهذا التحريض !!😂😂,0,negative,Negative
twifil-01169,Slm telifon numaranı verebilinmi senle görüşmek isdiyorum,2,positive,Positive
twifil-01170,😭😭😭😭😭😭😭😭😭 المعنى الحقيقي لتحطيم المعنويات,0,negative,Negative
twifil-01171,Me too 😇... Thanks🙏 Always happy to see your cute dog 😂😇🐶😍💞,2,positive,Positive
twifil-01172,للخارج,0,negative,Negative
twifil-01173,Buuuut pour Napoli 🔥💪 JUVNAP,2,positive,Positive
twifil-01174,يا الثعلب صباح الخير .... كاين ناس ما ماعندهاش ...,0,negative,Negative
twifil-01175,whoops .. I forgot FreakyFlake.,0,negative,Negative
twifil-01178,الزواج العمر كله اذا اسس على التقوى والمودة والمحبة والاحتر…,2,positive,Positive
twifil-01179,كيف اتواصل مع صاحب هذا الطلب,1,neutral,Neutral
twifil-01180,🙉🙈🙊,0,negative,Negative
twifil-01182,هذا سبب التنوع الثقافي والحضاري والتاريخي في الجزائر,2,positive,Positive
twifil-01183,أبق القليل من ماء الوجه على الأقل .,0,negative,Negative
twifil-01184,pauwesgraduation celebration à Université de Tlemcen الصفحة الرسمية,1,neutral,Neutral
twifil-01185,"Quand la raison décide, le coeur obéit...",2,positive,Positive
twifil-01186,La cliiiiiiiim quand la va annoncer Zizouuuuu à la dernière minute. 😭,0,negative,Negative
twifil-01187,عجبا للعرب .كل دول العالم حضرت للجمعية العامة للامم المتحدة للدفاع عن مصالحها و مصالح شعوبها الا الحكام العرب حضروا…,0,negative,Negative
twifil-01188,طهورا إن شاء الله المومن مصاب,0,negative,Negative
twifil-01190,الحمد الله و بحمد ه و صل و سلم على سيدنا محمد رسول الله صلي الله عليه و سلم و الآه اكبر و الله اكبر و الله اكبر,2,positive,Positive
twifil-01191,ساعدني في حل السؤال لعبة كلمات كراش,0,negative,Negative
twifil-01192,بارك الله في شيخنا ازهر.وجميع اخوانه القائمين على الاذاعة,2,positive,Positive
twifil-01193,"current weather in Wahran: few clouds, 15°C 93% humidity, wind 2kmh, pressure 1016mb",1,neutral,Neutral
twifil-01194,مبنى ذو طراز قوطي للعصور الوسطى وسط العاصمة الجزائر Bâtiment Gothique dans le centre d' Alger Algérie,2,positive,Positive
twifil-01196,صورة نادرة للجزائر و هي طالعة تشكي لربي سبحانه على المنكر لي صاري فيها 👌,0,negative,Negative
twifil-01197,ان الله يرفع الله بي القرآن الكريم اقوام ويضع بيه اقوام ويرزق بيه اقوام ويرزق الله ميشا…,2,positive,Positive
twifil-01199,نهداك تواما جبلين شاهقين شهقت .. نفسي عن سفحهما و كم رغبت في تتسلقهما كي ابلغ منهما القمم..!!,2,positive,Positive
twifil-01201,حلمي أن تستقل فلسطين وتتحد الدويلات العربية في دولة اسلامية ويرفع الظلم عن المسلمين في اي مكان,2,positive,Positive
twifil-01202,كيف صار؟؟؟؟,0,negative,Negative
twifil-01205,يوم طوييييييل بكل وشكرا,2,positive,Positive
twifil-01206,هل قتل جمال خاشقجي ؟,0,negative,Negative
twifil-01207,وانت حسابك مزور وانت كلب إلكتروني تخدم ه زبالة,0,negative,Negative
twifil-01208,Dézédie football Démission de Rabah Saadane de la DTN. Le monde du sport salue une ALTITUDE courageuse!…,2,positive,Positive
twifil-01209,"Americans will have to open up on world through Twitter . Their belief: American culture, ... It's all…",2,positive,Positive
twifil-01210,محمد بن سلمان عاشق افاينكا ترامب مستعد لبيع جميع قضيا الامة من اجلها وحبه لها,0,negative,Negative
twifil-01211,temperature down 19°C -> 15°C humidity up 77% -> 93% wind 3kmh -> 2kmh,1,neutral,Neutral
twifil-01212,Bon vendredi a tous & toutes !,2,positive,Positive
twifil-01214,SWEDEN,1,neutral,Neutral
twifil-01215,يعم الخير عندما نبدأ بأنفسنا ، لا تستصغر عملا فقد يحتسب اجرا كبيرا عند الله,2,positive,Positive
twifil-01216,الحياه المره. جالسه على قبر زوجها والرمال تلفها ووحوش الصحراء تزمجر والمرض ينهك جسدها وهي تبكي على زوجها وتضم محمد…,0,negative,Negative
twifil-01218,تموت على تصوار يا بن عمي ياخي ما عندك والو أنت ولا راك تتمنيك بينا مش الوزير,0,negative,Negative
twifil-01219,"Dézédie ! Et si finalement, Bouhadja était maintenu et Doc Mytho poussé à démissionner du FLN? Amour, Gloire, Beau…",2,positive,Positive
twifil-01220,iHeartAwards BestFanArmy BTSARMY DIMPLE,2,positive,Positive
twifil-01222,أشتقت إليـــــك يــــا حبيبـــي .... أشتقت إلى صوتك إلى عطرك .... أشتقت إلى حـديثـــك عتابــك .... أشتقت إلى همساتك…,2,positive,Positive
twifil-01223,دارهالي زهري و راني نسوفري........علاش يا دنيا تكتري زاد عليا حالي 😌😌,0,negative,Negative
twifil-01224,"(Tu te laisses aller ),ce n'est pas qu'une chanson ,les paroles expriment une vérité mais…",0,negative,Negative
twifil-01225,Sei troppo bello !,2,positive,Positive
twifil-01227,مترو الجزائر قبل مترو السعودة,0,negative,Negative
twifil-01228,Kalkom rabi riR l hadk chi ريال تمرميد,0,negative,Negative
twifil-01229,مقطع مروع ارعدني وعلقني علي العناقي اشنقاني وغرقت الى العناقي فاروتو الى العنقي قطعني ايربا ايربا قطعني,0,negative,Negative
twifil-01231,الوزير مختلف تماما متواضع يعطي الاولوية للجادين بالعمل متحمس لاعطاء ركيزة وقاعدة ج…,2,positive,Positive
twifil-01232,خاطيني الالعاب ههه,0,negative,Negative
twifil-01233,من اجمل مناظر الطبيعة,2,positive,Positive
twifil-01234,Agree lmao.. BTS1stAirportWin,2,positive,Positive
twifil-01235,مساك الله بالصحة والعافية,2,positive,Positive
twifil-01236,ولا عملية قتل واحدة حدثت في تمنراست وكل يوم نسمع تسليم إرهابيين أنفسهم فيها ، عالم سذج !,0,negative,Negative
twifil-01238,Thought you were a developer.,0,negative,Negative
twifil-01239,للصمت حكاية,2,positive,Positive
twifil-01240,ريال مدريد يستقبل الهدف و يخسر ههههههههههههههه,0,negative,Negative
twifil-01241,"Réfléchissez ! Mais avant de prendre décision, je vous conseille de voir le film de Sacco…",2,positive,Positive
twifil-01242,non le mien c'est le roux tigrée,2,positive,Positive
twifil-01243,الاكيد انه يلوح بشي يحمله بيده.. طبيعة القطوة انها تنتبه لكل ما يتحرك امامها هذا تفسيره,2,positive,Positive
twifil-01245,I wish no happiness,0,negative,Negative
twifil-01246,Charles Aznavour est mort! un génie qui m'a marqué; il est associé aux plus beaux moments de ma vie avec des chefs-…,0,negative,Negative
twifil-01247,غيري مودك و انتي تسمع احلا اغنية ملكة سبأ 😍 AsFer Tunisie,2,positive,Positive
twifil-01248,Si on avait le dixième de votre armement. ..Vous seriez déjà le repas des requins de la m…,0,negative,Negative
twifil-01249,"""Les grandes âmes ont de la volonté, les faibles n'ont que des souhaits.""",0,negative,Negative
twifil-01250,my heart hurts,0,negative,Negative
twifil-01251,ماعندنا شيعة ما يهموني كل واحد حر في بلدو يتشيع أو يتسنن المهم لا نتذخل فيهم,0,negative,Negative
twifil-01252,👍👍👍💞,2,positive,Positive
twifil-01253,5e7b93b7580c202f20edcc88c1aa118bc2c65281a874e4faf2e30d826f68efbfda4a30399a74799edc5ed1d022d27033682f46d1c81ac4b28f9…,1,neutral,Neutral
twifil-01254,قالت له حبك محفور في قلبي 💖😍😍 كحفر الطريق فأجابها وانا كرئيس البلدية لابالي 😁😁😁😁👌👍,0,negative,Negative
twifil-01256,Leak test done It happened at day3 post op probably surgical leakage,0,negative,Negative
twifil-01257,الأصلية😂,2,positive,Positive
twifil-01258,"VIPDZ à découvrir ça, même moi je ne sais pas",2,positive,Positive
twifil-01260,Satanique et bordélique. ..pauvre France,0,negative,Negative
twifil-01261,جميل جيدا فيديو ولااروع اشكركم جزيل اشكر روعة نعم 👍 اشكركم احسنتم ولااروع,2,positive,Positive
twifil-01263,Réachemine vers les célibataires. ..Vous feriez bcp de bien,2,positive,Positive
twifil-01264,لا تنسى الشعب الجزائري يرفض المادة 102 المقترحة من طرف المنبطح صالح الشعب يطالب بتطبيق المادة 22/02…,1,neutral,Neutral
twifil-01266,عشان خاطري حبيبي .. ماتمشيش لسة بدري الوقت الحلو ليه ليه .. ليه دايما بيجري مش بشبع منك انت و هي دي .. مشكلتي فيك 💗,2,positive,Positive
twifil-01267,are you okey...and i Hope that for you,2,positive,Positive
twifil-01268,العفو ياصديقي قلم رصاص هذا. كان مصري وكان لجأ يعني فار من بلده من اجل الكلمه الحرة وكان سياسي وحول…,0,negative,Negative
twifil-01269,نعم الحب ليس للعاشقين فقط فأنا لدي اخ يساوي يساوي الف 1000حبيييب,1,neutral,Neutral
twifil-01271,الحمار هو من يفهم بالخطأ.مثلك,0,negative,Negative
twifil-01272,Beautiful 😘,2,positive,Positive
twifil-01273,آمين يا رب العالمين. وحقق امانيك في الدنيا والآخرة,2,positive,Positive
twifil-01274,"À minuit, on fera la guerre, à six du mat', on fera la paix peaceandlove TrueLove",2,positive,Positive
twifil-01276,فيغولي / براهيمي / بن طالب 🇩🇿 مجموعة واحدة 👊,2,positive,Positive
twifil-01278,صباااح الورد,2,positive,Positive
twifil-01279,HxH pas un chef d’œuvre mdrrrrrrr le meilleur shonen après…,2,positive,Positive
twifil-01280,الحمد لله على كل حال,2,positive,Positive
twifil-01281,Surtout!...,0,negative,Negative
twifil-01282,"Roi mezianiFarid fils de mohandsalah déclare que le voleur mezianifarid benarab est en contacte avec les patriotes,moudjahidines de sidiaich",0,negative,Negative
twifil-01283,غيورة ههههههه,0,negative,Negative
twifil-01285,هل هذا صحيح .?بدات الجزائر تخطو خطوات الدول المحترمة ان لم يكن هذا مجرد كلام كالعادة,1,neutral,Neutral
twifil-01286,كيفك هيفاء احبك كتير كتير,2,positive,Positive
twifil-01287,يا الله وحفض سحاب من صطو الحيساب من فم الذيأب ونبه حراسته من الاحباب والأصحاب,0,negative,Negative
twifil-01288,امين وامهات المسلمين 🙏,2,positive,Positive
twifil-01291,There are no words to express how much I miss you 😘😔😢 à Tlemcen,2,positive,Positive
twifil-01292,الإنشغال بالهاتف أثناء مجالسة الناس: عن عبدالله بن عباس رضي الله عنهما أن رسولالله صلى الله عليه وسلّم اتخذ خاتما…,0,negative,Negative
twifil-01293,jackmovez foulplay patheticwaste #🔥 #☠️ #🎶 #🔥💀🔥 #🤘 #🎵 whereitsat thesix @ ∆SAD MIND∆,1,neutral,Neutral
twifil-01294,لإشعال أي نار بهم؟نار يكوا بها من؟ أتراك أم يهود أم سعود ؟,0,negative,Negative
twifil-01295,ilike you❤️,2,positive,Positive
twifil-01296,مجرد رأي ... سيدتي بوش قتل أمة بأكملها شرد أهلها و جعلهم شيعا وخرج كأن شيئا لم يكن .. و المحكمة الجنائ…,0,negative,Negative
twifil-01297,امطااااار و رعوووود الان 😍😍😍😍 عنابة 🇩🇿,2,positive,Positive
twifil-01299,(silence)....,0,negative,Negative
twifil-01300,FOR YOU,2,positive,Positive
twifil-01302,اه منك يا ام القطط هههههههه,0,negative,Negative
twifil-01303,كل يوم يزيد احترامي الزعيم أردوغان,2,positive,Positive
twifil-01304,"تلقاه مش عايش ظروفك, مش حاس باللي قاعد فيه و لا عارف شنو يصيرلك من مشاكل لي كل و ينظّر…",1,neutral,Neutral
twifil-01305,والله غير راحت اليوم عندنا وذرت نفس شي😬😂😂😂😂😂😂😂😂😂,2,positive,Positive
twifil-01306,أكيد.هناك بعض الناس تنطبق عليها هذه المقالة 😉,2,positive,Positive
twifil-01308,"Washington décide de geler son aide financière (65 millions de dollars) à L'Unrwa, organisme Onusien en charge d'ai…",0,negative,Negative
twifil-01309,فيسبوك بوك برعاية دنيا ربيع والجو بديع ما شاء الله كل الناس زرادي 😍,1,neutral,Neutral
twifil-01311,"Donc celui qui derige mon bien immobilier a aubervillier n'est pas autoriser de continuer a deriger depuis2012,donc c'est un voleur.",0,negative,Negative
twifil-01312,BTS MPN BTSARMY,2,positive,Positive
twifil-01313,"Amour-propre, dignité, noblesse que pour la France, n’est ce pas ! …",0,negative,Negative
twifil-01314,كيف الاحوال,1,neutral,Neutral
twifil-01315,أيها الغريب، أعرني كتفك.. فقد خذلني الأقرباء 😓,0,negative,Negative
twifil-01317,اهلا سام عيش اختي الحمد لله، انا اختك صبحت مريضة في حالة ضرس العقل عملت فيا مشيت للطبيب وكيف روحت خذيت الدواء ورقدت,1,neutral,Neutral
twifil-01318,حبيبي والله اهم حاجه فكنا من العيل النتن بس😂,2,positive,Positive
twifil-01319,kkkkk,1,neutral,Neutral
twifil-01322,هههه على العظامى العظيم لا يعمل عاصفة حزم ويأتي بي جنود من كل الدول اليمني رقصكم وتتكلمون بي…,0,negative,Negative
twifil-01323,فزت عليا ي دقدق 😂,0,negative,Negative
twifil-01325,تمنينا نكونو لولين في حوايج بزاف بصح الله غالب هههه صباح النور,0,negative,Negative
twifil-01326,ARMY should all delate twt accounts for the 2 next weeks till the show airs than we can comeback safely lol,0,negative,Negative
twifil-01327,We're hiring! Click to apply: RAN/Rollout Program Manager Ericsson Algeria - EricssonJobs…,1,neutral,Neutral
twifil-01330,how ?,1,neutral,Neutral
twifil-01331,Vivement le match retour 🤙🏼💪🏼❤️💙,2,positive,Positive
twifil-01332,"Hello my kind Susi 😊👋 Have a nice day to you too, be happy 😄😃😁, Always thank you my dear friend 🙏🍀🎼🌹",2,positive,Positive
twifil-01333,bec14c76ec06281720a04677acc70297f766d7dcad9d3809ac9253d7c139393fe5712ddacc7c6acfee1d8e4896b79c8041f38b2d05a4dca1622…,1,neutral,Neutral
twifil-01334,البلد كله تحت سيطرتها فما تفعل بالجامعة .,0,negative,Negative
twifil-01335,وعليكم السلام ورحمة الله وبركاته. وفقنا الله وإياكم للعلم النافع.,2,positive,Positive
twifil-01336,سلام عليكم ورحمة الله وبركاته، أنا في الجزائر، إن كانت مهتم بالأمر إتصل بي في الخاص.,1,neutral,Neutral
twifil-01340,جميله سمحه,2,positive,Positive
twifil-01341,دعوة خير عليك,2,positive,Positive
twifil-01342,GoldenPantherAwards HaifaWehbe GoldenPantherAwards CollaborationHabibi GoldenPantherAwards 3,2,positive,Positive
twifil-01343,وجدي روحك ووجدي اولاد يقراوها راها تتعمم في كل الجزائر وهرا…,2,positive,Positive
twifil-01344,اقرا عن نهاية طارق بن زياد تفهم انهم عنصريين,0,negative,Negative
twifil-01345,عيد ميلاد سعيد يا انا اليوم هو عيد ميلادي .ماشفت أحد بارك لي قلت احتفل مع نفسي وابارك لنفسي 😅 . بس التويتر تفكرني…,2,positive,Positive
twifil-01348,AkramTorche Torche Akram Torche fashion picture Like LikeFacts likeforfolow FollowMe like…,2,positive,Positive
twifil-01350,صباح الورد على من أحبتهم قلوبنا قبل أن تراهم أعيننا صباح الخير أحباب قلبي,1,neutral,Neutral
twifil-01351,مااجمل الصباح مااجمل البدايات,2,positive,Positive
twifil-01352,المسك عربيا تشبت للأصل ليعرف به عن غيره وعكسه دجل كهدا اليوم الفاصل أين تلغى التكهنات جميعها لكل محاولة غش كا ال…,0,negative,Negative
twifil-01353,احد مطورين اللعبة تكلم مع موقع Kotaku و قال انهم سحبوا الحلقة الثانية حنى يشتغلوا على الثالثة و الرابعة…,1,neutral,Neutral
twifil-01354,أنا وحظي متفاهمين جداً أنا أعلم أنه سيء ، وهو يعلم أني لا أعتمد عليه ابداً 😊😕💔 خواطر من ذوقك,0,negative,Negative
twifil-01355,97bd72b03be4084f20c634e0a771080aef5ab027908474fb201a9bc58a83da68401678419ab9fde65f6eb2045592c3bd906f52ed298b466510e…,1,neutral,Neutral
twifil-01356,ستفقد نصف الذين تعرفهم إذا كتبت حقيقة مشاعرك تجاههم ..,0,negative,Negative
twifil-01359,ودارت الأيام,0,negative,Negative
twifil-01360,وانت ماذا تفعل الان بهكذا تغريده الا تلعب دور الإله وعلاه ماتلتاش بروحك مثلا وخليك.منهم 😉😉😉😉,2,positive,Positive
twifil-01361,تهبطو 😀😀😀,2,positive,Positive
twifil-01362,تعبت منك,0,negative,Negative
twifil-01363,شغال في الجزائر,2,positive,Positive
twifil-01366,A La Fin De Cette Journée Je Vous Dit Bonne Nuit Ma Chérie 💗💗😍🌷🌷🌷,2,positive,Positive
twifil-01368,مني اليكم، لي ولكم،والله محيط بكل شيء،سبحان الله وبحمده ،المستعان على كل شيء وهو على كل شيء قدير وصلي وسلم على سيدنا محمد صلى الله عليه وسلم,1,neutral,Neutral
twifil-01369,chacun ses moyens de transport hein 😂😂😂,0,negative,Negative
twifil-01371,في هديه صلى الله عليه وسلم في حفظِ الصِّحَّةِ بالطِّيبِ المصدر: كتاب الطب النبوي لابن القيم رحمه الله ص 199…,2,positive,Positive
twifil-01372,temperature down 20°C -> 18°C humidity up 68% -> 82% wind 5kmh -> 8kmh,1,neutral,Neutral
twifil-01373,ههههههههه قصدك تعطينا قصف مرتب 😹😹,0,negative,Negative
twifil-01375,بدأ عد تنازلي لاغنية اوبيرات عيشي حياتك مشاهدة ممتعة 💃 عيشي حياتك مع كنزة,2,positive,Positive
twifil-01376,Des femmes peuvent très bien lier amitié avec un homme ; mais pour la maintenir - il y faut peut-être le concours d…,2,positive,Positive
twifil-01377,والله الإسلام ارتاح من هالمنظر ههههه,2,positive,Positive
twifil-01378,شكلي انا وسمسم وفاطمه وعواطف في يوم من ايام كان طول ربي عمرنا ولحقنالو 😂,2,positive,Positive
twifil-01379,N'oublie jamais que les paroles ont le pouvoir de détruire ou de construire .de décourager ou d'encourager .de guér…,2,positive,Positive
twifil-01380,How to say Fuck You in nice way ? 😂,0,negative,Negative
twifil-01381,"530, ألف متابع ㊗➊ للمتواجدين الان㊗➋ لزيادة متابعيك ㊗ ➌ رتويت㊙ ➍ فولومي㊗ ➎فولوباك㊗ ➏اضافة من عمـل رتـويت ㊗",1,neutral,Neutral
twifil-01382,😩😩😩,0,negative,Negative
twifil-01383,temperature down 19°C -> 17°C humidity up 72% -> 77% wind 5kmh -> 1kmh,1,neutral,Neutral
twifil-01384,سبحان الخالق المبدع,2,positive,Positive
twifil-01385,جزاكم خيرا,2,positive,Positive
twifil-01386,ماريا انا كنت اكتب شعر ولكن عندي سنوات ابتعدت عنه 😜,0,negative,Negative
twifil-01387,آمين 🙏 مساء الخير ويومك أجمل 🌸,2,positive,Positive
twifil-01390,أقذر لاعب في الكرة الأرضية 🤮,0,negative,Negative
twifil-01391,Le costume de Ramos il est zgaaaaaaa,2,positive,Positive
twifil-01394,زعيم عربي ، نعم زعيم عربي و نصف لكن في المكر و الخداع و النفاق و المتاجرة في القضايا العربية,0,negative,Negative
twifil-01397,في بلدان عربية أخرى ستعرض الفلم؟؟,1,neutral,Neutral
twifil-01398,أكثر حاجة تعلمانها من كلية Copy Paste,1,neutral,Neutral
twifil-01400,broken clouds -> light rain temperature down 15°C -> 11°C humidity up 62% -> 93% wind 9kmh -> 1kmh,1,neutral,Neutral
twifil-01401,إذا فقدت مالك فقد ضاع منك شئ له قيمة ، و إذا فقدت شرفك فقد ضاع منك شئ لا يقدر بقيمة ، و إذا فقدت الأمل فقد ضاع منك…,1,neutral,Neutral
twifil-01402,"لا تخبر الناس عن محبتك لشخص.. فإن لم تصيبك عين حاسد، آصابتك ثرثرة الحاقدين..!""",0,negative,Negative
twifil-01403,كيم بو لوتفا 😂😂😂 متت,0,negative,Negative
twifil-01407,صباح الورد بكل ألوانه.. صباح الروح بكل أحساسه.. صباح الشوق بكثر أوقاته .. وصباح الحب بكل جنونه بداية أسبوع موفقة بإ…,2,positive,Positive
twifil-01408,رغم كل شيء عقدتكم وهم ماذا سيستفدون من ورقة فلسطين كفاكم تصديق حكامكم العملاء والخونه…,0,negative,Negative
twifil-01409,"""N'essayer pas d'être une copie de quelqu'un d'autre .soyez vous-même. Faites vos propre choix et travaillez dur.""",2,positive,Positive
twifil-01410,حاول ان تبحث عن السعادة في داخلك ☺,2,positive,Positive
twifil-01411,اللهم صلّ وسلم على سيدنا محمد وعلى آله وصحبه أجمعين .,2,positive,Positive
twifil-01412,الحذر واجب خصوصا ان كان المحيط متعفن من جميع جوانبه,0,negative,Negative
twifil-01413,🔝 نادي برشلونة يتصدر المجموعة B بعد الفوز في ويمبلي ⁦TottenhamBarca⁩,1,neutral,Neutral
twifil-01414,سوريا ولبنان ماعندكم حدود معهم وتتذلون فيهم وفي حزب الله واليهود حرام تتذخلون فيهم,0,negative,Negative
twifil-01418,La Célébration du centenaire d’Ingmar Bergman continue à Alger ! Venez à Ibn Zeydoun et à la Cinémathèque Algérie…,1,neutral,Neutral
twifil-01419,AUSTRALIA,1,neutral,Neutral
twifil-01421,"Pas tout à fait d’accord Zohra. Si vous parlez de diversité, vous éteignez complètement la devise républicaine.",0,negative,Negative
twifil-01422,Filmer...Est devenue la première priorité. ..,2,positive,Positive
twifil-01423,و لماذا لا يصارحوه هم ... أم أنهم ينتظرون في الأوامر ...ممن لا أدري,0,negative,Negative
twifil-01424,صباح الخير اللهم صل وسلم على نبينا محمد ﷺ استغفر الله العظيم واتوب اليه جمعة مباركة 🙏🙏🌷 🍃☘️🍃,1,neutral,Neutral
twifil-01425,faya7,0,negative,Negative
twifil-01426,لما كان للدينار الجزائري وزنا وهيبة وقيمة,0,negative,Negative
twifil-01429,انهم يسعون لنشر روح التقتيل في المغرب العربي,0,negative,Negative
twifil-01430,يا رب,2,positive,Positive
twifil-01431,envoie dm 😂😂😂😂😂,2,positive,Positive
twifil-01432,Waw 10sur10,2,positive,Positive
twifil-01433,Bojur,2,positive,Positive
twifil-01434,كل واحد حر يتكلم مايريد والأكثريه ليسو عرب وماذا فعل العرب نصفهم مجرمون وعملاء الواحد صار يستحي يقول أن…,0,negative,Negative
twifil-01435,الدين يقول هكذا ودينا لا يكذب,2,positive,Positive
twifil-01436,مغيمة بصح ماكانش مطر جو مليح,2,positive,Positive
twifil-01440,بحبك وبموت فيكي,2,positive,Positive
twifil-01441,Ana ma3ha ou nkhamam fik,0,negative,Negative
twifil-01443,من اسنانك انت لسه اهلا لكرة القدم.. اعطيك شوي بقرات و اذهب لترعى افضل 😂🤣,0,negative,Negative
twifil-01445,صباح الورد الممتلئ بقطرات الندى .. صباح الكلمات الجميلة التي تبعث فينا روح الأمل و الاستمرارية و الصبر على منغصات…,2,positive,Positive
twifil-01448,عزيزتي 😍😍 الحمد لله السؤال عليك وعلى حمزة كيف حاله,2,positive,Positive
twifil-01449,قيل للسعادة: أين تسكنين؟ قالت: في قلوب الراضين بقضاء الله، قيل فبم تتغذين؟ قالت: من قوة إيمانهم، قيل فبم تدومين؟ قا…,2,positive,Positive
twifil-01450,La rentrée... ce moment joyeux pour les mamans 😁,2,positive,Positive
twifil-01451,جزاك الله خيرا,2,positive,Positive
twifil-01452,لا تثق بهم ..,0,negative,Negative
twifil-01453,SWEET,2,positive,Positive
twifil-01456,وحش واجبات 👾,0,negative,Negative
twifil-01457,برشا حق تونس، بزاف حق الجزائر والمغرب، كنحبك كنبغيك حق المغرب؛ شفيك على تونس؟,1,neutral,Neutral
twifil-01458,سبحان الله ثقالة الدم لها دور كبير😑😷,0,negative,Negative
twifil-01459,هو مش بيحبها اصلا 😂💦,0,negative,Negative
twifil-01460,"Le plus triste et la plus amère des trahisons n'est pas celle qui vient de nos ennemis , mais celle qui vient de ce…",0,negative,Negative
twifil-01462,You missed out! BIGOLIVE!,0,negative,Negative
twifil-01465,Ah mince tu dois bien être la seule à avoir lu ma…,0,negative,Negative
twifil-01466,انتم بعقلكم المحدود لا تحسنون الا السب والشتم,0,negative,Negative
twifil-01468,Aaa dmg J'en doute c vrai mahlish,0,negative,Negative
twifil-01469,ههه لا والله مازال,0,negative,Negative
twifil-01471,رحلة البحث عن الرئيس . 😂😂😂 لا العهدة الخامسة,0,negative,Negative
twifil-01472,لاأظن ذلك أخي انما هو بقصد مرحلة الخطوبة ماقبل الزواج والعقد الشرعي والله اعلم,2,positive,Positive
twifil-01474,تلك الدول تحترم مواطينها و لا تزج بهم في السجون,2,positive,Positive
twifil-01475,"إذا سمعتم أو قرأتم: ""وفي السماء رزقكم وما توعدون"" ترفعوا عن أهل الأرض .. فحاجتكم ليست عندهم؛ مهما كانت مناصبهم ونفوذهم ..",0,negative,Negative
twifil-01476,"Je hais le mensonges , l'hypocrisie, la trahison et l'irrespect !",0,negative,Negative
twifil-01478,مغفل من يظن أن الإنترنت مجاني ... كما هو مغفل من يظن أنه يشتري التلفاز و يتفرج باطل ... أو يسمع الرادي…,0,negative,Negative
twifil-01479,"Un décor menteur de souveraineté et de liberté à embellir que par l’anti-Islam à outrance ...Cependant , Siel prêc…",0,negative,Negative
twifil-01480,الحمد الله و بحمده و صل و سلم علىسينا محمد وعلى اله واصحبيه اجمعين و لا اله الا الله العظيم الحليم,2,positive,Positive
twifil-01481,بتجنن,2,positive,Positive
twifil-01482,اشكركم جزيل اشكر روعة نعم 👍 اشكركم احسنتم يامن تحبوني ورديت عنيمني اليكم خاص,2,positive,Positive
twifil-01484,Oui ça change de ton registre dans et puis honnêtement je pense que cette…,0,negative,Negative
twifil-01485,Fricheta Antonio,1,neutral,Neutral
twifil-01486,رحمها الله و أسكنها فسيح جناته,0,negative,Negative
twifil-01487,اميييييييييين يا رب,2,positive,Positive
twifil-01489,ههههه قريب يبعث خلاص,2,positive,Positive
twifil-01491,تذكّرْ بأنّ المُصطفى خيرُ شافعٍ شفاعـتُهُ حـقٌّ، لأهـل الكبائـرِ وواللهِ ما في الكونِ مثْلُ محمّدٍ عليهِ صلاةٌ من مُقَفًّى وحاشِرِ.,2,positive,Positive
twifil-01492,لا اعلم,0,negative,Negative
twifil-01493,صوره من جيجل,2,positive,Positive
twifil-01496,ه,1,neutral,Neutral
twifil-01501,أيام زمان,0,negative,Negative
twifil-01502,da576a01b11e545b20368791929bc653f0e2e0dc201e4448df0e84f6b7520e50e72f75d885723ee2df11392eaafb965df4dbf4e21480e4c4d54…,1,neutral,Neutral
twifil-01503,JAJAJAJAAJAJJA 💔,0,negative,Negative
twifil-01504,على كل فلسطيني اينما وجدفي اي موطن من العالم ان يبحث ويتابع الصهاينة اليهود واولادهم واثارهم ويعمل على ح…,0,negative,Negative
twifil-01505,"صباح الـ ""يارب أفتح على وجهنا دروب الخيَّر وحقق لنا رضاك وكل أحلامنا💛",2,positive,Positive
twifil-01506,توي اليوم شيخينا سعيد القحطاني فكر اليوم الله يرحمك ياشيخنا الكريم الله يرحمك,2,positive,Positive
twifil-01508,Le sport d'élite avec les outils contemporains...,2,positive,Positive
twifil-01510,All I see : Chris Wood Richard Madden Kit Harington Charlie Hunnam 😍😍😍😭😭,2,positive,Positive
twifil-01513,هل تعاقبنني بمنع التنبيهات؟! يبدو أنك غاضبة مني، ماذا فعلت؟! ، الله أعلم حسناً لارا سأقول لكِ سر هل تع…,0,negative,Negative
twifil-01514,عرفتي علاش حيت الا بغا انجح خاص صفقات وخاصو يعاود فرقة وهادشي ماشي فصاليح بيري…,1,neutral,Neutral
twifil-01516,"Ta présence est mon espoir , ton sourire est ma guérison, tu es la seule étoile dans mon ciel , un astre qui illumine tout mes chemins.",2,positive,Positive
twifil-01517,فلننتظر ظهوره 😍,1,neutral,Neutral
twifil-01518,نبض الشتاء 😂😄..وهل للشتاء نبض ؟؟؟!!!!,0,negative,Negative
twifil-01520,هاديك المخلوقة قالها نمدلك درس فالفلسفة ههه ياأرض ابلعيني,0,negative,Negative
twifil-01521,"current weather in Constantine: clear sky, 10°C 93% humidity, wind 2kmh, pressure 1019mb",1,neutral,Neutral
twifil-01522,بشرك الله بالخير,2,positive,Positive
twifil-01523,ادا ضاق صدر المرا عن سر نفسه فصدرمن يستودع السر اضيق .الامام الشافعي,0,negative,Negative
twifil-01524,صباح الخير 🍃,2,positive,Positive
twifil-01526,NowPlaying “Telefon Rehberi” by on Anghami,1,neutral,Neutral
twifil-01527,🙁,0,negative,Negative
twifil-01528,have you ever seen someone TOO pretty they’re ugly?,0,negative,Negative
twifil-01529,خدهـــا قــــاعدة في الحياه '' الإختلاف لا يفسد للود قَضية '' 👌😌,2,positive,Positive
twifil-01530,Mieux dit : Le grand morceau de pain avait disparu à l'Assemblée et le PS que pou…,0,negative,Negative
twifil-01534,Et avec cela...La Chine a aquis plusieurs marchés en milliards de dollars...Dans les pays musulmans.…,1,neutral,Neutral
twifil-01535,اه يا الاخ العتيبي في هذه الشلة جزائريين 😁😅,2,positive,Positive
twifil-01536,لازم 😂,2,positive,Positive
twifil-01537,Il ya des teints clairs qui sont loins d'être parfaits...,0,negative,Negative
twifil-01539,جعلتك الايام غريب مثلك هاته الشجرة الخالية اغصانها من الاوراق ،كدالك كلماتك لا تسمع ولا التفت اليها صارت من العد…,0,negative,Negative
twifil-01540,Lumiere..,2,positive,Positive
twifil-01541,أميركا تنتقم من السعديه لاجل خاشقجي,0,negative,Negative
twifil-01542,"山长水远，终于踏上非洲大陆。真的没见过这么传统这么墨迹的转机……还有最后一程。 (@ Houari Boumediene Airport in Algiers, Algeria)",2,positive,Positive
twifil-01543,عالسلامة ياك الحل هو البطيخة ... خدمت مخي على حسب تعبير سي بويه ...أظن أن الصغيرة إنحنت لكن بطريقتها ...,2,positive,Positive
twifil-01544,.صبآاح التوَكُل .. عَلى مَن لا يُخيْبَ الرَجآءَ به ! يَاشَآارِح الصدور ، و ميسِّر الأمُور رباه إجعَل ح…,2,positive,Positive
twifil-01546,الثالث 💙⚽️🔥,2,positive,Positive
twifil-01548,خائن لا شرف له شاهد زور مافيا,1,neutral,Neutral
twifil-01551,Habibet Albe❤,2,positive,Positive
twifil-01554,Testarazo,1,neutral,Neutral
twifil-01555,اول شعب ينتصر على الحكومةبطريقة سلميةحضارية راقية 👌😉 الف تحية للشعب الجزائري اخبرناكم باننالسنا كالشعوب الاخرى نحن…,2,positive,Positive
twifil-01556,"Do bad, Think bad , Everything comes back again👌",2,positive,Positive
twifil-01557,I break and fix myself by myself I do not need anyone.🔕✨,2,positive,Positive
twifil-01558,😍😍😍❤️,2,positive,Positive
twifil-01559,عَنْ عَائِشَةَ - رضي الله عنها - قَالَتْ : ( كَانَ رَسُولُ اللَّهِ -صَلَّى اللَّهم عَلَيْهِ وَسَلَّمَ- إِذَا رَأَى…,1,neutral,Neutral
twifil-01561,يُسحرنى بحر عينيكِ بالنظر فيها أملك الدنيا تعلقتُ بعطرُكِ من أول مرة فترسخ فى وجدانى داب فى صدري ودُبت فيه لينعش رو…,2,positive,Positive
twifil-01562,عادي بالناقص,0,negative,Negative
twifil-01564,💖💖💖💖💙💖💖💖🇮🇳🇮🇳🇮🇳🇮🇳🇮🇳🇮🇳…,2,positive,Positive
twifil-01565,القلب مجروح والعين بكاية والزهر قليل واش اصبر ربي يسعد قلوبنا وقلوب الاحبة,2,positive,Positive
twifil-01566,سبحان الله وبحمده عدد خلقه ورضى نفسه وزنة عرشه 3مرات,2,positive,Positive
twifil-01567,WOWOW,2,positive,Positive
twifil-01568,😁😁😁🤣🤣🤣😁😁الحوثي أحضرتم كل الدول تساعدكم ومعهم أمريكا أعطوكم درس لن تنسوه وتتكلمون على إيران,0,negative,Negative
twifil-01569,ههههههههههههههههههههههه يسلم من يرى من نفس زاويتي 😘😂,2,positive,Positive
twifil-01572,مون اموغ 😁 Algérie,2,positive,Positive
twifil-01573,La justice française doit s'avouer qu'il n'y avait pas de viol. ..Donc l'accusation tombe à l'eau...,2,positive,Positive
twifil-01574,على لعنة الشيطان و مباركة إبليس و بحضور كل العفاريت اعلنكما زوجين على سنة إبليس و شياطينه. زغرتي يا أبلة عنيااااااات,0,negative,Negative
twifil-01575,Toma Por Ti Y Buen Provecho 😍😍😍,2,positive,Positive
twifil-01576,ㅤㅤ اللهم آجعل صبآح يوم الجمعه مغفرة لكل مذنب وهدايه لكل عاصي وشفآء لكل مريض ورحمه لكل ميت واستجآبه لكل دعاء 💜 صبحك…,2,positive,Positive
twifil-01578,temperature down 16°C -> 15°C humidity up 87% -> 93%,1,neutral,Neutral
twifil-01579,قـــــال النــووي رحمه الله : [ لو تكرر الذنب مائة مرة أو ألف مرة أو أكثر، وتاب في كل مرة: قبلت توبته وسقطت ذنوبه ] شـــــرﺡ مـسلــم١٧/٧٥,2,positive,Positive
twifil-01581,انا بحب كريستيانو بس الظاهر ياخدها ميسي,2,positive,Positive
twifil-01583,رغم كل محاسن الصمت الا ان بعض الكلمات لابد من قولها حلوة اومرة والسكوت عن قولها يعد إحقاق للباطل. لـمـنسي ✌️,0,negative,Negative
twifil-01584,👌👌,2,positive,Positive
twifil-01585,كل الفصول تجلت في ثناياك... ثلج شتاء النقاء في قميص ارتداك و خريف لاح من شوق اتعب عينيك ربيع تفجر…,2,positive,Positive
twifil-01586,Wa3ra hdi,0,negative,Negative
twifil-01587,Use warm water to substitute for emotional warmth.,2,positive,Positive
twifil-01588,"أنثى دب أشيب ""غريزلي"" يغطيها الثلج في مقاطعة يوكون الكندية.. تندفع الدببة في الخريف نحو الجداول والأنهار بحثاً عن…",1,neutral,Neutral
twifil-01590,يسعد صباحك يارب 🙏 و يجعل نهارك معطر بريحة الورد 🌷🌼,2,positive,Positive
twifil-01591,I'm dying no joke really anyone can see how i'm shaking :(((,0,negative,Negative
twifil-01595,B,1,neutral,Neutral
twifil-01596,بماتفكر,1,neutral,Neutral
twifil-01599,انت مكاش كاع,0,negative,Negative
twifil-01600,لوكان أردوغان عايش في دولة استبدادية تفرض فيه إقامة جبرية دون سبب لن يقفز من الشرفة لكنو راح يسويسي…,0,negative,Negative
twifil-01603,So beautiful😍💓 and cute😍 Thank you so much my friend 🙏 Happy day☀,2,positive,Positive
twifil-01605,مازال ملقيتوش حل للمواطنين لتعرضو لجريمة انسانية بدوار اولاد شريف بلدية وادي التاغية ولاية معسكر ايام عيد الاضحى ال…,0,negative,Negative
twifil-01607,اسالتي الكثير وان تردي علي ان كان ممكن تم الالتحاق بنجاح,0,negative,Negative
twifil-01608,Maybe but ALEXA on Windows will undoubtedly be a plus to Windows ecosystem.,2,positive,Positive
twifil-01610,"Révéler des faits ,ne veut pas dire insulter ,par contre vo…",0,negative,Negative
twifil-01612,"مع إشراقة صباح هذا اليوم تذكر إن أفضل وقت للسعادة هو الآن .. فلا تأجل سعادتك أو تعلقها بالآخرين,, صباح السعادة,,,",2,positive,Positive
twifil-01614,When Emma and Flap interact Melwood TOA,1,neutral,Neutral
twifil-01615,صباح خير,2,positive,Positive
twifil-01616,gratte pas l'amitié pas d'nouveau amis 🤫,0,negative,Negative
twifil-01617,تقديري واحترامي الكبير لكي سيدتي,2,positive,Positive
twifil-01618,bloglife makeupartist blogspot beautyblog blogger foodblogger beautyguru beautyblogging youtubeblogger…,1,neutral,Neutral
twifil-01619,NewProfilePic بنخيتي السمحه💜,2,positive,Positive
twifil-01621,🇩🇿🇩🇿🇩🇿😂😂😂🇩🇿🇩🇿🇩🇿🤠🤠🤠🇩🇿🇩🇿🇩🇿🇩🇿🧙‍♂️🧙‍♂️🧙‍♂️,2,positive,Positive
twifil-01622,أنا ياللي حكايتي .. وحكايتك .. ولا الأساطير 😍 مفيش عشاق .. في يوم غيرنا .. عاشوها كثير 💕 حكاية شوق .…,2,positive,Positive
twifil-01623,صح النوم لماذا لم تصرح بهذا آنذاك؟,0,negative,Negative
twifil-01624,😂👌,2,positive,Positive
twifil-01625,😍😍😍 ان شاء الله يارب 🙏,2,positive,Positive
twifil-01630,كل التقدير و الإحترام أخي ، عليه أفضل الصلاة السلام.,2,positive,Positive
twifil-01633,The Democrats have decided .. they have chosen illegals over YOU And our Military 💯%. military Marines DACA Noko,0,negative,Negative
twifil-01636,الجزائر-البنين توقيت المبارات+القنوات الناقلة الجمعة 12 اكتوبر 2018 ملعب مصطفى تشاكر (البليدة) 20:45 بتوقيت الجزائ…,1,neutral,Neutral
twifil-01637,ماهو سبب,1,neutral,Neutral
twifil-01638,ههههههههههههههههههههههههههههههههعجبتني تاع عبد القا,2,positive,Positive
twifil-01639,كان مسلسل حلو ليش وقفووه يلعن زوءهم😏😏😏,0,negative,Negative
twifil-01640,i pleut je suis yomb,0,negative,Negative
twifil-01641,في انتظار ابداعاتك المتميزة ماجد المهندس,2,positive,Positive
twifil-01643,بلعقل على اللغة تاع الناس راك ذبحتها من الوريد إلى الوريد 😂😂,0,negative,Negative
twifil-01645,"Fonction de frustration cédée par va être occupée par Daniel , le Con- Bandit (Sans…",0,negative,Negative
twifil-01646,شو هالحلاوة,2,positive,Positive
twifil-01647,. Si peu violente ma diatribe concernant la philosophie de Bernard Levy que je situe à une sort…,0,negative,Negative
twifil-01649,صدق الله العظيم ونبيه الكريم صلى الله عليه وسلم,2,positive,Positive
twifil-01650,بنات شهر سبتمبر يتميزن بالاناقه والشياكه والثقه بالنفس 🤓😂😂😂 كل عام و انتن ملكات ❤,2,positive,Positive
twifil-01651,700dayswithEXOCBX 🎉🎊,2,positive,Positive
twifil-01654,اردت شيئا واراد الله شيئا والحمد لله على كل حال,2,positive,Positive
twifil-01655,يادكتور ، هداك الله ، هذا أنت المثقف ! المطلع على حقائق التاريخ وتفاجئ قراءك بكلام محبط ! ن…,0,negative,Negative
twifil-01656,"بالصور.. ""عربي21"" تنشر تسلسلا زمنيا كاملا لقضية خاشقجي",0,negative,Negative
twifil-01657,Mirci,2,positive,Positive
twifil-01659,"مساء الياسمين من تونس الخضراء 🇹🇳💚,",2,positive,Positive
twifil-01662,بدك تفهميني أنك مشهورة 😌😌أكثر مني ويدك واصلة 😂😂😂ذكية,2,positive,Positive
twifil-01664,"✨😄 In liveme,ain't nothing like a weekend with no obligations دلوعهUAE:LiveMe",2,positive,Positive
twifil-01665,I was watching a live stream here on Twitter and I saw a guys with 7 red huge suitcases walking thro…,0,negative,Negative
twifil-01666,نعم هد صحيح آمنة 100/100 وربي يحفضه,2,positive,Positive
twifil-01667,"Bizim de yalımız yok, sizin kitapları ne yapalım şimdi?",0,negative,Negative
twifil-01668,No,0,negative,Negative
twifil-01669,احلام نومية وسعيدة راهي راقدة في دراهم,2,positive,Positive
twifil-01671,هل عرفتي صاحب الغمازه?????,2,positive,Positive
twifil-01672,كاين في السوق ولت بلاش,2,positive,Positive
twifil-01674,ذكريات طفولتك مع الانمي,2,positive,Positive
twifil-01675,ممالك الاندلس تتشاجر على جزية سيدهم ملك قشتالة.نحن اليوم أحوج لرجل مثل ابن تا…,0,negative,Negative
twifil-01676,Aguero Chelsea ??,1,neutral,Neutral
twifil-01677,"Kasbah, Alger, Algeria.",1,neutral,Neutral
twifil-01678,KenzaInMissGold Love you kenza,2,positive,Positive
twifil-01679,c4fbb25f655ef47d2000da0706d69855bc8fbd37a8514d1b099dfe816e1d2b2da39b5d2ca9cfac90c953e25260f96512ba0608596286005b47c…,1,neutral,Neutral
twifil-01680,i wouldn't do that for M1$ girl you are insane,0,negative,Negative
twifil-01682,لو قلنا لك ياشيخ محمد اننا والله لنحبك أكنت تُصدقنا {هذا التعليق خرج مخرج الحُب ولا نشك انك تحبنا ونحن أك…,2,positive,Positive
twifil-01683,"Le journal,la telivision algerienne ont les noms des voleurs en france des biens immobilier du roi mezianifarid d'algerie ce2018.",0,negative,Negative
twifil-01685,إن كان الخبر صحيحا ، فإن أردوغان ملم بأوضاع العالم والإقليم، لذلك أعد العدة ، اتقاء لغد مجهول معلوم !! هؤلاء من الص…,2,positive,Positive
twifil-01687,ان شاء الله نكريو بجنب بعصنا ونخليهولك عشرة ايام حتى تشبعي منو,2,positive,Positive
twifil-01688,هذا ما يحسن ،الخداع و المكر و الخيانة,0,negative,Negative
twifil-01689,الجزائري مزاجي بطبعه ... و ينسى أن تويتر أصلا صراع أفكار ... لا فرق فيه بين إمرأة و رجل بين مسلم و كافر…,0,negative,Negative
twifil-01690,وانضر في عيني ترويلك قصص,2,positive,Positive
twifil-01691,اعطوا ظهوركم لدخان المدافع والدبابات وانتبهوا للسبورة مستقبلكم في العلم لا في الحرب ...😉😍,2,positive,Positive
twifil-01694,صباح الثلاثاء 😊 👋 Hi,2,positive,Positive
twifil-01696,يا جارتي.. مازلت أحترمك وليس هذا بإعجازي ولم آتيك بجيش غازي فلا داعي لإفتزازي فما ذنبي إن ر…,0,negative,Negative
twifil-01697,طبعا الذي كان يسبح هو نيمار 200مليون دولار,1,neutral,Neutral
twifil-01699,السلام عليكم ورحمة الله وبركاته : أذكركم ونفسي بأذكار الصباح وتجديد النيه في كل صباح وﻻتنسوا وردكم اليومي من القرآن…,2,positive,Positive
twifil-01701,قلبك راهو معمر باين عليك بنت بلادي,0,negative,Negative
twifil-01702,🍁🍂الحياة جميلة بالتقوى ، رائعة بالإحسان ، بديعة بالتواصل ، اللهم خفف علينا ثقل الأوزار ، وأرزقنا معيشة الأبرار ، وأ…,2,positive,Positive
twifil-01703,من المؤسف أني احتاج لنصايحي اللي اعطيها للكل.,0,negative,Negative
twifil-01706,ادا رفضت وراجعت مواقفها من قضية فلسطين ومقاومة فلسطين اكيد كل الدول والشعوب الاسلامية يقفو بجنبها ولو كلف الامر حياتنا,0,negative,Negative
twifil-01708,Toute l'Algérie pue le tabac chiqué 3a sbah Rabi 😷,0,negative,Negative
twifil-01709,الجزائر في قلوب الجزائريين حفظك الله وستر شعبك الجزائر نموت عليك يااحلى جزائر انتي وشعبك وكلشي فيك والله روعة وقمة,2,positive,Positive
twifil-01710,Ahora Muy Feliz Noche Mis Amigos ❣️ DulcesSueños 🌜😴,2,positive,Positive
twifil-01711,3اكتوبر 2018 👌✍️,1,neutral,Neutral
twifil-01713,StartupChallenge Total Algérie 2 eme édition 2018-2019 Startupper Startup Dz Algeria,1,neutral,Neutral
twifil-01714,Merci ❤🙏,2,positive,Positive
twifil-01715,SouhilaBenLachhab لكل سهلاويين وكل الجزائريين ولاخوة المسلمين,2,positive,Positive
twifil-01717,ورق الغار,1,neutral,Neutral
twifil-01719,جمعةةمباركة اخي,2,positive,Positive
twifil-01721,قال شيخ الإسلام رحمه الله: ما انتقم أحد قط لنفسه إلا أورثه ذلك ذلاً في نفسه، فإذا عفا أعزه الله. وهذا مما أخبر به…,0,negative,Negative
twifil-01722,علي بن دميثان القمزي مدير خدمة عملاء شركة نخيل هو بالظبط النوع الثاني من المسؤولين ... ومع كثرة أخطاءه و…,0,negative,Negative
twifil-01723,اويحي لا يحوز له الدخل في شأن البرلمان ويطلب من المحاهد سعيد بوحجة الاستقالة .. بالله عليك يا سي احمد فه تهمك استقالته انت خايف على حكومتك .,0,negative,Negative
twifil-01724,مبرووووك جووو تستاااهل ها المحبه لان عم تعكس محبتنا وعشقنا اللامحدود لشمسنا الجزائر,1,neutral,Neutral
twifil-01725,التفكير,2,positive,Positive
twifil-01729,you are on the list to be a part of the next mv ?? i don't know e…,1,neutral,Neutral
twifil-01730,"La soumission de la femme vient naturellement lorsqu'elle se sont aimer , protéger et valoriser par son homme.",2,positive,Positive
twifil-01732,عليه رحمة الله,0,negative,Negative
twifil-01734,احسنت المقولة ربي يخليك ويحفظك 👍👍👍,2,positive,Positive
twifil-01737,"une école avec une mauvaise administration , aucune personne ne reponds sur mes emails ou sur mes a…",0,negative,Negative
twifil-01738,-- لِـي إِخـوةُ حُبهـﻣ فِي الـرُّوحِ متصـِلٌ وَالـفكرُ فِيهـﻣ وَإنْ غَابـُوا لمنشَغـِلٌ -- صبرًا,2,positive,Positive
twifil-01740,بعد خمس سنوات رزقنا الله رزق كبير وفرحنا بفرح,2,positive,Positive
twifil-01742,Muy Feliz Mes De Octubre Mi Rey Willy 🙋💗💗💗 Y Muy Feliz Lunes 😍😍😍 WilliamLevy LevyMundo,2,positive,Positive
twifil-01743,لباس,1,neutral,Neutral
twifil-01744,bb818e4e4c0f66e620b3730ceda7da7b480d156b07edce48a9d7c5e998fe7a3f66d42230692f805e16b992b2571f9273469e0e726e1a2c57a5f…,1,neutral,Neutral
twifil-01745,لا تشتري مالا تحتاج حتى لا تبيع يوما ماتحتاج,0,negative,Negative
twifil-01746,فواز يثبت أن لله عز و جل كاهل. لا حول و لا قوة إلا بالله,1,neutral,Neutral
twifil-01747,Vient de publier une photo à Université Saad Dahleb Blida1 USDB,2,positive,Positive
twifil-01749,😊😊😊,2,positive,Positive
twifil-01751,تبا,0,negative,Negative
twifil-01752,ولو يسألها على قواعد العشق الاربعون ؟😭,0,negative,Negative
twifil-01753,محرز قدم مباراة جميلة رغم تضييعه لضربة الجزاء 👌 نهاية المباراة بالتعادل السلبي ليفربول 0 🆚️ مانشستر سيتي 0…,2,positive,Positive
twifil-01754,"صباح الخير , يومك مبارك !",2,positive,Positive
twifil-01756,وما زلت تروي شحوب السبيل بصوت يحن عليه العليل بشيء توغل بين المساء تغطى طويلاً بذاك الرداء بطيف تناثر حتى جرى…,2,positive,Positive
twifil-01757,On peut lire sur le socle de la Statue de Vercingétorix à Alise-Sainte-Reine (Bourgogne). « La…,1,neutral,Neutral
twifil-01758,انت شاهدت المباراة؟,1,neutral,Neutral
twifil-01759,راكي تكلاشي من خارج الوطن ههههه,0,negative,Negative
twifil-01760,Force a ce soldat,2,positive,Positive
twifil-01761,معليش ي اصاليين انا اتفق مع فجر في هالكلام بس اسمعوه …,1,neutral,Neutral
twifil-01763,scattered clouds -> fog temperature down 10°C -> 8°C humidity up 93% -> 100%,1,neutral,Neutral
twifil-01764,Laisse c’est un rajeux pour ma part j’ai pas beaucoup aimé fmab HxH est 1000 f…,0,negative,Negative
twifil-01765,ربي يدوم الضحكة,2,positive,Positive
twifil-01766,كلام جميللللل😍😍👍,2,positive,Positive
twifil-01767,•ثق بالله ..🍀,2,positive,Positive
twifil-01769,Pas de problème kalatha fi galbha,0,negative,Negative
twifil-01770,My go to makeup look for work💼...simple & easy with a little baby wing✨ Should I make a video for it🤔 • • • •…,2,positive,Positive
twifil-01771,تاثير عامل السن,0,negative,Negative
twifil-01773,"Heureusement qu'il y a la musique, pour adoucir les moeurs. Ça change de la lourdeur de la politique…",2,positive,Positive
twifil-01774,Wow super akrabe,2,positive,Positive
twifil-01775,"من أحسن الكلام اللى سمعته ، فرعون وهو يغرق قال ""أغثنى يا موسى 70 مرة ولم يغثه فـأوحى الله لكليمه موسى : استغاث بك ف…",2,positive,Positive
twifil-01777,فدوة لعيونج على قولت صدام تستاهلي كل الحُب والله🥺🥺💙💙😩,2,positive,Positive
twifil-01778,اللهم نسالك الطمانينه 🙏,2,positive,Positive
twifil-01779,e80ef015c737e41220fd4596b9a12d0bc93abef543df853177f5e4c15722fe6e3c753bd08e3b425ec24a68e4d368a50e1e681d41783821d32c9…,1,neutral,Neutral
twifil-01780,Quand on arrive à se remettre en cause...,2,positive,Positive
twifil-01782,قل لاحول ولا قوة الابلله العلى العظيم ماتطلع الشمس واماتغيب الا بي اذنه وهو الخلاق العظيم سبحان الله العظيم الله اك…,2,positive,Positive
twifil-01783,قال النبي صلى الله عليه وسلم : (إن من أفضلِ أيامِكم يومُ الجمُعةِ، فيه خُلِقَ آدمُ وفيه قُبضَ وفيه النَّفخةُ وفيه ا…,2,positive,Positive
twifil-01784,يحاربون كل ماهو جميل في هذه المدينة المسكينة أين أنتم يا مثقفي بسكرة ... أين أنتم يا رجال بسكرة ؟ ... أين أنتم يا م…,0,negative,Negative
twifil-01785,صباح الخير حياة,2,positive,Positive
twifil-01786,انسيت 😶,0,negative,Negative
twifil-01787,لا تخبرينى الي اين تمضين بعدي ولا اين اذهب بعدك لأن .. لا بعد بعدك ..! torche akramtorche bang 🔫,2,positive,Positive
twifil-01790,العظمة ليس في القول بل في الفعل,0,negative,Negative
twifil-01791,je me suis remis au sport après avoir trouver un complexe sportif qui répond à mes attentes 😍😍,2,positive,Positive
twifil-01795,Repose Toi En Paix CharlesAznavour 🙏🙏🙏,2,positive,Positive
twifil-01796,Moi je suis en Algerie et je l'écoute en live mais sur internet bien sûr!,1,neutral,Neutral
twifil-01799,Super photo,2,positive,Positive
twifil-01800,le patron bientôt du retour 💪👑🇩🇿,2,positive,Positive
twifil-01801,فياتشيسلاف بولوسين مستشار نائب بطريرك الكنيسة الارثوذكسية الروسية (سابقاً) أمام الكعبة المشرفة بعد أن اعتنق الإسلام…,2,positive,Positive
twifil-01802,غباء.....,0,negative,Negative
twifil-01804,Vue agrèable.....,2,positive,Positive
twifil-01805,ربي يدوم المحبة,2,positive,Positive
twifil-01806,الحمدلله,2,positive,Positive
twifil-01807,اكتشفت ان الممثلة الي لعب دور أزومي فوجيتا بالمسلسل هي نفسها الي لعبت دور كيوكو بفيلم Ex Machina 😍❤️ بعد ظهورها في…,2,positive,Positive
twifil-01808,iHeartAwards BestFanArmy BTSARMY 10,2,positive,Positive
twifil-01809,على طول يا حبي 😂😂,1,neutral,Neutral
twifil-01810,هــنــالــك أنـــاس حين تفكر فيهم يتساقط المطر على قلبك .. وتشعر أن ذاكرتك قد أزهرت فجأة .. وتتسلل إبتسامة كبيرة…,2,positive,Positive
twifil-01811,تخفيضات لا تعوّض في متاجر الشرق الاوسط 😍🤤,2,positive,Positive
twifil-01812,كتاب بدائع الفوائد. أهداه لي صديقي، يعلم أني محب لمؤلفات ابن القيم.,2,positive,Positive
twifil-01813,Machaa allh 😊,2,positive,Positive
twifil-01814,نسأل الله السلامة والعافية وأن يهدي نساء المسلمين,2,positive,Positive
twifil-01816,تماما 😅😂,2,positive,Positive
twifil-01818,يبقى السيد معالي الوزير ايقونة التواضع بثقافته العالية وادبياته الله يحفظ,2,positive,Positive
twifil-01819,ماشاءالله عليك ☺,2,positive,Positive
twifil-01820,Mais ...Il faut mettre en prison tous les monstres. ..Hulot. ..Darmanin. .de…,0,negative,Negative
twifil-01821,أخي,1,neutral,Neutral
twifil-01822,1km hhhhhhh🤣🤣🤣🤣😉😉😉 كم كيلو تمشي في اليوم برجولك,2,positive,Positive
twifil-01823,Mais non il faut parler au gens qui pensent le contraire afin de les convaincres,2,positive,Positive
twifil-01824,صحيح... ان شاء الله الاستمرارية و فقط,2,positive,Positive
twifil-01826,EXO EXOPowerDubai ⛲ WelcomeToDubaiEXO,2,positive,Positive
twifil-01827,"""La douleur change les gens , mais elle les rend également plus forts.""",2,positive,Positive
twifil-01828,صباح لخير ☕ صباح لبهجة وألوان 💓👑🌸🌼🍀🌿☀🌺🍃🍂🌽⛅,2,positive,Positive
twifil-01829,Günaydın😍😍,2,positive,Positive
twifil-01831,يما قورايا ولاية بجاية شمعة المتوسط 😍 الجزائر اكتشف الجزائر Pic des Singes Béjaïa 🇩🇿️💦 Algérie Algeria,2,positive,Positive
twifil-01832,اذا ضاقت بكي الدنيا فقولي يا الله .....يلب ارح قلب صديقتنا,2,positive,Positive
twifil-01833,اتمنى منك طلب ياسمو الاميرة,2,positive,Positive
twifil-01834,Karma bitch,1,neutral,Neutral
twifil-01835,Remember how you ignored ur partner’s post 🖕 Ibrbir SiyahBayazAşk,0,negative,Negative
twifil-01837,"Ciel, je t'en prie mets fin à tout ces mensonges et cette hypocrisie que l'on déverse sur nos tètes. Notre chère Pl…",0,negative,Negative
twifil-01838,🌷*فيه رجال يمهره ثيقى بالله وأنتى عندنا إسمكى زهرة ملامح عربية وبنت المشاييخ من رأس الخيمه حت الى طنجا بنت الوطن ا…,2,positive,Positive
twifil-01842,سأڪﮧون دومــﮧﮧاً 😍معــــﮧكَ. مَا أردتُ مِنَ الدّنـــيـﮧا شَـيـئـﮧاً غـــيـﮧركَ. ستجدني نبــــﮧضـﮧاً❤️لــقلــبـﮧك.,1,neutral,Neutral
twifil-01843,الله ما ليجعلن من صديقين,0,negative,Negative
twifil-01844,d0cf19541bc46f6520aaf9f04ad65242145d10ddd6c7e9c22d10d9396e9f8aba9c82ec1b1a215f6335820e21efa4460655bc76666ab330bb62c…,1,neutral,Neutral
twifil-01846,VOTE make me cry cry TheMusicVideo IDOL BTS⁠ ⁠ PCAs,2,positive,Positive
twifil-01847,New profile picture 👄🤳🏻,2,positive,Positive
twifil-01848,الله يبشرك بالخير ياديوث....دنستم أرض الحرمين أنت وامثالك من ال سلمان لي ركع للامريكان,0,negative,Negative
twifil-01849,On a beau chercher pourquoi MarineLePen n’aime personne ? Il n'y a qu'une bonne raison à en donner : c'est qu'elle…,0,negative,Negative
twifil-01850,More than a coffee !!! sabrinabaroun wednesday workinggirl workingprogress coffeelover…,2,positive,Positive
twifil-01851,الجدية والأدب التزم بها الأستاذ محفوظ نحناح سنة 99 وربح الشعر مع احترامي له ، هذه العصابة لا حدود ل…,0,negative,Negative
twifil-01852,La tolérance française ....Un exemple,1,neutral,Neutral
twifil-01853,يا أستاذة ! أإلى هذا الحد ؟! لو كان بنو آدم يغدقون من صفاء عواطفهم ربع ماتقولين...... لدُفن الأذى ! ولتو…,0,negative,Negative
twifil-01854,تستقبلون زوج إفنكا أكبر يهودي يذخل السعودية ويستقبل أحسن إستقبال ويأخذ أموالكم وتتكلم على العلاقات,0,negative,Negative
twifil-01855,My hope 😍💞💖💘oppa Jhope I miss you so much 😍💞💖💘I love you oppa.. Take care and keep smiling 😍💞💖my wonderf…,2,positive,Positive
twifil-01856,قال ابن قتيبة رحمه الله : قال رجل لآخر : ” بلغني عنك أمرٌ قبيح .. فقال : ياهذا ، إن صحبة الأشرار ربما أورثت سوء ظ…,0,negative,Negative
twifil-01858,I love him fucking much and it hurts,2,positive,Positive
twifil-01860,*أسماء إناث بعض الحيوانات في اللغة: 🦁الأسد: لبؤة. 🐅النمر: عسبرة. 🐇الأرنب: خرنقة. 🦌الغزال: خنساء. 🐺الذئب: سرحانة. 🐴…,1,neutral,Neutral
twifil-01861,بلادي و بلاد أجدادي بلاد الأسود و اللبؤات,2,positive,Positive
twifil-01862,نقولو,1,neutral,Neutral
twifil-01863,اللهم اشفي امي انت الشافي لا فاء الا شفاؤك شفاء لا يغادر سقما iHeartAwards BestFanArmy BTSARMY,2,positive,Positive
twifil-01864,أنها الحرب,0,negative,Negative
twifil-01866,2dc427d7d8c1231620d184ce22b2a70137e16ea4f125874d36e240c3ff3ac76c1304e55324d63a83fb7eb8ff59caeef58516a9c7aa110574018…,1,neutral,Neutral
twifil-01868,وَبِالْأَسْحَارِ هُمْ يَسْتَغْفِرُونَ,0,negative,Negative
twifil-01869,🎧🎧 O kiddan? YoYoPaagalSingh @ My Kitchen,1,neutral,Neutral
twifil-01870,الرد على السفيه سفاهة.,0,negative,Negative
twifil-01872,ششلبي,1,neutral,Neutral
twifil-01873,نتمنى ذلك ان شاء ألرحمان,2,positive,Positive
twifil-01874,"Ok cool, I’ll look into it. Istanbul street artists are great 👍",2,positive,Positive
twifil-01876,● قال الحسن البصري - رحمه الله تعالى 《 من عَيَّرَ أخاه بذنبٍ قد تاب منه ، ابتلاه الله به 》 📓📙 |[ الزهد لأحمد (۱…,2,positive,Positive
twifil-01877,ويسعد قلبك يا رب,2,positive,Positive
twifil-01878,العفو اختي,2,positive,Positive
twifil-01881,with u to be always fine ....…,2,positive,Positive
twifil-01882,جاء احد اقاربي يافرجده للحج وتوقف بالقدس سنة 1930 وهو الان يبني في بيت لجيجل وهواستادجامعي بالخليل يقول ان اجرته لش…,2,positive,Positive
twifil-01884,يسعد مساؤك بلورد وزهور اسعد 👌 كل من اسعدني ولم يكن لي,2,positive,Positive
twifil-01885,رمز القضية الفلسطينية ههههههههه,2,positive,Positive
twifil-01886,بلاغ هام .... ليست ملتزمة و تدافع عن السلفيين و المحجبات ...☠️ للعلم مما قرأت مؤخرا أن كلمة…,0,negative,Negative
twifil-01887,Bonjour a ttes & a tous !,2,positive,Positive
twifil-01888,"Un selfie de lors de son voyage officiel aux Antilles françaises fait jaser. Samedi, lors de son pa…",0,negative,Negative
twifil-01890,je crois que je vais faire un thread sur valverde pour me defoule sur cette merde,0,negative,Negative
twifil-01891,يظل الإنسان في هذه الحياة مثل قلم الرصاص تبريه العثرات ليكتب بخط أجمل✏ و هكذا حتى يفنى القلم ،،فلا يبقى له إلا جم…,1,neutral,Neutral
twifil-01892,: إليسا تغرّدُ عن الحُبّ… “لا تُؤجّلوه”!,2,positive,Positive
twifil-01893,من يدق بابك هو الذي يريدك بصدق ..أما الباقي ..فمحض ادعاءات وترهات ..,0,negative,Negative
twifil-01895,يااارب أعطني كل شيءٍ أتمناه 🤲,2,positive,Positive
twifil-01896,ما أجمله من صباح ما أروعه من يوم وما أطيبها من ساعات تبدأ بذكر الله,1,neutral,Neutral
twifil-01897,Don't mess up my tempo Bow down to the kings EXOComingSoon,2,positive,Positive
twifil-01898,احسن الظن,2,positive,Positive
twifil-01899,صباح الخيرات,2,positive,Positive
twifil-01900,فرق بين كلمتي غمره البحر و بين جرفته مياه البحر ، المسجد مقام على سرايا داخل البحر و لم يجرفه بل غمرته المياه الزائدة ..,0,negative,Negative
twifil-01901,صدى البلد: بعد تجربة مريرة.. إليسا تدعم ملكة جمال لبنان بسبب مرض السرطان,1,neutral,Neutral
twifil-01903,الله يرحمك يا اختي,2,positive,Positive
twifil-01904,شف مين يتكلم عن الحب هههههههههههههههههههههههههههههههههههههههههههههههههههههههههههههههههههههههههههههههههههههههههههه,0,negative,Negative
twifil-01905,ههههههههههههه وكيفاش مانشفالوش. ويسو تشفاي؟,2,positive,Positive
twifil-01907,سرقتُ من إسمُك إجابه ! 😌 عندما سألوني ماهي الحياه,2,positive,Positive
twifil-01909,EXO ComingSoon EXO weareoneEXO EXOPLANET Life is not a life without EXO comeback,2,positive,Positive
twifil-01910,"CELA AURAIT ÉTÉ MIEUX SI CETTE SOCIÉTÉ ÉTAIT ""LUBRIFIANT ALGERIE"" FILIALE DE SONATRACH LA CRÉATIVITÉ A ÉTÉ INHIBÉE EN ALGERIE",0,negative,Negative
twifil-01911,ابدا يومك بان لاتقل مالا تحب ان يقال لك,2,positive,Positive
twifil-01912,""" وما تسقط من ورقة إلا يعلمها "" .. وإن غلبك الحزن والضيق يوماً .. فلا تنس أن هنالك رباً رحيماً لا يغفل عنه سقوط ور…",2,positive,Positive
twifil-01914,🤣🤣🤣🤣أيها الشرير هههه,2,positive,Positive
twifil-01915,مستواء التطور الحالي ينبئ بإزالة العديد من الحواجز مثل الحدود و صعوبة التنقل وصعبات التوصل بإستخ…,2,positive,Positive
twifil-01916,هي,1,neutral,Neutral
twifil-01917,C'est cela. ..Vous préférez la guerre. ..parce que les USA sont derrière vous...Vous oub…,0,negative,Negative
twifil-01918,كيفك,1,neutral,Neutral
twifil-01920,ايه 13 وجه🤗🌷,0,negative,Negative
twifil-01921,الجزائر,1,neutral,Neutral
twifil-01922,هل أنت مع أو ضد إقالة الوزير الأول أحمد أويحيى ؟! بوتفليقة Algérie Bouteflika OUYAHIA Sonatrach,0,negative,Negative
twifil-01923,كوني أخالفك الراي لا يعني أني عدوك ، و لا يعني اني ابغض أهلي وعشيرتي او بلدي,2,positive,Positive
twifil-01924,"""صباح الخير لـ ضحايا المنبّهات المزعجة"".❤️✋",2,positive,Positive
twifil-01925,نهاركم زين حبابي ❤ سيرايدي ولاية عنابة الجزائر,2,positive,Positive
twifil-01926,صل الله عليه وسلم,2,positive,Positive
twifil-01928,هذا ما هو مكلوب إلا كلب 😂😂,1,neutral,Neutral
twifil-01929,These times are hard but they will pass,0,negative,Negative
twifil-01931,امين اجمعين ان شالله,2,positive,Positive
twifil-01932,لا أنكر يوماً أني سئمت الحياة ولا أنكر ضعفي من بعض الظروف ولكن بداخلي روح تمنحني القوه كلما تذكرت أن الله إذا أحب ع…,2,positive,Positive
twifil-01939,🥀💐🌹AMIN🌹💐🥀 🌼🌷🍁🌾🌸RABI YAHFDEK🌼🌷🍁🌾🌸 🌹🌹🌹GOLI AMIN🌹🌹🌹,2,positive,Positive
twifil-01940,ازول فلام اثمربوحث,2,positive,Positive
twifil-01941,"تويتر بفلوس "" لايمكننا تصديق ان هذا الموقع مجاني "" التغريدة مدح لأنفسهم ""موقعنا رائع جدا لدرجة اننا مش مصدقين…",2,positive,Positive
twifil-01942,الصديق وقت الديق.,2,positive,Positive
twifil-01943,"Dézédie ! Et la prochaine étape? Peuple, dégage !",0,negative,Negative
twifil-01945,ce n'est pas elle qui a été arrêter pour appartenance à DAECH ?,0,negative,Negative
twifil-01946,أهم فائدة هاديك هي فقتلها نتا صاحبي 😁,2,positive,Positive
twifil-01948,✍ قال الإمام القرطبي رحمه الله تعالىٰ: قال الأستاذ أبو إسحاق الاسفرايني : صحب ذو النون الحوت أيامًا قلائل فإلىٰ يوم…,1,neutral,Neutral
twifil-01949,نادين نجيم احببت تمثيلها اكثر بمسلسل لو وطريق كل التقدم لاغلى جوهرة عربية تحية حب من الجزائر,2,positive,Positive
twifil-01950,Ohhh tu es gentille toi aussi tu es très belle,2,positive,Positive
twifil-01951,"Siel montre des défauts dans sa verve de colère mais aussi des imperfections dans ses tweets-torchon ,dues à la h…",0,negative,Negative
twifil-01952,للأسف ....أعلم ...,0,negative,Negative
twifil-01953,محلات صغيرة نجد بها كمرات مراقبة كيف لا نجد تسجيلات في سافرة المملكة بتركيا خاجشقي السياسة فيها الغرائب,0,negative,Negative
twifil-01954,أبشر يا من صلى على النبي ﷺ بأربع: عشر صلوات، وعشر حسنات، وعشر درجات، وتكفير عشر سيئات. صلوا على النبي,2,positive,Positive
twifil-01955,"""ما فُتحت مغاليق الأمور بمثل قولك (لا حول ولا قوة إلَاّ بالله) ولو يعلم صاحب الحاجة ما في هذه الكلمة من العون والتوفيق والسداد ما تركها""💕",2,positive,Positive
twifil-01956,ضعنا ضعنا ضعنا 😂😂😂💃🏻😭,0,negative,Negative
twifil-01958,💥جديد💥 🎥 مكالمة هاتفية للإخوة بمدينة بئر العاتر ولاية تبسة مع الشيخ ابي عبد الحليم عبد الهادي حفظه الله فيها كلمة ت…,2,positive,Positive
twifil-01960,هههههههه مش انا طبعا😁😁😁,2,positive,Positive
twifil-01961,WHY DID U COME I HATE U NO I LOBE U BUT I HATE U FU K I CAN'T DECIDE UGGGHHH FUCK OFF I NEED U BUY I NEED TO STOP B…,0,negative,Negative
twifil-01962,we are trending BTSGoToSleep help pleaase !! hhhh,2,positive,Positive
twifil-01963,من الخليج إلى المحيط لا يوجد رجل مناسب في مكان مناسب,0,negative,Negative
twifil-01964,انت مغرور ..انت معدوم الشعور انت زى الزينه ديكور واللى عاشرك.. معذور .. مغرور جديد الهضبه عمرو دياب ايه ده جامدة اووووي 👍👏👏😍😍,0,negative,Negative
twifil-01965,الكلاب تنبح والقافلة تنبح وكل شيء ينبح في هذه البلاد و لا أحد يسير 😕 وين رايحه بلادنا,0,negative,Negative
twifil-01966,غفر الله لنا و لكم,2,positive,Positive
twifil-01969,لو سمحت ممكن إرسالي صورة مهدي مسردب لي اضك شوى .ههههههههههه,2,positive,Positive
twifil-01970,Trenchtown w/ forstermeeks ⛄️ | 📹 feralwills | _ meeks throwback trenchtown shacked cliffdrop powskiing…,1,neutral,Neutral
twifil-01971,فخورين بك يا ابن وطني العزيز ربي يوفقك,2,positive,Positive
twifil-01972,هذا رحل و هذا زعل و هذا غيرته الايام وكله دون سبب أن الأصيل يبقى أصيل و ان الدنيا لا تقف على أحد ✌️,0,negative,Negative
twifil-01973,Il faut protéger Tarik Ramadan. ..Car l'injustice française utilisé une…,0,negative,Negative
twifil-01974,😊💤,2,positive,Positive
twifil-01975,الى كل من يفكر في الجزائر بسوء نية وخاصه بناتها نقلو,0,negative,Negative
twifil-01976,هلا مدريد,2,positive,Positive
twifil-01977,😣 بليوم رآه قعد معايا سمانة واش نحكي واش نخلي,0,negative,Negative
twifil-01978,قباني وقصر الحمراء في الاندلس,1,neutral,Neutral
twifil-01981,اللهم نسألك العفو والعافية,2,positive,Positive
twifil-01982,نعم تعربنا ولكن هذا الشيء راح دوكا الناس توعات وتثقفت تستطيع ان تسمي اولادك باسامي امازيغية,2,positive,Positive
twifil-01983,مساء الورد,2,positive,Positive
twifil-01984,ضحايا القطار الله يرحمهم ويجعل مثواهم الجنة ويصبر عائلاتهم،وربي يشفي الجرحى🙏 بزاف أثرت فيا هادي الحادثة لأنه القطا…,0,negative,Negative
twifil-01986,أحسن حل نلعب بموريو كظهير يمين ونفكنا من المشاكل,0,negative,Negative
twifil-01987,"current weather in Algiers: few clouds, 27°C 74% humidity, wind 6kmh, pressure 1017mb",1,neutral,Neutral
twifil-01988,📌 . كُنِ الصباحَ الذي يهفو له البشرُ كُنِ الضياءَ الذي يصفو به البصرُ لا شيءَ يبقى سوى خيرٍ تجودُ بهِ وبسمةٍ مثل…,2,positive,Positive
twifil-01990,الحق الحق.. قلبي لك نطق بكى واشتكى من نار هواك إحترق ما بال قلبك قاس جبار ما رفق أشفق على قلبي قد أنفتق…,0,negative,Negative
twifil-01991,صباح الخير à Sfax,2,positive,Positive
twifil-01992,On mange des khfefs. ..,2,positive,Positive
twifil-01994,Sch sadek quel vie jsui empli de joie,2,positive,Positive
twifil-01995,نتي متناقيضه كيف لا يهم الحروب وصراعات وكيف يكون لكي احضان امك وعائلتك وجدتك ووووو لا احد يبقى لكي. ارجعي لي صواب,0,negative,Negative
twifil-01996,بزاف دالأحداث,0,negative,Negative
twifil-01997,كلّ الأشياء ترحل بعيدًا عنّا وقد لا تعود إلينا إلا الدعاء لله تعالى ... فإنّه يرحل بتراتيل الرجاء منّا ويعود بأر…,2,positive,Positive
twifil-01998,💞BEAUTY 😍💓😘💞🐦💞🐦💞👇,2,positive,Positive
twifil-01999,"اجيبوا داعي الاحتكام لكتاب الله القران ""أنينٌ وحسرةٌ.."" 11-01-2015 - 06:20 AM",0,negative,Negative
twifil-02000,Algérie الجزائر Algeria,1,neutral,Neutral
twifil-02001,Watching MissLebanon2018 👑😍,2,positive,Positive
twifil-02003,الجمعة,1,neutral,Neutral
twifil-02004,بـعـض الأمـاكـن فـي الـقـلـب .. ❤ لا تـقـبـل الـبـدائــل ... ✌ حتــى ولـو ظـلـت لـلابــد ...😍,2,positive,Positive
twifil-02005,Querido octubre trae a mi reina cositas lindas Gente agradable Momentos felices Problemas pequeños…,2,positive,Positive
twifil-02006,فسقى لهما ثم تولى الى الظل,2,positive,Positive
twifil-02007,لن يذهب لغيرك شيئاً قد كتبه الله لك ، فأطمئن لا تحسد ولا تحقد وطّهر قلبك ، وأنوي الخير لغيرك ، يأتيك الخير من ربك.,2,positive,Positive
twifil-02011,جميل,2,positive,Positive
twifil-02013,Journée dédiée aux Dro…,2,positive,Positive
twifil-02016,"رسالة صباحيّة : "" عش لراحة نفسك وأبتعد عن كل شيء يؤلم قلبك مهما كان .""",2,positive,Positive
twifil-02019,وووووااااااااايييي موتو يا دازعييينننننن شششششششححححححح ويي سهلاوية ونص وبلعو فامكم ليك منوليش 7M,0,negative,Negative
twifil-02020,La désinformation est un ensemble de techniques de communication visant à tromper des personnes ou l'opinion publiq…,0,negative,Negative
twifil-02022,صحافه العار التاريخ لن ينسى عاركم,0,negative,Negative
twifil-02023,Slamet rassek !,2,positive,Positive
twifil-02025,هذا الكورنيش الرابط بين جيجل وبجاية شمال شرق الجزائر Les Falaises Algérie,2,positive,Positive
twifil-02026,فمتى تعيد نضارة ايامي... بعذب ماء وصلك..!,0,negative,Negative
twifil-02027,Foorra,2,positive,Positive
twifil-02029,مرارا....,1,neutral,Neutral
twifil-02030,صباح الخير صباح النور والسرور والعطر المنشور 💐 صباح الأمل والتفاؤل 🌷 عيشو الحياة بالأمل لان الحياة أمل 👍⁦🏵️⁩Bonne c…,2,positive,Positive
twifil-02031,Gracias,1,neutral,Neutral
twifil-02032,w'ana ma3andi Zhar essbar ya galbi essbar ......,0,negative,Negative
twifil-02033,"What’s I am gonna do with 20,94€ !!",0,negative,Negative
twifil-02036,"Akşener, İYİ Parti grup toplantısında konuştu",1,neutral,Neutral
twifil-02037,اعشق تفاصيلها 😍,2,positive,Positive
twifil-02038,أختي فيك تسجلي بحلقات التحفيظ عن بعد من المسجد النبوي 👍,1,neutral,Neutral
twifil-02039,الحشوة من فوق 150 الف على جال مطلوع سخون,0,negative,Negative
twifil-02040,Woow So Cute❤️❤️😍😍🥰🥰😚😚😊😊👄👄🤗🤗😘😘,2,positive,Positive
twifil-02043,ohh mi florecita del alma tqm,2,positive,Positive
twifil-02044,i just found the behind epp 2 you so lucky lol enjoy,2,positive,Positive
twifil-02048,من زاوية أخرى . كل المفكرين و الأدباء و رجال الدين و الدعاة يخاطبون الشعوب بأفكار أفلاطونية ، من مثل كيف…,0,negative,Negative
twifil-02049,Tuifly why? 😞😕,0,negative,Negative
twifil-02050,نصيحة اليوم لا تتخلى عن حلمك مهما حدث .. مهما كانت الظروف إبقى نائماً لتكمله ! 🐸,2,positive,Positive
twifil-02052,"""Ce sont les choix qui montrent ce que nous sommes vraiment, beaucoup plus nos aptitudes .""",2,positive,Positive
twifil-02053,تقبل الله منكم و هنيئا لكم السجود حيث وضع الحبيب جبهته.,2,positive,Positive
twifil-02055,حفظ الله شيخنا واطال عمره في نصرة الحق والدعوة,2,positive,Positive
twifil-02057,صباح الفل والياسمين أسعد الله صباحك بكل ما هو خير,2,positive,Positive
twifil-02058,عهد التميمي ايقونة فلسطين فلسطين القدس عربية القدس عاصمة القدس الأبدية,2,positive,Positive
twifil-02061,3abalek beli nhebek a 3lilou... Makanch kifek ta 🌹🌹 ............🏃🏃🏃,2,positive,Positive
twifil-02062,ضحكتك مش حلوه😌,0,negative,Negative
twifil-02063,ربي يشفيك في عيادة اكويسه في طابلينو,1,neutral,Neutral
twifil-02064,انشاء الله حظ موفق لمنتخبنا الوطني في باقي مشوار التصفيات .,2,positive,Positive
twifil-02065,"La famille, c'est sacré ! :"" Qu'Allah la protège...Amine.""",2,positive,Positive
twifil-02066,"« La différence entre l’école et la vie ; À l’école on t’apprend une leçon, puis ensuite il y a un test. Dans la vi…",0,negative,Negative
twifil-02068,لحمد لله,2,positive,Positive
twifil-02071,اللهم بيك الصبحنا وبيك امسينا واليك نرد وانت علم الغيوب سبحانك لااله الاالله وحده لاشريك له سبحان الله العظيم الله…,2,positive,Positive
twifil-02073,امريكا تريد فتح المجال لايران جبيبة نرامب لتخويف الحكام العرل حتى يزيدوا انبطاحا و تنازلا و افراغ الخزينة لصالح ترامب,0,negative,Negative
twifil-02075,قدم حرقت اوروبا بأكملها 😍😍😍,2,positive,Positive
twifil-02076,"Ne vous attachez jamais trop à quelqu'un, sauf si réciproque, les attentes basées sur un seul côté peuvent vous détruire mentalement!",0,negative,Negative
twifil-02077,"Ne quitte jamais ce qui tu aimes pour celui qui te plait , car celui qui te plait , te quittera pour celle qui l'aime",0,negative,Negative
twifil-02078,عانينا بالامس كتير وفقدنا اخوة واصدقاء كتير ان شاء الله سلمية,0,negative,Negative
twifil-02079,Les femmes qui paraissent froides sont en vérités les plus attentionnées et les plus fidèles ...,2,positive,Positive
twifil-02080,السلام عليكم مدام وفاء الف مبروك علي اول حلقة من برنامج تخاريف 👍👏 الحلقة كانت مميزة مع وائل ونشالله تستضيفي ملكة…,2,positive,Positive
twifil-02082,😂😂 و مبعد نسمع في الأخبار... قضية قتل ضفدع و ضفدعة من طرف عاشق لنصنفها من قضايا الشرف الضفدعي ههه,0,negative,Negative
twifil-02083,🍽,1,neutral,Neutral
twifil-02084,دوش ماذ,0,negative,Negative
twifil-02086,اجمل فنان ادب واخلاق وتواضع ❤❤❤,2,positive,Positive
twifil-02087,temperature down 17°C -> 13°C humidity up 77% -> 87% wind 3kmh -> 1kmh,1,neutral,Neutral
twifil-02088,بالنسبة للعهدة الخامسة ... أظن أن الأمر حسم و لا وجود لها .. بالنسبة للباقي ... اللي فاتو وقتو ما يطمع في وقت الناس ...,0,negative,Negative
twifil-02089,اتفاهمو. عليها من قبل وماكلاه نهدر,0,negative,Negative
twifil-02090,Good morning !,2,positive,Positive
twifil-02091,اخاف كثيرآ ان افارق الحيآة وفي قلب آحدهم جرح صنعته بيدي ربيﻟﺂ تجعل كلماتي وتصرفاتي تؤلم ﺂحد,0,negative,Negative
twifil-02092,أسطورة الكهف في فلسفة افلاطون ، تصور مجموعة من البشر قد كبلوا بسلاسل،ينظرون في جدار الكهف لظلال العالم ،لا إلى نوره…,0,negative,Negative
twifil-02093,عن تجربة الكلام اللي تحكي فيه ومزلت شايل منه 💔💔💔,1,neutral,Neutral
twifil-02094,Hammamet Tunisia,1,neutral,Neutral
twifil-02095,📣Des appartements F3 avec vue sur mer panoramique à JIJEL-Ziama🌍🏠🏡🌕......Il s'agit des superbe…,2,positive,Positive
twifil-02096,Mag: 3.4 - Depth: 10 km - UTC 10:05 AM - Northern Algeria - EMSC Info:,1,neutral,Neutral
twifil-02097,lovely....,2,positive,Positive
twifil-02099,"Arrested Cameroon-ian secessionists denied access to lawyer, family members – official via",0,negative,Negative
twifil-02100,israel a toujour voulu la fermeture cette institution,0,negative,Negative
twifil-02101,ألللللف مبروك يا سهيلة على المليون السابع وحظ موفق لكي في كل أعمالك ولي جاي واعر واعر واعر واعر,2,positive,Positive
twifil-02103,سمعتهم الصباح في الاعلام الاجنبي. قالك تقرب من اطراف... مش متذكرة مليح.,0,negative,Negative
twifil-02104,يارب 🙌💛,1,neutral,Neutral
twifil-02106,صباح التفاؤل 🌾,2,positive,Positive
twifil-02107,تكلمنا كتير ولم تصل رسالتنا الى الحكام والملوك اللهم ارنا يوما اسود في هؤلاء الطغات الجيفة المارقين العاملين تحت وصاية اليهود,0,negative,Negative
twifil-02109,Hervé Mathoux en train d'enregistrer les noms des joueurs chinois sur FIFA19 😊,2,positive,Positive
twifil-02111,اغنية جوكر الأصلي كامل بالغة النطق مترجم بالعربي ummun-Xiyonat عبر,1,neutral,Neutral
twifil-02112,اعتقد ان الصندوق الاسود لم يوضح اي خلل في الطائرة قد تكون العملية مدبرة ربما يستهدفون الشركة المصنعة ربما يستهدفون…,0,negative,Negative
twifil-02113,اذا نتكلم عن نفس اللاعبين بقولك مستحيل اي واحد فيهم يقدم اكثر و اتذكر كلامي من التشكيلة الحالة و في حالة اس…,0,negative,Negative
twifil-02114,jregrette de pas avoir dormi ce midi,0,negative,Negative
twifil-02116,صباح الخير اخي العزيز,2,positive,Positive
twifil-02117,افكار مثلها وغيرها تشجع وتثمن وربما تنتقل الى فضاءات اخرى كا محطات النقل التي بمجرد التفكير فيها ت…,2,positive,Positive
twifil-02118,أليانس للتأمينات تتمنى بداية أسبوع موفقة للجميع Alliance Assurances vous souhaite un bon début de semaine à tous.,1,neutral,Neutral
twifil-02119,مجرد تساؤل ... هل يمكن أن تكون مسرحية إبتزاز ...يراد منها الدفع بسخاء ...,0,negative,Negative
twifil-02120,what's your steam/ubi? I can teach ya,2,positive,Positive
twifil-02123,تريس كنها قافله تلفونتها,0,negative,Negative
twifil-02124,people make me sick,0,negative,Negative
twifil-02127,يصادف يوم 08 أكتوبر 1962 تاريخ انضمام الجزائر إلى الأمم المتحدة، كما يوافق هذا اليوم لإحياء الجزائر اليوم الوطني…,1,neutral,Neutral
twifil-02129,"Cette année voit se développer à tous les niveaux de la politique, des discours discourtois……",0,negative,Negative
twifil-02130,Toujours debout. ...liberté pour Tarik Ramadan,2,positive,Positive
twifil-02131,"En ce 28septembre 2018 je souhaite à votre fils ""Léon"" un très joyeux anniversaire que sa vie soit remplie de bonheur.",2,positive,Positive
twifil-02132,هذا قرش النمر,2,positive,Positive
twifil-02135,ثانوية الشاطئ الإعدادية.,1,neutral,Neutral
twifil-02136,هههههههه حنا في سطيف نقولو جرانة,2,positive,Positive
twifil-02137,🌹🌼🌷🍁AMIN RABI YAHFDEK MINA🌹🌼🌷🍁,2,positive,Positive
twifil-02139,لا يمكننا توجيه الرياح ولكن يمكننا تعديل الشراع حسب أتجاهها، كذلك بعض البشر لا يمكننـا تغييرهم، ولكن يمكننا التع…,2,positive,Positive
twifil-02140,مساء الورد والفل,2,positive,Positive
twifil-02141,les quel ?,1,neutral,Neutral
twifil-02143,de ouf meme lui il viens tous seul dormir avec moi il c'est habituer,2,positive,Positive
twifil-02146,Yeah STOP LYING ON PEOPLE AND TELLING THEM THAT HE IS NOT REAL,0,negative,Negative
twifil-02147,اغز مو فالليل الناس كامل فديارها,2,positive,Positive
twifil-02149,💖💖💖💖💖💙💙💙,2,positive,Positive
twifil-02150,خداعا والله مو تاعي كدابا,0,negative,Negative
twifil-02151,"Le mal aimé (eric),la mal bouffe(zemour)on attend toujours lezamour pour jouer !!!",0,negative,Negative
twifil-02152,يوم سعيد ونهار مبارك ،،،، 💝💟💞💖🥐🍣☕️🍵,2,positive,Positive
twifil-02153,صدى البلد: إليسا تهاجم الإعلام اللبناني عبر تويتر,0,negative,Negative
twifil-02154,إستمرفي تحديك هذه الفتين وكيد الحسيدين,0,negative,Negative
twifil-02155,هي من عائلة متشبعة بثقافة انسانية اصيلة و علم غزير و انتماء الى عائلة و الى ممارسات مهنية محترمة و…,2,positive,Positive
twifil-02156,اصوات مقدسية وتوب من ذنبك💚 وقاوم ضعفك💚 واكسرخوفك💚 واهزم عدوك💚 وامتلك ارادتك💚 لتحرر قدسك💚 ليعود لك املك💚 يسعد صباح…,2,positive,Positive
twifil-02157,أنا ممكن اعطيك كوبري رايح جاي يا فيصل اسكت,0,negative,Negative
twifil-02159,عروسة جديدة ولا شووو,0,negative,Negative
twifil-02161,"Une bande de lecteurs borgnes du plus vertueux essayiste Eric, la souris (Zemmour ). Ils von…",2,positive,Positive
twifil-02162,الله يسلمك وطول في عمرك امين يارب العالمين نحن واياكم انشاء الله رب العالمين انشاء الله رب العالمين,2,positive,Positive
twifil-02163,الله يسلمك ياسمينة انت ايضا انسانة طيبة..شكرا لك 🌺🌺,2,positive,Positive
twifil-02164,تعالي اشبعك زب,0,negative,Negative
twifil-02167,Come with me to the Casbah @ Casbah - houmti,2,positive,Positive
twifil-02169,إسمحي لي,2,positive,Positive
twifil-02170,"COUP DE ♥️ 💮 S U B L I M E PARURE EN OR 18K 💮 POIDS: 59.9 G PRIX: 467.000 DA ""BEST PRICE"" ✔LIVRAISON: TERR…",2,positive,Positive
twifil-02171,Police va te faire enculer 🖕🏼,0,negative,Negative
twifil-02173,temperature down 17°C -> 13°C humidity up 82% -> 93%,1,neutral,Neutral
twifil-02176,6:44am: sunrise sunset will be at 6:28pm,1,neutral,Neutral
twifil-02177,توفي فجر اليوم فضيلة الشيخ الدكتور سعيد بن وهف القحطاني مؤلف كتاب حصن المسلم رحمه الله تعالى وأسكنه فسيح جناته.,0,negative,Negative
twifil-02178,"Bah j’avais rien commandé moi mdrr j’avais juste fait passer le bug on sait jamais, mais je crois que non",0,negative,Negative
twifil-02180,قالها واش زين نشقى ولا نبقى ولا تبعتيلي نيمرو فورقة قلتلو بهادك المنقوشة أرواح نعتيك جبة أو جبها معايا فالتاقة 😂😂😂 مساء الخير الجزائر,2,positive,Positive
twifil-02181,"أكثر رجل تحبه المرأه : هو من نصحها دون أن يعاقبها وَ وثق بها دون أن يراقبها وَ كان رجلاً لها , لا عليها",2,positive,Positive
twifil-02185,اليكم جميعا هاته الباقة من الزهور ليكون يومك زاهر ان شاء الله,2,positive,Positive
twifil-02186,الرُّقي هو عندَما يكُون لديْك الكَثِير لتقوله لكِنَّك تختَار أن تبقَى صامتًا أَمام الحمْقى شطايبي ولاية عنابة 🇩🇿,2,positive,Positive
twifil-02188,اين انت يا غالي,2,positive,Positive
twifil-02190,نص ريال,1,neutral,Neutral
twifil-02191,ههه القيلولة,2,positive,Positive
twifil-02194,وين هذا المكان,1,neutral,Neutral
twifil-02198,Le sourire de Ronaldinho et c'est lui,2,positive,Positive
twifil-02199,اسعد الله مسائك بكل خير,1,neutral,Neutral
twifil-02200,سلام اخي,1,neutral,Neutral
twifil-02201,يارب,2,positive,Positive
twifil-02204,يريد ان يعرفه الناس لانه دون سب الصحابة سيبقى قزم,0,negative,Negative
twifil-02205,بلا رحمة 😂,0,negative,Negative
twifil-02206,أنا من أهل التأويل 😁,2,positive,Positive
twifil-02207,🥰🇩🇿😍🥰🇩🇿😍,2,positive,Positive
twifil-02208,يابعيد وياقريب ..,0,negative,Negative
twifil-02209,😁,2,positive,Positive
twifil-02210,الله لايوصلك إلى أنت جزائرية لعبتك قديمة ولا عندك عقدة من بنات الجزائر إنتحري,0,negative,Negative
twifil-02211,وتتوالىٰ البشـائر لمعشر السّلفيين ^^ هنيئا لنَـا بهذه الإذاعة،، نسأل الله أن ينفعنا يما يُبث فيها وأن يجزي شيخنا ا…,2,positive,Positive
twifil-02212,"""الإبتعاد عن الناس الذين يعكرون مزاجك يعتبر حقّ من حقوق نفسك عليك !""",0,negative,Negative
twifil-02213,KIM NAMJOON BEST OF ME iHeartAwards BestBoyBand BTS,2,positive,Positive
twifil-02214,hello my love how are you have wellcome,2,positive,Positive
twifil-02216,"RoimezianiFarid d'Algériedit, le voleur chef foncière BESSA condamné a20ans deprison de takaatz,seddouk a volé mezianifarid au nom des autre",0,negative,Negative
twifil-02218,اسير الحب,0,negative,Negative
twifil-02219,"current weather in Wahran: few clouds, 14°C 93% humidity, wind 2kmh, pressure 1016mb",1,neutral,Neutral
twifil-02221,👆,1,neutral,Neutral
twifil-02222,Sous chaque femme forte et indépendante se trouve une petite fille brisée qui a dû apprendre à se relever et à ne j…,0,negative,Negative
twifil-02224,اترجاك تساعديني,0,negative,Negative
twifil-02225,نفسك وكفى,2,positive,Positive
twifil-02226,"current weather in Constantine: clear sky, 4°C 69% humidity, wind 1kmh, pressure 1022mb",1,neutral,Neutral
twifil-02228,امين يا رب واش حوالك صاحبي,2,positive,Positive
twifil-02231,Home sweet home 💕🇩🇿,2,positive,Positive
twifil-02233,هم أقوى منا ونسبة كبيرة راح نلقم منهم لو مش من الاعبين فمدربنا جيد لكنه في المباريات الكبيرة متردد وخوا…,0,negative,Negative
twifil-02234,اليوم كأيب بكل,1,neutral,Neutral
twifil-02236,Dimple Was it a mistake from an angle Or was it a deep kiss Those dimples are illegal But I want it anyway anywa…,2,positive,Positive
twifil-02239,من كان يظن أن الحرية هي أن يفعل ما يشاء متى شاء وكيفما شاء فعليه أن يراجع مفهوم الفوضى أولا!.,0,negative,Negative
twifil-02240,"If you weighed nothing, you wouldn’t need a chair.",0,negative,Negative
twifil-02241,الجمعية الام .. اولمبيک الکاف ❤,2,positive,Positive
twifil-02242,ربي يشفي كل مريض,2,positive,Positive
twifil-02243,"The Nelson Mandela Memorial Lecture will be at 10am on 10 October 2018 at the University of Algiers 3, Ben Aknoun.…",1,neutral,Neutral
twifil-02245,السلام عليك انا اعزب 49 سنة وموظف اتقدم اليك بطلب الزواج.بعد موافقتك اتصلي بي لنناقش امور البيت والمهر...اخره,2,positive,Positive
twifil-02246,once i get out of my depression it's over for you bitches,0,negative,Negative
twifil-02247,MIN YOONGI BEST OF ME iHeartAwards BestBoyBand BTS,2,positive,Positive
twifil-02248,حاسة انه لهم يد فيها 😂😂😂,0,negative,Negative
twifil-02249,وشمن فضايح ممكن تفهموني 😭😭😭؟؟؟,0,negative,Negative
twifil-02253,عيب اكبر عيب ان يخون جزائري الشهداء و الوطن و الشعب و ينبطح للمستعمر حتى يرضى عنه,0,negative,Negative
twifil-02254,اللهم آمين شكرا لك,2,positive,Positive
twifil-02256,صباح الخيرات والمسرات آمين أجمعين,2,positive,Positive
twifil-02258,لماذا اصبحت زيارة الاقارب قليلة لبعضها البعض,0,negative,Negative
twifil-02259,عجباتك,1,neutral,Neutral
twifil-02262,"Homme de peu de foi. Va, il te pardonne.",2,positive,Positive
twifil-02263,😍😍وأحسد أولئك اللذين يرونك .. بينما أنا هنا فقط لأتخيلك 😍😍,0,negative,Negative
twifil-02265,عميل صهيوني,0,negative,Negative
twifil-02267,The passport nos of my kids are S6877786 and S6156770. Only the passport of my wife has…,1,neutral,Neutral
twifil-02268,d1772b8321164213208e6e942d3a58ddeed1eb1a2f992e264a611ae435661b3d2271c0f7f0be257c96dc6e027ffc89d7947cb0cb2c89ac39085…,1,neutral,Neutral
twifil-02269,كي شفتو عرفت راح يراطيها 😭😭😭😭,0,negative,Negative
twifil-02270,Paris,1,neutral,Neutral
twifil-02271,كتب إسمه بحروف من ذهب في ذكرى وفاته نترحم على معشوق الجزائريين صاحب الفن الراقي و الحس الوطني حسني شقرون,0,negative,Negative
twifil-02272,tu n'a même pas chercher je te conseille d'aller voir les thread,0,negative,Negative
twifil-02274,اللي يـتـعـزز عـليـك ، شـابـع ذل عـنـد غـيـرك،،!👌,0,negative,Negative
twifil-02275,La Plus Belle Femme Au Monde Entier 💗🌷💗,2,positive,Positive
twifil-02276,우리가 언젠가 만나기를 바란다.😓😢 I wish we meet one day,0,negative,Negative
twifil-02277,Muy Bella Noche Mi Gente Bellas ❣️ DulcesSueños 🌜😴,2,positive,Positive
twifil-02278,سبحان الله وبحمده عدد خلقه ورضا نفسه وزنة عرشه ومداد كلماته,2,positive,Positive
twifil-02279,الزملكاوية عاملين فرح في التايم 🙄🚶‍♀️,0,negative,Negative
twifil-02280,Wooooow Me Encanta Mucho Todas Las Canciónes De Gran Artista DavidBisbal 👍👏👏🎶🎤 😍😍💗,2,positive,Positive
twifil-02282,سبحان الله و بحمد و لا اله الا الله رب السماوات و رب الارض و رب العرش الكريم,2,positive,Positive
twifil-02284,اجمعين يارب,2,positive,Positive
twifil-02285,Voilà il vient de gagner sa place dans le XI,2,positive,Positive
twifil-02286,أشباه الرجال صارو يتكلمون عن كندا,0,negative,Negative
twifil-02288,قطر وإيران عقدو السعودية,0,negative,Negative
twifil-02289,هههههه لالا ياختي. فيف حنا.,2,positive,Positive
twifil-02292,أحبتي,2,positive,Positive
twifil-02293,لكننا نحن الشعب ضدك وضد قناة الحمار وضد بوتفليقوس أتركونا نعي الان لقد كرهنا حياتنا بسببكم الي الجحيم ان شاء الله,0,negative,Negative
twifil-02294,La permissivité complète. ..La liberté sans balises....Et voilà le résultat,0,negative,Negative
twifil-02295,رد بالك غير تحكمني كي نبدا التدريس ويكون الدخان خرجلي مالراس قولي اللهم اني صائم وروح هههههه,0,negative,Negative
twifil-02296,والنظافة من الإيمان,2,positive,Positive
twifil-02297,"Un temps que les moins de 20 ans ne peuvent pas connaître... ""La Bohème"" par Charles Aznavour 💿 1965",0,negative,Negative
twifil-02298,مراهيش جزائرية,0,negative,Negative
twifil-02299,"Plein de nouvelles résolution, pleins de nouveaux projets, pleins de nouvelles motivation, pleins de nouveaux rêve…",2,positive,Positive
twifil-02300,"This did not give me anything of my rights, but he tortured me with the means of torture that you know o…",0,negative,Negative
twifil-02301,هذا هو الواقع,0,negative,Negative
twifil-02302,Holà Mis Amigos 🙋‍♀️ Sigue Està Cuenta 👉 👇👇,1,neutral,Neutral
twifil-02303,الله اكبر صدام حسين المجيد,2,positive,Positive
twifil-02304,لن ننسى و سأورثها لأبنائي حتى لا ينسوا لا...,2,positive,Positive
twifil-02308,المنتصر يكتب التاريخ كيفما يريد ويذكر جرائمه كنوع من التفاخر ولتحطيم نفسية الاخر.,0,negative,Negative
twifil-02309,الجزائر في قلب كل جزائري حر,2,positive,Positive
twifil-02310,لكل من يقرأ .. 🌼 سقى الله مَبسمك مِن كوثر الجنّة,2,positive,Positive
twifil-02312,من الامام المهدي لجميع البشرمن الاما السودان وآتوا اليتامىٰ أموالهم ولا تتبدلوا الخبيث بالطيب ولا تأكلوا أمواله…,2,positive,Positive
twifil-02313,"Kaldığım yerden 200 km mesafede olan Setif e gidiyorum. Beni almaya gelen araçta çıkan müzik ""Kurtlar Vadisi Elif""…",1,neutral,Neutral
twifil-02314,الى كل الاصدقاء,1,neutral,Neutral
twifil-02315,شعب يعرف محرز و يجهل الصديق رضي الله عنه لا تسأل وين رايحه بلادنا ؟,0,negative,Negative
twifil-02316,😂😂😂😂ااخ,0,negative,Negative
twifil-02319,بارك الله فيك 😉,2,positive,Positive
twifil-02320,Yaaa,0,negative,Negative
twifil-02321,"Et pour ceux qui me disent ""t pas objectif"" :",0,negative,Negative
twifil-02323,Depuis les mise à jour fortnite c’est devenu pt,0,negative,Negative
twifil-02325,rahat voice is pretty crystal .,2,positive,Positive
twifil-02326,فوق,2,positive,Positive
twifil-02328,كرمالك صرت بخبي خبي الحب الساكن قلبي أعمل حالي ولا على بالي مهتمي ومش مهتمي 💗💗,2,positive,Positive
twifil-02329,C'est plutot grace a toi et aux équipes... En tout cas vu que je me trouve de l'autre coté de l…,2,positive,Positive
twifil-02330,🤭,1,neutral,Neutral
twifil-02333,fog -> mist temperature down 9°C -> 7°C humidity down 100% -> 93%,1,neutral,Neutral
twifil-02335,اللهم الثبات والسلامة,1,neutral,Neutral
twifil-02336,انا نروح 😏🏃🏃🏃,0,negative,Negative
twifil-02337,🤣🤣🤣🤣🤣🤣🤣😜,2,positive,Positive
twifil-02339,Eh MySarahah,1,neutral,Neutral
twifil-02340,صحيح و زيد على ذلك السب اللي يصير من وراها بين مناصري الفريقين و يطور ينتقل للشعوب لانو بتعرف ثقافتنا…,0,negative,Negative
twifil-02341,👍,2,positive,Positive
twifil-02342,الحمد لله احسن ملي قبلو 😞,2,positive,Positive
twifil-02343,Roberry,0,negative,Negative
twifil-02345,Bon! Résumons ! Le numéro 2 de Dézédie jure qu’il a informé le numéro 1 de la Principauté qu’il a été démissionné.…,0,negative,Negative
twifil-02347,مساء الورد 😘😍❤ واش راك عمري 😘😘,2,positive,Positive
twifil-02348,شكراا اخي 😍,2,positive,Positive
twifil-02350,"جرب أن تكتشف نفسك. .. جرب الرسم , التمثيل ... الرقص , الغناء ... محاولتي كرسامة كانت فاشلة تماما كا باقي محاولاتي 🙃",0,negative,Negative
twifil-02351,iHeartAwards BestFanArmy BTSARMY,2,positive,Positive
twifil-02352,VIPDZ tu sais mon fils COTISER un mot très comple…,2,positive,Positive
twifil-02353,لا تكن بِلا حُب كي لا تشعر بأنكَ ميِّت مُت في الحُب ؛ وابقَ حيَّاً للأبد,2,positive,Positive
twifil-02354,"Vaincre la violence par la violence ,est ce la bonne solution ??? En sachant que…",0,negative,Negative
twifil-02355,سامحيني أستاذة على تعليقي لكن أظن أن الرد على مثل هؤلاء يشجعهم على الإستمرار في الإفتراء…,0,negative,Negative
twifil-02356,منه بحبه بجد😢💚,0,negative,Negative
twifil-02357,متصهين صافح مجرم حرب بالوكالة ! هل نستغرب ؟ لا إطلاقا !!,0,negative,Negative
twifil-02358,Happiness ✨👑🌈,2,positive,Positive
twifil-02359,😋zara,2,positive,Positive
twifil-02360,صباح الورود ربي يحفضك يا اغلى النساء انشري كما تشائي انتي قمة في العقل ربي يعطيك كل امنياتك تحياتي لك,2,positive,Positive
twifil-02362,فتح الجمعة .. من الأستاذ الفاضل محمد تاج الدين طيبي 🌷🌷 الفتوحات اليوسفية متوفر لمن أراد الحصول عليه. في انتظار مو…,2,positive,Positive
twifil-02364,Est ce que musulmans sont-ils la cause de la violence? Il est temps pour vous d'ouvrir le Livre Noir…,0,negative,Negative
twifil-02365,أسوء قرار إتخده محرز هو تسديده للضربة في هدا الوقت الحساس خاصة وأنه لا يحسن تسجيلها وستأثر عليه نفسيا حسن حضه أنه…,0,negative,Negative
twifil-02368,🤠,1,neutral,Neutral
twifil-02369,أتمنى أن يوفقني الله لرؤية العالم بعد بوتفليقة و ترامب سيكون أحسن أكيد,2,positive,Positive
twifil-02370,اكمل الأية الكريم,1,neutral,Neutral
twifil-02371,اتخيل بس لوبيتيجي عنده ارمادة من اللاعبين المميزين و مورينيو عنده ارمادة من العاهات,0,negative,Negative
twifil-02373,امي,2,positive,Positive
twifil-02376,جوشو,0,negative,Negative
twifil-02378,يوصل s300 لي ضاحية الشرفاء ❤,0,negative,Negative
twifil-02382,temperature up 15°C -> 16°C humidity down 93% -> 77% wind 2kmh -> 1kmh,1,neutral,Neutral
twifil-02383,"He destroyed Annika's life for Priyanka, he killed his bade Papa for omru.. omru are like him, he killed their fath…",0,negative,Negative
twifil-02384,وعلامك طالع ديمة 👏👏 إتحاد العاصمة 👏👏 تفارقنا غير الأقدار,2,positive,Positive
twifil-02386,نحن و اياك اخي محمد .اصابتنا كل الامراض بسبب تصرفات حكامنا و سذاجة الشعوب,0,negative,Negative
twifil-02387,والله موجود,2,positive,Positive
twifil-02388,كانت الامور تسير بشكل جيد في حياة هذا الكلب حتا جائت هيا 😒😁😁,0,negative,Negative
twifil-02392,شكرا لك وتصبحين على خير صديقتي نوال,2,positive,Positive
twifil-02393,ومع ذلك ندعو لهم بالخير والتوفيق والثبات,0,negative,Negative
twifil-02394,🎤🎹🎧,2,positive,Positive
twifil-02395,اهلاااابالغالين.,2,positive,Positive
twifil-02396,snapcode snap Algerie,1,neutral,Neutral
twifil-02398,Me too,1,neutral,Neutral
twifil-02399,😤😤😰😰😰 خسارة و الله,0,negative,Negative
twifil-02400,نشوفو التشاد ارخص برشا,0,negative,Negative
twifil-02401,7:58am: sunrise sunset will be at 5:57pm,1,neutral,Neutral
twifil-02402,BITCH I'M SCREAMING I THINK MY CRUSH JUST CAME HOLY FUCK SAVE MY ASS,0,negative,Negative
twifil-02403,مايخطيوناش 😁,0,negative,Negative
twifil-02407,"رسالة القدر .. "" وإن لم يأتيك ما أردت ؛ سيأتيك ما قد يُنسيك كل ما أردت 💜. صبحكم الله بالخير🌹🌹 وبكل ما ما يسر به خو…",2,positive,Positive
twifil-02408,يا جزائر فيك ولد عباس والاعظم منه لك الله ياجزائر والله معك ياجيال الجزائر ان طال زمن هؤلاء,0,negative,Negative
twifil-02409,T'as même pas besoin de rajouter son visage ( mais 🇩🇿❤),2,positive,Positive
twifil-02410,من الضغط خايفة لاسنانى يطقوا,0,negative,Negative
twifil-02411,المال,1,neutral,Neutral
twifil-02412,مابقاش 😁,0,negative,Negative
twifil-02413,السلام عليكم ورحمة الله وبركاته.انا من الجزائر .اسمي قابوش فيصل متزوج وعندي بنت اتوسل الله ولكل من شاف…,0,negative,Negative
twifil-02414,هههههه زي السعودية خادمة إيفانكا 😂😂😂😂,0,negative,Negative
twifil-02415,〰️APPEL A TEMOIGNAGE〰️Vous souhaitez vous installer dans un pays du continent mais n'osez pas sauter le pas?〰️Vous…,1,neutral,Neutral
twifil-02416,weekend momentos disfrutar recuerdos buenagente ilusión pasartiempo buentiempo relajarse cambiarlasideas…,2,positive,Positive
twifil-02417,ونعم بالله,2,positive,Positive
twifil-02418,مبروك,2,positive,Positive
twifil-02420,"""عندما يكون الأنسان عفويا ً، يقع بمشاكل هو لا يفهمها ، لأن النقاء بداخله لم يصل إلى خباثة بعض البشر.!""",0,negative,Negative
twifil-02422,انا الامازيغية انا الهوية انا التاريخ انا الثقافة الجزائر,2,positive,Positive
twifil-02424,ههههه💙,2,positive,Positive
twifil-02426,Abi baya yavaşsın yaaaa 🌪,0,negative,Negative
twifil-02427,كنت أنتظر إنقضاء الوقت و لم أعلم أن المتاقشة على أشدها ، المهم إنني أنتظر تقييمك للسونداج و النتيجة ..,2,positive,Positive
twifil-02428,"Leroi mezianiFarid d'Algérie dit,le ministre des moudjahidines est un voleur,traitre qui à signe a mezianifarid ben arab de fausse propriete",0,negative,Negative
twifil-02430,انت تعوي كالكلب,0,negative,Negative
twifil-02431,"【M3.4】NORTHERN ALGERIA Depth 10km Jan 17, 2018 10:05:00 UTC (G) (EMSC)",1,neutral,Neutral
twifil-02432,رب اغفر لي خطيئتي وجهلي وإسرافي في أمري كله وما أنت أعلم به مني,2,positive,Positive
twifil-02434,احبك .. وانا لا خسرني آدمي بيديه تركت الحنين يعلمه وش كبر قدري,0,negative,Negative
twifil-02435,العشرة عندها ناسها 👉👉👉 .العشرة ماهيش كلام * العشرة توريهالك ليام *,2,positive,Positive
twifil-02436,حذار من أن نقع في في نفس الخطأ القديم بأن نربط حاضرنا ومستقبلنا بأشخاص أو قادة أو زعماء. يجب علينا اليوم أن نفكر في…,0,negative,Negative
twifil-02437,Annonces !,1,neutral,Neutral
twifil-02438,و هل الكتابة الا انعكاس لدواخلنا بمرااة الحرف و عدسة الكلمات تتدثر سوادا غرابيا غريب الصدى او بهجة عنادل…,2,positive,Positive
twifil-02440,Real is shit now !,0,negative,Negative
twifil-02441,مباراة مميزة فعلا,2,positive,Positive
twifil-02442,زوجة ثانية ولا يخدعك فالحرام !؟ خمي مليح 🤔,0,negative,Negative
twifil-02444,حقول الخضروات 🌶🍅🍆 كما لم ترهم من قبل ..😉😍,2,positive,Positive
twifil-02445,سير تكمش ...,1,neutral,Neutral
twifil-02447,الـشيخ ابن عثيمين رحمه الله: وتجد الإنسان صبوراً حازماً قوياً وإذا نابته نائبة من الدهر جعله يبكي كأنه صبي مع أنه…,0,negative,Negative
twifil-02448,"La laïcité : Nouveau concept de l'inégalité , synonyme de ''l'autoritarisme '' basé sur le culte de la pe…",0,negative,Negative
twifil-02449,"Always be grateful for what you have, many people have nothing 💛",2,positive,Positive
twifil-02452,انت و ايران ملة واحدة متفقون عاى التخريب,0,negative,Negative
twifil-02453,La guerre vous la faites en dehors de l'Europe. ..En plus l'Europe n'est plus le le…,0,negative,Negative
twifil-02454,Master class HDN Sopportunity.je vais coucher les porteurs de projets en RH et management,2,positive,Positive
twifil-02455,✋الحي _ القيوم _ القادر,2,positive,Positive
twifil-02457,HananeElKhader Miss you 😭❤️ توحشناك حنون,0,negative,Negative
twifil-02458,"C'est beau, Garde ton personnage",2,positive,Positive
twifil-02460,ورينا تصويرك بالجوال 📷,1,neutral,Neutral
twifil-02462,لحقنا لوقت صعيب ربي يجيب الخير,0,negative,Negative
twifil-02463,السلام عليك اتقدم اليك على سنة الاه ورسوله بطلب الزواج. اذا واففتي اتصلي بي للنقاش ا مور تلمهر والبيت ويجعل الله كل خير.,2,positive,Positive
twifil-02465,Wow,2,positive,Positive
twifil-02466,عيشي حياتك ثقي في ذاتك مازالك وردة كلمات فيها فرح و امل برافو كنزة دائما تختارين اعمال مميزة و فيها رسالة معبرة 😍👏 عيشي حياتك مع كنزة,2,positive,Positive
twifil-02467,6:26am: sunrise sunset will be at 6:21pm,1,neutral,Neutral
twifil-02468,من كلامها اصابعي ما قدرت تكتب حرف 💔🙈,0,negative,Negative
twifil-02469,الدنيا ملئت فتناً ونُذراً تستوجب على الحُكام والأنظمة والشعوب الفرار إلى الله وليس مزيد فرارٍ منه (…,0,negative,Negative
twifil-02471,قال شيخنا أحمد النجمي : وليست السلفية عندنا تقليد رجل من الرجال المعاصرين في كل ما يقوله ويفتي به فمثل هذا النوع…,0,negative,Negative
twifil-02472,Amen 🙏,2,positive,Positive
twifil-02473,📌 فالمؤمن يجب أن يكون ناصحاً يعني : 🍃 خالصاً من النفاق 🍃 وخالصاً من الغش 🍃 وخالصاً من الخديعة ♦يكون ظاهره…,2,positive,Positive
twifil-02474,حين تشرق شمسنا نعلم أن هناك صبحا يحتوينا ف ابدا بذكر وشكر وحمد فذاكْ والله خِير ما نبتدي به . 🌹 صباح الخير 🌹,2,positive,Positive
twifil-02475,💟🇩🇿🇩🇿,2,positive,Positive
twifil-02477,💅💅طبعا,2,positive,Positive
twifil-02479,عاود زيد احلف,1,neutral,Neutral
twifil-02484,آمين وإياك أخي العزيز,2,positive,Positive
twifil-02485,لن يصيبنا إلا ما كتبه الله لنا هو مولانا وعليه يتوكل المتوكلون.اللهم اتنا في الدنيا حسنه وفي الاخره حسنه و اقنا عذاب النار .,2,positive,Positive
twifil-02489,لوسمحت اريد إجابتك على سؤال لو تكرمت,2,positive,Positive
twifil-02491,still is,1,neutral,Neutral
twifil-02493,"So cute pic📷, I love it,💞 always thank you kind harijati 🙏 have a wonderful time 🍀 enjoy 😊🎼✨🌷",2,positive,Positive
twifil-02494,قتل برصاص الغدر ...وقتل صوته المحبوب واغانيه الشبابية رحمة الله عليه,0,negative,Negative
twifil-02495,هاذاك لي قالو عليه،،تخاف منو فالنهار او تخاف عليه فاليل،هههههههه‍ه,0,negative,Negative
twifil-02496,وزير الشؤون الدينية : من الآن فصاعدا .. الآذان سيكون فقط بنغمة جزائرية الجزائر 😑😑😑,0,negative,Negative
twifil-02497,"Äs salam aleyki,je me rappel durant un stage en école primaire une maman s'est mise en colère car on…",0,negative,Negative
twifil-02498,الله يبارك ويزيد الخير الوفير احسنتم اشكركم جزيل انه القرآن الكريم. يرفع الله بيه اقوام ويضع بيه اقوا…,2,positive,Positive
twifil-02499,نحن الاولياء اصبحنا بدل ما ندرس الموضوع ونساعد ابناؤنا نبدل جهدا كبيرا لفهم المصطلحات واغلب الاحيان نفشل في اصال المعلومه لهم,0,negative,Negative
twifil-02500,في مطعمي المفضل انتظر اكبر داربي في أفريقيا,2,positive,Positive
twifil-02502,إن للقلب منطقا لا يعرفه العقل.. وإن لقلب الأنثى منطقيات عصية حتى على قلوب الرجال.,0,negative,Negative
twifil-02503,السلام عليك اتقدم اليك بطلب الزواج الشرعي انا من الجزائر و موظف ولدي مسكن خاص بي وانت تعيشي معي ووالدتي فقط…,2,positive,Positive
twifil-02504,ومن من النساء تحبه,2,positive,Positive
twifil-02505,"Dézédie ! Et pendant ce temps là, à Tamanrasset, dans une ambiance bon-enfant, la joie et l’allégresse, les terror…",2,positive,Positive
twifil-02506,ohhhh le batard va te coucher,0,negative,Negative
twifil-02507,Juste magnifique 😍😘😘,2,positive,Positive
twifil-02509,ساخبركم يوما ما.. ان ها هو ربي لم يخذلني، دعوته وصبرت واستجاب..,2,positive,Positive
twifil-02510,💖,2,positive,Positive
twifil-02511,هاهاهاهاهاهاهاهاهاهاهاهاهاهاهاهاهاهاهاهاهاهاهاهاهاهاهاهاهاههاعاهاهاها,2,positive,Positive
twifil-02512,Why do I love myself ?,2,positive,Positive
twifil-02513,🤣🤣🤣🤣🤣👏🏻👏🏻👏🏻,2,positive,Positive
twifil-02514,ابراهيمي ارحل Ibrahimi must go بلغتك ولغة أبيك Ibrahimi dégage الحراك الشعبي اطمن انت مش لوحدك,1,neutral,Neutral
twifil-02517,أنثى الدب البني تشارك صغيرها الطعام في شبه جزيرة كامشاتكا الروسية.. رغم ما تبدو عليها من ملامح الحنان والرقة إلا أ…,2,positive,Positive
twifil-02518,لماذا لانقرا التاريخ بموضوعية ومن اكثر من مصدر؟,0,negative,Negative
twifil-02519,يمكن جن و يمكن موت أما إنسى ما فيي,0,negative,Negative
twifil-02520,ربي يشفيك وطول عمرك,2,positive,Positive
twifil-02521,*📌كلمة في محاضرة أساليب تنظيم الإخوان 🎙لفضيلة الشيخ الدكتور 💡 محمد بن هادي المدخلي حفظه الله تعالى* ▼للمــشـــ…,2,positive,Positive
twifil-02522,مشكل كبير في شباب المسلمين اليوم يحب تجريب كل شيء و لو على أساس دينه و عقيدته,0,negative,Negative
twifil-02525,Venga hasta luego,2,positive,Positive
twifil-02526,الحياة قذرة....لاتكن المقتول وتطلب الرحمة....بل كن القااتل🔪🔫وإطلب المغفرة........,0,negative,Negative
twifil-02527,Il faut toujours voir une lumière d'espoir dans la pénombre de ce monde,2,positive,Positive
twifil-02528,ههههههه أحسن😎😂,2,positive,Positive
twifil-02530,💙,2,positive,Positive
twifil-02531,كل سنه وانتي طيبه ي بيبي 🎂,2,positive,Positive
twifil-02532,"Pour être heureux, il ne faut à l'homme ni richesses, ni extravagance ; le strict nécessaire suffit…",2,positive,Positive
twifil-02533,كبرتي يا قطة و لبستي فراشة 😎 المدعو ريفكا مع السفير الأمريكي 😏 ندوروها تبهليل برك 👀 الجزائر,0,negative,Negative
twifil-02535,j'étais grave timide mddrr genre j'avais chaud je dis n'importe quoi et tout le monde me mentionne et me clash,0,negative,Negative
twifil-02536,بوشبيكة,1,neutral,Neutral
twifil-02537,🖒,1,neutral,Neutral
twifil-02540,لما تتحالف شهد ريماس لؤلؤة ندى مههههها رانيا يرجع محور الخير,2,positive,Positive
twifil-02543,😶😶😶,0,negative,Negative
twifil-02546,HISTORIA TU VA RIEN DÉVASTER RESTE CALME 😭😭,0,negative,Negative
twifil-02547,و بوحك رذاذ ...يهطل على تربة قلبي المتيم فتتفجر بايامي حدائق بابلية الملامح,2,positive,Positive
twifil-02548,Wahran: 6:49pm: sunset,1,neutral,Neutral
twifil-02550,المال يجعل من القزم رجلا,0,negative,Negative
twifil-02552,بربي تنورنا مرة أخرى لو ترجع لمدريد,2,positive,Positive
twifil-02553,هههههههه هدا حال الجهال ربي يهديهم وينير بصيرتهم ......يارب العالمين,0,negative,Negative
twifil-02555,"Happy Birthday , Pep",2,positive,Positive
twifil-02556,عمرو دياب - بحبك انا 💗💗,2,positive,Positive
twifil-02559,"Il est bien difficile d'accepter la critique et pourtant ,cest une bonne chose ,du fait qu'…",2,positive,Positive
twifil-02560,بوحجة : لا أساس للأخطاء الواهية التي تم الحديث عنها أزمة البرلمان الجزائر,0,negative,Negative
twifil-02563,Sadka allah aladim,2,positive,Positive
twifil-02564,جيبه نمتعهالك وانت تاني نمتعك,1,neutral,Neutral
twifil-02566,"Good Morning☀⛅💕 Happy Monday sweet Haya🍫, have an awesome new week ahead 🙏🌹 God bless you my beautiful friend 🔝🌸🍀😍😘",2,positive,Positive
twifil-02567,بشرني الله يبشرك بالجنة 😂😂😂,2,positive,Positive
twifil-02568,"Che pas pour vous, mais perso je chauffe le lait pour les céréales.",2,positive,Positive
twifil-02572,ابشر,2,positive,Positive
twifil-02574,اللهم لا تبعدني عن ثلاثة صلاتي ورضا الوالدين وكل من احبني بصدق,2,positive,Positive
twifil-02575,The same spokesman told The APress the foreigners were investors who were inKaduna North of Nigeria to set up so…,2,positive,Positive
twifil-02576,يوم بدايته سمحة ان شاء الله يكمل,2,positive,Positive
twifil-02577,Merci!😉,2,positive,Positive
twifil-02579,"Mais tu est jeune par l'esprit, mûr et sache,et je suis sur que ton expérience est Favorable...",2,positive,Positive
twifil-02580,ربنا يرحمه وانشاء الله تاخذي الحضن ده في الجنة 🙏💙,2,positive,Positive
twifil-02581,الف شكر لك يا محمد عباس ونحن كفانز كنزة او بلاد في الجزائر بنحبك كتير ملكة سبأ,2,positive,Positive
twifil-02582,"est sûr et certain de ce qu’il fait. Tactique combinée, de l'audace dans les mots et de la prudence da…",2,positive,Positive
twifil-02584,😭😭😂😂,0,negative,Negative
twifil-02585,هههههه اك تشوف في ماكانش. الزين زين لفعايل ديجا😉😉😉,0,negative,Negative
twifil-02586,الهوية والحفاظ عليها.. ما بين النظام الأميركي والنظام الإنكليزي via,0,negative,Negative
twifil-02587,31🎂🎉🎈🎁❤,2,positive,Positive
twifil-02588,"current weather in Constantine: light rain, 11°C 93% humidity, wind 8kmh, pressure 1016mb",1,neutral,Neutral
twifil-02589,"""Je vous ai compris''... De Gaulle l'a bien dit du côté de chez moi . Lui aussi , il a mal compris…",0,negative,Negative
twifil-02590,انت... فراشة حطت على وردة قلبي خفيفة الروح بهية التقاسيم,2,positive,Positive
twifil-02592,كل شيء في الكون ، بصورة الإنسان، الجبال عظامه،الكواكب حواسه،القمر نفسه ، الأنهار دمه، الشمس روحه،البحر خياله ،النبا…,1,neutral,Neutral
twifil-02593,كلمك صح يادكتور بارك الله فيك,2,positive,Positive
twifil-02594,صباح الخير وصح وهنا ع قلبك,2,positive,Positive
twifil-02596,Real 😂😂😂😂,1,neutral,Neutral
twifil-02597,نجوى كرم ياهو YaHo ياهو اشتقتلّو ياهو.. ياهو حدا يقلّو ياهو..,2,positive,Positive
twifil-02598,et même pour me faire une sortie solo comme d'hab bah non j'ai une réunion ou je dois être heureuse avec un grand s…,0,negative,Negative
twifil-02600,ههههههههههه من يومين تلميذ قال لي الشيوخة انتاع الرياضيات كايهبلو 😭,0,negative,Negative
twifil-02601,تتبعك انا واحب💕,2,positive,Positive
twifil-02602,Je hurle !!! Il ne manque plus qu'un cache visage 😭😭😭😭😩😩😂,0,negative,Negative
twifil-02603,مشكورة ياسمينة 🤣🤣🤣🤣🤣,2,positive,Positive
twifil-02604,ذلك هو الحنين الى الاستعمار الفرنسي,0,negative,Negative
twifil-02605,Splendide,2,positive,Positive
twifil-02606,دعاء الصباح,2,positive,Positive
twifil-02607,الله يسلمك و يحفظك,2,positive,Positive
twifil-02608,6:31am: sunrise sunset will be at 6:12pm,1,neutral,Neutral
twifil-02609,I cried my eyes out of happiness seeing them live 💕💕 congratulations shiny boys I love you to the moon and back I h…,2,positive,Positive
twifil-02611,Dieu a crée leau pour purifier ton corps et le désert pour purifier ton âme. l’enemi n’est pas toujours…,2,positive,Positive
twifil-02612,شو صار انا ما اتفرجت ؟؟؟؟ و الله اتمنيتها البارح خسارة,0,negative,Negative
twifil-02613,Good girl masha'allah,2,positive,Positive
twifil-02614,"""حفظ الله لي قلبا تحمل مزاجي السيء برغم تقلبات الأيام""",2,positive,Positive
twifil-02615,Chapeau 👏👏 HalaMadrid 😍❤,2,positive,Positive
twifil-02618,Philosophie de BernardLevy : Une thèse peu féconde du bien mais méthode à idées convergeant en tous sens que ver…,0,negative,Negative
twifil-02619,I Looooove U Too Samouhtyyyyyy 💗💗😍😍😍🤗🤗,2,positive,Positive
twifil-02620,فعلااااا في واحدة بالتاق قالت مستحيل نشوف غيرة علي بوافقها جدا جداااا لانو شخصيته غير يسلملي الواثق اناااااا kalpAtışı,2,positive,Positive
twifil-02622,كايلور نافاس احسن حارس 👌 Keylor Navas gardien de l’année! UCLdraw,2,positive,Positive
twifil-02625,صلوا عليه وسلموا تسليما ((خير خلق الله عليه أفضل الصلوات وأزكاها ))صباحكم خير,2,positive,Positive
twifil-02626,فرانس فوتبول .. العودة العظيمة,2,positive,Positive
twifil-02627,my nephew berou,2,positive,Positive
twifil-02628,"Tout au long de sa carrière, Charles Aznavour a incarné l'Arménie 🇦🇲, le pays d'origine de s…",1,neutral,Neutral
twifil-02629,Thanks 🙃,2,positive,Positive
twifil-02630,يدني النيف على كل الدول المسلمة,2,positive,Positive
twifil-02631,الحمد لله ...وأخيراً العودة بعد غياااب ...sport♥,2,positive,Positive
twifil-02632,مسرحية,1,neutral,Neutral
twifil-02634,Bonjour hbb 😍😍❤❤,2,positive,Positive
twifil-02635,Lil one look kinda drove tho. Richz✨ StayGolden SpreadtheeWealth hm handm racism…,0,negative,Negative
twifil-02637,مع احترااام الكل اكيد نوال الزغبي,2,positive,Positive
twifil-02638,ليك منوليش 7M الف مبرووووووووووووووك سبعة مليووووون مشاهدة حقيقية 🎉🎉🎉🎉 صباح الافراح والنجاح والملايييييين لو أو ل…,2,positive,Positive
twifil-02639,القس ما كمل مدة عقوبته هههههههه هذا يعني كل ما قاله اردوغان من سيادة و قانون طلع فشنك,0,negative,Negative
twifil-02640,واش راطيت.,0,negative,Negative
twifil-02641,"""The Good Doctor"" Fraîchement diplômé Le chirurgien Shaun Murphy, atteint d'autisme ainsi que du ""syndrome du savan…",2,positive,Positive
twifil-02642,Me too my dear 😊 I'm so lucky to have a nice friend like you kyouka 🙏✨🍀🌹 Thank you for everything 🙏…,2,positive,Positive
twifil-02643,يوجد في الشاي البابونج سر فماهو للاذكياء فقط,2,positive,Positive
twifil-02645,بتغيب ساعة بجن تا لاقيك😥 بعد الثواني بحترق بشتاق😣😣 انتا ومعي بسمّر عيوني فيك😊 عا أد مابحبك بخاف من الفراق😓 نجوى كرم,2,positive,Positive
twifil-02646,لامني الإخوة في قريتي على قراءة الجريدة كل يوم ...و على متابعة قناة النهار كل يوم ... جوابي ... إذا…,0,negative,Negative
twifil-02647,😉💎💎,2,positive,Positive
twifil-02648,قال ﺍﺑﻦ ﺍﻟﻘﻴﻢ رحمه الله: ﻭﺍﺷﺘﺪّﺕْ ﻏﺮﺑﺔ ﺍﻹ‌ﺳﻼ‌ﻡ ﻭﻗﻞّ ﺍﻟﻌﻠﻤﺎﺀُ ، ﻭﻏﻠَﺐَ ﺍﻟﺴّﻔﻬﺎﺀ ،ﻭﺗﻔﺎﻗﻢَ ﺍﻷ‌ﻣﺮُ، ﻭﺍﺷﺘﺪّ ﺍﻟﺒﺄﺱُ ، ﻭﻇﻬ…,0,negative,Negative
twifil-02650,toi tu connais pas.,0,negative,Negative
twifil-02651,الله ينورك و يسعدك,2,positive,Positive
twifil-02652,الخائن يبقى خائن وحماس مثال يقتدى به في الشجاعة والدفاع عن الشرف والوطن 🇩🇿🇩🇿🇩🇿,0,negative,Negative
twifil-02654,واحده لا غير 😔 قمه-الحسره,0,negative,Negative
twifil-02655,اسرائيل تقتل شباننا و نحن لا نحسن الا الشكاوى لمنظمات صهيونية دون جدوى .يا لها من غباوة,0,negative,Negative
twifil-02657,صباح الفل ههههه من الجنوب الجزائر,2,positive,Positive
twifil-02658,حبيباتي انظري الى قبور النصارى تبنا بالقدر وعالم النفاق قبورهم كلها مبعثرة,0,negative,Negative
twifil-02659,عزيزتي 😍😍😍 تسلمي كيف حالك والاولاد خصوصا لؤي الطبوز,2,positive,Positive
twifil-02660,قصدك. وفاق سطيف ؟,1,neutral,Neutral
twifil-02661,المحاضرات الخاصة ؟!!,0,negative,Negative
twifil-02663,مناقب شيخنا عزالدين رمضاني..! في درس التفسير اليوم ذكر وسائل الثبات أمام الشبهات ثم بَيَّن بطلان و زيف الإلحاد و…,0,negative,Negative
twifil-02665,أشعر بخيبة مثل خيبة ذلك السجين سمحو له بزيارة مرةوٱحدة في سنة ولــم يٱتِ أحد.💔!!,0,negative,Negative
twifil-02666,37040897e4e73948206f861537b59091b1ff8bb31fecea42cd463018b809883b8bdae99344c3735a5bab8b36cdd276905b7485e7810b57a8aa5…,1,neutral,Neutral
twifil-02667,"C’est curieux ! Siel s’engage aux Européennes 2019 , scandant un slogan politique qui exclut toute…",0,negative,Negative
twifil-02669,تقدمي لخطبته .. كفاكِ تلاعباً بمشاعره .. فأولاد الناس ليسوا لعبة 😏😂,0,negative,Negative
twifil-02670,اللهم إنى أستودعك أمنية تنبض في قلبي💛 كل يوم يا رب بمشيئتك و قدرتك قل لها كوني فتكون يارب آمين!!💔,2,positive,Positive
twifil-02671,304ce8978802d2372078e02c6a9e52e2ec6bab1ab04a76edc8a4b9db08f15ddcc13c13fbe8a9e0b367687913468f7ccee77a8b376cc17aa9025…,1,neutral,Neutral
twifil-02673,لبن,1,neutral,Neutral
twifil-02674,😜🤪⚡️😭,2,positive,Positive
twifil-02676,أصدقآءْْ_السٌّوءّْ..، خيْرٌ من أْصحآب_الْمََـــصّْلحَة 😁👌,0,negative,Negative
twifil-02677,امتى يروح 😭,1,neutral,Neutral
twifil-02679,قا ل علاقاتهم مليحة روح نام أنت عايش في عالم أخر,0,negative,Negative
twifil-02680,يارب😭😂😂😂😂😂,2,positive,Positive
twifil-02681,"رابح سعدان: ""تم إرسالي إلى المطار للانتظار عمدا من أجل دفعي للاستقالة، مسؤولو الفاف استهزؤوا بي، أهانوني وأساؤوا للجزائر"". رابح سعدان",0,negative,Negative
twifil-02682,ディズニー満喫できてよかった🌟 Wi-Fi神😭笑,0,negative,Negative
twifil-02685,ألم تقل أنك ستقلك حسابك الساعة 20:00 يا شيخنا حبيبنا منصور ؟,0,negative,Negative
twifil-02686,""" صباح الخير صباح وارد ويسمين",2,positive,Positive
twifil-02688,VIPDZ pou…,1,neutral,Neutral
twifil-02691,اللهم صلي على سيدنا محمد صلى الله عليه وسلم عليه وسلم تسليما مباركا فيه اللهم صلي على سيدنا محمد ص…,2,positive,Positive
twifil-02692,🌹🌹🌹🌹🌹🌹🌹🌹🌹🌹🌹🌹🌹🌹🌹🌹🌹🌹,2,positive,Positive
twifil-02693,باسمي باسم كل الجزائريننضامن معك ونثق فيك ونحب في سبيل لله,2,positive,Positive
twifil-02694,يكذب عليك هناك تصريح تاني قم بيه,0,negative,Negative
twifil-02695,لكن لاتسطيع لي انا البرإء حجبتها عنك نعم انظر الى البراء كيف سقطت على يديها وهي تبتسم الي…,2,positive,Positive
twifil-02696,نعرفك صحفيا ناطقا باللغة العربية ، ونعلم أن جل الصحافيين يتقنون الفرنسية رغم أنوفهم ! لكننا لانفهم تهافت…,0,negative,Negative
twifil-02698,"so i started to pray ""harder than i used to"" and got my answer from my religion i started to talk to p…",0,negative,Negative
twifil-02699,بلا مانروحو بعيد. شوف برك شمال افريقيا.,0,negative,Negative
twifil-02701,A 42 p...ige je ne comprends rien à ma vie,0,negative,Negative
twifil-02702,لا يدخل الجنة قصير ....,0,negative,Negative
twifil-02703,الواقع المر,0,negative,Negative
twifil-02704,لربما تبكي أحياناً من طهر قلبك .♥️,0,negative,Negative
twifil-02705,سبحانك اللهم وبحمدك أشهد أن لا إله إلاّ أنت أستغفرك واتوب إليك,2,positive,Positive
twifil-02706,nobody is perfect 😁,2,positive,Positive
twifil-02707,قالت امنا عاءشه عن رسولنا كان خلقه القران,2,positive,Positive
twifil-02708,"I'm at Houari Boumediene Airport in Algiers, Algeria",1,neutral,Neutral
twifil-02711,Meeeeeeeeeeeeee I love you so much 😘😘😘,2,positive,Positive
twifil-02712,কচ্ছপ 🐢 যখন ডিম 🥚 দেই.. তখন ডিম কে বলে.. জেঠা কে সুরন করিছ.. জেঠা মানি জৈষ্ঠ মাস.. আর ওই জৈষ্ঠ মাসে অহর নালে বৃষ্টি…,1,neutral,Neutral
twifil-02713,لا. اقراي القران,2,positive,Positive
twifil-02714,أصدقائي الأعزاء، هذا هو الرمز الترويجي الخاص بي: 6g87xcje، قوموا باستخدامه وانضموا معي لROK!…,2,positive,Positive
twifil-02715,مورينيو افلس...مترجم....منتهي جوزي مورينيو,1,neutral,Neutral
twifil-02716,خوخه وزدت كرهتو 😑,0,negative,Negative
twifil-02717,هههههههه شحال من سنة والامازيغية ممنوعة في بلادنا؟ كاين اللي عارف روحو امازيغي بصح ماقد…,0,negative,Negative
twifil-02718,KenzaInMissGold كنزة نجمة نجوم 😍,2,positive,Positive
twifil-02719,اه نجح جدا 👏 انا خايفة اوي على الجدةومش عاوزاها تموت 😭💔,0,negative,Negative
twifil-02720,✨✨,2,positive,Positive
twifil-02721,ايه بس هذا هو يلي يسمونه سواء الاختيار,1,neutral,Neutral
twifil-02722,رااااائعة صراع الجبابرة 😁,2,positive,Positive
twifil-02723,محمد,1,neutral,Neutral
twifil-02724,يلعبو الديمينو والسهرات ، حاب نخرجهم من هذي العادات ونبدلها بالرياضة ندمت 😂,1,neutral,Neutral
twifil-02725,صباح الخير ☘🌾,2,positive,Positive
twifil-02726,J'étais vraiment pas prêt 😂😂😂,0,negative,Negative
twifil-02727,G,1,neutral,Neutral
twifil-02729,mddrr jure 50 ? mddrr purer je me rappelle je tweetais à peine j'avais peur de me faire terminer de ouf,2,positive,Positive
twifil-02730,شغلني,0,negative,Negative
twifil-02732,جزاك الله خير,2,positive,Positive
twifil-02733,D,1,neutral,Neutral
twifil-02735,مؤمنة يّالله أنك لن تُضيعني وأنك الأمان الوحيد لروحي،اعتنِي بي يّالله💛💛.,2,positive,Positive
twifil-02737,😂😂😂الحمد لله المصيبة اذا عمت خفت 🙈🙈على اقل نونس بعضنا في الشدة 😭😭,2,positive,Positive
twifil-02739,اللهم صل وسلم علي الحبيب المصطفي,2,positive,Positive
twifil-02741,اتاني هواها قبل ان اعرف الهوى فصادف قلبا خاليا ؛ فتمكن ... حق لك ان تتنفسيه شهيق حنين و زفير اشتياق,0,negative,Negative
twifil-02742,iHeartAwards BestFanArmy BTSARMY 9,2,positive,Positive
twifil-02743,صح لسانك اخي الكريم,2,positive,Positive
twifil-02744,few clouds -> scattered clouds temperature down 16°C -> 10°C humidity up 67% -> 93% wind 3kmh -> 1kmh,1,neutral,Neutral
twifil-02745,da52e9ed960f405a202c60399022f63c234594392ff6edd65928b08712647199aad6b6a1c3e12dda2d643851db748ef12a1e2200180b932ee76…,1,neutral,Neutral
twifil-02746,شكرااا,2,positive,Positive
twifil-02747,Mais oui il le merite,2,positive,Positive
twifil-02748,اخطاء البرامج المحددة للقبلة,0,negative,Negative
twifil-02749,متى ?,1,neutral,Neutral
twifil-02752,من الخوف نسي أنه من الزواحف,0,negative,Negative
twifil-02753,Say It LOUDER,2,positive,Positive
twifil-02754,i love yr hair❤,2,positive,Positive
twifil-02755,صح ولكن المخدة على شان الخد وليس داخل المخ في المعنى المخدة,0,negative,Negative
twifil-02756,😂😂😂 ماشاء الله ذكية تستعملين أسلوبي 😂😂🚶🚶,2,positive,Positive
twifil-02757,aaaaaaaaaaaw you're so cuuuute thank you so much i purple u 💜💜💜💜,2,positive,Positive
twifil-02759,بصحتك كاتيا نتي لي طيبتيه 😁,2,positive,Positive
twifil-02760,وفي ليلة الجمعة . . اللهم إني وليتك أمري ؛ فأعوذ بك من سوء حـظي وضيق صدري ، وفراغ صبري . . واجعلني يا رب ممن نظرت…,2,positive,Positive
twifil-02762,كل هاذا في مخيلاتك العراق حاكمنها الشيعة حزب الله لا تقدرون عليه إذن أنتم تضيعون وقتكم…,0,negative,Negative
twifil-02764,"VIPDZ oui voilà mille excuses ,",2,positive,Positive
twifil-02767,What? Djdjdjdjdj I'm like 80% sure it is that person ;),2,positive,Positive
twifil-02768,Le monde est cruel.,0,negative,Negative
twifil-02769,Bonne Nuit MPa Belle Alouss 💞💞💞 Et Trés Jolie Réve Chérie 😍😍😍😘🌷🌷,2,positive,Positive
twifil-02771,حتى هم يشتهون,0,negative,Negative
twifil-02772,السلام عليكم أخي محمد أخوك في الله مباركي سعيد من الجزائر,1,neutral,Neutral
twifil-02773,يا لهوي علي النهار ده هو مفيش غيري فل مطبخ اه ده انا حيلي اتهد فل مطبخ الصبح,0,negative,Negative
twifil-02774,"࿐ ✿ اللهم إنّا نسألك صباحاً يتجلّى فيه لطفك ويتسع فيه رزقك وتمتد فيه عافيتك ونستفتح فيه برحمتك""…",2,positive,Positive
twifil-02775,أبدا 🤙🏼,0,negative,Negative
twifil-02776,23c73c25148f3369208aa83931afc05092e2f756aeb931af93671d04e99d8c6e276dc4ce73f36542de4fb067340940874a7e077ab90d81ba802…,1,neutral,Neutral
twifil-02777,"Dézédie Allez! En solidarité avec le Parlement, moi aussi, ce soir, je gèle mes activités !",2,positive,Positive
twifil-02779,مساء الأنوار ساهوتي ألف مبروووووووك تستاهلي ملايين💃💃💃💃💃💃🎇🎇🎇🎇🎉🎉🎉🎉🎉🎆🎆🎆🎆🎆🎈🎈🎈🎈🎈 ليك منوليش 7M,2,positive,Positive
twifil-02781,ما فهمت شي,0,negative,Negative
twifil-02782,أية منظومة تنظرون و تتمنون سقوط دول. أما كنت تنظر بأن الثورة ستقوم في الجزائر و حسب اعتقادك ان الح…,0,negative,Negative
twifil-02785,thank you darling so sweet from you 😊😊 i'll always there 💋😘,2,positive,Positive
twifil-02786,ياقلبي 😍😍,2,positive,Positive
twifil-02790,"Automatique, j’interroge mon cerveau puis je te réponds, si j'ai une réponse.",1,neutral,Neutral
twifil-02791,لوكان ينحوهم نرجعو بلد واحد نشرب القهوة ف دزاير و نتعشى ف تونس😂,2,positive,Positive
twifil-02793,من زهرك,2,positive,Positive
twifil-02794,تبا لهم جميعا,0,negative,Negative
twifil-02796,كشف، ريزا سودون، اللاعب السابق لباريس سان جيرمان، بأن الدولي الجزائري، محرز أراد الإلتحاق ببطل الليغ1 ولم يتم قبول…,0,negative,Negative
twifil-02797,لماذا مباراة كدربي مدريد تحطوا معلق كيوسف سيف مع كل إحترامي للكابتن…,0,negative,Negative
twifil-02798,حسبي الله ونعم الوكيل,0,negative,Negative
twifil-02799,História pra contar mais tarde 😁,2,positive,Positive
twifil-02800,الجمال طافح من محياك.. و الشوق لاحضانكم من بين جوانحي طافح...,2,positive,Positive
twifil-02801,اعطتني انا حبيباتي كلام الرضى وغيري اعطته كل الفضائلو,0,negative,Negative
twifil-02802,هههههه واقع,0,negative,Negative
twifil-02803,نتي لي عندك الحق. ههههههه,2,positive,Positive
twifil-02804,"allah y rahma, Par contre tous les crétins qui insulte Nabilla alos qu'elle parle de la mort d'une pauvre…",0,negative,Negative
twifil-02805,disgusting im calling you out too,0,negative,Negative
twifil-02807,Min Yoongi 😭😭😭💖💞❤,2,positive,Positive
twifil-02808,"""هنا المكان الذي يخفض فيه الناس أصواتهم، ويرفعون مستوى عقولهم"".👌 ريتشارد ارمور👇👇",2,positive,Positive
twifil-02809,i wasn't that into theme i liked couple of their songs (1D & JB) till this day BUT i was and still am a Lovatic,2,positive,Positive
twifil-02810,Muy Feliz Noche Para Tod 🌜🌠🌜😴😴,2,positive,Positive
twifil-02811,Oh My Love ❤️❤️❤️❤️❤️❤️❤️❤️❤️❤️❤️❤️❤️,2,positive,Positive
twifil-02812,Arabiser agheyoliser,0,negative,Negative
twifil-02813,Active le sprint par défaut,2,positive,Positive
twifil-02814,PARK JIMIN BEST OF ME iHeartAwards BestBoyBand BTS,2,positive,Positive
twifil-02816,وإليك قلبي كل حين يخفقُ ولك المدامع بــالمحبة تعبقُ صلـى عليك الله يا بدراً بدا يـا من بحبك كلُّ ثغر يورقُ صلى الله عليه وسلم♥️🕊,2,positive,Positive
twifil-02817,سآمرهم فليغيرن خلق الله ...,0,negative,Negative
twifil-02822,وماعندهمش لبيو مبوشيين والخيوط تاع التريسيتي يدلاو,0,negative,Negative
twifil-02823,Fools again EXO EXO ComingSoon EXOPLANET weareoneEXO,1,neutral,Neutral
twifil-02825,نسال الله السلامة والعافية.,2,positive,Positive
twifil-02826,[ح 21 ] أرك سرفايفل افولفد ترويض تيركس مستوى 120 | ARK: Survival Evolved..M'y,1,neutral,Neutral
twifil-02829,"Ah d'accord, bah merci 👌",2,positive,Positive
twifil-02831,Di Maria 🤫🤫,0,negative,Negative
twifil-02832,عندك دليل بنوهم,0,negative,Negative
twifil-02833,live SoPportunity MEPI HDN Cilas Workshop TechniquesDePitch Algeria Algeris,2,positive,Positive
twifil-02834,Constantine: 6:14pm: sunset,1,neutral,Neutral
twifil-02836,ya rabbbbbbbb,2,positive,Positive
twifil-02837,"Dimple You hide them so well but they appear when you smile Where do they come from Don't lie, you are an angle…",2,positive,Positive
twifil-02838,صباح المسك والريحان اخي محمد,2,positive,Positive
twifil-02839,افتح أي هاشتاغ ترند في الجزائر تحس روحك في جريدة الحرية الفرنسية؟!!!! علاه بصح مفهمتش؟! عقدة مستعمر ؟! Algérie…,1,neutral,Neutral
twifil-02842,الانتخابات وصلة محتاجين ناس يعرفو يقولو وي وي وي لا علاقة بخدمة الشعب,0,negative,Negative
twifil-02843,هناك نسبة كبيرة من الناس في العالم تعيش في الجحيم ،لأنها تعتمد كثيراً على رأي الآخرين ..,0,negative,Negative
twifil-02845,ta3 arsenal t7a7na sa7,0,negative,Negative
twifil-02846,عراقة التاريخ ،،، ثبات الموقف ،،، وفاء القضية ،،، حب الشقيق ،،، 🇩🇿🇸🇾💖💞,2,positive,Positive
twifil-02847,حنا نقولوا القهوة الباردة و المرا الراقدة ... ما دورش بيهم,0,negative,Negative
twifil-02848,أشعة الشمس الذهبية تزين نصب كانيون دي شيلي التذكاري الوطني في ولاية أريزونا الأميركية، الذي يعد موطناً لتشكيلات صخ…,2,positive,Positive
twifil-02850,اذا كان الخبر حقيقي هو كارثة,0,negative,Negative
twifil-02852,Le temps est le prix,0,negative,Negative
twifil-02853,زحمة يادنيا زحمة 😂 5 مسلسلات ازاي ياجدع ملقيتوش غير الاحد😢💔,0,negative,Negative
twifil-02855,"C'est une bonne chose, donner la parole a ce genre de personne, c'est leu…",2,positive,Positive
twifil-02856,Çünkü... gülünce çıkan gamzeleri çok güzeldi be! 4N1KİlkAşk Alikuş AlYap teamAli TeamBali,2,positive,Positive
twifil-02858,” لئن أرعى الإبل عند ابن تاشفين؛ أحب إلىّ من رعي الخنازير عند ألفونسو”. قالها المعتمد ابن عباد يوما ما مفسرا سبب اس…,0,negative,Negative
twifil-02859,انتي السبب ٨,0,negative,Negative
twifil-02863,you missed that man at the BBMAs hope this time you gonna meet him,2,positive,Positive
twifil-02864,مَجَالِسْ الْهُدَّى وَالْنُورْ اَلدَّعَوِيَّة📚 🌐قناة مَجَالِسْ الْهُدَّى وَالْنُورْ اَلدَّعَوِيَّة💻 _ قناة دعوية سل…,2,positive,Positive
twifil-02866,كل عام و انت بألف خير صديقي و لعقوبة ل مئة سنة يا رب ❤,2,positive,Positive
twifil-02868,الخبر الوحيد الذي لازلت أثق به في القنوات الجزائرية هو : حان الآن موعد صلاة العشاء بتوقيت الجزائر العاصمة وضواحيها. 🕌,1,neutral,Neutral
twifil-02870,"Il a laissé un commentaire 3end had l fan sans gêne , alors le post ta3 B (le goodbye hadek) m9ymhash même pas",0,negative,Negative
twifil-02872,dont expect happiness if ur life is all fake and lies... there's a thing called Karma ! just found out the truth b…,0,negative,Negative
twifil-02873,أنا اسوأ مما تعرف ، أو أفضل مما تظن ، الأمر ليس متعلق بي! بل بعقلك الذي يظن ، لا تظن بي شيئا وأعدك بأن الأمور ستكون على مايرام 😉 ❤☺ ..,2,positive,Positive
twifil-02874,صباح الخير لكل فاطن,2,positive,Positive
twifil-02875,لا أستطيع الإختيار,0,negative,Negative
twifil-02876,مبايعة مواطنين كنديين للملكة إليزابيث الثانية ملكة كندا و القسم على الوفاء لها و لورثتها و تابعيهم...,1,neutral,Neutral
twifil-02877,اللهم لا تؤاخذنا بما فعل السفهاء مناالجزاير,0,negative,Negative
twifil-02878,تعالي امتعك,2,positive,Positive
twifil-02879,"''L'orgue est certes le plus grand, le plus audacieux, le plus magnifique de tous les instruments cré…",2,positive,Positive
twifil-02880,نجوى خبرينا شو ؟؟؟؟,1,neutral,Neutral
twifil-02882,"Nous a fait la leçon pendant 30 ans. Il en est un autre qui s’appelle Thierry Mariani, fils d’immigrés ita…",0,negative,Negative
twifil-02883,تقدر تقولك مانكلوش هههههههه,0,negative,Negative
twifil-02884,امطار متواصله من الليل دون توقف,0,negative,Negative
twifil-02885,شقة في تونس العاصمة,1,neutral,Neutral
twifil-02886,ربما هذا ما يفسر سبب بعض القرارات المتهورة. أقصد بالمتهورة: تخفيض المساعدات للمنظمات الخيرية…,0,negative,Negative
twifil-02888,في الوهلة الاولى من بعيد تضن انها طائرة في مطار تستعد للاقلاع لكن عندما تقترب تكتشف بانه فندق فندق جامبو هو عبارة…,2,positive,Positive
twifil-02889,همم عالية: سئل ابن رشد (الفيلسوف)عن عدد الكتب التي قرأها! قال: إني لم أنقطع في حياتي عن القراءة إلا ليلتين، ليلة زواجي، وليلة وفاة والدي. #,2,positive,Positive
twifil-02891,ابا جهل متاع دزاير,0,negative,Negative
twifil-02893,سكوت حكام العرب من أوصلهم إلى قتلهم بكل برود,0,negative,Negative
twifil-02894,وضرب الله مثلا للدين امنوا امراة فرعون اد قالت ربي ابني لي بيتا في الجنه ونجني من فرعون وعمله ونجني من القوم الظالمين,2,positive,Positive
twifil-02897,"Maintenant Mercredi 17h59 en Algérie 3:59 AM en Australie jeudi, 18 janvier 2018 (UTC+11) Heure (Canb…",1,neutral,Neutral
twifil-02899,الله ونعم الوكيل في أل سعود وأتباعهم,0,negative,Negative
twifil-02900,J'ai ramène un écrit au foncière qui prouve que meziani larbi ben Tahar est proche de mezianifarid fils de mohandsalah.,1,neutral,Neutral
twifil-02901,تسلم بارك الله فيك محمد,2,positive,Positive
twifil-02902,iPhone 7,1,neutral,Neutral
twifil-02903,♥ ﮼لا ﮼شَيء ﮼بالحياة ﮼آجمَل ﮼مَن ﮼قلب ﮼يدعو ﮼لك ﮼وأنت ﮼لا ﮼تعلم ﮼ربّي ﮼أنثِر ﮼السعَادة ﮼لِمن ﮼أسَعدنا ﮼بِكلمْه ﮼…,2,positive,Positive
twifil-02905,لالا قتل عمدي هذا 😀😀,1,neutral,Neutral
twifil-02906,... ساتخذ عينيك محرابا اتلو قصائد عشقي لها و فيها,2,positive,Positive
twifil-02907,الحياه المره. وهي على القبر تضم محمد وتبكي زوجها ولا تر ان تموت وتبكي خوفا ان تتركه وحده والله يريدها ان تموت وتترك له محمد ادب السجون,0,negative,Negative
twifil-02908,لي يحب ترامب او دولة و الخرلمان تفوووا حتى واحد ما فادكم و لا راح يفيدكم خرا,0,negative,Negative
twifil-02909,La punition ordinaire était l'exil ... Et tout dépendait de la gravité des péchés . Je ne…,0,negative,Negative
twifil-02910,أصبح الحديث بالفرنسية في الداخل والخارج موقفا سياسياأو مغازلة مجانية تثير حساسية الشعب الجزائري، وتجرح نخوته الوطني…,0,negative,Negative
twifil-02912,تخطيط سديد 💪🎉اهلا بهم بالجزائر البيضاء🌼بالجزائر المليون ونصف المليون ورد🌹,2,positive,Positive
twifil-02914,صديقي اذا توفيت قبلك عدني ان لا تبكي ، وان تمحي صوري ، وتخفي اغراضي وتذكرني في صلاتك بالدعاء وتختم لي القرآن ، وتضع…,0,negative,Negative
twifil-02917,مرحبا عجبتني احلا اغانيتك,2,positive,Positive
twifil-02918,❤️💕❤️,2,positive,Positive
twifil-02919,look at these cuties,2,positive,Positive
twifil-02921,انا لازم نشتغل ولا ندير اي حاجه نلهى فيها الوضع هكي قعد املل من الملل.,0,negative,Negative
twifil-02922,تابعني اردها في الحين,2,positive,Positive
twifil-02924,"L’Amérique , la plus grande puissance du monde (considérée d…",2,positive,Positive
twifil-02925,صباح الخير احبابي,2,positive,Positive
twifil-02926,نيفرسيسي و نيفرتيتي,0,negative,Negative
twifil-02927,قطر اشرف منكم ايها الحثالة فهم لا يتبركون بترامب مثلكم يا كلاب بني سعود,0,negative,Negative
twifil-02928,...... انما الميت ؛ ميت الاحياء قد تنكر العين نور الشمس من رمد و ينكر الفم طعم الماء من سقم .. . و من يكن…,0,negative,Negative
twifil-02929,ههههههههههههههههههههههههههههههههههههههه بحبك😂💚,2,positive,Positive
twifil-02930,احلا بلد الجزائر,2,positive,Positive
twifil-02932,temperature up 9°C -> 10°C wind 2kmh -> 3kmh,1,neutral,Neutral
twifil-02933,انا الدي امتعها,2,positive,Positive
twifil-02934,Bien ciblé! sait qu’il est urgent de mettre terme au pouvoir de la gérontocratie tueuse de…,2,positive,Positive
twifil-02935,😢😢😢,0,negative,Negative
twifil-02936,أظن أنه على حق في بعض كلامه من لديه إتهام يقدمه بالأدلة و إلا فهو تشهير أو قذف ، بالنسبة لحرية التعبير ف…,0,negative,Negative
twifil-02937,مانظنش,0,negative,Negative
twifil-02938,"عجبتني عبارة "" وطن لا يحميه أبنائه لن يدوم طويلا ""...",0,negative,Negative
twifil-02939,في اي لحظة تجي الرغبة,2,positive,Positive
twifil-02940,لكن الرسمي من موقع النادي,2,positive,Positive
twifil-02945,قال-ﷺ-: « آمركم أن تعبدوا الله ولا تشركوا به شيئا،وتعتصموا بحبل ﷲ جميعا ولا تفرقوا،وتطيعوا لمن ولاّهُ ﷲ عليكم أمركم…,1,neutral,Neutral
twifil-02946,Clyne... Its ur time,1,neutral,Neutral
twifil-02947,بالصور: احم خصوصيتك بمنع تتبع المعلنين بهذه الخطوات,2,positive,Positive
twifil-02949,what to heck,2,positive,Positive
twifil-02951,هههه 😊,2,positive,Positive
twifil-02952,yes and don't forget army,1,neutral,Neutral
twifil-02953,Elle est si froid et débordante d énergie que j ai oublié de prendre mon pti dej,2,positive,Positive
twifil-02954,Yaktık ya la çocuğu :) inşaallah ciddi bir şeyi yoktur,2,positive,Positive
twifil-02955,Samurai 😍❤❤ Ninja 😔😔😢,0,negative,Negative
twifil-02956,طرب مع مروان خوري اطربتينا وابدعتي وتالقتي وكمان مافي، ولا فنانة اتقنت وتفننت في تقديم روائع وردة الغناء العربي، و…,2,positive,Positive
twifil-02957,عادي انو حالتها هذي تحصل معايا لما اشوف كوبل مسلسلي 😭,0,negative,Negative
twifil-02958,نعم أكيد,2,positive,Positive
twifil-02962,احسنت ياشيخنا الكريم نعم اللهم ربي وفقنا لما تحبه وترضى عليا يارب العالمين,2,positive,Positive
twifil-02963,بوحجة : عندي إقرار من نواب الرئيس أن السنة الأولى مرت في هدوء وكما ينبغي وكانت سنة إنجاز أزمة البرلمان الجزائر,2,positive,Positive
twifil-02965,ربي أطول في عمرك يشيخ,2,positive,Positive
twifil-02966,الصور النمطية سواء كانت سلبية أو إجابية والله تعالى المستعان و عليه التكلان,1,neutral,Neutral
twifil-02967,صباح النور وجمعة مباركة للجميع,2,positive,Positive
twifil-02968,لعلّك لا تدري ...,0,negative,Negative
twifil-02969,Its actually happenin the kings are coming,2,positive,Positive
twifil-02970,"current weather in Constantine: broken clouds, 15°C 62% humidity, wind 9kmh, pressure 1017mb",1,neutral,Neutral
twifil-02971,Thank u very much and I truly love WANNABLES 💝💝💕,2,positive,Positive
twifil-02972,احسن شي,2,positive,Positive
twifil-02973,"Historia elle qui étais la plus gentille, la plus belle, se vois êtes l'ennemie de l'humanité, je l'aime trop j'ai envie de chialer",2,positive,Positive
twifil-02975,. ﴿ وما كانَ الله ليعجزه من شيء ﴾ شفاءُك ، زوال همّك ، أمنياتك ، كلها عند الله ...✨ أطمئن وكن مع الله🍃 🎀🎀,2,positive,Positive
twifil-02976,What is the easiest way to increase protein intake?,2,positive,Positive
twifil-02979,باهي عبرتني الخنقه,1,neutral,Neutral
twifil-02980,يتفرج عليها وهيا تضيع من يده وبعدها يقول مش مكتوبتلي💔,0,negative,Negative
twifil-02981,لك الف تحية 🌹,2,positive,Positive
twifil-02982,AMAs favorite social artist at the AMAs,2,positive,Positive
twifil-02983,"Tout a fait, comme tu le dis si bien l'espoir fait vivre...",2,positive,Positive
twifil-02984,-طاعة الله سبحانه وتعالى في السر والعلن ، وطاعة رسوله صلى الله علية وسلم ،وأن تكون صالحة .,2,positive,Positive
twifil-02985,خذ الرقم هههه,2,positive,Positive
twifil-02986,اللهم في صباح يوم الجمعة اللهم أشفي وعافي كل مريض ورحم كل ميت ونور له في قبره وشرح صدورنا ويسر أمورنا وفرج همومنا…,2,positive,Positive
twifil-02987,هذاك إلي قالك نحارب الدنيا على جالك 😒 مزال يحارب ولا استشهد 😂😂😂,0,negative,Negative
twifil-02988,خذلك دي هههههههههههههههههههههههههههههههههههههههههههههههههههههههههههههههههههههههههههههههههههههههههههه,0,negative,Negative
twifil-02989,"As-Salamu Alaikum -السلام عليكم , Que a paz esteja sobre vós! em السلام عليكم",2,positive,Positive
twifil-02990,ENA....Étable. ..Neuseabond...Des Abrutis..,0,negative,Negative
twifil-02991,ممكن نتواصل بيك,1,neutral,Neutral
twifil-02992,عليه افظل الصلاة وسلام عليه صلى الله عليه وسلم اللهم صلي عليه وسلم تسليما مباركا فيه,2,positive,Positive
twifil-02993,""" خذها نصيحة : البدايات التي لا ترضي الله نهايتها لن ترضيك أبداً فلا تعص الله من أجل من أحببت فقلب من أحببت بيد من …",0,negative,Negative
twifil-02994,"Bon vendredi je vous dis ""Nî hâo !",2,positive,Positive
twifil-02996,;),2,positive,Positive
twifil-02998,الصمت مرات يكون مَوقِفًا,1,neutral,Neutral
twifil-03000,شكرا لكي استاذة لجين في انتظار مداخلة نجمتنا كنزة 💓 KenzaMorsli,2,positive,Positive
twifil-03002,ان لله نفحات فتعرضوا لنفحات الله تصبحي على الف خير اخت جوليل,2,positive,Positive
twifil-03003,غريبه ما طلعتيش عندي,1,neutral,Neutral
twifil-03004,La flagrance de l'injustice française,0,negative,Negative
twifil-03005,كل سكان أميركا الشقر من المهاجرين، فهل على الهنود الحمر ترحيل كل هؤلاء؟,0,negative,Negative
twifil-03006,ليك حنونة 😍👌🎧,2,positive,Positive
twifil-03008,نعم انها الحقيقه ياصديقي وهذ كل من يتقي الله يجعل له مخرج ويرزقه من حيث لا يحتسيب ااشكر نعم,2,positive,Positive
twifil-03009,ااا مع الاهلي مقابلة نااار نشاله يربحو وبالتوفيق للترجي خويا,2,positive,Positive
twifil-03010,0 وفي تصريح يخالف أبسط الأعراف الدبلوماسية، قال ترامب أمام تجمع انتخابي في ولاية ميسيسبي…,0,negative,Negative
twifil-03012,هبلتيه,0,negative,Negative
twifil-03013,زبري حتي كليني قعد مدافع مزبر,1,neutral,Neutral
twifil-03014,ظل رجل ولا ظل حاءط,0,negative,Negative
twifil-03015,يارب علمنا الرضِا في النهايات التي تُهدم دواخلنا .. 💕 صباح الخير 💕,2,positive,Positive
twifil-03016,"العشق جنون جرانه ولا فكرون""ضفدعه ولا سلحفاة "" هههه",0,negative,Negative
twifil-03020,Let's Trend this Emoji for the last time Fam.... Fighting. 💪 EXO EXO ComingSoon EXOPLANET weareoneEXO,2,positive,Positive
twifil-03021,🙌🏾🙌🏾❤️❤️,2,positive,Positive
twifil-03022,وسيعلم الذين ظلموا أي منقلب ينقلبون. من اراد بالبقاع المقدسة سوءاً فلينتظر ان تُخسف به وبجمعه الأرض ، إن شاء الله ق…,0,negative,Negative
twifil-03023,Américains jugent que 7 ans sous la présidence d'Obama sont moins mauvais qu’une année sous le règne de Trump…,2,positive,Positive
twifil-03024,هناك من يجرحك بأخلاقه وهناك من يحرجك بأخلاقه (الفرق نقطة والمعنى كبير),2,positive,Positive
twifil-03025,صباح النور يا أمورة انتي,2,positive,Positive
twifil-03026,اكيد سمية الخشاب اولى,2,positive,Positive
twifil-03028,Bouzeguene (tizi_ouzou).,1,neutral,Neutral
twifil-03029,Brick Brick Gratuit,2,positive,Positive
twifil-03030,دَخيلا هَيدي الكِلمة.. لمّا تقلّلي صباح الخَيْر.. بحروفا بحسّ بنَغمة.. أروَع من زَقزَقة الطَّيْر..,2,positive,Positive
twifil-03031,"أحيانًا مُوَاسَاة الغُربَاء وَالعَابِرين لَهَا مَفْعُول أعْمَقُ , وَأسْرَعُ , وَأصْدَق",2,positive,Positive
twifil-03032,UNITED KINGDOM,1,neutral,Neutral
twifil-03033,السيسي يلاحق المصريين في الارض و في السماء .الحمد لله ان هناك ربا يحاسب الناس يوم القيامة ...,2,positive,Positive
twifil-03034,ida thbih nb3tlk tfadliy hhhh,2,positive,Positive
twifil-03035,Une femme qui couche durant 2 ans avec un homme...C'est pas du viol...Il…,0,negative,Negative
twifil-03037,اسفه,0,negative,Negative
twifil-03038,Petite peinture digital art de la matinée ! artrage,2,positive,Positive
twifil-03039,يا بنت الناس ...... :,0,negative,Negative
twifil-03040,لآ أدْري مِنْ أينَ وَمَتَى سَتأتِي آلسَّعآدَة ،، لَكِنّي أثِقُ فِي رَبِّي Hamdid Madrid,2,positive,Positive
twifil-03042,لــ💭ــمن يذكروننا بالخير يا رب بالخير اذكرهم♥️.. وبالحب ارعاهم .. واملأ قلوبهم نورا وامسح ذنوبهم .. وكفكف دموعهم…,2,positive,Positive
twifil-03044,ARMY = FAMILY BTS BTSARMY BestFanArmy iHeartAwards,2,positive,Positive
twifil-03046,Mieux comprendre ce que les sciences exactes ont fait sur elles-mêmes. Par contr…,2,positive,Positive
twifil-03047,لا هي عازبة الان ..هههه,2,positive,Positive
twifil-03048,Wow Chicago 5800000km,0,negative,Negative
twifil-03049,عز شأنه,2,positive,Positive
twifil-03051,42 بسيطة جدا,2,positive,Positive
twifil-03052,تعلم الصبر فليس كل يوم رائع والحياة ليست دائماً كما تتمناها...✌❤,2,positive,Positive
twifil-03054,TubaBuyukustun souhilaBenLachhab souhilabenlachhab,1,neutral,Neutral
twifil-03055,J’arrête d’écouter F.Culture. Désolé. Je passe le mot à mes amis. Où…,0,negative,Negative
twifil-03056,الله يديم اهلك يا مطراااا,2,positive,Positive
twifil-03057,"Trend it fam Trend it..... Only 23min left :"") EXO EXO ComingSoon EXOPLANET weareoneEXO",2,positive,Positive
twifil-03058,1 فبراير 1968 29 سبتمبر 1994 كي ليوم راح الغالي😟😰 ملك الراي,0,negative,Negative
twifil-03060,الأعراب هم العرب,1,neutral,Neutral
twifil-03061,🕌🕌,2,positive,Positive
twifil-03062,In Algeria,1,neutral,Neutral
twifil-03063,"•غدًا سيُبدِل اللهُ المِيم فِي ""مَتى"" إِلَى ألفٍ وَلكِن صبرًا🖤🗝. أبشر بالخير صبرًا ||🌾..",2,positive,Positive
twifil-03064,I want the cocky one omf :((,0,negative,Negative
twifil-03065,انتظار التغيير في الجزاير اشبه بانتضار نمو الضرس الذي اقتلعه الطبيب.,0,negative,Negative
twifil-03067,ربي احفظني من عيون تُراقب حياتي واكفّني شرّهم يا رب,2,positive,Positive
twifil-03068,علمتني الحياة ان اجعل قلبي مذينة بيوتها محبة و طريقها التسامح والعفو وان اعطي ولا انتضر الرد على العطا…,2,positive,Positive
twifil-03069,Thanks! ☺️❤️,1,neutral,Neutral
twifil-03071,هذا مثال عن كتاباته ...,1,neutral,Neutral
twifil-03073,هههههعههه,2,positive,Positive
twifil-03075,C’est pas degeu,2,positive,Positive
twifil-03076,"Tu remplis constamment mes pensées...tu es fréquemment dans les rêves, tu donnes un sentiment éternel à mon coeur .il éclate pratiquement...",2,positive,Positive
twifil-03077,Et les prsn qui sont pas d’accord aller vous faire foutre,0,negative,Negative
twifil-03078,"Yes👍,and god bless you ,thank you my friend,happy day☀",2,positive,Positive
twifil-03081,well done maduro,2,positive,Positive
twifil-03082,Eske vous saviez que Messi a mis + de buts a Bernabeù en clasico que CR7? Et que…,1,neutral,Neutral
twifil-03084,بعد مرور 50سنة : الجزائر البلد الوحيد في العالم الذي ماضيه اجمل من حاضره .... 😢😢😢,0,negative,Negative
twifil-03087,بالتوفيق أستاذة,2,positive,Positive
twifil-03090,والله معاه الف حق,2,positive,Positive
twifil-03091,أين بدأنا و أين انهينا 😬,0,negative,Negative
twifil-03094,الجنة وحدها والحلوة وحدها 😊,2,positive,Positive
twifil-03096,حنا وانت,1,neutral,Neutral
twifil-03098,Santé ! Macron malade. Il souffre du Collomb !,0,negative,Negative
twifil-03099,احتدام القتال في طرابلس يحجب فيس بوك,0,negative,Negative
twifil-03100,انا يا عاشق الهوى هواكي يا مدينة الروح قلبي لي يهواكي على الصخر العتيق بناكي .😍,2,positive,Positive
twifil-03105,“Le Digital Learning est une chance inouïe pour l’Afrique et l’Algérie.” 🚀 Merci au Soir d’Algérie pour cet articl…,2,positive,Positive
twifil-03107,ووقف الفريق لابد ان نفعل شي وجيء باطباء العالم ومات كما نموت ووضع في خشبه كما نوضع وقام المصلي وقال الله اكبرمنك…,0,negative,Negative
twifil-03109,Avec on va organiser un petit « meet-up » dans l’après midi à Alger 👊 Si tu es dans le coin reste à l’af…,2,positive,Positive
twifil-03110,😉 à Chlef,2,positive,Positive
twifil-03111,آمين يأرب العالمين ونتي تني,2,positive,Positive
twifil-03113,🇹🇷🇹🇷🇩🇿🇩🇿🇹🇷⚒️✔️,1,neutral,Neutral
twifil-03115,حلو,2,positive,Positive
twifil-03117,صباح الورد والياسمين (ربنا ءامنا بما انزلت وتبعنا الرسول فاكتبن مع الشهيدين,2,positive,Positive
twifil-03118,bonsoir 7abibti merci 3ala kil sanawat el7ilwi ili 3ayachtihalna merci ya rou7i allah yakhalina yaki wa a…,2,positive,Positive
twifil-03119,😛,2,positive,Positive
twifil-03120,كم نعتز بهذه المقوله للجزائريين,1,neutral,Neutral
twifil-03121,"C'est la couverture de mon premier album ""ruhum."" Le 1er extait ""Seul"" c'est deja publié il y a une semaine n'oubl…",2,positive,Positive
twifil-03122,"قال الإمام محمد بن عبد الوهاب رحمه ﷲ : ”إذا كَانَ الإسْلَامُ يَعُودُ كَما بدأ. فَما أجهل مَن استدلّ بكثرةِ النّاس "". 📚الدرر السنية٤١/١",0,negative,Negative
twifil-03123,سيدي امير ارجوا من فضلك مساعدتي علي حصول بيت لي و لي اولادي وفقكم الله ورزقكم الجنة و اميراه و اميراه,2,positive,Positive
twifil-03124,🌷😊💞,2,positive,Positive
twifil-03125,"Yaşasam yaşasam 15-20 yıl daha biçiyorum kendime, bakalım üstüme oturursa yani...",0,negative,Negative
twifil-03126,almudancelaalmudema almudancewinterfestival almudance almudema sonofiestasf …,2,positive,Positive
twifil-03127,Tous Mes Félicitations Pour La Miss Du Liban 🇱🇧 Maya Reaidy MissLebanon2018 👍👏👏💗,2,positive,Positive
twifil-03129,4فكرة فصل الراس عن الجسد في سبيل الدين. هذا النوع من التعدي على براءة الاطفال هو الذي قادنا الى حمام الدم في التسعي…,0,negative,Negative
twifil-03130,"SQ1FYB-12 first detected 2018-09-28 18:35:25Z from Tahantas, Adrar, Algeria (4769m AGL).",1,neutral,Neutral
twifil-03131,95db1effc0b972bf203d14683d4db4719dc591a8f3b18abec30117389fd6985da1fe46843b1603c9e0b25ca6004bed6437443981402c708d31e…,1,neutral,Neutral
twifil-03132,العفو 🌼 و هدا من بعض ما عندك 🌹🌹 دمت بخير و امسيتك طيبة,2,positive,Positive
twifil-03133,Burningggg 🔥🔥🔥🔥😭😭😭😭,0,negative,Negative
twifil-03134,🍃🍂﴿ إن اللهَ هُوَ الرزاقُ ذو القُوَّةِ المَتين ﴾🍂🍃,2,positive,Positive
twifil-03135,تتركي تويتر من أجل من 😤 ماتقيميش لي مالو قيمة.,0,negative,Negative
twifil-03139,ENS en colère,0,negative,Negative
twifil-03140,KimJongUn,1,neutral,Neutral
twifil-03141,power algerie producer rapper life ilovemylife à TAJ MAHAL,2,positive,Positive
twifil-03143,6:32am: sunrise sunset will be at 6:11pm,1,neutral,Neutral
twifil-03144,Real Madrid Was Destroye Every One And Win The Again And The Fourth Time ♥♥,2,positive,Positive
twifil-03145,وضعية🙉🙈🙊,0,negative,Negative
twifil-03146,غير صحيح خيو,0,negative,Negative
twifil-03147,Alger casbah algerie algeria tourism tourist road old oldcity city citylife…,2,positive,Positive
twifil-03148,he has no problem with that quite clearly,2,positive,Positive
twifil-03149,بالخلق نرقى وبالخلاف نبقى نقاوي الجهل فينا,0,negative,Negative
twifil-03150,طالع المورال يهبط النيفو,0,negative,Negative
twifil-03151,اجدادي يا قذر أغلقت المنفذ الذي كان بإمكانه أن يجعل منكم عبيدا للكفار.. وانتم تفتحونه…,0,negative,Negative
twifil-03154,السعادة...استشعار قيمة مانملك و الامل في غد افضل...,2,positive,Positive
twifil-03155,صباح الخير لناس الحلوة,2,positive,Positive
twifil-03156,وحنا ملنا في المغرب العربي مشاكل إيه,0,negative,Negative
twifil-03157,قال ﷺ: 🌸من قال؛ «أستغفِرُ اللهَ العظيم الذي لا إله إلا هو الحَيَّ القيومَ وأتوبُ إليه» غُفرت ذنوبه وإن كان فَرَّ م…,2,positive,Positive
twifil-03158,"❒ قال شيخ الإسلام ابن تيمية -رحمه الله-: ""الحسد مرض من أمراض النفس وهو مرض غالب فلا يخلص منه إلا قليل من الناس وله…",0,negative,Negative
twifil-03159,يارب محد شاف الا واحد🙂,0,negative,Negative
twifil-03162,اللهم ثبت قلوبنا على دينك,2,positive,Positive
twifil-03163,Oubien 😉🤙🏽,2,positive,Positive
twifil-03164,الظلم ظلومات يوم القيامة من احيا نفس مؤمنة كانما احيا الناس جميع ومن قتل نفس مؤمنة كانما قتل الناس جميع هل تريد الجنة ام النار,0,negative,Negative
twifil-03165,جميل جيدا انا في انتظاريكم لي شرح اكثر وتعلم كيف في القذف والاستعمال في تحسين العمل شكرا لكم,2,positive,Positive
twifil-03166,Unfortunately 💔,0,negative,Negative
twifil-03167,"كتاب صدر عن دار سامي للنشر ، بعنوان كتاب الروح والجسد تقديم الشاعر العربي الكبير "" رفعت سلام"" يطرح الكتاب فكرة الكت…",2,positive,Positive
twifil-03168,""" إِنَّ اللَّهَ وَمَلائِكَتَهُ يُصَلُّونَ عَلَى النَّبِيِّ يَا أَيُّهَا الَّذِينَ آمَنُوا صَلُّوا عَلَيْهِ وَسَلِّ…",2,positive,Positive
twifil-03169,شو هاذ رمي,0,negative,Negative
twifil-03170,"وأضاف: ""بوجبا يكون غريب الأطوار أحيانًا وفي أوقات آخرى يكون شخص لا يحب العواطف، لقد كنت أتعامل معه طو…",0,negative,Negative
twifil-03171,واش راك تشوف فالسونداج إيبالي راح يبقاولك 09 ... نسيت انخبرك أبدى بالشاهد ... و أنت خير الأيمن و…,0,negative,Negative
twifil-03172,Ith Hafed,1,neutral,Neutral
twifil-03174,Passer Des Bons Moments Et Prenez Soin De Vous Mon Coeur 💗🙏💗🙏💗,2,positive,Positive
twifil-03177,الله يبارك شباب,2,positive,Positive
twifil-03179,আসাই আছি আলজেরিয়া থেকে জানুয়ারি 4 তারিখ সৌদি আরব.. আবার জানুয়ারি 13 তারিখ আলজেরিয়া back..আবার মার্চ…,1,neutral,Neutral
twifil-03181,انها الانهزامية النفسية,0,negative,Negative
twifil-03182,يا لكم من عقول معفنة وصل بكم الامر قتل صحفي فعلا انتم دواعش,0,negative,Negative
twifil-03183,احباط 😣😣😣,0,negative,Negative
twifil-03184,لي عندو مشكل مع إيران إروح إحارب إيران وجه لوجه مش تختفون و تقولون نحارب إيران في اليمن,0,negative,Negative
twifil-03185,البحر ..🌹🌹🌹,2,positive,Positive
twifil-03186,مقدمك,1,neutral,Neutral
twifil-03189,"J'étais de repos et jme suis libéré d'une pression que je m'appliquais, feel free",2,positive,Positive
twifil-03192,iHeartAwards BestFanArmy BTSARMY 5,2,positive,Positive
twifil-03194,لا تكلمني على وقت الإستعمار ok أموالكم رجعت من الحجاج الجزائريون وأكثر,0,negative,Negative
twifil-03195,ساعه وساعه يا اُخي,1,neutral,Neutral
twifil-03196,Nice smile.😊😊 WESWEW,2,positive,Positive
twifil-03197,C est beau le monde,2,positive,Positive
twifil-03198,Support my pictures acc ❤ iHeartAwards BestFanArmy BTSARMY DIMPLE,2,positive,Positive
twifil-03199,تكذبون حتى على صدام الله يرحمه هم يكرهونه لأن ماتركهم يحجون في كربلاء ويقولون صدام قتل…,0,negative,Negative
twifil-03202,نادين نسيب نجيم شمس الدراما العربية وقلب الساحة الفنية ونبض الجماهير العربية نادين الحب الابدي,2,positive,Positive
twifil-03204,Why i gotta be an awkward bitch irl,0,negative,Negative
twifil-03205,"Wlh nice place , guelma Talk NOW @ Guelma",2,positive,Positive
twifil-03206,AND I THINK I KNOW WHO UR CRUSH IS :)),2,positive,Positive
twifil-03208,"La peor mentira es cuando te mientes a ti mismo. __ Si te falta coraje para empezar, ya has terminado. __Una cosa…",0,negative,Negative
twifil-03209,Pourquoi,0,negative,Negative
twifil-03211,عَن عـَطَـــاءٌ الْخـــُرَســَانِـﮯ رَحـــِمَہُ اللهُ -قَــــالَ : « مَا مِنْ عَبْدٍ يَسْجُدُ سَجْدَةً فِي بُقْعَةٍ…,2,positive,Positive
twifil-03212,أعطني الإميل,1,neutral,Neutral
twifil-03213,"Foutaise ! L'Europe compte plus de 1 210 000 lieux de cultes chrétiens et la France à elle-seule,…",2,positive,Positive
twifil-03214,VIPDz il faut me suivre pour compre…,2,positive,Positive
twifil-03216,التحضيرات الأخيرة قبل افتتاح محطة ساحة شهداء لمترو الجزائر,2,positive,Positive
twifil-03218,آمين يا رب العالمين. مساء الورد,2,positive,Positive
twifil-03219,"Ma Kelly d'amour, moi qui te surnomme Princesse, depuis ton arrivée sur , tu l'as été pour de…",2,positive,Positive
twifil-03220,يتمّ قراءة السورة من بداية يوم الجمعة أو حتى ليلتها، والتي تبدأ منذ غروب شمس يوم الخميس، وتنتهي عندما تغرب الشمس في…,2,positive,Positive
twifil-03221,"My favorite hobby ""Drawing""",2,positive,Positive
twifil-03222,نعم انها الحقيقه احسنتي. اشكرك جميل جيدا. يسعد صباحك بلورد وانتم الورد 🌹 🌹 اهديك من قلبي,2,positive,Positive
twifil-03223,sure,2,positive,Positive
twifil-03225,L'air du bled m'avait manqué,2,positive,Positive
twifil-03226,اريد حنان عجوز,0,negative,Negative
twifil-03227,كينتيرو لاعب كولومبيا يقدر يبعب طرف يمين لاعب يساري شفناه في كاس العالم.. راح يريحنا من سولير.. الريال كان يريد ضمه…,2,positive,Positive
twifil-03229,واه انا بعرف انو نجوى رح تصور كليب اغنية جديدة بس سآلة لا اتحقاق بس,0,negative,Negative
twifil-03230,vive ma kabyli <3,2,positive,Positive
twifil-03232,Je me pose la question sur votre aptitude morale ...Et répondez moi sur le fait qu…,0,negative,Negative
twifil-03233,هههه راهو يسمع ان شالله.,2,positive,Positive
twifil-03234,hhhhhhhh ya hafid hhhhhh,2,positive,Positive
twifil-03235,صباح السعادة ويوم الإثنين للعمل قوة وإرادة صباح الورد وأوراق الخريف الملونة الغرادةالموتناثرة من أشجار…,2,positive,Positive
twifil-03236,نعم حتى في حياتنا اليومية لو ندقق لنجد مثل هاته الأمور لكننا نظن اننا كالانبياء فنحتاج للمعجزات اللهم…,0,negative,Negative
twifil-03237,Isn’t this my twitter page so I can say what I want when I want,2,positive,Positive
twifil-03238,411761a7e9dfd6f92045b59a4ff12f9f8cfc7f73cd2349f6e4b4cafde0fa95e6646a476e2265b6aa4fa8d47e3d21027e63d7a428fc997c0c310…,1,neutral,Neutral
twifil-03240,Which is more romantic?,2,positive,Positive
twifil-03241,TheSong IDOL PCAs,2,positive,Positive
twifil-03242,Why all of you chose pink X 💘,1,neutral,Neutral
twifil-03243,Ouvrez la toute grande....Mais ne soyez pas stupide..,0,negative,Negative
twifil-03244,DACA BorderSecurity TheWall,1,neutral,Neutral
twifil-03245,لفتة طيبة ٨__٨,2,positive,Positive
twifil-03247,شي مضحك والله,0,negative,Negative
twifil-03248,I'm sliding into ur DMs u better tell MY ASS I'M SO FUCKING CURIOUS,0,negative,Negative
twifil-03250,لسة بتقولي هدعي في السر 😪💦,0,negative,Negative
twifil-03251,"""فيفا"" يعلن القائمة النهائية لـ""thebest"".. واستبعاد ميسي",0,negative,Negative
twifil-03253,我在乎你 這是我的電子郵件 我等你留言 saidzitari26 .com,2,positive,Positive
twifil-03254,كلامك رائع فيه لحن ونغم,2,positive,Positive
twifil-03257,ترحلوا يعني ترحلوا,0,negative,Negative
twifil-03258,on le regarde ensemble,2,positive,Positive
twifil-03260,انها ملة التوحيد حتى في الحب,2,positive,Positive
twifil-03261,Sooner we will be more clear قريبا ستمطر,2,positive,Positive
twifil-03263,مبروك💭لكين،سوافا،يغرق في وادنيل😢😇😏,0,negative,Negative
twifil-03264,Good morning u to dear noura,2,positive,Positive
twifil-03265,Jared mon cul ouai,0,negative,Negative
twifil-03267,صورة من الارشيف لنساء من الاخضرية ولاية البويرة حملن السلاح وقاتلو المستعمرين رفقة ازواجهم واولادهم تحية لحراير…,2,positive,Positive
twifil-03268,iHeartAwards BestFanArmy BTSARMY 6,2,positive,Positive
twifil-03269,temperature up 25°C -> 27°C humidity up 53% -> 54% wind 4kmh -> 5kmh,1,neutral,Neutral
twifil-03270,King of osts Chen CherryBlossomsOST,1,neutral,Neutral
twifil-03272,RenaudCamus trop attaché à la sédition et se dit ''incorrigible proclamateur ''de liberté d'une France u…,0,negative,Negative
twifil-03273,C'est pour ça que je ne prefere pas y penser car cela en devient déprimant,0,negative,Negative
twifil-03274,خففوا قليلا من تركيزكم في مراقبتي,0,negative,Negative
twifil-03275,"وقال: "" ... وعليهم *أَنْ يكونوا على يقظةٍ* مِنْ مكر الحاقدين والمُغْرِضين والشانئين *والمُنْدَسِّين*، وتلاعُبِ المُ…",0,negative,Negative
twifil-03277,لاتقهر أحداً لكي تسعد نفسك ، ولا تظلم نفساً لتبرر أخطائك ، حاول دائماً أن تبني سعادتك بعيداً عمّا يؤذي الناس .. ❤️🍂…,2,positive,Positive
twifil-03278,تلك الدار الآخرة نجعلها للذين لايريدون علوا في الأض ولا فساداوالعاقبةللمتقين,2,positive,Positive
twifil-03281,ريكتوفيرسو ... تلاميذي يقولو ههههه,2,positive,Positive
twifil-03282,Bof..Foutaises. ...Merde..BFM,0,negative,Negative
twifil-03284,Au moins c'était Bio...,0,negative,Negative
twifil-03285,"Un placer, Alicia. 😊",1,neutral,Neutral
twifil-03286,WHY IS HE SO FUCKING PERFECT I'M DEAD,2,positive,Positive
twifil-03287,يخلو زبلهم عندهم كلاب الارهاب,0,negative,Negative
twifil-03290,لقد أخبرتني أنجيلا المتكلمة بحظي. إنها على حق!,2,positive,Positive
twifil-03291,لازم نشربها صح 😀,0,negative,Negative
twifil-03292,Qu'ALLAH te guérisse. .,2,positive,Positive
twifil-03293,Forca juve,1,neutral,Neutral
twifil-03295,Yeah😄 🐦💞😍 Thank you my friend 🙏 Happy day☀ 💐✨🌷😊,2,positive,Positive
twifil-03296,zara eyes,1,neutral,Neutral
twifil-03298,ببالغ الحزن والأسى وصلنا خبر وفاة الدكتور شيبان اخصائي التخدير والانعاش بالمستشفى الجامعي البليدة نرجوا من الله الع…,0,negative,Negative
twifil-03300,باينة باينة هاذي ههههه,2,positive,Positive
twifil-03301,نريد منه كلام معقول ينفهم القضية قضية الجميع وكلنا معنيون بها والقطاع خاصة كونه مستقل عنكم ولانكم تخضعون لحك…,0,negative,Negative
twifil-03302,يخاف لا يتشوا,0,negative,Negative
twifil-03303,اترجاكم ساعدوني,0,negative,Negative
twifil-03305,قناة الزيقووو تفوه,0,negative,Negative
twifil-03306,لا أريد فقلبي موت من فراقو,0,negative,Negative
twifil-03308,ابحث عن القديمة وتخلص من هذه,1,neutral,Neutral
twifil-03309,NewProfilePic,1,neutral,Neutral
twifil-03310,ضيفوا بعض من لايك 💜,1,neutral,Neutral
twifil-03311,ÖNÜM ARKAM SAĞIM SOLUM HEP GÜZEL İNSAAAN acımı acısı bilen mutluluğumu mutluluğu bilen. Förmülümü kalbi ALLAH ile olan,2,positive,Positive
twifil-03315,طريقة جديدة لمكافحت التلوث,1,neutral,Neutral
twifil-03320,قال العلامة الفقيه / ابن عثيمين رحمه الله تعالى : - إذا طالت عليك أحزانك فعليك بالصبر و الصلاة . -التفسير ١٥٦/١,2,positive,Positive
twifil-03321,83f04a4ba051294c208ff3095a07deb02931c29a8e248b7e39d413bc30a8e1ce579b8e1b00c6a2ae8cd7671fce3b99206474a77782a30896470…,1,neutral,Neutral
twifil-03322,•سيصلح الله كل شيء ...🍃🌸 samia chabani🍃,2,positive,Positive
twifil-03323,Super Star 🌟 RaghebAlama In MissLebanon2018 😍😍,2,positive,Positive
twifil-03324,Vient de publier une vidéo à Midar,1,neutral,Neutral
twifil-03325,and all muslims,1,neutral,Neutral
twifil-03327,سفير لوحي الله بالفضل بارز حليم رحيم محسن متجاوز ** وعن كل مت ينجي عليه صفوح ** يشوقني مدحي بأ…,2,positive,Positive
twifil-03328,امين امين يارب العالمين نحن واياكم انشاء الله رب العالمين امين يارب العالمين,2,positive,Positive
twifil-03329,temperature down 4°C -> 2°C humidity up 93% -> 100% wind 1kmh -> 3kmh,1,neutral,Neutral
twifil-03330,اه من تيلك السمراء جوهرة البحر لكي مني كل السلام ياسمراء ال…,2,positive,Positive
twifil-03331,good moring,2,positive,Positive
twifil-03332,L'avenir ? 🤔 C'est la triste réalité..,0,negative,Negative
twifil-03333,فعلا هي امتحان فردي حقيقي,1,neutral,Neutral
twifil-03334,مساء الخير اخي 🤗🇩🇿,2,positive,Positive
twifil-03336,قـال لهـا : هل تحفظين جدول الضرب قالت : نعم قال : عينك في عيني ..كم ؟ قالت : تساوي الدنيا كلـها. ناس فاضيه ما…,2,positive,Positive
twifil-03337,"《L'état doit travailler avec les musulmans car travailler sans les musulmans, c'est trava…",0,negative,Negative
twifil-03339,انشاء هذ الجيش يكون كجيش السيد عمر ابن خطاب للذي فتح فلسطين. او تكون فلسطين لنا يارب العالمين,2,positive,Positive
twifil-03340,"Secrètement le coeur garde les émotions manquées , les mots laissés au vent , les silences qui connaissent l'absenc…",0,negative,Negative
twifil-03341,Again Happy Birthday To U My Lovely My Best Wishes 🎂🎁🎉🎉🎊🎊🎈🎈😍😍😍,2,positive,Positive
twifil-03343,الحمد لله على السلامة,2,positive,Positive
twifil-03344,لو تشوفيني انا دموعي تنزل اذا حسيت انو في احتمال بنسبة 0.01% حد بحبه يفكر يستبدلني بشخص ثاني,1,neutral,Neutral
twifil-03345,من يأوي عباس مدني زعيم حزب الفيس المحظور في الجزائر ،الذي هو في قطر منذ مدة,0,negative,Negative
twifil-03347,3f2c73849852e9a5208324a536cce1646a516799323d8057b4a21ec6eef96f080afdb22ad850746fd792e49770bba5dc49aa18bc9d0053b7c3d…,1,neutral,Neutral
twifil-03349,نجوى الله يحرقلو قلبو لي حرقلك قلبك,0,negative,Negative
twifil-03350,Vc l'ami d'enfance 😁👈,2,positive,Positive
twifil-03351,بسم الله الرحمن الرحيم نحمده ونصلي على رسوله الكريم وعلى عبده المسيح الموعود السلام عليكم ورحمة الل…,2,positive,Positive
twifil-03352,اخر مره سافرت يارايح وين مسافر تروح تعيا و تولي😉,2,positive,Positive
twifil-03353,إنَّ اللَّهَ وَمَلَائِكَتَهُ يُصَلُّونَ عَلى النَّبِيِّ يَا أَيُّهَاالَّذِينَ آَمَنُوا صَلُّوا عَلَيْهِ وسَلِّمُوا…,2,positive,Positive
twifil-03356,"💮 S U B L I M E PARURE EN VRAIES PERLES DE CULTURE & OR 18K 💮 POIDS (OR): 23.9 G PRIX: 200.000 DA ""BEST PRI…",2,positive,Positive
twifil-03357,Oui c'est vrai 😊😊,2,positive,Positive
twifil-03358,ردا على أولئك الذين يريدون الزج ببلدنا في صراعات ايديولوجية وعرقية وطائفية تحركهم بعض الأيادي الخبيثة لقوى خارجية…,1,neutral,Neutral
twifil-03359,راكي تطلعي خالتي ومانندريش,2,positive,Positive
twifil-03360,5cc720e79680b9d2200bb313c99e05cad68205e01414f5fb4c3c4b017b6f3dc5c8953f201a27331588a49f5fa7e8a4368b2a68ae3d3bf5aba5e…,1,neutral,Neutral
twifil-03361,مولودية الجزائر وليس مولودية وهران يختل المرتية ١٣ بناقص مبارتين,0,negative,Negative
twifil-03363,Thread ⬇️ باب الخميس ، واحدة من 31 من أبواب الإمبراطورية مكناس ، التي بنيت في القرن 17 بعد شفاء واحدة من أميرات ال…,1,neutral,Neutral
twifil-03364,ادي معاك الباستي .. تعرف الناموس هههه,0,negative,Negative
twifil-03365,يستخدمونها في التفكير بالرغم أنّها خُلقت للجلوس فقط 🤨😒😒,1,neutral,Neutral
twifil-03366,احبكم في الله,2,positive,Positive
twifil-03368,كل واحد و زهره و حنا ما عندناش الزهر 😭😭,0,negative,Negative
twifil-03371,سميها ما شئت إنها ليست صداقة ...,0,negative,Negative
twifil-03372,ان كنت ازعجك لهذه الدرجة هذا سهل قومي بحظري وانتهى الأمر,0,negative,Negative
twifil-03374,Longe mas sempre no coração!!,2,positive,Positive
twifil-03375,حمدلله 💘,2,positive,Positive
twifil-03376,3😂😂😂,2,positive,Positive
twifil-03377,"Bonsoir je souhaite en ce 28septembre 2018 un très​ joyeux anniversaire à ton fils ""Léon"" que sa vie soit remplie de joie.",2,positive,Positive
twifil-03378,برشلونه بدون ميسي ، كالارض بدون مطر ☹️,0,negative,Negative
twifil-03381,ارجو من معاليكم الافراج عن الكتاب نن كيل سبيبه كما وعدتني,2,positive,Positive
twifil-03382,تاع صباح الربح والورد مفتح 😂😂😂,2,positive,Positive
twifil-03383,ويفعلها الفريق الوطني2...0,2,positive,Positive
twifil-03385,😚😚😚😚😚😚😚,2,positive,Positive
twifil-03386,KenzaInMissGold Princesse Kenza👸😍😘,2,positive,Positive
twifil-03387,"Algérie – La ministre de l’Environnement et des Énergies renouvelables, Fatima Zohra Zerouati semble déterminée à…",2,positive,Positive
twifil-03390,"current weather in Algiers: scattered clouds, 16°C 87% humidity, wind 3kmh, pressure 1019mb",1,neutral,Neutral
twifil-03391,ثم ماذا لن أغامر بقلبي مجدد من أجل '..... ساعدة مؤقتة 😌,0,negative,Negative
twifil-03392,ابعتلنا زيه نخلطوه علي بيتهوفن يطلع خليط جميل,1,neutral,Neutral
twifil-03394,لا اله الا انت سبحانك اني كنت من الظالمين لا اله الا انت سبحانك اني كنت من الظالمين لا اله الا انت سبحانك اني كنت…,2,positive,Positive
twifil-03395,"كون جات الدنيا الدنيا , رانا قاسمينها نص نص حنا و مصر .",0,negative,Negative
twifil-03396,دائماً نسمع عن عماره تقع أو عمارة تميل ، لكن عمارة يغمى عليها هذي جديدة 😁,0,negative,Negative
twifil-03398,💖💖💖💖💖💖😘😘😘😘,2,positive,Positive
twifil-03399,تصبحي بخير,2,positive,Positive
twifil-03400,انا حالتي تقتضي اخذ حباية من كل نوع,0,negative,Negative
twifil-03401,صباحكم فرح و سعادة صباحكم نقاء و صفاء صباحكم بهجة و فرجة 😍,2,positive,Positive
twifil-03402,اتشي وايواي 🎶 🎶 البارسا خسرت اليوم 😂😂💃💃,2,positive,Positive
twifil-03403,وأنا نقنع في خالتي بحمية الكيتو 😂,1,neutral,Neutral
twifil-03404,🌙 همسة المساء🌙 ‌الحياة ستحطمك عدة مرات وسترى أمورا لاتريد رؤيتها وقد تحزن وتفشل وتفقد وحتى تُخذل من أقرب الناس لك…,0,negative,Negative
twifil-03405,الموجود يتواجد بوجد الحضور للظهور في الوجود.,1,neutral,Neutral
twifil-03406,يتوحشك الخير يا باشا دير عقلك ههه,1,neutral,Neutral
twifil-03407,Fooooooorrrrr💪💪💪💪💪💪,2,positive,Positive
twifil-03409,"Il me semble que la misère, serait moins pénible au soleil. Aznavour",2,positive,Positive
twifil-03410,•أقسى أنواع الألم• تلمسه في ثلاث : - رحيل الأحبه - وحقد الأقارب - وخذلان الأصدقاء.,0,negative,Negative
twifil-03413,KALP DEDİĞİMİZ BEYNİ OLMADAN TÜM HİSLERE ANLAM YÜKLEYEN TEK GERCEĞİMİZ. Herkes kendine dilinde bir ad koymuş kimi…,0,negative,Negative
twifil-03414,وكفى بها نعمة,2,positive,Positive
twifil-03415,الكلب كنت احبه بس واضح كرهه لمورينيو تقول عليه مشجع مانشستراوي بيفكر بمؤخرته,0,negative,Negative
twifil-03416,حقيقه للاسف,0,negative,Negative
twifil-03417,صباح الخير والبغرير,2,positive,Positive
twifil-03418,"Quiero decirte que eres genial , increíble y inigualable , vales más de lo que crees nunca dejes de sonreír... ❤…",2,positive,Positive
twifil-03419,6c5e9da17d4116722060d8e262e66186bb5f5646e53d9ceac81a756f6b1f02ebbe66b7cf2d4d1871ad5f9d5f14407cee782efde705e3fed8005…,1,neutral,Neutral
twifil-03420,اتقِ شر النساء إذا غضبن وصمتن 😂😂😂😂,0,negative,Negative
twifil-03421,KenzaInMissGold يا ترا اي لون تلبس كنزة😉😍 انا اتمنى ازرق 😎😍,2,positive,Positive
twifil-03422,حبيباتي اشتقت لكي كثيرا اين انتي الان احبكي,2,positive,Positive
twifil-03423,اللهم طهر صباحنا من كل ضيق.. وعسر وأفتح لنا أبواب السعاده واليسر .. صباح الخير,2,positive,Positive
twifil-03424,traite GérardCollomb de ‘’parfait idiot utile en charge de notre sécurité‘’ Si la liberté d'…,0,negative,Negative
twifil-03426,اليوم الثاني: Misery 1990 كاتب شهير يتعرض لحادث فتنقذه سيدة معجبة بكتاباته ، لكن تحتجزه في منزلها لكتابة رواية أخرى…,0,negative,Negative
twifil-03427,"je réfléchis vite à tout ce qui est écrit par Siel – Des bobards ! Précisément, des tweets truffés de mensonges ..…",0,negative,Negative
twifil-03431,Comment allez vous trouver 20000 logement pour des migrants alors que vos propre sans abris sont encore dans les rues ?,0,negative,Negative
twifil-03433,الشيخ محمد بن رمزان الهاجري: كثيرا ما نسمع من يتكلم -مثلا- عن التقليد ويحذر من التقليد فتجده في مسائل لا ينظر فيها…,0,negative,Negative
twifil-03434,اللهم صل على سيدنا محمد وعلى آله وصحبه وسلم اللهم صل على سيدنا محمد وعلى آله وصحبه وسلم اللهم صل على سيدن…,2,positive,Positive
twifil-03435,صدقت....,2,positive,Positive
twifil-03436,ربي يدومها,2,positive,Positive
twifil-03437,تلدب الهائج على اسياده الشرفاء,0,negative,Negative
twifil-03438,Everyone tweet the hashtag lovemademedoit ❤❤,2,positive,Positive
twifil-03439,عند بزوغ نور الشمس المخبأة في جفونك الوردية أخرج إلى ساحات الحب فأرقص مع روحك السماوية أحمل في يدي اليمنى قلما…,2,positive,Positive
twifil-03440,Israël. ..état Voyou et pirate,0,negative,Negative
twifil-03441,also i took jin's advice to look at the mirror and talk to ourselves so i complimented myself on the m…,2,positive,Positive
twifil-03442,Aujourd'hui j'ai enfin récupéré mon téléphone qu'on m'a volé à Oran y a 4 mois déjà! Je tiens à remercier la genda…,2,positive,Positive
twifil-03443,Vladimir Poutine,1,neutral,Neutral
twifil-03444,You don’t have to worry about me. You made it clear your unhappy. Go ahead and have your fun now. Just remembers wh…,0,negative,Negative
twifil-03445,"You, , could tweet “go after [whoever] is foul” instead. ‘Whom’ is not nominative.",0,negative,Negative
twifil-03447,تصديرة عروستنا الجزائرية لباسنا التقليدي,2,positive,Positive
twifil-03448,وصبااح الخير,2,positive,Positive
twifil-03449,Life is okay as long as you see your mother's smile💙,2,positive,Positive
twifil-03450,لا يوجد رونالدوووو,0,negative,Negative
twifil-03451,"""Lorsqu'un ami traverse une tempête, ta présence est beaucoup plus importante qu'un million de mots vides de sens.""",2,positive,Positive
twifil-03454,كي يروح التريسيتي دارنا يسألوني التريسيتي راح؟! لا تعمينا عايلة كاملة😂,2,positive,Positive
twifil-03455,اللهم امين يارب,2,positive,Positive
twifil-03456,يارب اديني الصبر من عندك 🙏🙏🙏,0,negative,Negative
twifil-03457,frankie muniz looks the same in every photo,2,positive,Positive
twifil-03459,Un grand joueur,2,positive,Positive
twifil-03460,VantePictureChallenge,1,neutral,Neutral
twifil-03461,طبعا لا نهايتكم قريبة جدا مدة صلاحيتكم معلّقة ب ترامب 😂😂😂,0,negative,Negative
twifil-03462,معلباليش,1,neutral,Neutral
twifil-03464,إلهي أنه يوم كريم فأرحم أحبتي فيك واشملهم بعفوك وارزقهم جنتك .. جمعة مباركة .,2,positive,Positive
twifil-03465,"current weather in Wahran: few clouds, 25°C 38% humidity, wind 2kmh, pressure 1022mb",1,neutral,Neutral
twifil-03466,المفيد فى التواصل الإستفادة من المستفدين ممن سبقوناعلميا وحتكاكا بأهل الخبرافى الحياة ومهما…,2,positive,Positive
twifil-03469,❒ قال ابن تيمية رحمه الله: (و العجب من ذي عقل سليم يستوحي من هو ميت، و يستغيث به، و لا يستغيث بالحي الذي لا يموت).مـجـمـوع_فــتـاوي 1/126,0,negative,Negative
twifil-03470,yes they are so good well I like blackpink I think they are amazing and I talk with blink she was so nice,2,positive,Positive
twifil-03471,ليست النساء فقط من تشعر بالأمان في حُضن حبيبها ولكن الرجل العاشق حقاً لا يُدرك ٱمان في الدنيا إلا بجانب من يُحب 😍,2,positive,Positive
twifil-03472,أنا سعيدة و مبتسمة 😄😍😄😍😄,2,positive,Positive
twifil-03473,هل اللعبة فيها photo mode او لا ؟,1,neutral,Neutral
twifil-03474,كُـُلُـِـِِـِِِـِِـِـ مـْـْْـْشُـُـُُـُكُـُلُـِـِِـِِِـِِـِـﮩ تـٌـٌٌـحـًـًًـًًًـًًـًـڊثُ تـٌـٌٌـكُـُوُنـِِـِـ ڛـبـٌ…,0,negative,Negative
twifil-03475,😂😂😂😂😂😂 CHANYEOL,2,positive,Positive
twifil-03477,وَسَيَعْلَمُ الَّذِينَ ظَلَمُوا أَيَّ مُنقَلَبٍ يَنقَلِبُونَ.. يا قاتل الروح وين تروح,0,negative,Negative
twifil-03478,🖊️🍊الشيخه مهره أل مكتوم المفيد من التواصل يبننا على التبادل لتغذية الفكر ويجدد أرشيف الذاكرة ذاكرة الإنسان معا ال…,2,positive,Positive
twifil-03479,المسلمين الغيورين عن دينهم,2,positive,Positive
twifil-03480,شوف الطفلة وش تعمل على جالك وانتَ مازال تقول ستتزوج من بنت اوروبية 😌,0,negative,Negative
twifil-03482,💎مقولاتي💎 🥀😢لَكنَّ قلبي صااار عبدآ في هواك... 💔🥀وأشَّووووواقْ كُم أَتوووووق🥺 للعناااق بعد ذااك الأشتياااق💔💔😔✋🏻,0,negative,Negative
twifil-03483,انت تحبها ..وكيف تحبها وانت عارف انها لا تحبك كما انك عايش وعارف انك ستموت,0,negative,Negative
twifil-03484,آمين آمين آمين,2,positive,Positive
twifil-03485,اليوم التاسع: Annihilation 2018 تنطلق عالمة أحياء في رحلة للبحث عن زوجها المختفي بظروف غامضة. أكثر شيء يعجبني بهذا…,2,positive,Positive
twifil-03488,Rama a,1,neutral,Neutral
twifil-03489,"يا قلبي ان الذين هجروك لم يكسروك , بل خسروك ،،،،🎀",2,positive,Positive
twifil-03490,سيدي الكريم اريد اجابتك على سؤال لو تكرمت,2,positive,Positive
twifil-03492,BONSOIR MON AMOUR JE CHERCHE FEMME POUR CONSTRUIRE UNE FEMELLE DE SÉRIEUX JE SUIS ALGÉRIEN AGE DE 5…,2,positive,Positive
twifil-03493,سبحان الخالق المصور العظيم سبحان الله العظيم الله اكبر ولله الحمد ولله الحمد الله اكبر ولله اكبر,2,positive,Positive
twifil-03495,يا من بـدنيــاه أشتغل قد غــره طول الأمل الموت يـأتـي بـغتــة والـقبر صندوق العمل ولـــم تزل فـــي غـفـلة حـتى دَنا منك الأجل,0,negative,Negative
twifil-03496,Ay lik a wa3di...,0,negative,Negative
twifil-03499,sex 😍😍😍 vidéo belle,2,positive,Positive
twifil-03501,""" صباح الخير .. ثم ليكن في يومك غايات مورقة : كزرع الفرح في وجه عابس .. وسقي الأمل لروحٍ عطشى .. ونشر بذور التفا…",2,positive,Positive
twifil-03503,yeah,2,positive,Positive
twifil-03505,صباح الخير ..💙🌹 في يوم ما ستشرق شمـ🌞ـس عظيمـة في سمـاء أولئك الصابريـن مهما بلغت ظلمـة أيامـهـم .. و تلامس أشعته…,2,positive,Positive
twifil-03506,“أمّا الخطأ فقد عفونا، وأمّا الوِدّ فلا يعـود.”,0,negative,Negative
twifil-03508,Faut que je sois d'accord ou tu vas encore me gueuler comme…,0,negative,Negative
twifil-03509,iHeartAwards BTS BestBoyBand,2,positive,Positive
twifil-03510,ليك منوليش M7 ليك منوليش 6m SouhilaBenLachhabليك منوليش M5 ليك منوليش M4 ليك مانوليش M3 ليك مانوليش M2 ليك منوليش M1 ليك منوليش 7M,2,positive,Positive
twifil-03511,"Du grand n’importe quoi ! A l’heure où on a besoin de là contre culture, de la Conn…",0,negative,Negative
twifil-03512,اجمل احساس,2,positive,Positive
twifil-03513,Hi MPN BTS BTSARMY,2,positive,Positive
twifil-03514,"Accompagnée de délicieuses verrines et de personnes plutôt drôles et agréables, la punition est très (très) bien passée. 😁😉",2,positive,Positive
twifil-03515,ايه هو بني العزيز ربي يحفظك,2,positive,Positive
twifil-03516,الحمد لله دائما وأبدا,2,positive,Positive
twifil-03517,الحب,2,positive,Positive
twifil-03518,La création du Siel est le fruit d'une réflexion profonde et machiavélique du FN – Une boite auxiliaire de la cul…,0,negative,Negative
twifil-03520,thank you for your cheerfull words it really means a lot i really don't want to give up and fight my w…,2,positive,Positive
twifil-03521,Muy Lindo Domingo Mi Cielo Willy 💗💗💗 Y Muy Feliz Dia 🙋😍😍🌷 WilliamLevy LevyMundo,2,positive,Positive
twifil-03523,👌💋,2,positive,Positive
twifil-03524,حان الآن آذان صلاة الظهر سطيف,1,neutral,Neutral
twifil-03525,الحمدلله على تلك السعادات الصغيرة المختبئة في ساعات يومنا ، الحمدلله حمدا كثيرا طيبا 🌹صباح السعادة 🌹,2,positive,Positive
twifil-03526,صباح الخير تحياتي الخالصة من الجزائر,2,positive,Positive
twifil-03528,كثير و الله الله يعين,0,negative,Negative
twifil-03529,يسقط نظام بوتفليقة تخلصها غالية الفاتورة،ابقي شاد في المخلوق,0,negative,Negative
twifil-03530,صحيح، معك دكتور,2,positive,Positive
twifil-03531,"из былого, я в Алжире.... первые впечатления @ Algiers, Algeria",1,neutral,Neutral
twifil-03533,SouhilaBenLachhab نحبها ونحب الي يحب سهلاويين ولاد بلادي,2,positive,Positive
twifil-03534,إذن لازم الكل يضربكم لأنكم ضربتم اليمن كما ضرب صدام الكويت العرب أشد نفاق من اليهود,0,negative,Negative
twifil-03535,هواء بارد ، هدوء .. صباح فيروزي ، مااجمل بداية الشتاء .. صباح السعاده للجميع🙋💐..,2,positive,Positive
twifil-03536,Bonjour <3,2,positive,Positive
twifil-03538,حي تيليملي من ارقى احياء بلدية الجزائر الوسطى بالعاصمة 🇩🇿️ اكتشف الجزائر Le chic quartier du Telemly dans la com…,2,positive,Positive
twifil-03539,ورد ياحبيب القلب,2,positive,Positive
twifil-03541,"2 idéologiquement ce n'est pas le cas. Cette idéologie est encore là, présente dans les cœurs sataniques et diaboli…",0,negative,Negative
twifil-03542,Bunjr,2,positive,Positive
twifil-03543,و الله بحث عليه لاكن ما لقيته انا لو طلعت من مدرب اخر عادي لاكن خصوصا من هذا العنصري اجتني غريبة 🤣🤣🤣…,0,negative,Negative
twifil-03544,قرود من نوع خاص,0,negative,Negative
twifil-03546,wtf sturidge 👏 👏👏,0,negative,Negative
twifil-03547,انا ما يقهر فيا ألا لي قاعد بره و قاعد ينتقد في لبلاد و يقول معمر زمان اصلا مفروض دار و ان فبراير انسرقت و كانت ثور…,0,negative,Negative
twifil-03550,السلام عليكم. نريد التواصل مع مكتب الشيخ سيف الهاجري. جزاكم الله خير.,2,positive,Positive
twifil-03554,Photo pendant le tournage 🎥 photo photos pic pics picture pictures snapshot art…,2,positive,Positive
twifil-03555,كل شيء إلا الظلم,2,positive,Positive
twifil-03557,you know that that's all of us we never attended to love them this much it…,2,positive,Positive
twifil-03559,مجموعة الموت هي مجموعة ليفربول,2,positive,Positive
twifil-03560,Trés bonne contination,2,positive,Positive
twifil-03562,كيف بلفصحه بالعربية الفصحه اهكذا ولا كيف,1,neutral,Neutral
twifil-03564,الله يكثر من كوتاتك,2,positive,Positive
twifil-03565,سيرخيو راموس أفضل مدافع في دوري أبطال أوروبا الموسم الماضي قرعه دوري الابطال Ramos meilleur défenseur de l'année…,2,positive,Positive
twifil-03566,"Je vous répondrez simplement,on disant :"" Il faut forger, 《en vraie grandeur》pour atteind…",0,negative,Negative
twifil-03569,الله يرحمه ويجعل مثواه الجنة يا عمري وربنا يصبرك واللهي حاسه فيكي اصعب حاجه في الحياة الفراق 💔💔 الحمدلله علي كل شيء 🙏🙏🙏🌷🌷💗💗,2,positive,Positive
twifil-03571,I’m dead 😂😂😂😂,0,negative,Negative
twifil-03572,عجبتني باغي نترجمها للعربية ولات بلا معنى ... لكل لغة نكهتها الخاصة ... كما المرأة والقهوة و السيجارة,2,positive,Positive
twifil-03574,إمعة يستقبل غائب لتبادل الأرء حول ثقافة الشباب وبلاك هو اللي راهو داخل في الامور اللي جي من الحدود ال…,0,negative,Negative
twifil-03576,ان تعود إلى الله تعالى ان شاء الله,2,positive,Positive
twifil-03578,ilove you to,2,positive,Positive
twifil-03579,آمين يارب العالمين والصلاة والسلام على أشرف المرسلين,2,positive,Positive
twifil-03580,اُفضل الجلوسَ بمفردي،بعيداً عنٌ نفاق العالم المستمر بالخبثَ.,0,negative,Negative
twifil-03581,نعم للأخوة و للروح الرياضية,2,positive,Positive
twifil-03582,لاتكثري من التغريدات لكي يتسنى لنا قراءتها جميعا ههههه,2,positive,Positive
twifil-03583,انا الصحافة الانجليزية عندي مثل العاهرة اعزك الله من كثر الحرية شالت ملابسها كلها,0,negative,Negative
twifil-03585,"current weather in Wahran: clear sky, 2°C 100% humidity, wind 3kmh, pressure 1023mb",1,neutral,Neutral
twifil-03586,احلى و اطهر و ارقى و اصفى و اغلى الكلام كلام سندري كله من نور الله و بذكر الله الله يجعلكي و اياكي و…,2,positive,Positive
twifil-03587,عيشي حياتك مع كنزة حبين نشوفو كليب 😭🙏,0,negative,Negative
twifil-03589,I love you ❤ And I will love you ❤ Antil I die ❤ And if there is life ❤…,2,positive,Positive
twifil-03591,مش فطاحه ثقاله😂,0,negative,Negative
twifil-03593,cc1c104effbce94020815f246b1dc9242cd6f0e71fdc3675bc51bbd5a830056bda6f9c7b6974c618696cff8dc0fe9b8c751fad5544a6277bc88…,1,neutral,Neutral
twifil-03594,gharido,1,neutral,Neutral
twifil-03595,شوف منيش حب أنقول كلام لا يعجبك عقدة من ماذا هل طلعو القمره…,0,negative,Negative
twifil-03596,حبيبي: فــى وجودك .. شىء مــا يُربكنـــــى .. فلا أنا آستطيع أن آتكلــم .. ولا آستطيـــع أن آصمـــــت.. ورغـــــــم…,0,negative,Negative
twifil-03598,يقل المثل العربي القديم ليس الجديد مثل القديم وليس كلذي تعريف كلذي لاتعريف,2,positive,Positive
twifil-03599,Jajajaja jajajajaja jajajajaja,0,negative,Negative
twifil-03600,في هذا الزمان جيب من لخر ... خدام عندك سكنة شحال تخلص ... إذا تحبها و تحبك هذا بيناتكم . حنا لي همنا مستقبل بنتنا ..,0,negative,Negative
twifil-03601,كنوز فقدناها,0,negative,Negative
twifil-03602,DENMARK,1,neutral,Neutral
twifil-03603,:(,0,negative,Negative
twifil-03604,oui c'est vrai 👌👌,2,positive,Positive
twifil-03605,قسما بالله ارض الرجال قطر وقوفهم جنب اردوغان يبين نخوتهم,2,positive,Positive
twifil-03607,Je viens juste de le faire après lecture,2,positive,Positive
twifil-03608,في رأيي هو الفراغ الروحي ... إبتعاد الإنسان عن الدين و الروحانيات بصفة عامة ...,0,negative,Negative
twifil-03609,بسم الله و توكلنا عليك يا الله صباح التوكل على الله,2,positive,Positive
twifil-03610,brothers in arms,2,positive,Positive
twifil-03612,I want kook to fuck my ass,2,positive,Positive
twifil-03613,"Gracias a Valverde el burro que no escucha los aficionados, 2 turn over 5 puntos perdidos. En plus les Fans payent…",0,negative,Negative
twifil-03614,واحد الصديق الله يذكره بالخير فداكشي ديال يتصدر المغرب المرتبة فالاولى فكذا و كذا فالجغرافيا تحنسر فالجواب و هو يخت…,1,neutral,Neutral
twifil-03615,اختطاف جمال خاشقجي هذا عمل أكبر من شخص خاشقجي مع كل تضامننا معه واحترامنا له لانه لايملك الا رأيه لكن هذه مؤامرة تستهدف تركيا بشكل مباشر,0,negative,Negative
twifil-03616,❤ الأصيل كطيب العود تفوح منه رآئحة الطيب ؛ وإن مر الزمآن عليه يزدآد تعتقاً وطيباً - اللَّهم يآ من بيده تدبير الأم…,2,positive,Positive
twifil-03617,انت ولا انتي,2,positive,Positive
twifil-03618,كل شيء سيصبِح جميلاً ، رُبما ليس اليوم لكن حتماً يوماً ما. 💛,2,positive,Positive
twifil-03620,يا رب ..❤ الأماني المركونة في قلبي أحيِــها بالإجابة 🌹,2,positive,Positive
twifil-03623,im gonna join a football club for the first time 👌,2,positive,Positive
twifil-03625,عجبتني احلا اغانيتك,2,positive,Positive
twifil-03628,Bencede,1,neutral,Neutral
twifil-03629,رووووووعة صباح الذووووق الجميل,2,positive,Positive
twifil-03630,اللهم ارحمهن و الصبر لأهاليهم,1,neutral,Neutral
twifil-03631,قابلت احد من تويتر في الحقيقة لا لم يحالفني الحظ ان التقي بأحد الاخوة 😊,0,negative,Negative
twifil-03632,نادين نجيم حضور مميز في الحفل خطفت جمبع الاضواء اصبحت الملكة الاولى من عرش ارقى الممالك نادين نجبم كسبت الرهان عل…,2,positive,Positive
twifil-03633,الغطاس سواريز ههههه,2,positive,Positive
twifil-03635,"Voici WhatsApp, je l'utilise pour envoyer des messages et pour appeler les personnes qui me sont chères. Télécharge…",2,positive,Positive
twifil-03636,الرسمي مع 18:00,1,neutral,Neutral
twifil-03637,كي تعرفوا القبلة 😉 امبعد اكتبوا جمعة مباركة 😁 ياك قتلكم التنوفيق مشي مليح😈😜,0,negative,Negative
twifil-03638,patiente,2,positive,Positive
twifil-03639,لاﺗﺰﺍﻝُ ﻃﺎﺋﻔﺔ ﻣﻦ ﺍﻟﻌﺼﺎﺑﺔ ﺍﻟﻤﺤﻤّﺪﻳﺔ ﺑﺎﻟﺤﻖِّ ﻗﺎﺋﻤﻴﻦ ، ﻭﻷ‌ﻫﻞِ ﺍﻟﺸّﺮﻙِ ﻭﺍﻟﺒﺪﻉِ ﻣﺠﺎﻫﺪﻳﻦ ، ﺇﻟﻰ ﺃﻥ ﻳﺮِﺙَ ﺍﻟﻠﻪُ ﺳﺒﺤﺎﻧﻪ ﺍﻷ‌ﺭ…,2,positive,Positive
twifil-03640,يسعد صباحك صباحك فيروزي,2,positive,Positive
twifil-03641,ممكن اصولها عربية او ايرانية,1,neutral,Neutral
twifil-03643,هاذوا ثلاثة خير واحد,1,neutral,Neutral
twifil-03647,ddb0013abc69d636204da7f571047a93fb70f4e4cb68ed01b082ee48067f48a97fa579681a9972be6317b99eed750cba3e7d56c9c4bb664ad42…,1,neutral,Neutral
twifil-03648,هذا هو الكلام فقط يجب على المواطن اينما كان يراقب الخونة من من عاثوا ونهبوا وافسدوا بالتشهير بيهم اي كانوا يعن…,0,negative,Negative
twifil-03649,صباح الخير سيدي الكريم لم نجبني!,0,negative,Negative
twifil-03650,بارك الله فيك هو دا الحل الصحيح لمعالجة أي شيء,2,positive,Positive
twifil-03651,عدد المخطوفين اكثر من ذلك ورغم كل المطالب لفتح الملف مي ضاربين النح. الجيا اصلا صنيعة النظام,0,negative,Negative
twifil-03652,إنها لغتنا .... كن أولا تكون,0,negative,Negative
twifil-03653,Aighhhtt,2,positive,Positive
twifil-03654,♥ صباح الخير ♥ 🌾 دعاء جميل 🌾 ☀ اللهم وكلتك أمري فأنت لي خير وكيل دبر لي أمري فإني لا أحسن التدبير ☀,2,positive,Positive
twifil-03655,يسلمك 🌹 كيف انسى أخي 😌,2,positive,Positive
twifil-03656,Crapustule,1,neutral,Neutral
twifil-03657,اللهم اجعلنا من اذاكرين الله الحامدين اتائبين اليه صلى الله عليه وسلم على سيدنا محمد صلى الله عليه وسلم عليه,2,positive,Positive
twifil-03658,الله يرحمه و يجازيه,2,positive,Positive
twifil-03661,"Pretending to be satisfied, Even if you are most in need of everything. """,2,positive,Positive
twifil-03662,وش دخلك تعتذر للسعودية,0,negative,Negative
twifil-03664,اخي حفيظ قل ماتشاء فهذا ليس تدخلا في السياسة وانما ابداء للرأي ونخوة عربي تتحدث وارجوك لا ترد على من…,0,negative,Negative
twifil-03666,mddrr ba c vrai wsh,2,positive,Positive
twifil-03667,"On ne peut pas changer le cours des événements ,ni se soustraire au passé mais on peut influencer l'avenir...",2,positive,Positive
twifil-03668,Une princesse des 1001 nuits ❤️❤️❤️💋🇩🇿,2,positive,Positive
twifil-03669,Trop drôle les mariages,2,positive,Positive
twifil-03671,ختمت ع كل ستوريز وسنابات الفولوينج الي عندي بنص هالليل 🤦🏻‍♀️,2,positive,Positive
twifil-03672,وهل آل سعود لهن القدرة على فعل أي شيء دون تدخل زوجهن ومغتصبهن الخنزير ترامب,0,negative,Negative
twifil-03674,* **** **** *'* *** ******** ******* ***** ** ****** *** ****** **** ** lmao,1,neutral,Neutral
twifil-03675,جوعة الاسد,0,negative,Negative
twifil-03676,يا حي عليك خير الخلق وماطلقوهش يطلقوك.نتي ههههه اصبري ولا بدلي البلاد ختيتو صبرينة ههههه 😉😉😉🌹,0,negative,Negative
twifil-03677,💞,2,positive,Positive
twifil-03678,🍂🍂أهلا بالخريف 🍂🍂,2,positive,Positive
twifil-03679,تبا لمذاهم يتنكبون عن لغة القران لمذا كل هذا الانبطاح لفرنسة الا يوجد من يحاسبهم 🇩🇿️😣🇩🇿️😣🇩🇿️😣,0,negative,Negative
twifil-03680,Armchairs need to make this trend WW BTS1stAirportWin,1,neutral,Neutral
twifil-03681,i'm so tired,0,negative,Negative
twifil-03682,له فترة غايب ان شاء الله يكون بخير خلانا مثل الايتام 😂😂😂 و لا اغنية يا غايب ليه ما تسال ههه,0,negative,Negative
twifil-03683,😒😒😒,0,negative,Negative
twifil-03684,زاد حبا,2,positive,Positive
twifil-03685,Vote for in the Genie Music Awards using the IDOL CHAMP app..,2,positive,Positive
twifil-03686,ملتقى حول مهرجان الفيلم القصير بالجزائر العاصمة . المخرج,1,neutral,Neutral
twifil-03687,"Thank God for renewed wellness and survival of grace, thank God the number of our days that do not com…",2,positive,Positive
twifil-03688,ما يزعجني في أحاديث الناس أن يقال: والله تعلم المسؤول الفلاني العربية وأصبح يتحدث بها، كأن ذلك مزية، ال…,0,negative,Negative
twifil-03689,تودرت يحيى: ✍ قَـالَ سماحة الشيخ العَلّامَة بنُ عُثَيمِين _رَحِمهُ الله تعالى _ : « ولا يُمكن أن تـُفرش الأرض وُرو…,0,negative,Negative
twifil-03690,happy birthday nchallah kel eyemik fara7 w t7a2e2i kel a7lemik🙏❤ 3a2bel l 100😘,2,positive,Positive
twifil-03692,"CONGRAAAAAAAAAAAAATS on all the awards ""even tho i don't understand the meaning of one lol"" congratulatio…",2,positive,Positive
twifil-03693,My City ☀️❤️ 🇩🇿 Photo: Place MauriceAudin Tunnel des Facultés Algiers Algeria Dzair CityScape…,2,positive,Positive
twifil-03694,Des Play-offs explosifs pour la D1 algérienne > BotolaFootFeminin …,2,positive,Positive
twifil-03696,?🗣️🎩👜🦃😰🐑,1,neutral,Neutral
twifil-03698,"Allah yarham Je l’ai connu mais uniquement par personnes interposees, notamment en raison de notre amour…",0,negative,Negative
twifil-03700,اضحك تزوجت امراه جميله رجلا دميما فقالت له كلانا في الجنه فقال لما قالت رزقت بي فشكرت وابتليت بك فصبرت والشاكروالصابر في الجنه,2,positive,Positive
twifil-03701,ازوجت... كيف ماعندكش علم.,0,negative,Negative
twifil-03702,6:27am: sunrise sunset will be at 6:20pm,1,neutral,Neutral
twifil-03705,JÉcoute “حكايات” par sur Anghami Avant De Dormir J'écoute Hikayat 🎧🎤🎶🎼💗💗,2,positive,Positive
twifil-03706,SouhilaBenLachhab تصبحون على الف الخير مع هذا الانجاز والنجاح والمفرح بااي بااي نموت عليك حبي ساهو سهلاويين,2,positive,Positive
twifil-03708,- We miss RU Shivika / why are they acting like RU? - give us just Shivika / Why they're so close suddenly? - we…,2,positive,Positive
twifil-03709,My City ☀️❤️ 🇩🇿 Photo: Algiers Algeria Dzair CityScape CityLife CityWalk CityLights MyCity…,2,positive,Positive
twifil-03710,Muy Feliz Finde Mi Luzi Y…,2,positive,Positive
twifil-03711,مشكلة الناس يشتكون من البلاد ولنا تحطوا يخدم يهرب ولا يتقن العمل.. من يريد الاصلاح فليبدأ بنفسه..,0,negative,Negative
twifil-03712,اللهم إنا نسألك في هذا اليوم ستراً يحجب ما اقترفناه وعلماً يزيل ماجهلناه ورزقاً يفوق ماتمنيناه وصحةً تحفظنا مما…,2,positive,Positive
twifil-03714,Venez sur snap je vous fait découvrir Alger : mohadinho_p,2,positive,Positive
twifil-03715,لا أحد يستتطيع الحكم عليه حتى تعطى له الفرصة لإثبات ذلك ، أنت تفكرين بنفس المنطق ال…,0,negative,Negative
twifil-03716,Mi Vida Que Dios Te Bendiga Para Siempre 🙏🙏🙏🌷,2,positive,Positive
twifil-03717,Nous ne savons pas,0,negative,Negative
twifil-03719,لكل عسر يسرين،ولكل نازلة رحيل،ولكل صعب سهولة،ولكل داء دواء ، ولكل علة حيلة ، حكمة نافذة ، وقدرة باهرة ، فلا تجزع . تفاءل,2,positive,Positive
twifil-03720,fi lintidar bayn ta9rir mechawi9,2,positive,Positive
twifil-03721,لو تكرمت اعد قراءة ماكتبت.,2,positive,Positive
twifil-03722,"الكتاب الخامس الذي أقرأه في إطار تحدي البوكتيوبرز العرب٣ رواية ""غرفة غير معقمة"" للكاتبة اسمهان جلودي…",2,positive,Positive
twifil-03723,قصدك حد اسمه سند 😂,1,neutral,Neutral
twifil-03724,خشيت عليه من ضلوعي لينكسر ضلع ويجرحه فوضعته بقلب قلبي فصار هو النبض ينبض به فبه أحيا أو أموت أ ل رزق الله…,2,positive,Positive
twifil-03725,On demande justice pour Tarik Ramadan. ..Et traitement équitable,0,negative,Negative
twifil-03727,"Faut-il inventer un nouveau nom pour les chauves-souris !!! A mon avis , ''chauves-souris'' ça sonne bie…",2,positive,Positive
twifil-03728,عذوبتها.. من مذاق جدول بوحك الشفاف,2,positive,Positive
twifil-03729,"Best Of Me Every day, every day Summer, winter Even though you may be unaware You got the Best Of Me You got th…",2,positive,Positive
twifil-03730,BIN MUL BIN:5432090xxxxxx187 BIN:5432090xxxxxxxxx Ip: usa Zip : 10080 indiflix Crunchyrol Tidal Napster Drop pureflix amazon music,1,neutral,Neutral
twifil-03731,"Né dans le sixième arrondissement de Paris de parents arméniens, le jeune Charles - rebaptisé ainsi par la sage-fem…",1,neutral,Neutral
twifil-03732,واش ربحت 😂🤣,0,negative,Negative
twifil-03733,يُغيثني آللــه مهما أظلمت سُبُلي كما أغاثَ بِبطنِ الحوتِ ذا النُّونِ ...,2,positive,Positive
twifil-03734,مساء الورد ندوش 😘😍,2,positive,Positive
twifil-03736,لأنهم يفكرون كالإيطاليين,2,positive,Positive
twifil-03737,كريستيانو رونالدو أفضل مهاجم في أوروبا. قرعه دوري الابطال Christiano Ronaldo meilleurs attaquant UCLdraw,2,positive,Positive
twifil-03738,هاذا دليل غبائك فرنسا من الدول العظمى يا غبية وأعطينهم درس لن ينسوه,0,negative,Negative
twifil-03739,الله ياخذك أنت وملك السعودية شيات من الدرجة الرفيعة,0,negative,Negative
twifil-03741,تسجيل خروج لا نبدا .... إلى اللكااااء 😘,2,positive,Positive
twifil-03742,Non jure sale enfant de salope que les prix individuels ne récompensent pas le meilleur joueur de football qualitat…,0,negative,Negative
twifil-03743,وكل الحكام العرب مسؤولون يوم القيامة بما فيهم مسؤولو الشعب الفلسطيني,0,negative,Negative
twifil-03744,"Israël , ? Were this place ?",1,neutral,Neutral
twifil-03745,الجنة فقط من تستحق المنازعة معالي سفير دولة بن سلمان,0,negative,Negative
twifil-03746,ههههههه انا كلش عليا المهم وغير المهم,2,positive,Positive
twifil-03747,الصلاة و السلام على رسول الله محمد خاتم الأنبياء والمرسلين,2,positive,Positive
twifil-03748,كان عليها إضافة السيليكون إلى مخها وليس إلى صدرها وجه جميل وعقل قبيح! نادين نجيب نسوية ❤,0,negative,Negative
twifil-03749,هذا ما اكتشفه عمال النظافة في مجاري العاصمة هيدورات العيد 😲 حسبنا الله و نعم الوكيل في كل من عبث في الأرض و عاث ف…,0,negative,Negative
twifil-03750,Elle Est Courageuse Que Dieu La Bénisse 🙏🙏🙏🙏,2,positive,Positive
twifil-03752,"Objectif de vie : être a côté de ceux qui apprécient ma présence , offrir du temps à ceux qui en ont pour moi , pr…",2,positive,Positive
twifil-03753,صح لسانك,2,positive,Positive
twifil-03754,"Quand une personne te déçoit , rien ne redevient comme avant , même si tu lui pardonnes ..",0,negative,Negative
twifil-03757,"C'est grave, personne ne parlait de lui avant le trade ça le plaçait derrière Klay Thompson et Devin Booker là tout…",0,negative,Negative
twifil-03758,مرحبا شيخ عمار حب نديرو حصة عليها وعلي مسارها تعلمي ممكن مناسبة الاربعين,1,neutral,Neutral
twifil-03760,"المرء بأصغريه ""قلبه""و ""لسانه""",2,positive,Positive
twifil-03762,J'ai réalisé 3 serre têtes,2,positive,Positive
twifil-03763,فيديو | 181003 سينرِين في حفل OrangeLife Breaking Stress اليوم :,1,neutral,Neutral
twifil-03765,La justice française doit se conformer à la loi...française. ..,0,negative,Negative
twifil-03766,Just do it,0,negative,Negative
twifil-03767,يَوْمَ تُبَدَّلُ الْأَرْضُ غَيْرَ الْأَرْضِ وَالسَّمَاوَاتُ (إبراهيم) تلاوة القارئ مؤيد المزين,2,positive,Positive
twifil-03768,السلام,2,positive,Positive
twifil-03770,Mdrrrr il est vraiment jamais là dans les grands matchs c'est un fait,0,negative,Negative
twifil-03772,ماشاء الله تبارك الرحمن,2,positive,Positive
twifil-03773,It is said : Good dream is to be recounted. Bad dream must be hided . The first is good omen where th…,2,positive,Positive
twifil-03776,دائماً هُناك فرح مُختبيء ينتظر إستغفاراً ليظهر ..❤️ .استغفر الله وأتوب إليه صباح الخير,2,positive,Positive
twifil-03778,امطار الان في بسكرة هذا الصباح,1,neutral,Neutral
twifil-03782,احححح كلو,2,positive,Positive
twifil-03784,ICELAND,1,neutral,Neutral
twifil-03785,الام الفاضله والمعلمة الرائعه ♥️ كل عام وانتِ بخير,2,positive,Positive
twifil-03787,تفضلي ، عندها حساب انستغرام و هذا حسابها سنابشات…,2,positive,Positive
twifil-03788,بدأت إحدى المسرحيات,1,neutral,Neutral
twifil-03789,"Here is a tbt of some custom pieces for clients from my ""Money Series"" Which one is your favorite?…",2,positive,Positive
twifil-03792,مقابلة ملودية الجزائر تلعب الان في ملعب 5جويلية على ابوظبي الرياضية وكانها اروبا الاذاعة الوطنية متؤخرة 100سنة,2,positive,Positive
twifil-03795,** فلا قلب إلا بالحبيب قريح ** حبيب جعلنا حبه كل زادنا فلولاه لم نسلك طريق رشادنا وزورته في العمر أقصى مر…,0,negative,Negative
twifil-03797,قال الشيخ د. محمد أمان الجامي رحمه الله تعالى : صرف الشباب عن قراءة القرآن وحفظ ما تسير من الأحاديث والاشتغال بكلا…,0,negative,Negative
twifil-03798,انا هيك,1,neutral,Neutral
twifil-03799,Db. 😍,2,positive,Positive
twifil-03800,انا نحب كلمة مشي سطر ( مليار),1,neutral,Neutral
twifil-03801,- كلما طهر القلب💗 رق، فإن رق راق💜 وإن راق ذاق،💙 فإن ذاق فاق، 💛 وإن فاق اشتاق،💕 فإن اشتاق اجتهد ❣ وإن اجتهد هبت علي…,2,positive,Positive
twifil-03803,الله يطيب بناتكم,2,positive,Positive
twifil-03804,روووووووعة,2,positive,Positive
twifil-03806,شكون تحب لي فغيززز 🍓 😂,2,positive,Positive
twifil-03807,جديد ادوات الحقائب التدريبية,1,neutral,Neutral
twifil-03809,صبرا حتى تنقرض هذه الوحوش,0,negative,Negative
twifil-03810,معقوله مش محصْله حد يعرف فالهكررر؟؟؟!,1,neutral,Neutral
twifil-03811,"عود الريح ""بولاية تمنراست """,2,positive,Positive
twifil-03812,ما قيل على سعدان صح ممتاز دراجي,2,positive,Positive
twifil-03813,قله يشوف لينا القديمة ههههه,2,positive,Positive
twifil-03815,امرا’ة شريفة ، تحب و طنها و تحترم شخصية عروبتها ، هل يعتبر الوزيرالمنبطح و المدير الشياة عندنا,0,negative,Negative
twifil-03817,HE WENT OUT IDK IF HE IS COMING BACK OR NOT BUT I MISS HIS SO FUCKING MUCH I WANNA CRY BUT I CAN'T BCS OF MY MOM :((,0,negative,Negative
twifil-03818,عندما تحبـك الأنثى بـصدق فإن قلبهـا الـذي بين أضلعها يصبح نسخـة عن قلب أمك تشعر بك ..❤ تقلق عليك ..🤔 وتفتقدك عند…,2,positive,Positive
twifil-03819,"Trump's health ""excellent"" .Very good! But it remains to say that between simple weakening of personality and psyc…",0,negative,Negative
twifil-03820,الشعوب بدات تتأقلم مع الأوضاع 😂😂😂😂😂,2,positive,Positive
twifil-03821,يا أخي ،، أحبك وأحب تعبيرات وجهك 😂😂😂,2,positive,Positive
twifil-03823,A mandieu si Quoi sa Dragola,0,negative,Negative
twifil-03826,لم اشك في ذلك دون قيد او شرط بل بي شورط ودفع ثمن وهذ لم يكفي بل اي مقابل ترودوه روس او شرط التي تروده هي وائران وتركيا.,0,negative,Negative
twifil-03829,سلاما شباب مصر,2,positive,Positive
twifil-03830,"💙❤️ My favorite game EVERRRR 💙❤️ à Algiers, Algeria",2,positive,Positive
twifil-03831,ما أجمل الشعور وانت تستخرج ملابسك الشتوية من خزانتك وتجد في جيوبها بعض النقود قد نسيتها 😌,2,positive,Positive
twifil-03832,1000 تحية لأستاذنا,2,positive,Positive
twifil-03834,La gentillesse fait de nous des gens humains mais ne fera jamais de nous des personnes faibles comme certains aimeraient le penser.,2,positive,Positive
twifil-03836,فيزو ابجديات الظهير ما يعرفها,2,positive,Positive
twifil-03837,Best friend aver bts,2,positive,Positive
twifil-03838,New video sanaaespoir oran ⬇️⬇️⬇️⬇️ subscribetomychannel like…,1,neutral,Neutral
twifil-03839,force LeS 🙏🏼,2,positive,Positive
twifil-03840,👌🏻,1,neutral,Neutral
twifil-03842,Masked Photo: Algiers20xx /////// International Ideas Competition Link in bio 👆 DisruptiveUrbanism…,1,neutral,Neutral
twifil-03845,temperature down 23°C -> 15°C humidity up 49% -> 93% wind 5kmh -> 2kmh,1,neutral,Neutral
twifil-03846,C'est plus Pascal Praud c'est Pascal Fraud wola,0,negative,Negative
twifil-03847,NEEEENII NEEEENII NEEEENII,0,negative,Negative
twifil-03848,That is my concern and frankness Come on that brings you who loves you😉💘💘,2,positive,Positive
twifil-03849,وغيرها من الجرائم التي لم يتجرا اليهود على فعلها,0,negative,Negative
twifil-03850,Dézédie ! Tliba une nouvelle fois devant la Commission de discipline du FLN. Ah! C’est ce qui explique que je ne l…,0,negative,Negative
twifil-03852,حطولي تويت عمو اركان ههههه ضروري ضروري SenaAnlatKaradeniz,2,positive,Positive
twifil-03856,يما بتاكلوا 😍,2,positive,Positive
twifil-03857,غدا يضاف الموسم الاول كامل من المسلسل الاسباني المنتظر على نتفليكس ÉliteNetflix,2,positive,Positive
twifil-03859,وَ قدّ يجمعك الله بِما تمنيته .. رُغم استحالة الأسبابّ..ثق بالله 🍃🌸,2,positive,Positive
twifil-03861,Muy bien eres la mejor. Sigue luchando.,2,positive,Positive
twifil-03862,ادا حسبتيه ايه ولكان شفتيه برك اخطيك ههخههه,0,negative,Negative
twifil-03865,"D’Erevan 🇦🇲 jusqu’à Paris 🇫🇷 , il a chanté dans toutes les villes du monde, pour l’amour et la liberté.…",1,neutral,Neutral
twifil-03869,اللهم امين هههههه,2,positive,Positive
twifil-03870,It’s okay to be white. It’s okay to be black. It’s okay to be Asian. It’s okay to be Hispanic. It’s okay to be Nati…,2,positive,Positive
twifil-03871,temperature down 11°C -> 10°C wind 1kmh -> 2kmh,1,neutral,Neutral
twifil-03872,و كل ايام عمرك,2,positive,Positive
twifil-03873,De SETIF Algérie. J’attends le podcast. Écouté la premier. A quand une émission sur Saint…,2,positive,Positive
twifil-03874,الله يهديك يا ولدي,0,negative,Negative
twifil-03876,مبروك🔥💚,2,positive,Positive
twifil-03878,iHeartAwards BestFanArmy BTSARMY 2,2,positive,Positive
twifil-03879,سلم على أمك. ..و اهدي وردة لفتاة جميلة,2,positive,Positive
twifil-03880,تدوم يا رب,2,positive,Positive
twifil-03881,نعم انا معكي ياحبيباتي الحلوة,2,positive,Positive
twifil-03883,Ask G 😂😂,2,positive,Positive
twifil-03884,الحياة لا ترجع إلى الوراء، ولا تلذّ لها الإقامة في منزل الأمس Pas de Retour,0,negative,Negative
twifil-03886,مزال مافضش,1,neutral,Neutral
twifil-03887,Waiting 😍😍👌 دنيا جديدة,2,positive,Positive
twifil-03889,الاستاذ فارس مسدور يصر على أن السيليكون فالي هي عاصمة الزراعة في الولايات المتحدة الأمريكية.,1,neutral,Neutral
twifil-03891,cbn on m’a dis merci,2,positive,Positive
twifil-03892,تر كلكم منافقين ليش ما تكلمتو لما اهانكم ترامب باسم ولي عهدكم الدب الداشر او الكلب الملعون وقاله بالحر…,0,negative,Negative
twifil-03894,فلسطين بلد الرجال وسوف يح…,2,positive,Positive
twifil-03895,يلا ناطرة👀,2,positive,Positive
twifil-03899,it's a pride,2,positive,Positive
twifil-03900,كاين لي يشوفها من جهة حڨرة و يقولك يحقر في مرتوا .لك واحد و كيفاه,0,negative,Negative
twifil-03903,rabiy yahdiy,2,positive,Positive
twifil-03905,Nigeria .,1,neutral,Neutral
twifil-03906,Take care of yourself 😭 GetWellSoonJimin,0,negative,Negative
twifil-03907,كل الالوان تلبقلك شمسنا 🔶🔸🔶♥ arabsgottalent2019 ArabsGotTalent najwakaram alijaber ahmedhelmy AGT6…,1,neutral,Neutral
twifil-03908,"LE KSAR D'ALGER This tower, combining aesthetics and comfort, urban integration, energy and environmental performa…",2,positive,Positive
twifil-03909,صباح الخير يا وجوه الخير الجزائر,2,positive,Positive
twifil-03910,Hazaaaaaaard ✌ CHELIV,2,positive,Positive
twifil-03911,"🌴🌴 *إحذر من المندسين*🌴 ⬅ قال الشيخ العلامة محمد علي فركوس حفظه الله : "".... فضاع إخلاصُ النيَّة لله تعالى في مقا…",0,negative,Negative
twifil-03912,Non non moi j’ai était surprise la quand j’ai entendu c’était la première fois. Peut être que…,2,positive,Positive
twifil-03913,اللهم صلي على سيدنا محمد صلى الله عليه وسلم عليه وسلم تسليما مباركا فيه كما ينبغي اليه صلى الله عل…,2,positive,Positive
twifil-03915,choquer de ouf mddr,0,negative,Negative
twifil-03916,"“L’Europe est si bien agencée qu’elle ressemble à une œuvre d’art, une théorie scientifique, un système métaphysiqu…",2,positive,Positive
twifil-03917,CHINA,1,neutral,Neutral
twifil-03918,اوافق,1,neutral,Neutral
twifil-03919,320: بنت كيوت طيبة و في حالها، هادية بس عندها حس الوعارة يطلع مرة مرة 😂,1,neutral,Neutral
twifil-03922,1adf5d5e6bee2064207730a35c786a31688c701b49586d33097e8a6f96e92f5a23d3addb849c95a21f1d51b1c8101a7afdcbc541b4be5cfba0d…,1,neutral,Neutral
twifil-03923,sensación ilusión conferencia periodistas preguntas respuestas lavidaenArgelia Cervantes español España…,1,neutral,Neutral
twifil-03924,يارب لا أعلم كيف أصيغ كلماتي لأخبرها ما يكنه قلبي لها من حب فما يحمله قلبي اكبر من كلمات وحروف، أيقنت بأن اصدق حب ه…,2,positive,Positive
twifil-03925,Alger la blanche depuis des années,2,positive,Positive
twifil-03926,نهارك زين ومبروك,2,positive,Positive
twifil-03928,لله يرحمه,1,neutral,Neutral
twifil-03929,few clouds -> scattered clouds temperature up 25°C -> 27°C humidity up 50% -> 54% wind 4kmh -> 6kmh,1,neutral,Neutral
twifil-03932,شكرا لك ِ يا وزيرة الخارجية النمساوية ، تحدثتِ بلغة القران في حين ان بعض الاقزام من المسؤولين العرب رفعوا من شان لغ…,2,positive,Positive
twifil-03935,I WANA KISS HIM SO BADLY FUCKING HELL SHUT THE FUCK UP,0,negative,Negative
twifil-03936,قانون الانتخابات بانواعها والخرطي هاداك,0,negative,Negative
twifil-03937,Exo comeback motherfuckers finely we have a comeback the kings comeback Exo Ls are u guys ready for this me I'm so…,2,positive,Positive
twifil-03939,مساء الخير عيد قهوة سعيد 😂😂😂😂,2,positive,Positive
twifil-03940,On refuse le voile à une musulmane. . Et on permet le torse nu devant le président de la France éternelle. ..bouffon,0,negative,Negative
twifil-03941,من عادات العرب الكرم والشهامة والنخوة☺ وقتل بعضهم البعض....😑.,0,negative,Negative
twifil-03942,كل التعازي لأهالي ضحايا قطار المغرب ودعائنا للمصابين بالشفاء العاجل,0,negative,Negative
twifil-03945,سوبر هاتريك من مبابي في اقل من ربع ساعة !😮😮,0,negative,Negative
twifil-03947,Wedh mizekom !@ Ya DRa ? ..,0,negative,Negative
twifil-03948,موال من داخل المسجد النبوي على ساكنه الصلاة والسلام,2,positive,Positive
twifil-03949,Brigitte ne va pas aimer. ...Un divorce en perspective,0,negative,Negative
twifil-03950,"""La lecture , une porte ouverte sur un monde enchanté.""",2,positive,Positive
twifil-03951,"Sarkozy croyait que l'argent, volupté, ambition, ruse et complots ourdis étaient les clés de sa…",0,negative,Negative
twifil-03956,مش حنصدق,0,negative,Negative
twifil-03957,Dézédie ! Voilà ce que certains « responsables » méritent comme pierre tombale à leur mort. Ils se reconnaîtront.…,0,negative,Negative
twifil-03959,Allah akbar,2,positive,Positive
twifil-03960,عيشي حياتك للكشف المبكر عن سرطان الثدي اكتوبر الوردي الجزائر algerie,2,positive,Positive
twifil-03961,"Kill me bêtise n'a pas de limite mon père a un Cabinet de Commissariat aux comptes ,au niveau duquel je pour…",0,negative,Negative
twifil-03963,Bonjour wahrani vous repond !,2,positive,Positive
twifil-03964,سيشتقون لك عندما يفشلون في إيجاد شخص مثلك كن واثقا من هدا نفسيتي مبهمة,2,positive,Positive
twifil-03966,"Rappelez-vous : ""ce que nous obtenons trop facilement, nous l'estimons trop faiblement.""",0,negative,Negative
twifil-03967,قيل لـ نابليون أي حُصون الشرق الإسلامي أمنع على فرنسا؟قال نسائهم الصالحات ولـ هذا نجد دائما المستهدف الٲول المرٲة ا…,0,negative,Negative
twifil-03969,قد تمضي الأيام ولاكن لاننسى الوجع ....,0,negative,Negative
twifil-03970,هههه بغيت نشربها صح هادي موش مقبولة فادي,0,negative,Negative
twifil-03971,الرأي من النعم، واختلاف آرائنا هو ثراء لنقدنا الذاتي.. أنقذو معتقلي الرأي.,0,negative,Negative
twifil-03972,Fin de match 😍 Belle victoire 💪🏼💪🏼💪🏼 ESS 0-1 JSK ⚽️ Benyoucef ( min 76 ) Merci aux joueurs et surtout pour…,2,positive,Positive
twifil-03973,الصديق يراك أكثر جمالاً، والعدو يراك أكثر عيباً، وفي الحالتين ليس هذا حكماً منصفاً ولا موقفاً عادلاً. *,1,neutral,Neutral
twifil-03974,زيدان وريال مدريد قصة عشق 😍,2,positive,Positive
twifil-03975,Happy birthday l2jmal samah 😢nchlh l3omr kilo hbb 🙏💘yen3ad 3aliki ya a7la rfi2a ya hayeti 2nti 😍🎈🎂🎊 Je t'aime 💗💋💋,2,positive,Positive
twifil-03976,SO BEAUTIFUL,2,positive,Positive
twifil-03977,ِفي منتها الاروعه جميل جيدا كلمات معبرة في منتها الكمال والجمال مااروعها اه اه اه ياجميل 👍 👍 👍 👍 👍 👍 👍 👍 👍 👍 👍,2,positive,Positive
twifil-03979,سأصبر حتى يعجز الصبر 👈عن صبري و سأصبر حتى ينظر 👈الرحماان في أمري ☺! ♥علي بن أبي طاالب رضي الله عنه,2,positive,Positive
twifil-03980,يسلمك,2,positive,Positive
twifil-03981,هههههههه وقيل كامل طامعين في دراهم الحملة,0,negative,Negative
twifil-03983,12:47 وقت ❤️,2,positive,Positive
twifil-03984,نعم اصدق.,2,positive,Positive
twifil-03985,وكلَّ القلوب يُغيّرها الوقت، إلاَّ قلب الأمّ جنّة دائمة ❤️.✋ تصبحون على خير Bonne Nuit Good night,2,positive,Positive
twifil-03986,La grande question du siècle dont je n'ai pas la réponse malheureusement. M…,0,negative,Negative
twifil-03988,حتى أمي الغاليا(مباركة) لا يعلى عليها,2,positive,Positive
twifil-03989,الخبير في أي شيء كان يوماً مبتدئ.😉😍,2,positive,Positive
twifil-03990,أخت عالية الإسلام دين الله عز و جل ليس خاص للعرب أو جنس أخر أو أمازيغي ..أشهد أن لا إله إلا الله وحده…,2,positive,Positive
twifil-03992,"current weather in Constantine: clear sky, 23°C 35% humidity, wind 3kmh, pressure 1019mb",1,neutral,Neutral
twifil-03993,حبيباتي لكي جسم جميل متى ناكلها لكي سوتكي بالعسل,2,positive,Positive
twifil-03994,الله يرحمها اختي,0,negative,Negative
twifil-03996,🌸 يُدَبِّرُ الْأَمْرَ 🌸 تذكرها كلما صعب عليك أمرًا أو أصابتك كربة فإذا أيقنت بها اطمئن قلبك .. وكفى بالله وكيلاً. 🌸,2,positive,Positive
twifil-03997,أنتم تقتلون المسلمون لم تساعدوهم تقتلون المسلمون بسلاح أمريكي وكل واحد حر…,0,negative,Negative
twifil-03998,"Christianisme abolit liberté, amoncela des montagnes de cadavres et avait…",0,negative,Negative
twifil-03999,من عنابه لمستغانم 😂😂😂,2,positive,Positive
twifil-04000,الله يبارك شادن في يومه الاول في التحظيري,2,positive,Positive
twifil-04003,هدي كاينة,1,neutral,Neutral
twifil-04004,ياو واش راهو صاري دخلت نشوف التعليقات على مكان الميلاد لقيت الناس كلهم من الخليج كاين حبتين ولا ثلاثة م…,0,negative,Negative
twifil-04006,-راجل يسأل في زوجته : اوصفيلى ثقتك فيا قالتله : ثقتى فيك كي الحليب طول الوقت و انا بحذاه و أول مانعطيه بظهرى يفيض 💔😂,0,negative,Negative
twifil-04007,لقد وقعنا في الفخ لقد وقعنا في الشخ لقد وقعنا في الكخ يا كخ .عادل امام,0,negative,Negative
twifil-04009,بالتوفيق للحمرا اليوم❤ 🔴⚪ forza jazzara,2,positive,Positive
twifil-04010,"current weather in Wahran: mist, 7°C 93% humidity, wind 2kmh, pressure 1021mb",1,neutral,Neutral
twifil-04011,الإمتحانات ف الطريق يستر الله ☻,0,negative,Negative
twifil-04012,Sans effort je vous rappelle le 18 ème anniversaire de l'assassinat du gamin de 12 ans mo…,0,negative,Negative
twifil-04014,غريب والله,0,negative,Negative
twifil-04016,Why did u an empty quote wtf u should tweet with the iHeartAwards BestBoyBand BTS #/iHeartAwards #/Best…,0,negative,Negative
twifil-04017,Tt à fait d'accord !,2,positive,Positive
twifil-04019,Qui me suivais quand j'avais que 500 followers ?,1,neutral,Neutral
twifil-04021,نكار الخير عمرو ما يربح,0,negative,Negative
twifil-04022,شكرا لك 😉,2,positive,Positive
twifil-04023,😍😍😍😍💘💘💘💘,2,positive,Positive
twifil-04024,C'est quel film stp ?,1,neutral,Neutral
twifil-04025,اضطراب جوي نشيط سيخص المناطق الشمالية الوسطى و الشرقية و بأقل حدة الغربية ابتداءا من يوم الإثنين 18:00 إلى غاية الخ…,1,neutral,Neutral
twifil-04026,Ooh Caro je crois que ton programme vas être chamboulé hhhhh,0,negative,Negative
twifil-04027,"""L'amour fait naitre la jalousie , mais la jalousie fait mourir l'amour.""",0,negative,Negative
twifil-04028,امين وعباد الرحمن الذين يمشون على الارض هونا و اذا خاطبهم الجاهلون قالوا سلاما عبدا من عبادنا اتينه رح…,0,negative,Negative
twifil-04030,حينما تولد جبال الأوراس تفاحا ملكيا حين تكتنز جبال الهوقار في ثناياها ذهبا خالصا . حين تنتج رمال وداي سوف البرتقال…,2,positive,Positive
twifil-04031,الصلاة على النبي اللهم صل على محمد وعلى آله وصحبه وسلم,2,positive,Positive
twifil-04032,Some Old Post Office Architecture! 🇩🇿 - - - travelblogger wander wanderlust sunsetporn trip worldnomads…,2,positive,Positive
twifil-04034,الحمد لله,2,positive,Positive
twifil-04036,A LA UNE - Finances / L’Etat envisage de reporter le lancement de la finance islamique du fait de la chute de la va…,0,negative,Negative
twifil-04037,توحشنا العاصمه,2,positive,Positive
twifil-04039,ah ouais ? mddr j'aurai pas penser,0,negative,Negative
twifil-04040,"Yes, so beautiful😍💓 🐦 Thank you so much my kind friend🙏, have a great new week 🎼🌹✨🌷🍀",2,positive,Positive
twifil-04041,أكيد عند مانحب نخطا ونبصم بالعشرة وننسى أن نترك أصبعا فلربما نحتاجه لنعض عليه من الندم,0,negative,Negative
twifil-04042,شكرًا على هذه الوارد جزاكم الله خير و جمعة مبارك,2,positive,Positive
twifil-04043,😑✌️,0,negative,Negative
twifil-04044,Je me suis toujours posez la question pourquoi les hommes on a des tétons alors qu'on a pas de lait rien à donner ils nous servent à rien,0,negative,Negative
twifil-04045,بالتوفيق للجميع من اجل الجزائر,2,positive,Positive
twifil-04046,هي الطبيبة اللي ماتت بالعقرب و هذاك الوزير ... اللي حذرنا من العقرب,0,negative,Negative
twifil-04047,هذه ليست وزيرة الصحة يا أخي,0,negative,Negative
twifil-04048,Parce que y a pas des bureaux de change dans les banques donc automatiquement les immigrés préfèrent vend…,0,negative,Negative
twifil-04049,sa c vrai,2,positive,Positive
twifil-04050,عـثــمـان ديـمـبـلـي,1,neutral,Neutral
twifil-04051,مرحباً بكم 🔥🇩🇿🇸🇦🏴🏳️,2,positive,Positive
twifil-04052,يمكن,1,neutral,Neutral
twifil-04053,"حآن الآن مسح ذآڪرة الأمس ،، وإنتظآر الأجمل ،، رضيتُ يآرب بڪل شـيء ، فـ آڪتبنـي بعزتڪ مـن آلسعـدآء "" - صبآح آلسعآدھ لقلوبگم .♥️✨",2,positive,Positive
twifil-04054,هذا النيقا بعد المباراه 😂😂😂😂😂,1,neutral,Neutral
twifil-04055,SouhilaBenLachhab الف الف مليون مبروك للمليون 7 وان شاء الله للملايين الاتية وهذا كل دال على اجتهادك يا حبي ليك منوليش 7M,2,positive,Positive
twifil-04057,الكاشير بدا يخدم 😇😇 à Bordj Bou Arreridj,0,negative,Negative
twifil-04059,sidi lakhmi ceremony beard beardman alex à جامع سيدي اللخمي، صفاقس,1,neutral,Neutral
twifil-04060,ذكرتيني في مقوله ....لك مطلق الحريه في ان تكرهني ولكن لا تتصرف وكانك تحبني 😞,0,negative,Negative
twifil-04061,صحا صحا سعدية 😀,2,positive,Positive
twifil-04062,حبيبتي 😘 كل عام وانت حيا بخير اك تساليني كادو خساره لبعد وايلا راني جبتو وجيت 😍,2,positive,Positive
twifil-04065,علاه وين كنتي؟,0,negative,Negative
twifil-04066,كل مهاجم يسجل يثير احتياطي.. هذا سبب ضعف خط الهجوم حتى صاروا ما يسجلوا حتى يبقوا أساسيين,0,negative,Negative
twifil-04067,oh i cryed way too much my eyes are hurting BTSxCitiField,1,neutral,Neutral
twifil-04069,😍😍😘😘🤗🤗,2,positive,Positive
twifil-04070,منور تسلاملي ياغالي,2,positive,Positive
twifil-04071,أوجعني شخص كنتُ أخاف عليه من الوجع !💔 😦😔,0,negative,Negative
twifil-04072,إمان معا الليثام كيف نبدأ المراسلة ونكتب كلام والزين فى أحضانالليثام والعلم فى نضرة الأعيان مهاجمت النصا…,0,negative,Negative
twifil-04073,الله يستر يا رب.. الأمر ليس سهلا على الإطلاق بسبب بطء تدخلات الجهات المعنية التي لا تكون جاهزة كما يجب ضم…,0,negative,Negative
twifil-04074,temperature up 17°C -> 21°C humidity down 48% -> 40% wind 0kmh -> 1kmh,1,neutral,Neutral
twifil-04075,Muy Buenas Dias FelizJueves 🌹,2,positive,Positive
twifil-04076,ماراح يهبلني شيء من غير الصورة التي وضعتها 😯😯 كل ما احاول أركز أجدها تدور 🌚😂😂تبا 🚶🚶🔫,0,negative,Negative
twifil-04077,Haraga chez toi,0,negative,Negative
twifil-04078,Con el señor Ricardo Jiménez Sánchez. encuentrosconmexicanosenArgelia conferencia cuentos…,1,neutral,Neutral
twifil-04080,لا هذي : اتوقع شانون عملت الصوت و الممثلة بالفيديو اخذوا منها الوجه,0,negative,Negative
twifil-04083,عيشي حياتك مع كنزة متحمسين نسمع الأغنية,2,positive,Positive
twifil-04085,"George W. Bush, ancien Président des Etats-Unis (de 2001 à 2009) dont le mandat a été marqué par les attentats du 1…",1,neutral,Neutral
twifil-04087,قصتي مع المعودين 😆😆,0,negative,Negative
twifil-04088,Günaydın . Üniversiteye gitmek❤❤❤💙😍,2,positive,Positive
twifil-04092,حبسو متصفح خفي هو لي يدير فسبام,0,negative,Negative
twifil-04093,bbe89699d4857d3720e6b66f180eea890bc9829e6ff44362f5b01d9f36f38ebf4e38c469c408958601a27fc63c049e7bcb2dc785bb29c562ecc…,1,neutral,Neutral
twifil-04096,Ce qui est vrai c'est l'aveu que nous ne faisons pas partie des 3alamines... Nous somme un genre à part !!,2,positive,Positive
twifil-04097,هذا ما يريد أن يجنيه الإخونجية من مسرحية خاشقجي لكن بعيد عليكم بعد نجوم السما،،،، زادت المملكة قوة…,0,negative,Negative
twifil-04098,إسمه عبد الله بن قحافة,1,neutral,Neutral
twifil-04101,Historia je l'aime trop Beaucoup trop C'EST PAS MON PERSO PREF POUR RIEN 😭😭,2,positive,Positive
twifil-04102,ومن قال نحن شيعة وما ذخلي فيهم أرادو أن يكونو شيعة أو يكونو مايريدون المه…,0,negative,Negative
twifil-04104,ليرىٰ كل صعفوق أننا نحترم مشايخنا ونقدرهم ونحبهم ونتقرب إلى الله بحبهم رغم أنوفهم.. أبهىٰ حُلـة ورب العزَّة لاذاع…,2,positive,Positive
twifil-04105,امين يارب العالمين الله يعطيك العافية,2,positive,Positive
twifil-04107,واحنا مع فلسطين ظالمة او مظلومة,2,positive,Positive
twifil-04109,Sunset Behind The Trees! 🌴 (PT.2) - - - travelblogger wander wanderlust sunsetporn trip worldnomads…,1,neutral,Neutral
twifil-04112,"A quelle prix est l'or en Algérie le 18 K ? ""titre 750"".",1,neutral,Neutral
twifil-04113,"- "" إياك الإتكاء على كتف هش غير مُرحب بك عليه فأنت قادر على المشي أعرج "" .",0,negative,Negative
twifil-04115,تاريخ الجزائر اكثر بكثير من قطعة اثرية ارجعو لتاريخ الطاسيلي الامازيغي حضارة 10 الاف سنة تماك تلقاو تاريخ جزائرنا المهمش,0,negative,Negative
twifil-04116,First 1000 cmnts 😭❤,2,positive,Positive
twifil-04118,"الحمــد لله الذي أنعم علينا بعمر جديد ويوم جديد نعيشه،، ""اللهم اجعلنا من الشاكرين"" اللهُم صبّحنا ببش…",2,positive,Positive
twifil-04119,"current weather in Wahran: clear sky, 19°C 55% humidity, wind 2kmh, pressure 1021mb",1,neutral,Neutral
twifil-04120,سيعوّضك الله، ويُعطيك الله،ويُغنيك عن كل العباد الله،ويجبر قلبك الله ولا يفهمك ويفهم ضُعفك وقلّة حيلتك إلا الله الحمدلله والله اكبر,2,positive,Positive
twifil-04121,Bence son noktayı koyalım Fatih Altaylı,1,neutral,Neutral
twifil-04122,اذهب بعيدا أيها الخارجي النتن,0,negative,Negative
twifil-04123,أليس محمد رسول الله - صلعهم - هو خاتم الأنبياء ...,1,neutral,Neutral
twifil-04124,remember that KARMA will come to you when you'll have a kid with a disability remember this exact mn you sh…,0,negative,Negative
twifil-04125,🤔😏,0,negative,Negative
twifil-04127,انت نعم الصديق أيوب ربي يخليك لينا يا رب 💙,2,positive,Positive
twifil-04128,اللهم صل وسلم على نبينا محمد اللهم صل وسلم على نبينا محمد اللهم صل وسلم على نبينا محمد اللهم صل وسلم على نبينا م…,2,positive,Positive
twifil-04129,عيييييييييب,0,negative,Negative
twifil-04131,"Incidents de Setif .le 27 09.2018 JSK 1--SETIF 0... Mellal: "" Je condamne les incidents de Setif "". Iboud : "" R…",0,negative,Negative
twifil-04133,قال صلى الله عليه وسلم: فاطمة بضعة مني فمن أغضبها أغضبني,0,negative,Negative
twifil-04134,من حسن خلق المسلم ترك ما لا يعنيه,2,positive,Positive
twifil-04136,لوكان يروح يرقي روحوا ماشي خير,0,negative,Negative
twifil-04137,"""La plus belle phrase d'amour est dite dans le silence d'un regard.""",2,positive,Positive
twifil-04138,مرحبا بك كنزة في وهران ان شاء الله تستمتعي 😍😎,2,positive,Positive
twifil-04139,انت عميل السعودية انت ليس شرف الجيش الجزائري الحر قل كلمة حق في سلمان المنبطح لترامب. ربما يرجع عن انبط…,0,negative,Negative
twifil-04140,اروع. أغاني الصحراوية,2,positive,Positive
twifil-04141,"Vraiment pire des week-end, je suis malade comme une merde ma mère n'es pas la personne pour s'occuper de moi c'est…",0,negative,Negative
twifil-04142,😎😎😎😎😎😎😎😎😎😎😂😂,2,positive,Positive
twifil-04144,لاتقل خشيت الحذف بل كي يطمان قلبك لي اقرأ لك ماتكتب الا كنت اعمل ثم اطلع ماتكتب اشكركم جزيل اشكر جميل جيدا,2,positive,Positive
twifil-04145,امين يارب العالمين دعاء جميل جدا,2,positive,Positive
twifil-04146,إن الله غفور رحيم,2,positive,Positive
twifil-04148,جمال العرب ليس عند الغرب ابدا,2,positive,Positive
twifil-04149,الله يحاسب كل مان كان سببا في سنوات الجمر إن كان هذا فهذا وإن كان غيره فغيره ربي يوكيلهم,0,negative,Negative
twifil-04150,إلى كل من يتابعنى ويقرأ كلماتى ... أتمنى أن يصادفكم شىء جميل يملأ قلوبكم بالفرح والسعادة بإذن الله,2,positive,Positive
twifil-04152,⚽️⚽️⚽️⚽️🇮🇳🇮🇳🇮🇳🇮🇳🇮🇳,2,positive,Positive
twifil-04153,OMG! You have to see this. BIGOLIVE.,2,positive,Positive
twifil-04154,ABORIGÈNE maintenant disponible partout: Voila Le Lien Dispo sur YouTube:…,0,negative,Negative
twifil-04155,"SUPERSTARS DON’T SPARKLE, SUPERSTARS BEAM. @ MOOD",0,negative,Negative
twifil-04157,JAPAN,1,neutral,Neutral
twifil-04161,LA SPONTANÉITÉ N'A JAMAIS EXISTE,0,negative,Negative
twifil-04163,علاه مبكر صباح الخير,2,positive,Positive
twifil-04164,إبن السائح لا ينتقد أبيه,0,negative,Negative
twifil-04165,Que Tengan Muy Buen Dia A Tod FelizMiércoles 🌈😍🌹,2,positive,Positive
twifil-04166,VIPDZ…,1,neutral,Neutral
twifil-04167,OmG JIMIN ad ❤❤❤❤❤❤❤❤❤,2,positive,Positive
twifil-04168,... بل تزيدها اشتعالا و لهيبا !!,0,negative,Negative
twifil-04169,سنصبح اغنياء 💰😛,2,positive,Positive
twifil-04172,تخريب الممتلكات العمومية وقطع الطريق السيار على المسافرين بسبب عدم وجود اسماء المحتجين بقائمة السكن الاجتماعي انه احتجاج فوضوي وغير حضري.,0,negative,Negative
twifil-04173,👏🏿👏🏿👏🏿👏🏿👏🏿👏🏿👏🏿👏🏿👏🏿👏🏿👏🏿👏🏿👏🏿👏🏿👏🏿👏🏿👏🏿👏🏿👏🏿👏🏿👏🏿👏🏿👏🏿👏🏿👏🏿👏🏿👏🏿👏🏿👏🏿👏🏿👏🏿👏🏿👏🏿👏🏿👏🏿👏🏿👏🏿👏🏿👏🏿👏🏿👏🏿👏🏿👏🏿👏🏿👏🏿👏🏿👏🏿👏🏿👏🏿👏🏿👏🏿👏🏿👏🏿👏🏿👏🏿,2,positive,Positive
twifil-04174,Lol merci !,2,positive,Positive
twifil-04175,آمين يارب العالمين أجمعين,2,positive,Positive
twifil-04176,❤❤ لوزة وعياد وعمتي حواء,2,positive,Positive
twifil-04177,لا باذن الله في شي بيصير و يرجع لعندنا هههههه,2,positive,Positive
twifil-04178,هذا العالم المريع لا يخلو من مفاتن لا يخلو من صباحات ،تستحق أن يُستَيقظ من أجلها٠ اليوم العالمي للقهوه,2,positive,Positive
twifil-04179,وصلت الامانة,2,positive,Positive
twifil-04181,صباح الانواار👍👍,2,positive,Positive
twifil-04182,التلاعب لا لتمديد العهده الرابعه,1,neutral,Neutral
twifil-04185,يخجل الورد من كفك. و جسر الوصل قد شيدته ذراعك الممدودة,2,positive,Positive
twifil-04187,Salut la famille,2,positive,Positive
twifil-04188,opppaaaa kookie I'm with uuu.....omg u bless ma ears...... God bless you oppa stayyy healthy...... Ma golden prince 👑👑🙌,2,positive,Positive
twifil-04189,مرسي عليك,2,positive,Positive
twifil-04191,عندما سكت أهل الحق ظن أهل الباطل أنهم على حق! ما لم يكن لله يضمحل قال أبو زرعة:كتب إلي إسحاق من خراسان:لا يهولنك ال…,0,negative,Negative
twifil-04192,Bonne année,2,positive,Positive
twifil-04193,ماحك جلدك مثل ظفرك,0,negative,Negative
twifil-04194,I'M NOT JOKING THIS IS NO E FUCK I'M DIEKB I'M SHAKING,0,negative,Negative
twifil-04195,أهم قرارات بوتفليقة لعام 2018 ملخصة في هذا الفيديو شاهد قبل الحذف بوتفليقه,2,positive,Positive
twifil-04196,آمين يا رب العالمين. مساؤك المحبة الربانية,2,positive,Positive
twifil-04197,اييبه,2,positive,Positive
twifil-04201,دقائق على ديربي مدريد ، بالتوفيق لأفضل نادي فالعالم .. الفوز من أجل الصدارة HalaMadrid,2,positive,Positive
twifil-04202,💜Every End Is A New Beginning 💜 ARMYSelcaDay We Vote as Favorite social Artist at AMAs,2,positive,Positive
twifil-04204,جزاك الله خيرا أخي الحبيب,2,positive,Positive
twifil-04205,😇😇,2,positive,Positive
twifil-04206,wlahiy gir 5la3tniy 5tiy ta9ra fi jam3at lmsila hada win hazt tilefen,0,negative,Negative
twifil-04209,اتشو0.0005 كاف 😢,0,negative,Negative
twifil-04210,ان شالله,2,positive,Positive
twifil-04211,صباح السعاده 😍😘🌼,2,positive,Positive
twifil-04212,التلت الخالي هههه,1,neutral,Neutral
twifil-04213,'Bum lift' death: Mother-of-three was told by partner she 'did not need surgery' - this story is so sad...,0,negative,Negative
twifil-04215,لعنة الله عليه...كلب,0,negative,Negative
twifil-04216,هدا سيد الرجال........ احسنتي,2,positive,Positive
twifil-04218,and your friend army here couldn't stop her self and said to her it's in th…,0,negative,Negative
twifil-04220,انا لله و ان اليه راجعون وفات جدتي اللهم ارزقنا الصبر في مصيبتنا و رحمها برحمتك الواسعة ...,0,negative,Negative
twifil-04221,new pic please ...you are so cut,2,positive,Positive
twifil-04222,إلهي لي صحبة بين الضلوع في حنايا القلب ومأواهم .. هم أهل ودي تسعد الروح بذكراهم .. هم معد…,2,positive,Positive
twifil-04223,اللهم صلي وسلم على نبينا الحبيب,2,positive,Positive
twifil-04224,لماذا منع افلاطون الشعراء من جمهوريته المدينة الفاضلة، ربما يكون لاحتمالين : الاحتمال الأول : المشروع الافلاطوني ف…,0,negative,Negative
twifil-04225,mon test d'économie je vais pas assumer,0,negative,Negative
twifil-04226,😂😂😂😂😂😂 no way...,2,positive,Positive
twifil-04230,Mais ok on remet pas les défaites du Barça sur Messi..mais pourquoi beaucoup de g…,0,negative,Negative
twifil-04232,😂😂😂😂😂لؤياتي شكرا على التفاعل مع قهوتي,2,positive,Positive
twifil-04233,حكمة اليوم لا تبالغ في المجاملة حتى لا تسقط في بئر النفاق.. ولا تبالغ في الصراحة حتى لا تسقط في وحل الوقاحة..,0,negative,Negative
twifil-04234,"current weather in Constantine: clear sky, 11°C 87% humidity, wind 2kmh, pressure 1020mb",1,neutral,Neutral
twifil-04235,SUGA Min YoonGi my lovely dream 💜❤ I'm waiting for day 💜with impatient ❤I hope that you are fine.. I lov…,2,positive,Positive
twifil-04236,Merci beaucoup 🙏🍀✨🌹😊,2,positive,Positive
twifil-04237,لازم تغيروا المعلق 🤣🤣🤣,0,negative,Negative
twifil-04239,Pour le match du wac samholi mais nahiri il n a plus de niveau pour ce poste,0,negative,Negative
twifil-04240,إذا كان الكلام من فضة السكوت من ذهب,2,positive,Positive
twifil-04241,شينه ذوقك ازباله 🤖,1,neutral,Neutral
twifil-04243,"Le roi meziani Farid d'Algérie dit,je crois que la France a entendu parler du miracle de vendredi.",2,positive,Positive
twifil-04244,AMAs I vote for favorite social artist at AMAs,2,positive,Positive
twifil-04245,رجع زيدان 😢,0,negative,Negative
twifil-04246,مادامت هناك تهمة بالخيانة وجب عليه ذكر الاسماء وتقديم الدليل,0,negative,Negative
twifil-04250,هالصورة عشق 😍😍 يارا,2,positive,Positive
twifil-04253,تكبر وتفهم...,0,negative,Negative
twifil-04254,Benvenuto !,2,positive,Positive
twifil-04255,BİR UMUTTUR YAŞAMAK...,2,positive,Positive
twifil-04256,😒😒 محبوش يزوجوني 😭😭😭 شوفيلي واحد سطايفي,0,negative,Negative
twifil-04257,8:10am: sunrise sunset will be at 6:15pm,1,neutral,Neutral
twifil-04259,Les gens t'oublient vite une fois qu'ils n'ont plus besoin de toi.,0,negative,Negative
twifil-04260,الله على جمالها و سحرها # fahriye,2,positive,Positive
twifil-04261,المدينة القديمة place d'arme بوسط مدينة عنابة 💙 بفضل أبنائها تحولت إلى تحفة فنية زرقاء رائعة 😍👌 الجزائر,2,positive,Positive
twifil-04262,اه صح,2,positive,Positive
twifil-04263,comer pescado marina restaurante muchagente buendía buentiempo buenacomida camareros mar descansar…,1,neutral,Neutral
twifil-04264,شيخ النقيب، من أحسن و أمهر و أصغر و أذكى عازفي البونجو مع فطاحلة الشعبي الجزائري إلى أرق زاهد و متعبد و مؤذن بعد اع…,2,positive,Positive
twifil-04267,WE ORGANIZE TOUR FOR PEOPLE WHO LOVE TRAVEL HAYYATOUR TRAVELS TRAVELAGENCY BIRELDJIR ORAN ALGERIA Turquie,1,neutral,Neutral
twifil-04269,Que se passe t-il vraiment au Venezuela?Les coups bas de la CIA font des malheurs en Amérique du Sud!,0,negative,Negative
twifil-04270,قال الشيخ د. محمد أمان الجامي رحمه الله تعالى:كيف تضعف الدعوة في مهدها في محلها في منبتها وهي قد انتشرت في العالم؟!…,2,positive,Positive
twifil-04271,هذ ؟,1,neutral,Neutral
twifil-04273,الدروس التي لن تكن بالحسبان،هي من علمتني الإنتباه,2,positive,Positive
twifil-04274,jsui un pd si j’achète pas mon gloss fenty beauty soit demain soit lundi après le travail,0,negative,Negative
twifil-04275,Vidéo de la présentation du staff aux joueurs par Zetchi,2,positive,Positive
twifil-04276,هلا نورت😍😍 اشتقنا لمن نسينا 😔 هلا توحشتك يارب غيابك خير اختي سهام 😘,0,negative,Negative
twifil-04278,Muy Buenas Dias A Tod Y Que Tengan Muy Buen Dia FelizSàbado 😍🌷😍🌹😍,2,positive,Positive
twifil-04279,": ''meilleure façon d’aider quelqu'un, c’est de l’aider à trouver un…",2,positive,Positive
twifil-04281,ya wedi ma khelatlich,0,negative,Negative
twifil-04282,هذا الصح,2,positive,Positive
twifil-04283,اخطا نعم لكن لا تجحف ما قدمه وراه اعترف بخطاه وجاب زيدان مرة اخرى,2,positive,Positive
twifil-04284,شكرا لك ام انا اصون كرامتي من قبل حبي لان النفس عندي فوق قلبي,2,positive,Positive
twifil-04289,سيدي إن كان تفكيرك هكذا أظن أن الشيعة هم الفئة الضالة حقا . و مذهبكم التقية فعلا .هذا تفكير مادي .الغاية…,0,negative,Negative
twifil-04291,It was SO GREAT to hear you say LNYHBT a few nights ago. WE MISS IT!,2,positive,Positive
twifil-04292,الحمدالله و بحمد وصل وسلم على حبيبنا و سيدنامحمدصلي الله عليه و سلم و لا اله الا الله و الله اكبر,2,positive,Positive
twifil-04294,Algiers: 6:33pm: sunset,1,neutral,Neutral
twifil-04295,SackMourinho MUFC WHUMUN #,1,neutral,Neutral
twifil-04296,الدين حلل أربع زوجات وحنا في بلانا حابين يزيدونا الخامسة ههههه😂😂😂😂,0,negative,Negative
twifil-04297,وما الذي فعله الحوثي لأبناء اليمن الذين جندوهم من المدارس ،مابلغوا سن الحلم بعد ،والقصف العشوائي الذي طال قرى وبلدا…,1,neutral,Neutral
twifil-04300,Elle Est Trop Belle Félicitation 🇱🇧🇱🇧👍👏👏👏👏👏💗💗 MissLebanon2018,2,positive,Positive
twifil-04301,الله يرحم أيام حزب البعث ❤❤,2,positive,Positive
twifil-04302,بليز تعال للجزائر,2,positive,Positive
twifil-04304,تقبل الله منا ومنكم صالح الاعمال,2,positive,Positive
twifil-04305,اسكت اسكت ههههه😂😂,0,negative,Negative
twifil-04306,يارب🙏🏻,2,positive,Positive
twifil-04307,بس بس 😒💦,0,negative,Negative
twifil-04309,seray ist sehr doof und schwul,0,negative,Negative
twifil-04310,Le temps est le seul remède contre les maux du passé...,2,positive,Positive
twifil-04311,عاشق. افانيكا سيبقي مقتل الشيخ العودة في رقبته,0,negative,Negative
twifil-04312,ماخرجليش. مازال ماوالفتش الكلافيي الجديد,0,negative,Negative
twifil-04314,يا اخي لا تشاهد راح يجلطنا المدرب هذا,0,negative,Negative
twifil-04317,لالاوالف لا ولايه ذكرتها عدت مرات والقاصرت الطرف. نعم. لقد صدق الله العظيم👍 اشكركم احسنتم ولااروع,2,positive,Positive
twifil-04318,يهبل ذكر 😁😁,2,positive,Positive
twifil-04320,يا رب العالمين 🙏🏾✨,2,positive,Positive
twifil-04321,هنا خليتيها حرام عليك 😣😣😣 جوعتيني مع هذا البرد,0,negative,Negative
twifil-04323,te quiero amiga mia eliz tarde y graias por tan lindas palabras que llenan mi corazon de alegria 💋,2,positive,Positive
twifil-04325,بريكول 😂😂😂😂,0,negative,Negative
twifil-04326,temperature down 8°C -> 5°C humidity up 81% -> 86% wind 3kmh -> 1kmh,1,neutral,Neutral
twifil-04327,الجزائر ، الفياضانات هذه السنة تشكل لغز حكومي وتحدي قبل بداية فصل الشتاء,0,negative,Negative
twifil-04328,Très belle journée d'octobre !,2,positive,Positive
twifil-04329,رحم الله الفقيد وألهمك واهله الصبر والسلوان,0,negative,Negative
twifil-04330,T,1,neutral,Neutral
twifil-04331,شخصية تعشقها .القائد 💚✊💚,2,positive,Positive
twifil-04332,Rire.....,2,positive,Positive
twifil-04334,Exellente journée de vendredi !,2,positive,Positive
twifil-04335,صباح الخير من مكن العمل,2,positive,Positive
twifil-04336,ليش اغلب الناس تكره سانجي 😢😢 اكثرهم العرب,0,negative,Negative
twifil-04337,احنا ثاني ماراناش فاهمين هههههه,0,negative,Negative
twifil-04339,الكرُّنب المقلِي 💗 آنقنك سمح .,2,positive,Positive
twifil-04341,Good luck,2,positive,Positive
twifil-04342,"Féministe. Oui … A 43 ans, Caroline Fourest peut garantir les besoins à ses tentations, un beau visage…",2,positive,Positive
twifil-04343,حتى انا كنت حاسة محرز راح يدورها رڨبي 😌😂😂,0,negative,Negative
twifil-04344,اللهم أحسن خاتمتنا ...,2,positive,Positive
twifil-04346,il y a une arnaque avec un nouveau faux compte on m’a fait croire que j’avais é…,0,negative,Negative
twifil-04347,مرحبا بك معنا في الجزائر,2,positive,Positive
twifil-04350,QUEL EPISODE WOOW J'AI JAMAIS AUTANT FRISSONER 😭😭,2,positive,Positive
twifil-04352,7:43am: sunrise sunset will be at 5:45pm,1,neutral,Neutral
twifil-04353,عندما كنتُ صغيراً كنت أغضب من أمي و أبي على حرصهم الزائد وخوفهم علي . كبرت و أصبحت أباً فعرفتُ أنهم كانوا على حق .…,2,positive,Positive
twifil-04354,صباح الربح والورد مفتح انت معلم واحنا منك نتعلم 😂,2,positive,Positive
twifil-04355,صباح الأنوار مريومتي 😍❤🌷,2,positive,Positive
twifil-04358,زيزو قبل ما يأخذ شهادته التدريبية صال وجال لكبار المدربين بالقارة ، عمل مع خوزيه وأنشي . حتى يوم كان لاعب لم يكن لاعب عادي عكس سولاري .,2,positive,Positive
twifil-04360,♥️ M A G N I F I Q U E S GOURMETTE EN OR 18K ET MONTRE ♥️ GOURMETTE EN OR 18K : (UNISEX) POIDS: 14.0 G…,2,positive,Positive
twifil-04362,Je suis peut-être à côté de la plaque 🤔,0,negative,Negative
twifil-04363,البارُ بوالديه لا يميته الله ميتة سوء . ' - بِروا والديكم فوالله سيأتي يوم فلن تجدهم فالدُنيا فانية والوقت يمضي,2,positive,Positive
twifil-04365,يعني انتي مش وحش 👾😂😂😂😂,2,positive,Positive
twifil-04366,ااااااه يااااا دنياااااا,0,negative,Negative
twifil-04368,ترامب للعاهل السعودي: لن تبقى في الحكم لأسبوعين دون حمايتنا,0,negative,Negative
twifil-04369,"Buvez votre thé lentement, avec respect, comme si il est l’axe sur lequel la terre tourne – lentement, de façon éga…",2,positive,Positive
twifil-04370,يا زبالة جاية تعلقي في منشني وتقلي ادب تفو عليكي يا منحطة يا قذرة يا نكرة تمام اوصلو لميت مليو…,0,negative,Negative
twifil-04371,🍬 🍵 شكرا...,2,positive,Positive
twifil-04372,لا اله الاالله,2,positive,Positive
twifil-04374,اللهمّ ارحم من فقدته العين وفقده المكان وافتقده القلب كثيراً .,2,positive,Positive
twifil-04375,"Né dans le sixième arrondissement de Paris de parents arméniens, le jeune Charles - rebaptisé ainsi par l…",1,neutral,Neutral
twifil-04376,الله الله على جمال الباربي كنزة مرسلي صورها من اغنتيها رائعة ملكة سبأ ❤❤❤ kenza morsli,2,positive,Positive
twifil-04377,Dommage pour toi alors😏,0,negative,Negative
twifil-04378,صباح جديد بألوان الطبيعة يطل من قرية ايسلتوالد الواقعة على شاطئ بحيرة برينز، يعتبر رافداً لقطاع الاقتصاد في سويسرا…,2,positive,Positive
twifil-04381,العاب صنعت لنا السعادة في الصغر 🇩🇿🌹🇩🇿,2,positive,Positive
twifil-04382,Je n'étais pas au courant que les croisades ont été déclarées ....,2,positive,Positive
twifil-04386,هم من نسب ابى جهل و ابي لهب,0,negative,Negative
twifil-04387,تسال عليك,2,positive,Positive
twifil-04388,اكبر جريــــمة ترتكــــــبها بحـــــق قلـــــبك هــو ان تحلم بشـيء انـت تعــــلم بانـــه لـن يكــون لــك ومع هـذا ت…,0,negative,Negative
twifil-04389,Video | We are excited to introduce our alumni who have succeeded in obtaining work with the help of the Career De…,2,positive,Positive
twifil-04390,1k 😍,2,positive,Positive
twifil-04392,المصدر,1,neutral,Neutral
twifil-04393,قال انه لن يستقيل ولا يوجد دافع لذلك ولكن انت بالبرلمان تكون مطلع على الكثير من الاحداث,0,negative,Negative
twifil-04395,ههههههههه زيدان الصغير😂👶🏻,2,positive,Positive
twifil-04396,🖒🖒🖒,1,neutral,Neutral
twifil-04397,alhan wa chabab kaanew souhila hiya li rah t9admew souhilaBenLachhab,2,positive,Positive
twifil-04399,الله غالب,0,negative,Negative
twifil-04401,ما بالك لو كانت البيئة في غزة نظيفة ؟,0,negative,Negative
twifil-04403,غني عن التهديف,1,neutral,Neutral
twifil-04404,Alouss Je Vous Offre Ses Belles Fleurs 💗🌷💗🌷💗,2,positive,Positive
twifil-04408,ومَنْ يُتقن التفاؤل لا يعنيه ظلام الطريق 🌸! تبسم 💌 à Blida Province,2,positive,Positive
twifil-04409,بصراحة جزائري ... عندما أرى ما نمر به من أحزان ... أعجز عن تشجيع حتى منتخبنا الوطني ...,0,negative,Negative
twifil-04410,حسب صحيفة الماركا : تشكيل اسوأ اللاعبين هذا الموسم في الليجا لحد الآن بن زيما ، رونالدو ، مارسيلووو ضمنها أشرف من…,0,negative,Negative
twifil-04411,جميل 👍 اشكركم احسنتم ولااروع,2,positive,Positive
twifil-04412,أيهما أسبق في تاريخ الإنسانية، الشعر أو الفلسفة؟!,1,neutral,Neutral
twifil-04413,"أنا ما نحطش حتى حاجة ... أتعلمون لما ... حتى أعرف دور ياسف سعدي في معركة الجزائر ... بورقعة يقول """" ..…",0,negative,Negative
twifil-04415,Quel contrôle ? 😱,0,negative,Negative
twifil-04416,FUCK HE IS PERFECTLY STANDING IN THE DOOR WAY AND I'M DYING MY HEART IS BEATING SO FUCKING FAST OMF I CAN'T CONTAIN…,2,positive,Positive
twifil-04417,"مولد الامام علي ""سؤال المهديّ المنتظَر إلى علماء الأمّة وأتباعهم .."" الإمام ناصر محمد اليماني 23 - 10 - 1428 هـ 0…",1,neutral,Neutral
twifil-04418,سئل حكيم ذآت مرة مآهو آجمل شىء قدر رأيته ؟ فقآل: لم أرى آجمل من شخص رأى جميع عيوبي ومآزآل يُحبني !,2,positive,Positive
twifil-04420,22 الله يرحمهم ..لكن ليس بالعدد المهم لا تحتاج موضوع اصلا,0,negative,Negative
twifil-04421,👻💛,2,positive,Positive
twifil-04422,يا ريت تحد في الف حساب خايف علي ماوارا الف حيساب,0,negative,Negative
twifil-04423,تابعتك واتمنى ان ترديها بمتابعتي شكرا,2,positive,Positive
twifil-04424,Paix à son âme.,0,negative,Negative
twifil-04425,غفرانك ربنا واليك المصير,2,positive,Positive
twifil-04427,"2 US Citizens and 2 Canadians Kidnapped In Kaduna North West of Nigeria this morning, Kidnappers Ambushed them…",0,negative,Negative
twifil-04428,يامَلائكِية الخديْن 😍🙈ياحُوراء العَينين 😍😗 ياغجَرية الشَعر 😊😘 يافواحة العبِير 🌸⚘ويا غذاء الروح 🙊💖أحبك♡,2,positive,Positive
twifil-04430,every day is master chief day,2,positive,Positive
twifil-04432,نقوللكم حاجه😂😎,2,positive,Positive
twifil-04434,أحس بتلك الوحدة التي أحسها آخر ديناصور قبل انقراضه,0,negative,Negative
twifil-04435,الايام بيننا . إقتربت نهاية عهد عائلة آل سعود . وسيحكم شخص آخر من أبناء الشعب السعودي من ال…,0,negative,Negative
twifil-04437,الصمت مرات يكون سعادة وعبادة وراحة بال,2,positive,Positive
twifil-04439,"Dans la nuit étoilée j'écoute battre mon coeur .depuis que je t'ai rencontré, je ne plus peur.",2,positive,Positive
twifil-04441,"هل أنت ""مع"" أو ""ضد"" تشرح بوتفليقة لولاية رئاسية خامسة، ولماذا؟ الجزائر algeria algerie Bouteflika",1,neutral,Neutral
twifil-04445,كلام صواب 👌👌👌,2,positive,Positive
twifil-04446,اكيد نوافقو علي طول الخط,2,positive,Positive
twifil-04447,فرضوها رغم رفض الشعب لها.,0,negative,Negative
twifil-04449,وتبقى قائد الامة العربية بامتياز فانجزت وابدعت وبادرت في زمن لم تتوفر فيه ولا وسيلة تكنولوجية حديثة والان بضغطة زر…,2,positive,Positive
twifil-04450,اغبياء,0,negative,Negative
twifil-04451,"قال الشيخ محمد بن رمزان الهاجري حفظه الله ""الانتكاس والإنحراف لا يأتي فجأة! الشيطان يمارس معك سياسة النفس الطويل"".",0,negative,Negative
twifil-04452,"You should note that women prostitutes should seek your rhythm in this outrageous, be ca…",0,negative,Negative
twifil-04453,اذا تكلمت وزيرة خارجية النمسا بالعربية فهو شرف لها لانها استعملت لغة ربنا اما وزيرنا فاستهان بقيمه و قيم شعبه و اخان الشهداء,0,negative,Negative
twifil-04454,العفو عزيزتي 😘 تستاهلي كل خير ناس مثلك شرف لي معرفتها 😍 دمت بخير,2,positive,Positive
twifil-04455,"Dans certaines situations, on est silencieux mais certainement pas aveugle !",0,negative,Negative
twifil-04456,On met en place un système permissif...ensuite on accuse les gens d'…,0,negative,Negative
twifil-04457,You can watch this video.,1,neutral,Neutral
twifil-04459,و الله,2,positive,Positive
twifil-04460,Me Too More More More 💗💗💗🌷🌺🌷,2,positive,Positive
twifil-04461,السلام عليكم ورحمه الله صباحكم سعاده من رب العالمين قم بتوقيف الفديو فجأة وشاهد على ماذا توقف,2,positive,Positive
twifil-04462,ههههه ان شاء الله خطة ك تنجح و الا منجحتش نتقلو الى خطة ل و هي رايحة 😂😜,2,positive,Positive
twifil-04463,من فظلك اختي وين منشور اللي نزل فيها بوست الحفل مليكة جمال العرب و أسم سهيلة موجود,2,positive,Positive
twifil-04465,الذكريات الجميلة ... مع امل اللقاء رذاذ ينزل على تربة الحب فيحيي بها ...براعم البهجة,2,positive,Positive
twifil-04467,لانها مقابلة بيناتنا 😊,2,positive,Positive
twifil-04468,لا زعما نطيح خشين مع اللول ومش سهل اغرائي 😂😂😂😂 هيا استراتيجيات يا استاذة 😈😈😈,2,positive,Positive
twifil-04469,يسعد مساؤك بلورد وزهور والعفو نعم انها كلمات جميلة ولكن ليست عليا اعلم ذالك معذرة لكم احبكم فلاتردوني ولوا…,2,positive,Positive
twifil-04472,الشاي .... و العود و الناي .,2,positive,Positive
twifil-04473,Ce que dit ce monsieur est très simple. À l’école nous apprenons que ce qui n’est pas ég…,0,negative,Negative
twifil-04475,بل دخل فصل الشتاء ورحل عن الخريف وهكذ جاء العام الميلدي الذي يزعومنا بيه وتحل اشركيات العرب اتبع نعم ياصدي…,0,negative,Negative
twifil-04476,اللهم لاتدّع لنا في يوم الجمعه ذنباً إلا غفرته ولا مريضاً إلا شفيته ولا ميتا إلا رحمته ولا دعاءً إلا استجبتهُ ولا تائباً إلا قبلته,2,positive,Positive
twifil-04478,كلما زاد ابتلائك من الله كلما بيّن بانه يحبك ويريد ان يكفر عن ذنوبك بصبرك على ابتلائه💛.,2,positive,Positive
twifil-04479,"Vous voulez savoir ce qui se passe aujourd'hui ... A dire vrai , si vous faites allusion a…",0,negative,Negative
twifil-04482,نعم انها الحقيقه ياصديق ياصديقي العزيز معاك الحق اشكرك انها اية جميل وتفرح القلب ياليتني اكون انا…,2,positive,Positive
twifil-04484,👌🏻🙂😊,2,positive,Positive
twifil-04485,"""الشخص المتصالح مع ذاته يمتلك القوّة لإخبار شخص آخر بأنه جميل ، لا يناسبه أقاويل تحت الطاولة ، لا ينافسه أحد ولا يت…",2,positive,Positive
twifil-04486,اميييين يارب العالمين,2,positive,Positive
twifil-04487,مصطلح الغرب اوسع واشمل.,1,neutral,Neutral
twifil-04488,انا الجزائر | وزير الطاقة يعلن فتح باب الاستثمار في الطاقات المتجددة أمام الشركات الخاصة الوطنية والمحلية ويدعو حد…,2,positive,Positive
twifil-04489,🍃🍂قرأ رجل عند يحيى بن معاذ هذه الآية: “فقولا له قولا لينا” فبكى يحيى، وقال: إلهي هذا رفقك بمن يقول أنا الإله فكيف…,2,positive,Positive
twifil-04490,mouloudia kml maken walo 😂😂😂,0,negative,Negative
twifil-04493,"دعوة اليوم: ""ربي ابعث لنا في هذا اليوم فرح يغيّر أيامنا وينعش قلوبنا من جديد""",2,positive,Positive
twifil-04494,I purple you 💜 BTS BTSinNewark BTSLOVEYOURSELFTOUR,2,positive,Positive
twifil-04496,Tellement vraie 😂😂😂,2,positive,Positive
twifil-04497,yakhi tfahmna bli taider tounssi w mataguinich flkhbar li 3lih hhhhh,0,negative,Negative
twifil-04498,نهار الاربعاء وين تصبحوا 😉 الدخول المدرسي,2,positive,Positive
twifil-04500,الام روح نقية تعطي كل ما لديها دون ان تنتظر شيئا,2,positive,Positive
twifil-04501,الله ابارك,2,positive,Positive
twifil-04502,Sorry !!,0,negative,Negative
twifil-04503,Neden bu kadar karamsarsınız yaşadıklarınızdan seçimlerinizde dolayı deilmi tüm bunlar,0,negative,Negative
twifil-04504,لن يكون عمرك كله ربيعاً .. ستتناوب عليك الفصول الأربعة .. تلفحك الحرارة .. تتجمد في صقيع الوحدة .. تتساقط أحلامك…,1,neutral,Neutral
twifil-04505,ba je l'appel mon chou c'est venu par instinct et ma mère l'appelle chacha,2,positive,Positive
twifil-04507,". انا أسف لأني رغم كل ما اعطيتك ، لم اكن بـ عينيك شيء جميل.🌿 I am sorry that despite everything I gave you, I did…",0,negative,Negative
twifil-04508,Elle est de retour (enfin) dès Lundi 3 Septembre à 19h05 sur dans . Notre adorable…,2,positive,Positive
twifil-04509,C'est tout simplement frustrant de voir dans le monde tant de souffrance et de se lamenter parce qu'u…,0,negative,Negative
twifil-04510,FIBDA2018 c’est parti ✍️,1,neutral,Neutral
twifil-04512,قال عبدالله بن عمر بن الخطاب رضي الله عنهما : إن الرجل يستخير الله تبارك وتعالى فيختار له ، فيسخط على ربه عزوجل…,2,positive,Positive
twifil-04514,حنا لعرب نشهدوا ليلة الرعد ...,0,negative,Negative
twifil-04515,شششششت بيناتنا برك😉,2,positive,Positive
twifil-04516,الله يسلمك حبيبي 😊,2,positive,Positive
twifil-04518,Moi jss moitie kabyle moitie chaoui donc cote mater sa doit remonter a 4-5 generations mais cote pat…,2,positive,Positive
twifil-04519,وسخت,0,negative,Negative
twifil-04520,Souhila Ben Lachhab Lik Manwalich (Exclusive Musi… : Alfe mabrouk souhà 7million tastahali,2,positive,Positive
twifil-04522,بالعربيجمال بلادي الجزائر القارة الجزائر مدينة بجاية باتنة قالمة وهران سكيكدة عنابة…,2,positive,Positive
twifil-04525,Bonjour la famille !,2,positive,Positive
twifil-04526,الحَياةْ هَديةْ ؛ وَ العَائلة هَديةْ ؛ وَ الأصَدقَاء أيَضاً ؛ كُل شَيء هَديةْ وَ نَعمَة ؛ وَ النَعم تَستحَقُ الشُكر حتَى تَدُومْ .,2,positive,Positive
twifil-04527,واسعد الله اوقاتك,2,positive,Positive
twifil-04528,"Allow children to be happy in their own way, if that means playing with half a dozen stray cats by all means. His h…",2,positive,Positive
twifil-04529,🌷🍏💚🖊️ تحيتىو وعجابى بالمنضر الزعلان على شان زعلان ياهاجر الذكرى الواحد يرفع الغيض ويرفع الأحزان ولا تشركيه…,0,negative,Negative
twifil-04531,يلي وجودك بحياتي هوّي السم وهوّي الدوا,0,negative,Negative
twifil-04532,تتساهلو أكثر,2,positive,Positive
twifil-04535,وحدة كاتبه : أحبك بحجم الهواء والسماء والماء وكل شيء يحيطني .. بذمتكم هذا حب ولا تعريف البيئة ؟ 😂😂😂😂😂,0,negative,Negative
twifil-04536,في الصميم...,1,neutral,Neutral
twifil-04539,j'ai besoin d'un ptn de café maintenant ou je vais mourir,0,negative,Negative
twifil-04540,Bravo d'y penser !,2,positive,Positive
twifil-04541,Thank u *** ***** ***** *** ** *** * **** ***** ********** ******* ******* * ********,2,positive,Positive
twifil-04543,"Merci, cher ami, c'est une mission délicate qui découle d'une obligation constitutionnelle et contribue à r…",0,negative,Negative
twifil-04545,we now in the UK is so easy I hop in the US maybe will happend I wich,2,positive,Positive
twifil-04546,مرة اخري هنحكي بالرسمية بس,0,negative,Negative
twifil-04548,في خم الدجاج,1,neutral,Neutral
twifil-04550,ربنا لاتواخدنا بما فعله السفهاء منا,0,negative,Negative
twifil-04551,get well mom I can't handle alone 😭fight your illness and smile so I can see your DIMPLE again iHeartAwards BestFanArmy BTSARMY,2,positive,Positive
twifil-04553,وعلى سبيل الحكمة أن.لاتخشى. أن يقولون عليك مجنون.اخشى أن تشاركهم عقولهم,0,negative,Negative
twifil-04555,Lololol,2,positive,Positive
twifil-04558,En même temps en France ils n’enseignent pas la VRAIE histoire d’Algerie.,0,negative,Negative
twifil-04559,العفو 😊,2,positive,Positive
twifil-04561,نعم وبقوة,2,positive,Positive
twifil-04562,Like the first France Lady..,2,positive,Positive
twifil-04563,اجمعين يا رب,2,positive,Positive
twifil-04564,يتبع اخوته في الملة,0,negative,Negative
twifil-04566,"Jla sers, tu l fumes, y'a 2h jlavais dans l fut",0,negative,Negative
twifil-04567,I really admire your way of thinking Intellectual and inspiring,2,positive,Positive
twifil-04568,😛😛فيها متأكدة 🔫,2,positive,Positive
twifil-04569,R Y crazy ?!! 😁😂,0,negative,Negative
twifil-04572,حبيبي سعود,2,positive,Positive
twifil-04573,😂😂😂 الشغلة فيها إن 😄 قلبي حاسسني 🔫,0,negative,Negative
twifil-04574,Mi primer amanecer en Orán 😏,2,positive,Positive
twifil-04575,Felicitaciones,2,positive,Positive
twifil-04576,اللهم اميييين,2,positive,Positive
twifil-04577,VIPDZ t'as ratée l'émission toi qui adore mehdi 🔫🔫,0,negative,Negative
twifil-04579,وين رايحه بلادنا قصة من الواقع افهم ولا مكان مدخلني فيك..!!؟,0,negative,Negative
twifil-04581,تجدون أعذار لعلاقاتكم مع اليهود كفاكم كذب معروفين الدول اللتي ليس لها علاقات مع اليهود,0,negative,Negative
twifil-04582,متى يأتي الجديد لنستعد للرحيل,2,positive,Positive
twifil-04584,WilliamLevy 💗,2,positive,Positive
twifil-04586,Le débat n’est pas là.,0,negative,Negative
twifil-04587,"If I call you"" يا لخرا"" Please know that you are super special to me.",2,positive,Positive
twifil-04588,عجبتني صراحتك 😉,2,positive,Positive
twifil-04590,قنبلة مدريدية 😀,2,positive,Positive
twifil-04592,😅😅 ما عرفتكش تحشمي 😂😂😂,2,positive,Positive
twifil-04593,ربي يمدلك على قد قلبك سلمى,2,positive,Positive
twifil-04595,''Peut-être qu'on pourra le pousser vers la sortie...'' Le doute ! C'est presque le doute qui lui vien…,0,negative,Negative
twifil-04598,احذروا..”قنابل” وسجائر وأحمر شفاه في محافظ أبنائكم!,0,negative,Negative
twifil-04599,المافيا الآخر ههه,1,neutral,Neutral
twifil-04600,فكرتني في السكاتش تاع شئ ههههه,2,positive,Positive
twifil-04601,Mdrrrr mais le Clasico de cette année il sera du niveau de jeu d'un MCA - USMA 😭,0,negative,Negative
twifil-04602,هل في الله شك ....كل الدول العربية اضحت اليوم بردا و سلاما على اسرائيل حتى تلك التي تدعي…,0,negative,Negative
twifil-04603,أعطاه درس في زرع الخير و الحصاد مما يزرع,2,positive,Positive
twifil-04604,مرحبا كاي,2,positive,Positive
twifil-04605,mddr c vrai,2,positive,Positive
twifil-04607,hellwa,1,neutral,Neutral
twifil-04608,يسعد مساءك,2,positive,Positive
twifil-04609,Belle et la nature.,2,positive,Positive
twifil-04611,ونحن صغار.. علمونا بأن الذي يجتهد سيجد، ومن يزرع يحصد، فهل بقي من هذا المثل الأصيل محل للإعراب ضمن عالمنا؟,0,negative,Negative
twifil-04612,SiA 😍😍👌🏻,1,neutral,Neutral
twifil-04613,تل ابيب - مكة.,0,negative,Negative
twifil-04614,عدم اتقانها لايعني ولا يسقط عنك هويتك كما يظن بعض الحمقى.,0,negative,Negative
twifil-04615,اللهُم إجعلنا في يوم الجمعه ممن عفوت عنهُم، ورضيت عنهُم ، وغفرت لهُم، وحرمتهُم من النار، وكتبت لهُم الجنّة ،. الله…,2,positive,Positive
twifil-04616,أنتم وصلتكم الحضارة جديدة وتتسارعون على المراقص والحفلات و السياقة بنت الخيم…,0,negative,Negative
twifil-04617,"2امواله وغنائمه التي غنمها ""ايام الجهاد"" ليدخل عالم التجارة والرقية ويتزوج الثانية والثالثة وحتى الرابعة ويشتري فيل…",0,negative,Negative
twifil-04618,الرئيس بخير وبصحة وعافية وكفاكم كذبا يا قناة الفتنة صارت لكم مصداقية كالزفت انتم وقناة الجزيرة سواء.,1,neutral,Neutral
twifil-04619,و لماذا لم تقل كلمة واحة في اخوتك الذين هم في السجون .ام انه الخوف ?,0,negative,Negative
twifil-04620,وعيناك .............! وربي اني لها من المغرمين.💜,2,positive,Positive
twifil-04621,ألف مبروووووووووووك 7مليوووووووووون مشاهدة حقيقية ساهوتي تستاهلي ملايين 🎉🎉🎉🎇🎆🎆🎈🎈🎈💃💃💃 ليك منوليش 7M…,2,positive,Positive
twifil-04622,THIS is what a mental health problem looks like DNC,0,negative,Negative
twifil-04623,نشاله 😁,2,positive,Positive
twifil-04625,🤔 R7 Outlast 1,2,positive,Positive
twifil-04628,iHeartAwards BestBoyBand BTS Serendipity DoublePlatinumLegends JIMIN,2,positive,Positive
twifil-04629,"Je finis mon service à 21h 🕘, y’a pas de rattrapage pour les retardataires ?",0,negative,Negative
twifil-04630,صباح النغمة والناي,2,positive,Positive
twifil-04632,هههههههههههه خسارة عليك انا ونتي وفقط 😍🤗,2,positive,Positive
twifil-04633,و قال أيظا ... إن الأزمة تلد الهمة و لا يتسع الأمر إلى إذا ضاق ..,2,positive,Positive
twifil-04635,Hoy puedo quejarme porque el día esta lluvioso o puedo dar gracias a Dios porque las plantas están siendo regadas…,2,positive,Positive
twifil-04637,c le 1er jour dans Twitter 😍😘😊,2,positive,Positive
twifil-04640,VIPDZ je ne l'as suit pas sur…,0,negative,Negative
twifil-04642,مبروك عليكم عالم الملائكة !!!!!,0,negative,Negative
twifil-04643,الي شعوب العالم,1,neutral,Neutral
twifil-04644,"L'artiste, chikha, chebba, hajja Zahouania ;)",2,positive,Positive
twifil-04645,تسلام ياغالي منور,2,positive,Positive
twifil-04647,Pour le plaisir des oreilles,2,positive,Positive
twifil-04648,اللي ماشبعش يشبع,0,negative,Negative
twifil-04649,بلييز 😭,0,negative,Negative
twifil-04650,هذا مشروع جديد ؟؟,1,neutral,Neutral
twifil-04651,ههههههه راحت علي 😂😂😂,0,negative,Negative
twifil-04652,راح ندير تغريدات كيف ارا بعض متابعي في تويتر 😂😂😂😂,2,positive,Positive
twifil-04654,صباحك جميل❤️😘,2,positive,Positive
twifil-04655,كلماتك الراقية اختي,2,positive,Positive
twifil-04658,الاصل عدم كره الشخص وانما كره سلوكه ان كان سيئا حتى اذا زال السلوك السيء زال الكره والله اعلم,2,positive,Positive
twifil-04659,هل من محبين له ؟,2,positive,Positive
twifil-04660,la c'est lui,2,positive,Positive
twifil-04661,مانبغيش نستشفى بصح تعجبني الدنيا كي تدور .,0,negative,Negative
twifil-04662,salam ....have a good day,2,positive,Positive
twifil-04663,"Bon j’ai mon truc dans les cheveux, physiquement là j’me mets 9/10 elle m’as fait des reflets de malade🤩",2,positive,Positive
twifil-04666,السعادة😊 لا تعني💵💴 المال💸 فالغناء👈 روح وفكر🤗🤗 be happy@,2,positive,Positive
twifil-04671,Let’s be the small thing that makes the difference. That makes our world a better place.,2,positive,Positive
twifil-04672,امووتت 😷,0,negative,Negative
twifil-04674,Dévoilez la vraie Henda Ayari. ..La menteuse éternelle,0,negative,Negative
twifil-04677,لا جميل يبقى ولا ماض يعـود . algerie,0,negative,Negative
twifil-04678,NEW ZEALAND,1,neutral,Neutral
twifil-04679,عليك كف حصلاته صاحبة الرقم هذه 😂,1,neutral,Neutral
twifil-04680,273c66396b6839aa20a7ceff82c3453b6419010a0cfaf9e67594dde693f1fbb1e816041a6a6e303ed53842da30cfb90223aae65ab719a558556…,1,neutral,Neutral
twifil-04681,اللهم امتنا مسلمين. على شهادة متيقنين يارب العالمين.نحن واياكم انشاء الله رب العالمين,2,positive,Positive
twifil-04682,ربي يهدي ما خلق,0,negative,Negative
twifil-04683,قولي يدوم المحبة بينا خفتي من هذا لي يكتب على الرومنسية ايه معاك حق يبان واعر ههههههه,2,positive,Positive
twifil-04685,اقرئ في الاخير تفهم 😏,2,positive,Positive
twifil-04687,سمونة الله بارك,2,positive,Positive
twifil-04688,sunrise sunnyday autumn sea seaview port cityscape mediterranean morning alger algerie algeria…,2,positive,Positive
twifil-04689,afb06dbc92649a4220c6aab615a9c9a0b1d16fe27b796c089bae402711326dbe2ac5f0db3b760ee8759de5cae795dcb83668861de19a6aff5b1…,1,neutral,Neutral
twifil-04690,اللهم رحماك. نعوذ بالله من الشرك أكبره واصغره. ونبرأ اليك من أهله براءة الذئب من دم يوسف,2,positive,Positive
twifil-04692,كف كفين!! ومن يضربك كف كفين لما انت تغلط؟!,1,neutral,Neutral
twifil-04695,******* ** ***** & ************ **** ***** ******* **** *****'* ** *** *** & **** lmao nvm,1,neutral,Neutral
twifil-04696,How important is this? ... very ... Goodnight 🌙😘 aishasimone @ Hacienda Beach Club & Résidence,2,positive,Positive
twifil-04698,مع العلم اننا نستطيع قراءة القران بعدة لغات خصوصا مع توفر الترجمة.,0,negative,Negative
twifil-04699,في زمننا أصبح ليس من المهم,0,negative,Negative
twifil-04701,خنفوسة 🐞تهنيك ولا غزالة🦌 جريك,0,negative,Negative
twifil-04702,"Croisé par hasard cet homme à Paris. Quand je lui ai demandé ce qu’il faisait, quel métier il exerçait, il m’a répo…",2,positive,Positive
twifil-04703,Les Chiens Aboient Et La Caravane Passe 👌,0,negative,Negative
twifil-04704,في رأيي .. مما يبدو للعيان و إعلاميا أن ترامب هورئيس العالم .. أما في الكواليس فسوق المال و الأعمال…,0,negative,Negative
twifil-04706,Oud kinesse,1,neutral,Neutral
twifil-04708,كنزة😍😍😍,2,positive,Positive
twifil-04709,Very nice,2,positive,Positive
twifil-04710,نعم انها الحقيقه نعم انهم ياكلون مع الذئب ويبكون مع الراعي ماذ نتكلم وكيف عجز لساني على الكلام شكرا لكم,0,negative,Negative
twifil-04711,ارحل🙏🙏🙏🙏,0,negative,Negative
twifil-04713,تبا لكل شخص يضن انه افضل من اسيست محرز بخمس مدافعين 👊😂,0,negative,Negative
twifil-04715,Woooow I love You So Much My Heart Surbhi ❤️❤️❤️❤️❤️❤️😘😘😘😘😘😘🥰🥰🥰🥰🥰😍😍😍😍😍😚😚😚😚😊😊😊😍😍😍😍😍,2,positive,Positive
twifil-04716,Siel œuvre par fausse propagande pour se faire la réputation de son espace graveleux . Sa stratégie tend à fair…,0,negative,Negative
twifil-04717,راكي تغيري علا الجزاير قلبك مزال فيها,2,positive,Positive
twifil-04720,هههههههههههههههههههههه يا رب يوافق ولله,2,positive,Positive
twifil-04721,MIRA EL HADJI,1,neutral,Neutral
twifil-04722,يا اخواني اخواتي🌱🌼🌼 .. والله عارٌ على الإنسان أن يزداد عمره ولا يزداد إيمانه وعلمه ودينه وحسناته، والعار الأكبر أن…,0,negative,Negative
twifil-04723,صباح النور أيمن,2,positive,Positive
twifil-04724,Il a faim.,0,negative,Negative
twifil-04725,Like???? I don’t get why he rarely does it live,0,negative,Negative
twifil-04726,"""Notre vie est un voyage constant, de la naissance à la mort , les besoins se transforment, mais le train , ce n'est pas la gare.""",2,positive,Positive
twifil-04727,I,1,neutral,Neutral
twifil-04728,ﺻﺒﺎﺡ ﻧﻘﻲَ ﻭﻳﻮﻡ ﺟﻤَﻴﻞ ، ﺍﻟﻠﻬﻢ ﺁﺩِﻡ ﻋﻠﻴﻨﺎ ﻧِﻌﻤﻚ ﻭﺁﺭﺳُﻢ ﻋﻠﻰ ﺷِﻔﺎﻫﻨﺎ ﺍﻹﺑﺘﺴﺎﻣﻪ ﻭﺁﻏﻤُﺮ ﻗﻠﻮﺑﻨﺎ ﺏِ ﺍﻟﻔﺮﺡ!! ﺻﺒﺎﺡ_ﺍﻟﺨﻴﺮ ♥,2,positive,Positive
twifil-04730,"Un des meilleurs instants de la journée, lors du couché de soleil 🌄 un moment paisible, plein de sérénité 🙂…",2,positive,Positive
twifil-04731,إعلام الإخوان بما نعرفه عن الدكتور العميسان ومطالبة الجارحين له بإقامة البرهان .. للعلامة محمد بن هادي ﺍﻟﻤﺪﺧﻠﻲ حفظ…,2,positive,Positive
twifil-04732,هل يؤثر تركه يشحن كامل الليل على البطارية,1,neutral,Neutral
twifil-04733,عليك صداع دايره لكم الريال,0,negative,Negative
twifil-04734,Round 1: FIGHT,0,negative,Negative
twifil-04736,هذه جامعة باتنة؟,1,neutral,Neutral
twifil-04738,راعي ،،،، 🇺🇸🇺🇸🇺🇸🇺🇸 الحميرررررر ،،،،، 🇸🇦🇸🇦🇸🇦🇸🇦,0,negative,Negative
twifil-04739,على حبك فتحت عيوني مش همي الناس يشوفوني💓,2,positive,Positive
twifil-04740,And if u look at hope he also was wearing something similar but I dont have the full pic 😭😭,0,negative,Negative
twifil-04742,لا انا حابة الب شخصيا 😌💙,2,positive,Positive
twifil-04743,يا للشعوووووووووور,1,neutral,Neutral
twifil-04744,là vous voyez je fais des tweets sérieux et tout mais dans les groupes ou la vrai vie je suis fou enfin askip j'ai mûri,2,positive,Positive
twifil-04745,Kill them with succes and bury them with a smile🤙🏻💎,2,positive,Positive
twifil-04749,حفظ الله شيخنا الأزهر سنيقرة,2,positive,Positive
twifil-04750,بيض قلبك وروح تلعب معاهم,2,positive,Positive
twifil-04752,Distância é só um detalhe 💭,0,negative,Negative
twifil-04754,أعطوهم حقهم يا سراقين ..نهبتوا البلاد و تمدوا الأموال للشطاحات و الفنانين تاع الدول العربية و تنساو…,0,negative,Negative
twifil-04758,اللهم ارزقه الصبر,0,negative,Negative
twifil-04760,Wahran: 6:55am: sunrise sunset will be at 6:50pm,1,neutral,Neutral
twifil-04764,Germany Up China Stable & Genius and Russia little up but sure progress.,2,positive,Positive
twifil-04765,Super,2,positive,Positive
twifil-04766,الله أعلم ممكن,2,positive,Positive
twifil-04767,"I'm not crazy , my reality is just different than yours 💪💪💪💪 à Boufarik",2,positive,Positive
twifil-04768,أحسن ما يفعل👏👏👏👏,2,positive,Positive
twifil-04769,"Michel Barnier, toute une expérience politique...Mais sans le mérite d’émerger dans la coterie oppor…",0,negative,Negative
twifil-04770,و طبعا دلوقتي انغام صارة حبيبة فانز شيرين 😂😂😂😂😂,1,neutral,Neutral
twifil-04771,سبحان الله العظيم أن لا أفهم.خنتش,0,negative,Negative
twifil-04772,عايش افضل منك و الحمد لله ☺,2,positive,Positive
twifil-04774,اي دراما,0,negative,Negative
twifil-04775,أعلم أنه مو غريب لكن بالنسبة لي أنا غريب أفهمها كما شئت,0,negative,Negative
twifil-04776,"رئيس الاتحادية الفرنسية لكرة القدم يغلق الأبواب أمام عودة كريم بن زيمة للمنتخب الفرنسي "" المنتخب الفرنسي انتهى بال…",0,negative,Negative
twifil-04778,ههههههههه صاريلها كي الكوليرا والأوباء تبان من الوسخ حشاك,0,negative,Negative
twifil-04780,مبروك عليهم طابلات,2,positive,Positive
twifil-04781,اظنه تاريخ لا ينسى و الظن من الاضداد في اللغة العربية..,0,negative,Negative
twifil-04783,"Le polissage terminé, on attaque la surface traitée par des solutions acides (...). On emploie également l'acide pi…",0,negative,Negative
twifil-04785,Allo Oslo ? Est-ce que tu nous entend ?,1,neutral,Neutral
twifil-04786,Una nueva exhibición de Messi hoy en Wembley (otra más) desprestigia y de qué manera los premios individuales al…,0,negative,Negative
twifil-04787,ضروري من صفقات كبيره و نجوم لو زيدان يبي يستمر في الإنجازات اللي حققهن مع اني ضد عودة زيدان .,0,negative,Negative
twifil-04788,"La clara falta de información sobre que lleva a ganar un premio individual así, es posiblemente…",0,negative,Negative
twifil-04789,temperature down 19°C -> 17°C humidity up 82% -> 88%,1,neutral,Neutral
twifil-04790,دغريب اورزكراغ لبحور بعدن الولدين فلي وين مومي احكيغ اديحكو اكثر دشو سنخدم اي ربي سزلاميط ايحتبغ مكول اس…,0,negative,Negative
twifil-04792,وهران الباهية😍,2,positive,Positive
twifil-04793,فعلاً اللي استحوا ماتووا*.,0,negative,Negative
twifil-04794,OK fartage,2,positive,Positive
twifil-04795,سيدتي ...الجزائر تتعامل مع أخبار الجزيرة كما يتعامل الرجل مع زوجته ... - يسمع منها كل ما يدور حوله بالب…,0,negative,Negative
twifil-04796,🥀🌼🌷🍁💐🌹🌾🌸,2,positive,Positive
twifil-04798,"current weather in Algiers: broken clouds, 22°C 68% humidity, wind 6kmh, pressure 1020mb",1,neutral,Neutral
twifil-04799,Support my pictures acc ❤ iHeartAwards BestBoyBand BTS DIMPLE,2,positive,Positive
twifil-04800,معلومة اِذا كنت تتجول في شوارع الجزائر ،فحذاري ان تفتح هاتفك وتقوم بتصوير مثل هذا المح…,0,negative,Negative
twifil-04801,اجمل اسم قراته انين القدس فعلا هي تان ونحن نلعب ونلهو,2,positive,Positive
twifil-04802,Oh mais qui est venu me voir!,2,positive,Positive
twifil-04803,في اي بلدية من بلديات الواد تلقى سوق,2,positive,Positive
twifil-04804,وفقكم الله للنجاح,2,positive,Positive
twifil-04806,تعال عندي,1,neutral,Neutral
twifil-04808,😁😃🤣 j'avoue,1,neutral,Neutral
twifil-04810,c ce que je t’ai rep y’a 2 semaines ça,2,positive,Positive
twifil-04811,Clip immigri dispo 🇩🇿👌🏼,2,positive,Positive
twifil-04815,😭😭يسلم قلبك,2,positive,Positive
twifil-04816,Hope they do that in all airports. So that people stop going there.,0,negative,Negative
twifil-04817,BEST OF ME iHeartAwards BestFanArmy BTSARMY,2,positive,Positive
twifil-04819,السلام عليكم ورحمة الله وبركاته بعض البشر قلوبهم مثل أوراق الخريف جافة🍁 مهما رويتها لن تخضر بين يديك أبدا..!💦🍃…,0,negative,Negative
twifil-04820,"Vuelve Julio Iglesias, próximo Lunes y Martes en Dubái",1,neutral,Neutral
twifil-04821,ماو يكفي كلب واحد مشرفنا حبين يصيرو اثنين !!!!!!,0,negative,Negative
twifil-04822,سطيف كون يتحمسوا شويا ينحو للمولودية الكمية و الماصة و المالبورو😂 يولوا ضامنين الشعر لأا أتابع البطولة الجزائرية…,2,positive,Positive
twifil-04823,"19/20 débats trés passionnants, sur des sujets d'actualités",2,positive,Positive
twifil-04824,سي السيد,0,negative,Negative
twifil-04825,اللجوء إلى غير الله مذلة,0,negative,Negative
twifil-04827,شكر لكم ،دمتم في العز و الستر و السعادة و حفظ الله !,2,positive,Positive
twifil-04829,ومازال في اكبر😌,2,positive,Positive
twifil-04831,ﺗﻤﻨﻴﺖ ﺣﺒاً ﻳﺪﻭﻡ ﻃﻮيلاً ،، ﻑ ﺩﺍﻡ ﺍﻟﺤﺐ ،، ﻭﺭﺣﻞ ﺍﻟﺤﺒﻴﺐ........................!!,0,negative,Negative
twifil-04832,إني لا أرى الورود يا قوم😍😍😍 أين هي؟؟؟,2,positive,Positive
twifil-04833,امطارغزيره ورعود على ميله الليله وسماء مكفهره ثقيله تقتل النفس,0,negative,Negative
twifil-04834,"La violence à travers le monde a fait naître chez les enfants, des jeux violents et débiles. 😣...",0,negative,Negative
twifil-04835,اعوذ بالله من الشيطان الرجيم,0,negative,Negative
twifil-04836,ابي الله يرحمو,0,negative,Negative
twifil-04837,ان الله يمهل ولا يهمل,0,negative,Negative
twifil-04838,Vous devriez trouver qui vous donne la chaleur et la tendresse,2,positive,Positive
twifil-04839,"oi, says u should sell your shares in and become the next sporting director at",1,neutral,Neutral
twifil-04840,عاجل | رويترز: الكونغرس يتجه نحو تفعيل مشروع قانون يسمح لواشنطن بمقاضاة أوبك. الجزائر السعودية,0,negative,Negative
twifil-04842,Buongiornata !,2,positive,Positive
twifil-04843,Put bleach in his cereal.,0,negative,Negative
twifil-04844,الإفراط في حسن النية قد يكلفك الكثير👍,0,negative,Negative
twifil-04845,"""نصيحةٌ إلى كافة الباحثين عن الحقّ في العالمين وكافة المسلمين الحيارى المترددين أن يتفكّروا ثم يقرروا أمرهم وأرجو م…",1,neutral,Neutral
twifil-04846,الافضل يفوز,2,positive,Positive
twifil-04847,هل سينجح بارجاع موناكو للواجهة!,1,neutral,Neutral
twifil-04848,حتى الشعوب صارت ساكته ولا واحد يتكلم حرام الأطفال تقتل في الدول العربية ولا واحد يندد أو يخرجو مظاهرات,0,negative,Negative
twifil-04850,Middle East الشرق الأوسط,1,neutral,Neutral
twifil-04851,و يستفيدمنها الإنتهازيون بعد أن يموت الشاب و يهجر الشعب,0,negative,Negative
twifil-04852,شهيتينا ندوقو الحلوى تاعك 😀,2,positive,Positive
twifil-04853,😚😚😚😚😚🙏🙏🙏🙏🙏,2,positive,Positive
twifil-04854,الشامتين على الريال😂😂😂 فقط أخت هاجر أما سطيف فاللهم لا شماتة,0,negative,Negative
twifil-04855,tu as raison,2,positive,Positive
twifil-04858,راه في طريق 😂,1,neutral,Neutral
twifil-04859,C’est bizarre! prône un discours absurde et contre nature virant à un schéma…,0,negative,Negative
twifil-04860,Both but the post is about her page’s ANNIVERSARY and he left a comment 🙂🙂🙂,2,positive,Positive
twifil-04861,Me with my mom 24/7 I understand u 😂😂,2,positive,Positive
twifil-04864,هل تدري ما ينقص في حسابك حتى يصبح احلى ، هذا سهل ضعي وردة وقولي صباح الخير,0,negative,Negative
twifil-04865,"Ceux qui sont dans le déni ,préfèrent y croire pour ce sentir mieux...",0,negative,Negative
twifil-04867,قمة الغومانسية 😂😂😂😂,2,positive,Positive
twifil-04868,temperature up 5°C -> 8°C humidity down 86% -> 75% wind 1kmh -> 4kmh,1,neutral,Neutral
twifil-04869,مليح,2,positive,Positive
twifil-04870,temperature up 11°C -> 23°C humidity down 87% -> 40%,1,neutral,Neutral
twifil-04871,In the morning 😭 10 15 TheBigIssue,0,negative,Negative
twifil-04873,so show meeeeeeee i'll show youuuuuuuuuuuu omgggggggggggggggggggggggg taetae is the best,2,positive,Positive
twifil-04874,"أنتظروا ألبوم عمرو دياب الجديد ""كل حياتي"" إنتاج Nay غداً حصرياً علي Vodafone Egypt اطلب 440* وخليك اول واحد يسمع…",1,neutral,Neutral
twifil-04875,خلاص هذي اخر وحده,0,negative,Negative
twifil-04877,La France a peur des musulmans. ..Et c'est pas la faute aux musulmans. ..,0,negative,Negative
twifil-04878,إنه تعكير مزاج صحيح ... ورد و نافورة و سماء صافية ... هنا المطر لم ينقطع منذ الرابعة صباحا إلى غاية الثالثة مساءا ...,0,negative,Negative
twifil-04879,هيفاء,1,neutral,Neutral
twifil-04880,Pas autant à ce que fait le christianisme pour ceux qui le renient ... Seule idéologie à…,0,negative,Negative
twifil-04883,- في نفسي عالم احلام من خلق عينك الذابلتين *** و في نفسك علم اسرار من خلق افكاري المعذبة ماذا تقرأ,2,positive,Positive
twifil-04884,اه,0,negative,Negative
twifil-04885,se place en dehors de la politique ... Si Macron rend visite à la famille Perez -…,0,negative,Negative
twifil-04886,مساء الخير ❤,2,positive,Positive
twifil-04887,اللهم اجعلنا من اصحاب الجنة,2,positive,Positive
twifil-04889,شعب متخلف وزادولو اسباب التخلف لو انفقوا اموال كرة القدم على بناء الانسان لكان افضل,0,negative,Negative
twifil-04891,فجاءته احظاهما تمشي على استحياء قالت ان ابي يدعوك ليجزيك اجر ما سقيت لنا,2,positive,Positive
twifil-04892,كل واحد حر من أراد الرقص يرقص ومن أراد المسجد يصلي كل واحد حر لا ندعي الإسلا…,2,positive,Positive
twifil-04893,157d3a2713c0abb620d220afaa6c86b6b89ccdbbda04b06832685b04ffaf8341cf6a06be8eb61317a3b4b9f5c9853a611793cdb0e5e59fb22b9…,1,neutral,Neutral
twifil-04895,iHeartAwards BestFanArmy BTSARMY 8,2,positive,Positive
twifil-04898,نافاس احسن حارس راموس احسن مدافع و مازال الخير جماعة الفرشا كوكوووو 😘👋 قرعه دوري الابطال,2,positive,Positive
twifil-04899,مت المفروض لا تتكلم لا تتالم تخلع جد باباه الكلب وتتهنا من رطستو المره 😑 كرامتها فوق كل اعتبار,0,negative,Negative
twifil-04901,SWS,1,neutral,Neutral
twifil-04902,تعرى الفساد في البلاد وصار يقطع الطرق.,0,negative,Negative
twifil-04904,يــوم المبـاراة الاهلي المصري 🆚 وفاق سطيف 🏆 نصف نهائي دوري ابطال افريقيا ⏰ 20:00 بتوقيت الجزائر 🖥 بي ان سبورت HD 2…,1,neutral,Neutral
twifil-04905,مع أبي حفظه الله في طريقنا الى المسجد جمعة مباركة تقبل الله صلاة الجميع✌🏼 moicnajim najimofficiel نجيم الحومة à…,2,positive,Positive
twifil-04906,انا لاادري من قال اانت ام من كانو من قبلك,0,negative,Negative
twifil-04908,"Belle plume, bravo! Je crois que KD est très sensible à l'art de Picasso, au point d'y voir…",2,positive,Positive
twifil-04909,💘💝,2,positive,Positive
twifil-04910,لماذا اعتمد الغزالي حجة الإسلام في كتابه المنقذ من الضلال الشك،يمكن أن يعود ذلك إلى : ١- حالة قلق تنفتح على المستقب…,2,positive,Positive
twifil-04911,Bnj,2,positive,Positive
twifil-04913,😏,2,positive,Positive
twifil-04914,نورمال من المطعم ..متعبوهش ههه,2,positive,Positive
twifil-04915,حال المنافقين والسذج والأنذال والحقراء عندما يرحبون بأي مسؤول جديد وافد إلى ولايتهم ،،، !!!!!!؟؟؟؟؟ والنماذج موجودة…,0,negative,Negative
twifil-04917,الله يسلكنا ويسلكم منها ايمان,0,negative,Negative
twifil-04918,Update : tout ça pour choke en septembre face a Léganes 19e de Liga mdr,0,negative,Negative
twifil-04919,"""كبُرت وتعلّمت أن باستطاعتي أن أشتري لحافًا آخر لأمدّ قدمي كما أريد، وتعلمت أن السكوت قد لا يكون علامةً للرضا، وأن…",2,positive,Positive
twifil-04920,هاذا هو وقت الجبناء,0,negative,Negative
twifil-04921,والله يا أخي سؤال بسيط وأريد الإجابة عليه بكل صراحة هل أنت مقتنع بعملك في هذه القناة التي لا تمثل…,0,negative,Negative
twifil-04922,"VIPDZ oui évidemment ,…",2,positive,Positive
twifil-04923,ما حرفي الا انعكاس على صفحة مراااتك الناصعة..,2,positive,Positive
twifil-04924,بنجور على الجميع,2,positive,Positive
twifil-04925,ماذخلي في الشيعة موضوعي ليس الشيعة أنا ضدد قتل اليمنين وفقط لا ذخلي في الشيعة ok ولا تغيرو الموضوع,0,negative,Negative
twifil-04926,📍 Skikda 🇩🇿,1,neutral,Neutral
twifil-04927,ومكانش الديار لقدم,0,negative,Negative
twifil-04929,ادب السجون,0,negative,Negative
twifil-04931,الله يرزقك الصبر والأجر واللهم اجعله في زمرة الشهداء,0,negative,Negative
twifil-04932,Wasn't that Sun Tzu in TheArtOfWar 🤔,1,neutral,Neutral
twifil-04933,Jetam,2,positive,Positive
twifil-04935,"Pour lutter contre la colonisation, des Palestiniens essayent de protéger leurs terre dan…",0,negative,Negative
twifil-04936,اقرا ماكتبت. انت,1,neutral,Neutral
twifil-04941,تقرير اليوم للقايد صالح يؤكد أننا دولة عسكرية تحكمها الجنرالات وعليه فإن النظام يقوم بتجديد نفسه. ترحلوا يعني ترحلوا,1,neutral,Neutral
twifil-04942,ودخلت السحن خولين كاملين من احل رفض فتوى اخلال ظم س قطب وتهمتي اني تزعمت مظاهرة الجامعه وكنت اقود سياره ويومها كنت…,0,negative,Negative
twifil-04943,🔫🔫🔫🔫 ☕️☕️,0,negative,Negative
twifil-04948,يويا كمان بتشوفي لا تترك يدي😍اه هو مقتبس من مسلسل كوري اصلا 👏,2,positive,Positive
twifil-04949,Hello 🙌 guys 😇Enjoy your time 🎧with souhilabenlachhab 👉 .newmusic music new producer…,2,positive,Positive
twifil-04951,Bon courage,2,positive,Positive
twifil-04952,90400f41d71ac98220666a80c1c381f511c6b0b645296c30f85d4befc68db94a93b316d4c6f80bdd31aee6b57b0501f832b8d21a5e92f5cfccc…,1,neutral,Neutral
twifil-04953,565f9d913871bd4b20d35f7b052d3ffc3738041d56b1de4ad0e8e83b9070b01e59bd1e7e251db7b705def65f1f7ae227446f7fea7c91f6016f2…,1,neutral,Neutral
twifil-04954,لا جاء فقط كضيف ف حفل تع الكرة الذهبية الجزائرية,2,positive,Positive
twifil-04955,بس الي سجل بن زيما والي جاي زيزو؟!!,0,negative,Negative
twifil-04956,mixers stream secret love song it's 199 millions we are very close to 200 millions,2,positive,Positive
twifil-04957,tweet (.) if you are still I'm the airport and (..) if you have already left lmao,0,negative,Negative
twifil-04958,A lire le profil...,1,neutral,Neutral
twifil-04959,Muy Buenas Dias Y Que Tengan Feliz Dia A Tod FelizJueves 😍🌹😍,2,positive,Positive
twifil-04960,من الاشياء التي كنت السبب في عدم هجرتي لبلدي ممممممممممممم مسائكم مقروط مش دايما ورد هههههههههههههه,2,positive,Positive
twifil-04961,😊,2,positive,Positive
twifil-04966,Psg Napoli ouloulouloulou,2,positive,Positive
twifil-04968,انثى القنفذ عندما يتزوج زوجها بأنثى أخرى تقوم بِحفر بيت لهما بمناسبة زواجه كهدية له وإذا دخلوا دفنتهم !! الانثى انثى مهما اختلفت فصيلتها😂👑👌,0,negative,Negative
twifil-04969,🔥,1,neutral,Neutral
twifil-04970,احيبك,2,positive,Positive
twifil-04972,مُـحَـمَّـد شمس الـدُّنـيَـا بــــدر الـكـــون الأنــــور مُـحَـمَّـد شمس الـدُّنـيَـا نـــور الـدهــــر وأكـــــثر.,2,positive,Positive
twifil-04973,لو تحب اريحها,2,positive,Positive
twifil-04974,المليحه الدمعه تنحي القنطه,2,positive,Positive
twifil-04975,Bkam,1,neutral,Neutral
twifil-04976,صور رائعة أخذتها من حديقة الحامة آمال بلقيدوم Amel Belguidoum,2,positive,Positive
twifil-04977,new wallpaper ✔️,2,positive,Positive
twifil-04979,VIPDZau b…,1,neutral,Neutral
twifil-04980,العمل والصرامة 💪💪💪💪💪 الله يعاون المجاهدين 😌😌😌😌 @ Zaouiet Kounta,2,positive,Positive
twifil-04981,💞💞💞 💞💞💞 🍃☘️🍃☘️🍃,2,positive,Positive
twifil-04983,الحمدلله علي نعمة البصر الحمدلله علي نعمة السمع الحمدلله علي نعمة التكلم نشالله يارب يفشي كل ذوي الاحتياجات الخاصة 🙏🙏 برنامج الحكاية,2,positive,Positive
twifil-04984,9a9755caef6853f520b234abf4cb60158aeefdb74368031307c97344ac78b7611ef00208c6972052a0b3ff78009b7dd6cb7b36a0795be67ef66…,1,neutral,Neutral
twifil-04993,Bonjour mes ami(e)s...,2,positive,Positive
twifil-04994,Good game! Waiting for the time to be confirmed 😉,2,positive,Positive
twifil-04995,أمران لا يدومان في الإنسان : شبابه و قوته 😊 وأمران ينفعان كل إنسان :حسنُ الخُلق، وسماحة النفس☺ وأمران يرفعان من شأن…,1,neutral,Neutral
twifil-04996,"Äs salam aleykoum, c'est possible de savoir où vit la soeur ? ( voir si niveau vetements elle peut êt…",1,neutral,Neutral
twifil-04997,Contribution – «La France nous prépare une seconde guerre d’Algérie ?» GEOSTRATEGIQUEMENT LES FRANCAIS ONT DÉJÀ…,0,negative,Negative
twifil-04998,استراحة محارب فقط ههه,2,positive,Positive
twifil-04999,Hello Clarice 😂,2,positive,Positive
twifil-05001,حكم غبي,1,neutral,Neutral
twifil-05003,هذا منو بالصح 😱😱,0,negative,Negative
twifil-05004,🌹🌹🌹AMIN WA IYAKOM MINA🌹🌹🌹,2,positive,Positive
twifil-05005,"""السعادة"" لا تعني عدم وجود المشاكل في حياتنا .. ولكنها تعني القدرة على التعامل معها!🌹 Toudji.........",2,positive,Positive
twifil-05006,"سمح تطور الاستشراف الاستراتيجي الانتقال من منطق ""الحاضر يصنع المستقبل"" إلى منطق ""المستقبل يصنع الحاضر"". فعندما نعرف…",2,positive,Positive
twifil-05007,تصبحوا على كلام الله تفلحوا,2,positive,Positive
twifil-05008,تشامب فيفا 19 فيها الـ VAR ؟,1,neutral,Neutral
twifil-05009,Vous me montrez un cas que je ne peux vérifier la véracité. ...alors que vous avez tués d…,0,negative,Negative
twifil-05010,ابدأ يومك ب ابتسامة أمل وتفاؤل ❤️,2,positive,Positive
twifil-05011,Celui qui veut exceller consultera plus expérimenté que lui pour avoir à la fois son meilleur et son pire... Si l…,2,positive,Positive
twifil-05012,"""Ne laisse pas la tristesse du passé ou la crainte de l'avenir te voler le bonheur du présent.""",2,positive,Positive
twifil-05013,i love you,2,positive,Positive
twifil-05014,Queens there is another number one after 12th October,1,neutral,Neutral
twifil-05016,هدف ادم لوناس الرائع 👏👏👏👏 الجزائر,2,positive,Positive
twifil-05017,رافض للتغيير. صحيح.,0,negative,Negative
twifil-05018,تونس : طائرة معتمرين تغادر بعد 17 ساعة تأخير .. مازالوا مسلمين ولا كفروا ؟؟؟؟,1,neutral,Neutral
twifil-05020,هلا مدريد😍😍😍,2,positive,Positive
twifil-05022,ابحث عن امرءة كبيرة من سيدي بلعباس,1,neutral,Neutral
twifil-05024,إِنَّ اللَّهَ وَمَلائِكَتَهُ يُصَلُّونَ عَلَى النَّبِيِّ يَا أَيُّهَا الَّذِينَ آمَنُوا صَلُّوا عَلَيْهِ وَسَلِّمُو…,2,positive,Positive
twifil-05025,الكتِف وسادة العُشاق عندما يتألمُون !! منقول,0,negative,Negative
twifil-05027,عجبتني التالية ههههه وتعتبر أحسن هدية أهداها الله للرجل,2,positive,Positive
twifil-05028,أنا سعيدة 😂😃😄😍,2,positive,Positive
twifil-05031,جواب اسد السنة الشيخ محمد سعيد رسلان حفظه الله :,1,neutral,Neutral
twifil-05033,mddrr tu dis sa parce que c remplie mais t'aurai dis que c moche si c remplie si on serait sans rien,0,negative,Negative
twifil-05034,Çünkü hiçbiriniz bulunduğu konumdam hiçbi'zik anlamıyor 😉,0,negative,Negative
twifil-05035,Avec un seul arc dans le mode histoire et une qualite d’un jeu de ps2,2,positive,Positive
twifil-05036,AlgérieLa صورة بالف معنى,2,positive,Positive
twifil-05037,Mal interprété ! Le sens de la phrase est incomplet et ne reflète une quelconque relation avec l'humanisme ...,0,negative,Negative
twifil-05038,ألف مبرووووك مسلسل دولار ي عمري 😍🙈 انبسطت لما سمعت انك عم تصوري مسلسل بالتوفيق حياتي 💖💖😗😗,2,positive,Positive
twifil-05039,"🐼😂🐼😂🐼 I am very happy to meet your adorable Panda😍 😂, I love him so much💖💖💖💖, thank you very much my love…",2,positive,Positive
twifil-05040,القهـوة تتقـن إرضاء مزاجــيّ .. 😍 تتغلل رائحتهـا قبـل ارتـشـافـهــا ..😋 تهدئ شوشـرة دماغـي ...😇 القهوة هي استراحة…,2,positive,Positive
twifil-05042,"سيشهد التاريخ ان حركة النهضة خانت الله و الشعب التونسي و وقفت مع العلمانيين و اليساريين و كل اعداء الدين .خاب ظني فيك يا ""نهضة""",0,negative,Negative
twifil-05043,بوحجة : المشكل صيغ خارج المجلس أزمة البرلمان الجزائر,0,negative,Negative
twifil-05044,4 مسلسلات بس🙄😂😂😂😂😂😂😂😂😂😂,2,positive,Positive
twifil-05045,الشعب السعودي يموت من الحفر واميرات ال سعود يصرفون الاموال علي اغلي الملابس الداخلية,0,negative,Negative
twifil-05046,لعنة الله عليك الى يوم الدين ان كان هذا صحيح ماقلت فمكانه الجنة ،ومكامك مزبلة التاريخ ترك ثروة فكر…,0,negative,Negative
twifil-05048,اهم شئ التفاهم,2,positive,Positive
twifil-05049,🚨🚨🚨🚨🚨🚨🚨🚨 Pour les frères et soeurs qui n’ont pas encore sorti leurs Zakat al mal vous pouvez nous la transmettre In…,2,positive,Positive
twifil-05050,شكرن كتير كتير الك,2,positive,Positive
twifil-05051,اللافتة التي يحن لها جميع سكان الشرق 😍 ولاية سكيكدة ترحب بكم أويحيى Ouyahia,2,positive,Positive
twifil-05053,KenzaMorsli عيشي حياتك عيشي حياتك مع كنزة,2,positive,Positive
twifil-05054,أصبحنا واصبح الملك لله صباح الخير,2,positive,Positive
twifil-05055,الجزائر العاصمة,2,positive,Positive
twifil-05056,"I think he's alive. It's the only way shivaay can go out of his PTSD, he's not suffering bcz of omru, he's sufferin…",0,negative,Negative
twifil-05060,at 7:00am: clear sky -> scattered clouds temperature up 9°C -> 10°C,1,neutral,Neutral
twifil-05062,أكيد لا وجد رد,0,negative,Negative
twifil-05064,عزيزتي الأنثى 🌚🧡 . . تزوجي رجلاً أكبر منكِ بعشرة أعوام على الأقل ' كلما كبرتي وفقدتي جمالك يفقد هو بصره ولن يلاحظ…,0,negative,Negative
twifil-05065,اللهم صلي على سيدنا محمد صلى الله عليه وسلم اللهم انك عفو تحب العفو فعفو علينا يارب العالمين استغفر واتوب اليه استغ…,2,positive,Positive
twifil-05066,الامازيغية لغة تكتب بالتيفيناغ اما لذكرتيهم هم لهجات والاولاد يقروها يقروها وتتعمم 😌,2,positive,Positive
twifil-05067,حض موفق ان شاء الله لجميع التلاميذ,2,positive,Positive
twifil-05068,Le jour oû ils écouteront les conseils de gens de sciences il y aura moins de soucis In sha Allah,2,positive,Positive
twifil-05069,رئاسةـالعراق فاز المرشح الكردي الأكثر قبولا لدى بغداد برهم صالح بمنصب الرئيس مع العلم انه منصب فخري,2,positive,Positive
twifil-05070,برفيوز | 181003 شينبِي في حفل OrangeLife Breaking Stress اليوم :,1,neutral,Neutral
twifil-05071,i got annoyed with her he was cool but she wasn't why ?? she screamed at big groups names whi…,0,negative,Negative
twifil-05073,شكرا على مداخلة نجمتنا كنزة و ان شاء الله مرة جاية تكون حاضرة معكم في برنامجكم رائع 🌺,2,positive,Positive
twifil-05074,Chaoui Land 😎,2,positive,Positive
twifil-05075,لا اله الا الله. لا اله الا انت سبحانك ماعبدناك حق عبادتك ☝🏻 لا اله الا الله. انظر مايفعل السجود 👇👇👇👇,2,positive,Positive
twifil-05076,"je suis dégoûtée de cette vie en apprenant le décès d'un grand nom de la chanson française Mr ""Charles Aznavour""…",0,negative,Negative
twifil-05077,Tout viendra à vous au bon moment .soyez juste patient.,2,positive,Positive
twifil-05078,دائما ماتبهريننا بمنشوراتك وما أعجبني في حديثك قولكِ أنّا أب…,1,neutral,Neutral
twifil-05079,"حقيقةالصُّدور الخَالية مِن القُرآن بأيِّ شيءٍ تأنَس "" معرفةُ القُرآن "" هِي الأُنس الدائم الذي لا انقطاع معه هنيئ…",2,positive,Positive
twifil-05080,ستكون صعبة اذا كانت معادلة خورزمية او لوغرتمية هههه,0,negative,Negative
twifil-05081,بخير و الحمد لله 😍👌,2,positive,Positive
twifil-05082,ماتريX وفولورز سناجل زعيم تويتر فلورز الاربع ده جمال ولا ايه 😨👇 ❤️,2,positive,Positive
twifil-05083,Est-ce qu’on a vraiment fait pour l’Europe ?,0,negative,Negative
twifil-05085,"J'adore twitter 😂👌 Oui je profite de chaque seconde de mon anniversaire, toujours solo mais ma3lish vivons seuls vi…",2,positive,Positive
twifil-05087,Pourquoi êtes -vous surpris? De jeunes Français à part entière et autorisés à faire des self…,0,negative,Negative
twifil-05088,🌹🌹🌹AMIN🌹🌹🌹,2,positive,Positive
twifil-05089,احسنت لك رد جميل والاروع اهديك وردة 🌹 وردة 🌹 🌹 🌹 🌹 🌹 🌹 🌹 معذرة لكم احبكم فلاتردوني,2,positive,Positive
twifil-05093,اللهم ارحم من باعدت بيننا وبينهم الأقدار، ورحلوا إلي دار القرار، اللهم اغفر لهم، وأنزل عليهم نورًا من نورك ينير علي…,0,negative,Negative
twifil-05094,Moi je pense les hommes on a des teton c'est pour se rassembler la chance qu'on a de pas donnez le sein parce que s…,2,positive,Positive
twifil-05095,pravo mofrar,2,positive,Positive
twifil-05096,عاد من جديد ♥👑,2,positive,Positive
twifil-05097,ان اغلقت قناة الشرق فسيخسر المصريون ومعهم ملايين العرب منبرا حرا للكلمه المقاتلة الصادقه والموقف الذي لن تجده في الاسواق كي تشتريه.,0,negative,Negative
twifil-05098,The Messenger of Allaah (peace and blessings of Allaah be upon him) said: There are two types of peo…,2,positive,Positive
twifil-05099,استاذنا الجليل محمد صابر نريد منك احضار الشيخ خالد الوصابي في برامجك القادمة وشكرا على ما تقدم لنا وللامة الاسلامية,2,positive,Positive
twifil-05100,سلاحكم السب والشتم فقط مع المسلمين ولكنكم خرفان اذلاء امام اسيادكم الكفار امث…,0,negative,Negative
twifil-05102,ITALY,1,neutral,Neutral
twifil-05108,شوف الحماقة كي يقولك فتح. انا نعرف اي معركة صرا فيها دم واقتحام لارض تسمى غزوا.,0,negative,Negative
twifil-05111,sunset sunnyday autumn seaview port pink mediterranean mediterranee cityscape landscapephotography alger…,2,positive,Positive
twifil-05112,امين اللهم املا قلوبنا سعادة وطمانينة يوم نلقاك جمعة مباركة,2,positive,Positive
twifil-05114,kalpAtışı فيه منزعجين من غيرة ايلول بذمتكم مابيصير تغير عليه ده بروفيسور علي عساف دينيز اوغلو ده مفروض تحط جيش كامل لتحميه من عيون نسوان,0,negative,Negative
twifil-05120,Rigolo de cirque,0,negative,Negative
twifil-05121,assume un peu yassine,0,negative,Negative
twifil-05124,والجزاير امتا,0,negative,Negative
twifil-05126,نسال قهوة في شارع بورقيبة 😀😀,0,negative,Negative
twifil-05128,big smile,2,positive,Positive
twifil-05129,algben,1,neutral,Neutral
twifil-05130,كل سنة وانتي طيبة عيد ميلاد سعيد,2,positive,Positive
twifil-05131,VIPDZ c'est pour cela il faut jamais rater,0,negative,Negative
twifil-05133,temperature down 5°C -> 4°C wind 2kmh -> 1kmh,1,neutral,Neutral
twifil-05134,Matkhlich l vide y atar fik diri 7aj,2,positive,Positive
twifil-05135,سموحه طالع اسمك في نرند في الجزائر 😍,2,positive,Positive
twifil-05137,اين اجد هذا الكتاب,1,neutral,Neutral
twifil-05138,عزيزة دمعتك يالعزيز وتبكي الا على العزيز معاك الحق اشكرك جزيل اشكر,2,positive,Positive
twifil-05139,للقناع لغة,1,neutral,Neutral
twifil-05141,workinprogress 🤔,2,positive,Positive
twifil-05142,temperature down 15°C -> 10°C humidity up 47% -> 76% wind 6kmh -> 3kmh,1,neutral,Neutral
twifil-05144,و ما حدا راح يدري دمر تاريخه بتدريبه نادي وضيع كل الارقام السلبية له مسجلة باسم هذا النادي,0,negative,Negative
twifil-05145,هلا يا قمر,2,positive,Positive
twifil-05146,اعشقك,2,positive,Positive
twifil-05148,واقيلا عايش صح في الجاهلية,0,negative,Negative
twifil-05150,clear sky -> few clouds temperature down 24°C -> 22°C humidity up 57% -> 68% wind 3kmh -> 5kmh,1,neutral,Neutral
twifil-05151,Mon Snapchat badr o0,2,positive,Positive
twifil-05152,فقط.. انفث من قلبك .. رياح صبابة لتذكي جمرات العشق بين جوانحها..,2,positive,Positive
twifil-05153,الله يرحم هو والشاب عزيز والصحافيين والعسكر ولابليس ولجنداغم والبنات والطبا والحرس البلدي وكل جزايري ور…,0,negative,Negative
twifil-05156,مع الصديقين العزيزين ،رفاق الدرب في الجامعة الدكتور عادل محلو، والدكتور نصر الدين وهابي .,2,positive,Positive
twifil-05157,قد نراك تحمل مشاعر نقية لكنها في يديك تتجول بها عبر الطرقات ،ثم رميت بها لم تشعر بالمكان المقصود لها دهبت بها لل…,0,negative,Negative
twifil-05158,متشرفين بناس وهران نحبكم في الله,2,positive,Positive
twifil-05159,كتير كتير كتير حلو حسين,2,positive,Positive
twifil-05160,الغيوم بس تشكل لوحة,2,positive,Positive
twifil-05161,"jungkook is so adorable **-** he showed us his precious earmic ""don't blame me i don't know how it's called lol"" i…",0,negative,Negative
twifil-05162,"current weather in Wahran: clear sky, 13°C 82% humidity, wind 2kmh, pressure 1020mb",1,neutral,Neutral
twifil-05164,Strong geee🔥🔥🔥🔥,2,positive,Positive
twifil-05166,شكرا على تغطية اخبار بنت العرب سهيلة بن لشهب,2,positive,Positive
twifil-05167,Kinder Crepe 😋 ohmyfoodie kwohmyfoodiekindercrepescrepe @ Aswaq free,2,positive,Positive
twifil-05168,Des semaines et encore... Des fois ils ne le retirent meme pas...,0,negative,Negative
twifil-05170,عن كمية الحب اللي عندي للمخلوق هذا,2,positive,Positive
twifil-05173,"You should note that women prostitutes should seek your rhythm in this outrageous, be careful of th…",0,negative,Negative
twifil-05174,في مدريد الفريق كله مصاب هههههه اصابة كروية 😂😂😂😂 +19,2,positive,Positive
twifil-05176,دموع الفرح هههه,2,positive,Positive
twifil-05177,"""Lombard Street in San Francisco"" ⌘📷: . Dumas",1,neutral,Neutral
twifil-05178,نشاء الله. ازول,2,positive,Positive
twifil-05179,هههههه خلاص مبعد نسمي روحي جقبوب غزالي,0,negative,Negative
twifil-05180,Le sexe est devenu tellement accessible. ..Et vous nous parlez de viol...,0,negative,Negative
twifil-05181,الجزائر برجالها ونساءها بخير والحمدالله,2,positive,Positive
twifil-05182,اللهم آمين صباح الخير,2,positive,Positive
twifil-05183,Non,0,negative,Negative
twifil-05186,💛❤,2,positive,Positive
twifil-05187,✎- ‌‌مَا أجمَل الصباح أرزاق توزع وملائكة تهبط ونسمات إيمان وقلوُب تَتِمنى الخِير لبعضہَا ❣️صباح الخير ❣️,2,positive,Positive
twifil-05190,"""Chacun à la responsabilité de faire croire la paix en lui afin que la paix devienne générale.""",2,positive,Positive
twifil-05193,لا لايجوز حرام عليه,0,negative,Negative
twifil-05194,باربيتي اليوم عيد ميلادي😄🎂 مكانش جوايو زاني فيرسير مثلا ولا هابي بيرزداي يعني😀😁 انا غلباااااانة😢❤ KenzaMorsli,0,negative,Negative
twifil-05196,ببساطة لان الناس لا يهتمون بسعر البترول في الصباح,0,negative,Negative
twifil-05197,El Harrach à toujours dérangé ces arrivistes du football algérien . Qui des deux (Zetchi et Medouar)…,0,negative,Negative
twifil-05200,"got to go take some rest ""2am in here"" good night yorobun love you all 💜💜💜",2,positive,Positive
twifil-05201,Les mauvais résultats + les imprévus comme le départ de Banzarti,0,negative,Negative
twifil-05202,iHeartAwards BTSARMY BestFanArmy,2,positive,Positive
twifil-05205,😍🥰🥰,2,positive,Positive
twifil-05207,So last days I was very busy with my sick 😂 what's happen ? MPN BTS BTSARMY,0,negative,Negative
twifil-05209,•إن الله يبعث في طريقك مايوقضك بين الحين والآخر ...🍃🌸 samia chabani,2,positive,Positive
twifil-05211,تعبوني يا حسين وانا قلبي ضعيف 💔😭,0,negative,Negative
twifil-05215,شكرا في انتظار نجمة كنزة😍,2,positive,Positive
twifil-05216,temperature down 22°C -> 19°C humidity up 60% -> 77% wind 5kmh -> 3kmh,1,neutral,Neutral
twifil-05218,يا تربة عشق صدعتها شموس الاشواق اللاهبة ساهطل اقبل اديمك اتغلغل عبر مساماتك مستقرا باعماقك كي تتفجر بهجة الربيع بانحاءك,2,positive,Positive
twifil-05219,برافو كنزة كنتي تهبلي و ابدعتي في اوبيرات فخورين بيك كنزة مزيد من نجاحات يا رب 😍👏 عيشي حياتك مع كنزة عيشي حياتك,2,positive,Positive
twifil-05220,"Best Of Me When you say that you love me All I need is that one phrase That you'll never change,just on…",2,positive,Positive
twifil-05221,الله يزوجك,2,positive,Positive
twifil-05222,Very good,2,positive,Positive
twifil-05223,مو نفس الشي ابدا محرز لسة فاول 8 مباريات فالدوري مع السيتي يحاول يفرض حاله في فري…,0,negative,Negative
twifil-05224,"Mes félicitation,mais soyez un homme de terrain et n'oubliez pas la culture Amazigh à laquelle la…",2,positive,Positive
twifil-05226,المشروب جد جد رائع منافس جدا لكل العلامات ولا يحتاج للتعريف به,2,positive,Positive
twifil-05228,بارك الله فيك صدقت في قولك ♥️♥️♥️,2,positive,Positive
twifil-05229,me too ...hhhhhhhhhh,2,positive,Positive
twifil-05231,لالالالا,0,negative,Negative
twifil-05232,Congratulations🎉🎊🎉🎊,2,positive,Positive
twifil-05233,armixer are growing up so good,2,positive,Positive
twifil-05234,ايا مليح فرحتني,2,positive,Positive
twifil-05236,Our Team is Ready 😎😎😎 UCL HalaMadrid,2,positive,Positive
twifil-05237,😁😊شكلك مطيبة نومك,1,neutral,Neutral
twifil-05238,"""Un rêve sans étoiles est un rêve oublié.",0,negative,Negative
twifil-05239,امين امين يارب العالمين امين يارب العالمين اللهم اشفيها وعفو عليها يارب العالمين ورفع عنها هذ الوباء ياارحم راحمين.,2,positive,Positive
twifil-05240,للاسف هذا هو واقع الكرة فالدزاير يمشي يشوف ماتش معلابالوش ايولي ولا لا ربي يرحمو ويغفر له ويسكنه فسيح…,0,negative,Negative
twifil-05241,صباح مشرق مثلك حبيبتي 😍❤😘 و نهارك موفق و سعيد 🙏🍒🌹,2,positive,Positive
twifil-05242,"Il ya des souffrances qui se hurlent seul dans la nuit , que personne ne pourra comprendre tellement elles sont int…",0,negative,Negative
twifil-05243,كيف يمكنك أن تتظاهر بأن لا شيء يحدث، وفي الحين نفسه تتصارع كل الاشياء بداخلك؟,0,negative,Negative
twifil-05245,صراحة انا لا اعرفك ولكن تبدين لي انسانة طيبة فلا داعي لنضر لهؤلاء انهم شرذمة المجتمع,0,negative,Negative
twifil-05247,ما تعطليه لان صفحتكي ساحرة تجذب الغافل عنها...,2,positive,Positive
twifil-05248,البقى,1,neutral,Neutral
twifil-05249,b74e127cfc60e4232000fb6610d3b60e30288d9467b33a475be8d8609dc6e5575dc3d8f108248c1a841fe87562ffa4aede751b8181513928385…,1,neutral,Neutral
twifil-05251,🤔🤔🤔,1,neutral,Neutral
twifil-05252,what behavior is missing you?,0,negative,Negative
twifil-05254,قال مرعي الحنبلي رحمه الله : مَن رَضِي بِصُحبَة منْ لا خير فيه ، لَم يَرضَ بِصُحبَتِهِ من فيه خير! . الحكم الملكية : ( ص٨٥ ),0,negative,Negative
twifil-05255,هذا مثل الشخص اللي سبق لعان اي حدا يعارضه فرايه.. مريض نفسي اقسم بالله,0,negative,Negative
twifil-05256,وااااااو...... احلى طيز شفتو بحياتي,2,positive,Positive
twifil-05257,In which sector?,1,neutral,Neutral
twifil-05260,اخر الزمان,0,negative,Negative
twifil-05263,"current weather in Wahran: clear sky, 16°C 82% humidity, wind 2kmh, pressure 1019mb",1,neutral,Neutral
twifil-05264,امين اجمعين,2,positive,Positive
twifil-05266,beautiful....woww hhh,2,positive,Positive
twifil-05267,أخيرا الكلب عاد لحضن أبويه,0,negative,Negative
twifil-05268,"On m'a dit bcp de chose, et à moi de tirer ma propre conclusion et je veux convaincre perso…",2,positive,Positive
twifil-05269,هههههه سجلي يا قذرة,0,negative,Negative
twifil-05270,شكلها ما تبيني هون😭🚶‍♂️,0,negative,Negative
twifil-05273,السلام عليكم ويسعد مساكم ❤,2,positive,Positive
twifil-05274,انطلاقا من شهر ١ ان شاء الله 😊,2,positive,Positive
twifil-05276,السلام عليكم دكتور ممكن تساعدني في إيجاد وظيفة معلمة لغة عربية في تركيا؟,1,neutral,Neutral
twifil-05278,Terroriste ?,0,negative,Negative
twifil-05279,Il se passe quoi avec Ouyahia? Ouyahia Bouteflika,0,negative,Negative
twifil-05280,endonezyayardım,0,negative,Negative
twifil-05282,و ينسكب صوتك بمسامعي خمرا فيثملني فاهذي ارقا ببهاء محياك..!,2,positive,Positive
twifil-05283,3eeb5bd700p254C7,1,neutral,Neutral
twifil-05284,أمازلتي على الهجر تصرين ما أكثر أضرارك الحزن كبير والدمع كثير فالحسرة أقسى من أن تروى…,0,negative,Negative
twifil-05286,العقول المغلقة لا ترضى بالحلول.. طالما أنها ترفع مظلة الجهل!,0,negative,Negative
twifil-05287,فرفقاً بنفسك 💙,2,positive,Positive
twifil-05288,هاي مرحبا,2,positive,Positive
twifil-05289,جميل جيدا جميل احسنتم اشكركم جزيل اشكر وانتم الاجمل معذرة لكم احبكم فلاتردوني ولا تلومني. وردة 🌹 وردة 🌹 اشكركم,2,positive,Positive
twifil-05290,Hihi j'ai reçu ce cadeau ma assoma qui m'a donné pour mon anniversaire😊,2,positive,Positive
twifil-05291,الآية العشرون قوله سبحانه {وَقُلِ اعْمَلُوا فَسَيَرَى اللهُ عَمَلَكُمْ وَرَسُولُهُ وَالْمُؤْمِنُونَ} سورة التوبة الآية 105,2,positive,Positive
twifil-05292,ليلتكم سعيدة,2,positive,Positive
twifil-05293,اه من هدا الزمان تفهمه الا النساء زمان المتعة,0,negative,Negative
twifil-05294,في طريق للعلمة ولاية سطيف ضباب كثيف,1,neutral,Neutral
twifil-05295,"Si tu veux connaitre quelqu'un, n'écoute pas ce qu'il dit mais regarde ce qu'il fait .",2,positive,Positive
twifil-05296,kouya akwam🥰,2,positive,Positive
twifil-05297,يا حبيبتي يا مصر 🇪🇬💗🇪🇬🌷🇪🇬🌷,2,positive,Positive
twifil-05299,"Robert Redford et Brad Pitt dans ""Spy game"" ------- ............. Jeu d'espions - ou Jeux d'espionnage , 2001",1,neutral,Neutral
twifil-05300,de ouf on a meme le savoir à porter de main,2,positive,Positive
twifil-05301,✝✝✡🔯,1,neutral,Neutral
twifil-05305,صباح الخير رانيا,2,positive,Positive
twifil-05306,"Le meilleur à aimer et celui qui donne, sans rien attendre...",2,positive,Positive
twifil-05309,الحمد لله ع السلامة,2,positive,Positive
twifil-05310,"البعض لن يفهمك ليس لصعوبتك أو غموضك فقط لانك حقيقي ""جداً "" وهم قد إعتادوا على المزيفين‼️",0,negative,Negative
twifil-05312,"France refuse l'invasion de la spéculation individualiste et raciste si Français, avant tout de leur avenir, se p…",0,negative,Negative
twifil-05313,كل التوفيق,2,positive,Positive
twifil-05314,القصبة القديمة بالجزائر العاصمة ورينا تصويرك بالجوال,2,positive,Positive
twifil-05316,"hahahahahhahahahah i feel you kids from the school woke me up they were screaming ""school is just across the street """,0,negative,Negative
twifil-05318,هههههههههه مكش صبون في نفيد,0,negative,Negative
twifil-05321,"Dézédie ! Ne ratez pas demain l’interview exclusive de la Ch’Kara: « comment Doc Mytho a voulu me palper, comment…",0,negative,Negative
twifil-05322,جمعتكم مباركه,2,positive,Positive
twifil-05326,السلام عليك اتقدم اليك بطلب زواج شرعي .واذا وافقتي اتصلي بي لمناقشة المهر والبيت .....,2,positive,Positive
twifil-05327,صدقت يا أعز الناس أنت ،،،،,2,positive,Positive
twifil-05329,"Yeah apparently,",1,neutral,Neutral
twifil-05330,😂😂😂😂 دايما نخسر من لاول Chanyeol,0,negative,Negative
twifil-05331,Début du 11e FIBDA Festival international de la bande dessinée d’Alger avec le Canada comme invité d’honneur Un fe…,2,positive,Positive
twifil-05332,temperature up 14°C -> 23°C humidity down 93% -> 60% wind 2kmh -> 1kmh,1,neutral,Neutral
twifil-05333,"En1960,les kabyles ont explosé un navire américain a bejaia.",1,neutral,Neutral
twifil-05334,الله يكبر بيك شكرا جزيلا,2,positive,Positive
twifil-05336,الصلاة,1,neutral,Neutral
twifil-05337,ثلاثة أصناف من البشر لا يتعلمون : المبرر : الذي يريد أن يثبت أن تصرفه صحيح المجادل : الذي لايقبل الحق…,0,negative,Negative
twifil-05338,2.22 Granada,1,neutral,Neutral
twifil-05339,اللهم تقبله شهيدا الشيخ عبدالعزيز التويجري,2,positive,Positive
twifil-05340,SeeYouSoonExo,2,positive,Positive
twifil-05341,merci mddr,2,positive,Positive
twifil-05342,لا يزال الله ينقذني في كل مرة ظننت إنها النهاية ..❤ 😍😘,2,positive,Positive
twifil-05343,التحذير من أهل البدع والأهواء: قيل للإمام أحمد: إني ليشتد علي أن أقول فلان ضعيف فلان كذاب؟ فقال أحمد: إذا سكت أنت،…,0,negative,Negative
twifil-05344,امينننن يارب العالميننننن 🙏🏾✨,2,positive,Positive
twifil-05345,"قال ابن عبدالبر : سئل الشافعي : أي الأشياء أوضع للرجال ؟ فقال : "" كثرة الكلام وإذاعة السرّ والثقة بكل أحد ."" [ الانتقاء ١٥٩ ]",0,negative,Negative
twifil-05346,وهل توجد لدينا وزارات حتي نختار,0,negative,Negative
twifil-05348,Le bonheur ce n'est pas que notre vie soit parfaite .le bonheur c'est d'accepter la vie comme elle est.,2,positive,Positive
twifil-05350,Personne ne suit...S'il y'a poigné…,0,negative,Negative
twifil-05351,هل تتذكر متى انتضممت إلى تويتر؟ نعم أتذكر! الذكرى السنوية على تويتر,2,positive,Positive
twifil-05353,Oui. Bien sûr. C’était un connard. Il a trouvé ses maîtres :,0,negative,Negative
twifil-05354,"Des nuages courent dans le ciel, de temps à autre la pluie va tomber – Cette fois-ci , des pluies diluviennes et ra…",1,neutral,Neutral
twifil-05357,اللَّهُ لَا إِلَهَ إِلَّا هُوَ وَعَلَى اللَّهِ فَلْيَتَوَكَّلِ الْمُؤْمِنُونَ✨🍃 و مَّا أستقام قلبگـ💗لله عزَّ وجلَّ…,2,positive,Positive
twifil-05359,"current weather in Constantine: light rain, 14°C 100% humidity, wind 5kmh, pressure 1017mb",1,neutral,Neutral
twifil-05360,في الحياة ستتعلم كثير 👌,2,positive,Positive
twifil-05361,في حالة تعثر ريال مدريد راح يطلعولنا جماعة رونالدو و زيدان,0,negative,Negative
twifil-05362,والنعمة بالله👌👌👌,2,positive,Positive
twifil-05364,صباح الخير احمد,2,positive,Positive
twifil-05365,شرف ليا حبيبي خلاص درك نجي لدزاير,2,positive,Positive
twifil-05367,Bonjour Bonjour C'est Ma Jolie Ville Natale Tlemcen 💗🌷💗🌷💗 Algérie DZ 🇩🇿🇩🇿🇩🇿,2,positive,Positive
twifil-05368,Who loves Ronaldo 😍😍 Who hates Ronaldo😡😡😡😡,1,neutral,Neutral
twifil-05369,Adèle n’a rien à voir avec ce scandale. De grâce !,2,positive,Positive
twifil-05370,تفاصيل أغنية ماجد المهندس الجديدة المزيد من التفاصيل على هذه الصفحة…,1,neutral,Neutral
twifil-05372,رأيي .. لبلاد يرفدوها ولادها ... في كل الميادين ...,1,neutral,Neutral
twifil-05373,عن يحيى بن أبي كثير قال : . لا يستطاع العلم براحة الجسد. . 📚جامع بيان العلم ١/٣٨٥.,1,neutral,Neutral
twifil-05374,اللهم امين 💙,2,positive,Positive
twifil-05375,منين جبتيه هذا ريما 😀,2,positive,Positive
twifil-05376,نعم انه يوريح القلب والنفس اشكرك جزيل اشكر روعة سبحان الله العظيم الله اكبر ولله الحمد ولله الحمد,2,positive,Positive
twifil-05378,والله كي نشوفك يا ولد عبا ندير اسي في ساشي ونحب ننتاحر مي نخاف ندخل جهنم 🤔🤔🤔ونلاقاك قدامي,0,negative,Negative
twifil-05379,يصير نصيب بيني وبين اللي بالي بالك:(,1,neutral,Neutral
twifil-05381,لوردس موبايل لعبة رائعة ولا استطيع التوقف عن لعبها! هل تريد أن نلعب سوياً؟,2,positive,Positive
twifil-05385,Plan diabolique pour laisser l'affaire irresolue ...Ils veulent détruire Tarik Ramadan av…,0,negative,Negative
twifil-05388,أكيد لانه من عمل الشيطان,0,negative,Negative
twifil-05389,Sa me ft penser a qqn 😭,0,negative,Negative
twifil-05391,Salut merci beaucoup شكرا كتير,2,positive,Positive
twifil-05392,يسعد صباحك بتوقيتناا..🤗🤗 6.50,2,positive,Positive
twifil-05393,من طرف واحد لتكون احلي حبك من طرف واحد او طرفين,0,negative,Negative
twifil-05395,Je Vous Souhaite Une Douce Nuit Ma Chérie Avec Des Beaux Réves 😍😍💗😍😍 Et Gros Bisous Alouss 😘😘😘😘,2,positive,Positive
twifil-05396,ممكن احلام 😴,2,positive,Positive
twifil-05398,"Che pas pour vous, mais moi j'adore le bruit de la clim.",2,positive,Positive
twifil-05399,ههههه راح تقتل نتا,0,negative,Negative
twifil-05404,دعوتكم حبيبي,2,positive,Positive
twifil-05405,الحديث حول أقتراب نهاية مشوار سبيشل وان مع مانشستر يونايتد مانشستر يونايتد نيوكاسل ربما هي أخر مباراة لمورينيو رفق…,0,negative,Negative
twifil-05406,هههههههههه موت,2,positive,Positive
twifil-05407,اكيد براحتي 😂,2,positive,Positive
twifil-05408,♥️ M A G N I F I Q U E S GOURMETTE EN OR 18K ET MONTRE ♥️ GOURMETTE EN OR 18K : (UNISEX) POIDS: 28.4 G…,2,positive,Positive
twifil-05410,ae9a938ee5908378204d9a12badc58cbd04d41892880d72ca6225faf783b81ce4cf81d250f7a38fbcaaa33aa2d12452eb1e5e1f8270aaed3876…,1,neutral,Neutral
twifil-05411,الببغاء وقبل بناء لسرة والتكاثر يقوم بتفقد محيطه ان كان يتوفر على ماء وغذاء لمدة طويلة وهل يوجد حيوانات مفترسة تهدد…,1,neutral,Neutral
twifil-05413,محمد سلمان لا يحسن الا التفرقة بين العرب و التطاحن بينهم,0,negative,Negative
twifil-05415,Le fait de dire SI ne veut pas dire que je ne suis pas consciente que c’est à Dieu que toute décision revi…,2,positive,Positive
twifil-05417,للكيبوب فقط 🤗,2,positive,Positive
twifil-05418,"Looking forward portrait shootall à Adrar, Algeria",2,positive,Positive
twifil-05419,نادين نجيم في اضخم حفل الملكة الساحرة نادييييين,1,neutral,Neutral
twifil-05420,"Hé oui Amigo, j'en ai perdu mon latin (a oser annoncer) à les écoute…",0,negative,Negative
twifil-05421,امي ثم امي هادم البركة الله يخليهم لينا,2,positive,Positive
twifil-05422,اتشرف بيك ياعتبيبة اهلا بيك وسهلا,2,positive,Positive
twifil-05423,الفرنات ترخفو 😂,1,neutral,Neutral
twifil-05424,هل العراق أكثر من العالم ؟؟؟ ... لا أعرف لماذا لو كان كل أموال الدنيا في ا…,0,negative,Negative
twifil-05425,نعم الانظف في العالم سنة 1935,1,neutral,Neutral
twifil-05426,I hope i will sleep and never wake uo ever again 😒,0,negative,Negative
twifil-05429,hello my love how are you 00213771258203,2,positive,Positive
twifil-05430,Arrivée dans les magnifiques locaux de CESI Algérie Alger Formation alternance ingénieurs cc,2,positive,Positive
twifil-05431,I'm CRYING FUCK IT,0,negative,Negative
twifil-05432,"VIPDZ 189 highlander alors, ok je vais lui souhai…",2,positive,Positive
twifil-05433,والله تهبل 😍😍👌🏽,2,positive,Positive
twifil-05434,الصورة التي تزيدك قناعة أن نهاية العالم ستكون على يد مواطن جزائري 😂😂,0,negative,Negative
twifil-05436,الامربكيين لم يصعدوا الى سطح القمر tps://youtu.be/8azSOIMK95c,0,negative,Negative
twifil-05437,انتم الارهاب,0,negative,Negative
twifil-05440,Terrorist attack on Tiguentourine Gas Complex was carried by AQIM ordered by…,0,negative,Negative
twifil-05441,غاضب عليه ربي,0,negative,Negative
twifil-05443,أحسن محارب للاسهال,2,positive,Positive
twifil-05444,Bonsoir Evelyne ! Merci d'avoir aimé mon tweet ! Je te souhaite une très bonne nuit !,2,positive,Positive
twifil-05445,""" اللهم في يوم الجمعة اجعلنا من أصحاب الحمد عند العطاء ومن أصحاب الإحتساب والصبر عند البلاء اللهم افتح لنا بابك…",2,positive,Positive
twifil-05447,انا ضحكت الانها صايره معايا في كويش ( حشاك قدرك ),0,negative,Negative
twifil-05449,Kheder Ahmed algerie,1,neutral,Neutral
twifil-05451,مقارنة بأوليد أل جي من الأفضل ؟؟؟,1,neutral,Neutral
twifil-05452,كلامك صح 100٪ و امسيتك طيبه 🌷,2,positive,Positive
twifil-05453,من هان عليه حزنك ، لا يستحقك !,2,positive,Positive
twifil-05454,Frere tu parle de nos lateraux face a Mane Salah mais est ce que leur lateraux tiendront Mbappe et Ney?,0,negative,Negative
twifil-05455,"VIPDZ grave , rien est grave si…",0,negative,Negative
twifil-05456,الله يشفيك من داه يارب امين ربي العالمين,2,positive,Positive
twifil-05457,يومكم لطف من الرحمان,2,positive,Positive
twifil-05458,الجزائروالعراق وسوريا واليمن ولبيا ماعندهم علاقات مع اليهود كفاكم كذب ونفاق قال إلى السعودية,0,negative,Negative
twifil-05459,الأسود أسود والعملاء عملاء وتاريخ لا يرحم,0,negative,Negative
twifil-05460,السيتي دارولي فيديو ترحيب خاص باسمي 💙 شكرا مان سيتي cityzens,2,positive,Positive
twifil-05461,to SUNGJAE i was watching epp 37 of MasterInTheHouse and you mentioned BTS as your friends even tho…,2,positive,Positive
twifil-05462,NORWAY,1,neutral,Neutral
twifil-05464,المتبادلة,1,neutral,Neutral
twifil-05465,انا من المدمنين عليها,2,positive,Positive
twifil-05468,المصور كان عادلا بين الطرفين فلم يحذر الراعي من ردة فعل الخروف فاهدانا لقطة في قمة الإنصاف,2,positive,Positive
twifil-05469,ده ثمن عرض العرض و بيع المفاتن حضرتك.,0,negative,Negative
twifil-05470,اذا كان منافق فقد اشتملت فيه جميع الخصال السيئة,0,negative,Negative
twifil-05471,شو حلووووو والله😘😘😘,2,positive,Positive
twifil-05472,ماكش عايش مع الوالدة خويا,0,negative,Negative
twifil-05474,KenzaMorsli عيشي حياتك مع كنزة عيشي حياتك,2,positive,Positive
twifil-05476,اليوم برشلونه وصل لـ الهدف رقم 600+ في بطوله دوري أبطال أوروبا - ريال مدريد و صل لـ هدفه رقم 600+ قبل 14 موسم وتحدي…,2,positive,Positive
twifil-05478,رسميا:- مبولحي في الإتفاق السعودي. اعطوني وين يفوتوا دوري زين! :D,2,positive,Positive
twifil-05480,ج,1,neutral,Neutral
twifil-05481,congrats so proud of you 💜 방탄 SOBA 대상 축하해,2,positive,Positive
twifil-05482,اه يا سعدية وين رحت لقيتك 😂هه واش من فيلسوف هاذا زعما راكي لاعبتها تفهمي فالبالون ثاني هه😂😂🌹🌹,0,negative,Negative
twifil-05483,جميل جيدا,2,positive,Positive
twifil-05484,ألقى الوزير كلمته بالعربية، غوغل يغير الكلمات عذرا,0,negative,Negative
twifil-05485,الشفاء لأبي,2,positive,Positive
twifil-05486,اللهم صل وسلم وبارك على سيدنا محمد واله وصحبه أجمعين,2,positive,Positive
twifil-05487,🥀💐🌹🌸🌾🍁🌷🌼SABAH EL KHIR🥀🌼🌷🍁🌾🌸🌹💐,2,positive,Positive
twifil-05491,friends are like angels,2,positive,Positive
twifil-05492,مكاش كما انتي 😏,2,positive,Positive
twifil-05493,اللهم ارزقني بجمع الاموال,2,positive,Positive
twifil-05494,حراك 29 مارس راح بوتفلية والباقي أصعب سنواصل حراكنا بكل تحضر وسلمية حتى نحقق حلمنا جزائر حرة ديموقراطية,1,neutral,Neutral
twifil-05495,NouvellePhotoDeProfil myfried❤,2,positive,Positive
twifil-05496,😅😁😀😀😀,2,positive,Positive
twifil-05497,شغال لكن جديد عندو سنة,2,positive,Positive
twifil-05498,هل تعتبر هجرة غير شرعية ...,1,neutral,Neutral
twifil-05499,•يَآرب إجعَل لنَا فِي الجُمعَةكُل خيروإزرَع لنَافِي كُل خُطوَة سَعَاده ..🍃🌸 جمعة مباركة🌼,2,positive,Positive
twifil-05500,¡ Felices 20 años ! Siempre a tu lado 💕 en Marina D'or,2,positive,Positive
twifil-05502,بونجور,1,neutral,Neutral
twifil-05503,اتحاد العاصمة العاصمة,1,neutral,Neutral
twifil-05504,thinks,1,neutral,Neutral
twifil-05505,ALGIERS CITY ALGERIA 00:31 AM,1,neutral,Neutral
twifil-05507,الشاويات مازالو امازيغيات ورح يبقو 😊 نتش تشاويث ومازلنا نتكلم اللهجة الشاوية الامازيغية التي لم ولن تندثر ابدا,2,positive,Positive
twifil-05508,"De rien Océane,comme moi je suis loin ces vidéos de Patri…",2,positive,Positive
twifil-05509,Her zaman burdayım,2,positive,Positive
twifil-05510,تصبحون على خير,2,positive,Positive
twifil-05511,بهدلونا,0,negative,Negative
twifil-05512,Bon jeudi !,2,positive,Positive
twifil-05514,الانترنات نتاعكم رآها ضعيفة جدا اعطونا سبب مقنع,0,negative,Negative
twifil-05515,Charles Aznavour ... Un auteur-compositeur-interprète qui transposait les éléments de la réalité dans le cadre priv…,2,positive,Positive
twifil-05519,On attend la suite 🤷‍♀️🎉💙,2,positive,Positive
twifil-05520,Les oubliés de la guerre d'Algérie via,0,negative,Negative
twifil-05521,على قلبك🌸,2,positive,Positive
twifil-05525,subscribe abonnée_vous a ma chaine YouTube Video clip soon damso,1,neutral,Neutral
twifil-05526,Brahimiiiiiiii😍💙💙,2,positive,Positive
twifil-05527,أمـد يـدي لـلـنـسـيـان ... ف يصافحني الحنـــين... حمــــاني,0,negative,Negative
twifil-05528,أحلى معزز والله 😂😂,2,positive,Positive
twifil-05529,سلام عليكم..........هل ندخل الى تلك الروابط اخي؟؟,1,neutral,Neutral
twifil-05530,glad you are safe 😊 have a good rest babies you deserve it 💜,2,positive,Positive
twifil-05531,اللهم ابعد عنها مصائب الدنيا، كما باعدت بين المشرق والمغرب، و بشرها بالخير كما بشرت يعقوب بيوسف، وبشرها بالفرح الله…,2,positive,Positive
twifil-05532,Rdv le 21 octobre à Rillieux avec lmmigrandz 💥💥! rillieux breakin battle,1,neutral,Neutral
twifil-05534,الله يرحم ويسكنه فسيح جناته ويغفر له ويصبر اهله😢😢 ..استغربت حقيقة الامر اختفائه عن الساحة الفنية ..,0,negative,Negative
twifil-05535,قائد اياكس دي ليخت بعمر 19 سنة يلعب بثقة كبيرة جدا ضد بايرن ميونيخ يوم أمس..شخصبته وهو بهذا العمر لا يملكها موريو و…,2,positive,Positive
twifil-05536,هم يرمون الورود على اليمن ونحن نايمين,0,negative,Negative
twifil-05537,سبحان الله. و الحمد الله و لا اله الا الله و الله اكبر و صل و سلم على نبينا محمد و على اهليه واصحبيه اجمعين جزاكم الله خير,2,positive,Positive
twifil-05538,السماح,2,positive,Positive
twifil-05539,اختي لينا صديقتك,2,positive,Positive
twifil-05541,شكون هادي؟ هههههه,2,positive,Positive
twifil-05542,هذه حثالة ، لا تسحق ان تردي عليها,0,negative,Negative
twifil-05543,My pornstart Lol,2,positive,Positive
twifil-05544,عثمان عريوات,1,neutral,Neutral
twifil-05546,رسم رائع يعطيك العافية,2,positive,Positive
twifil-05547,😯😯,0,negative,Negative
twifil-05549,سبحان الله عدد ما خلق ، وسبحان الله ملء ما خلق وسبحان الله عدد ما في السماوات والأرض وسبحان الله ملء ما في السم…,2,positive,Positive
twifil-05551,حط راسك عالمخدة ،انسى كلشي ،وأتذكر انو في شغلات حلوة ناطرتك ،لو اخدت منك شوية وقت ،رح توصلك ،ورح تاخد فرحة عقياس ام…,2,positive,Positive
twifil-05552,fragman nerde 😡😤 SiyahBeyazAşk,0,negative,Negative
twifil-05553,"Je suis pas arabe mais Kabyle lol.... Sinon pour être sérieux, toute forme…",2,positive,Positive
twifil-05555,كلمات راءعة,2,positive,Positive
twifil-05556,"Hhhhh,darba",2,positive,Positive
twifil-05557,Pkoi ?,0,negative,Negative
twifil-05558,"Leurs gamelles ne sont jamais vides, aucun met ne peut remplacer le plaisir de la chasse !",0,negative,Negative
twifil-05560,gli3 roh hanona,2,positive,Positive
twifil-05562,Is it a real one??,2,positive,Positive
twifil-05563,السمك ليس موجود !,1,neutral,Neutral
twifil-05565,الله على ايام زمان داني الفيس ورونالدينهو عندنا كانت الليغا لها معنى .,1,neutral,Neutral
twifil-05566,نتي لي راكي تهربي فيا عليك,0,negative,Negative
twifil-05567,الا يخجل هدا العاهل من نفسه .,0,negative,Negative
twifil-05568,Front de mer,2,positive,Positive
twifil-05569,لا تجمع أنت مع السعودية وهم من أعطو تأشيرات الحج وحدهم لم يطلب أحد منهم ن…,0,negative,Negative
twifil-05570,بنت خالي 😢 كل الناس تعرف اني بموت فيكي,2,positive,Positive
twifil-05572,wow💖wooooowwwwww,2,positive,Positive
twifil-05573,عندما تشعر باليأس تذكر أن الكثير من النعم منحها الله لك⚘ بدون أن تسأله ؛ فكيف إذا سألته اسأل الله السعادة لي ولكم اصدقائي❤ 💕صباح السعادة💕,2,positive,Positive
twifil-05577,Mais voilà une…,1,neutral,Neutral
twifil-05578,ﺍﻟﺮﺩ ﺍﻟﻤﺘﺄﺧِﺮ ﻭﺍﻟﺨﺮﻭﺝ ﻣﻦ ﺍﻟﻤُﺤﺎﺩﺛﺔ ﻭﺍﻟﻘﺮﺍﺀﺓ ﺑﺪٌﻭﻥ ﺭﺩ،ﺃﺷﻴﺎﺀ ﺳﺨﻴﻔﻪ ﺗﺴّﺪ ﺍﻟﻨﻔﺲ ﻋﻦ ﺍﻟﻜﻼﻡ ✋😑,0,negative,Negative
twifil-05579,رسالة صباحية :💛 ِ اللهم طهر صباحي وصباح كُل مسلم من الهم والحزن وأفتح لنا ابواب السعاده والأمل,2,positive,Positive
twifil-05583,إحنا إلي دائما بتوحشينا حبيبتي,2,positive,Positive
twifil-05584,حنا شكون؟ الهوية ضاعت مازال الحال,0,negative,Negative
twifil-05586,هاوليك.. هو عندو تحليلات ميكرو تلعب على تفاصيل صغيرة يدس من خلالها افكار كي ترمتو,1,neutral,Neutral
twifil-05589,Bboy Ramy nous viens de Meaux pour le Rillieux breakin battle le 21 octobre 💥💥! kids dancer talent rillieux,1,neutral,Neutral
twifil-05590,كثير بنيات تركية وليست فرنسية إذن لا تتكلمون بدون علمكم,0,negative,Negative
twifil-05593,فيلم غبي منه فيه علي قناة ON E ههههه الفلم ده ملوش حل 😍,2,positive,Positive
twifil-05594,جيرو ممتاز في ربط اللعب،التحضير،اللمسة الوحدة،وسحب قلوب الدفاع،وتحرير الاجنحة لزيادة فرصهم في مواجهة المرمى. يؤدي ن…,2,positive,Positive
twifil-05596,شكرا بارك الله فيك وفي ذراريك الاخ احمد عوماري من الجزائر السلام عليكم ورحمة الله وبركاته,2,positive,Positive
twifil-05597,انتي كتير منيحة شكرن,2,positive,Positive
twifil-05598,Bref. Faites comme l'arbre changez vos feuilles et gardez vos racines... changez vos idées et gardez vos principes.,2,positive,Positive
twifil-05600,اوكي 😭😭😭😭😭,0,negative,Negative
twifil-05601,الله يحفظها,1,neutral,Neutral
twifil-05602,حتى مكالمات الفيديو ما عندك ما تقولي فيهن خاصة لما تكون ع الـFacetime 😂,0,negative,Negative
twifil-05606,عشان تبطلي تدعي 😪💔,0,negative,Negative
twifil-05607,Hayda bala ma e7ke 3ano😂,0,negative,Negative
twifil-05608,Throwback 2015 🌷❤ 💫💎 AmelBouchoucha BouchouchaStyle Love FashionStyle Style fashionpolice…,2,positive,Positive
twifil-05609,Bonjour bon vendredi !,2,positive,Positive
twifil-05610,صدام حسين الله يرحمه سيد الرجال أسد,2,positive,Positive
twifil-05611,هديه مني لها حتى انا ❤️,2,positive,Positive
twifil-05612,اللهم ❤ ثبت قلوبنا على حبك وطاعتك وتقواك .. وأنعم علينا بمغفرتك ورضاك والفوز بجنتك .. وأبعدنا عن سخطك وغضبك…,2,positive,Positive
twifil-05613,"قد تكتمل حياتنا بأشياء وتنقص بأخرى ، ليست مسألة حظ ، إنما هي أقدار يعطي اللّه لكل ذي حقٍ حقه ""فالحمد لله دائمًا وأبدا""",2,positive,Positive
twifil-05615,مزال عندي امل 😢,2,positive,Positive
twifil-05616,الله يدومها محبة,2,positive,Positive
twifil-05617,"بساطة الحياة وسحر الطبيعة الغنّاء يتجسدان في هذه القرية الريفية على سفح وادٍ محاط بالجبال في إحدى ""جزر فاروز"" التاب…",2,positive,Positive
twifil-05621,"كيف عرفت بأنه ""ربما قتل"" هل كل مخطوف مقتول ،،،،، لا نجد قتله إلا عند رموز الإخونج ،،، وهم من…",0,negative,Negative
twifil-05622,ألسنا قبلة الأحرار,2,positive,Positive
twifil-05623,وين هذا و شكون هذا؟,1,neutral,Neutral
twifil-05625,today i shared my feelings and am not ashamed that i did it the world is afraid of just one thing and…,2,positive,Positive
twifil-05626,معناها ان شاءلله لا,0,negative,Negative
twifil-05627,صباح الفل 🌼🌼,1,neutral,Neutral
twifil-05628,انا عن نفسي عاجبني + بظن اغلب ناس هنا حكت عنو وقالت حلو,2,positive,Positive
twifil-05629,Je n'ai pas commencé à m'arrêter au milieu,2,positive,Positive
twifil-05631,يعطيك الصحة 😘😘😘😘,2,positive,Positive
twifil-05632,لم أسمع من يسب والله من يعاقب لست أنا,0,negative,Negative
twifil-05634,و الله المان يا اخي وضعها صعب كان غيروا المدرب او لا و اول غلط عملوه قبل اعتزال السير ما جددوا دماء فالفريق…,0,negative,Negative
twifil-05635,b598ad91f2b0070720228ac2f90f812316aedff48825a7cedac465f4ea0b1b8710b6b1eea9ec0ed8a3078adbe03973e4c8e232e9237d4deac59…,1,neutral,Neutral
twifil-05638,عيشي حياتك برنامج سيدتي KenzaMorsli,1,neutral,Neutral
twifil-05640,عودة قضية البوشي للواجهة مع محاولة ادراج الشرطة في الموضوع Alger,0,negative,Negative
twifil-05642,الناس لي كانو يديرو هاذ العفسة تزوجتو ولا مزال 😁,2,positive,Positive
twifil-05643,tulips,2,positive,Positive
twifil-05647,ما اشعر به الان انني احبك .. واريد التمسك فيك ...ف بماذا تشعرين .. للمره الالف اطلب حبااا كامﻻ…,2,positive,Positive
twifil-05648,Je suis le seul qui ne rigole absolument pas avec ce bot ?,0,negative,Negative
twifil-05649,بس هي بت حلال. (ياولدي اقعد عاقل راهي غير تشوف من لبعيد),2,positive,Positive
twifil-05650,ممكن ههه,2,positive,Positive
twifil-05651,FINLAND,1,neutral,Neutral
twifil-05653,ولصباح الخريف سحر وأريج خاص ..😍 تنعم معه الأنفس بالسكينة والهدوء ..😇 ولشمسه القلقة جمال .. 🌤 ومعانٍ تعانق القلوب ..…,2,positive,Positive
twifil-05654,"Au lieu d'avoir sept points d'avance, le est à égalité avec un…",0,negative,Negative
twifil-05656,قال البربهاري رحمه الله الأساس الذي تُبنى عليه الجماعة هم أصحاب محمد ﷺ وهم أهل السنة والجماعة فمن لم يأخذ عنهم فقد ضل وابتدع. شرح السنة-٦٧,0,negative,Negative
twifil-05657,لا تأسفن على الدنيا وزينتها وأرح فؤادك من هم ومن حزن وانظر إلى من حوى الدنيا بأجمعها هل راح منها بغير القطن والكفن؟,0,negative,Negative
twifil-05659,كل عام وانتي بي ألف خير يا الحب وعقبال الألف,2,positive,Positive
twifil-05660,اللهم لا تحاسبنا بما فعل السفهاء منا .🙏,0,negative,Negative
twifil-05662,فيك بارك الله,1,neutral,Neutral
twifil-05664,😎😎😎😎لتحداك يافيصل ان تحكي القصة كاملة لمذا لم تقل انه اب المخنث القطري متورط كذالك جبان,0,negative,Negative
twifil-05665,اللهم أجعلنا من الذين تحلوا بالصبر ونالوا ما تمنّوا..🌹..,2,positive,Positive
twifil-05666,Zeshh🇩🇪 Big Up🔥🤘De alg🇩🇿,2,positive,Positive
twifil-05668,8:11am: sunrise sunset will be at 6:14pm,1,neutral,Neutral
twifil-05669,صباحك معطر بذكر الرحمن ❤,2,positive,Positive
twifil-05673,01:01 السكرة هم يانا تشوك اللحم عقيد باشا,1,neutral,Neutral
twifil-05674,"On dit racistes , pas rasicte Corrigez SVP",1,neutral,Neutral
twifil-05675,يقتلنا الحنين ليلا 😥,0,negative,Negative
twifil-05676,in 2020 there's going to be a huge fight from k dramatic popies and ARMY why ??? cause they will harass u…,0,negative,Negative
twifil-05677,"no way our birthday is ten days apart, can i be even more in love, DOUBT IT",2,positive,Positive
twifil-05678,"The good is not stupidity, but it is the grace of its foolishness",0,negative,Negative
twifil-05679,🤙🤙🤙🤙🤙,2,positive,Positive
twifil-05681,صبحان الله صورتك بشرية,2,positive,Positive
twifil-05683,Rendezvous Going to ultra space,2,positive,Positive
twifil-05684,لا تجمع دولة كلها على شويت جهلاء في العالم,0,negative,Negative
twifil-05685,استشهاد جمال خاشقجي قاتل جمال خاشقجي جبان سافل عديم الشرف والدين,0,negative,Negative
twifil-05688,"""Les tempêtes ne m'effraient pas , car j'apprends à mener ma barque .""",2,positive,Positive
twifil-05691,PES2019 نزلت نسخة بي سي أم لا ؟؟؟,1,neutral,Neutral
twifil-05692,أحسنت,2,positive,Positive
twifil-05693,يُحكى أنَّ غِربالاً إنتقد إبرة لإن بها ثُقباً ..🙁,0,negative,Negative
twifil-05694,if i was him and saw these i would freak out thinking that i need protection against you hhhhhh…,0,negative,Negative
twifil-05695,عدم وضع غريزمان شيء محير.. مفروض هو الي يفوز بجائزة الافضل,0,negative,Negative
twifil-05696,وشكون هذا ليقدر,0,negative,Negative
twifil-05697,لم تساعدو دولة إلى وخربتوها,0,negative,Negative
twifil-05698,Mort.,0,negative,Negative
twifil-05699,"عند المسلمين لا يهم من هي الضحية, بل من هو المجرم: فإن كان مسلما فتلك ليست جريمة, أما إن كان غير مسلم, فهي جريمة شنعاء. اليمن ينزف",0,negative,Negative
twifil-05700,"Aujourd'hui, j'ai utilisé Dish Align pour régler mon antenne parabolique, j'ai adoré.daba",2,positive,Positive
twifil-05702,Va dodo demain ta cours,0,negative,Negative
twifil-05705,افكار لا تخطر على البال وهيا فكرة سديدة وتحتاج الى توسيعها على مستوى التراب الوطني بعد المكتبات ول…,2,positive,Positive
twifil-05706,خلاص مانقولوهاش 😊,0,negative,Negative
twifil-05707,الان فقط قتل الاسرائليون 3 فلسطينيين في غزة,0,negative,Negative
twifil-05710,انشاء الله يتحقق حلمي و😁😁😁الله يحققلك حلمك,2,positive,Positive
twifil-05711,"lol don't say that kind of stuff since there are ""litteraly"" psychopaths on…",0,negative,Negative
twifil-05712,اخرس يا داعشي,0,negative,Negative
twifil-05713,حبيب الله بارك,2,positive,Positive
twifil-05715,Couples Before and after marriage..,0,negative,Negative
twifil-05716,Lot of stars in a team isn't always a good thing (100T),0,negative,Negative
twifil-05717,رانا كيفكيف حالة التاجر,0,negative,Negative
twifil-05719,Ma grand dit la même chose elle a 88 ans,2,positive,Positive
twifil-05720,نخليهالك مفاجأة وين تكونو بجيجل اي مكان,2,positive,Positive
twifil-05721,اقل من 5 دقائق فينيسوس ؟؟؟؟ مسكين,0,negative,Negative
twifil-05722,الوزيرة التي نطقت بالعربية لا اعتقد ان شعبها اهانوها من اجل ذلك صحيح انا ضد استعمال اللغة الفرنسية و لكن انا ايضا…,2,positive,Positive
twifil-05723,Eureka! n'aime pas les malheurs Français; le pouvoir d'achat…,0,negative,Negative
twifil-05724,الجزائر لكل جزائريين وكل شخص يحترم بلد الشهداء SouhilaBenLachhab وطبعا كل جمهورها الحبيب صباحكم خير بدقلة والحليب,2,positive,Positive
twifil-05725,صباح الخير نادية💐🌻🌹,2,positive,Positive
twifil-05727,يا عمري توالمك لحشمة😍😍,2,positive,Positive
twifil-05728,at 7:30pm: temperature down 15°C -> 14°C humidity up 77% -> 82%,1,neutral,Neutral
twifil-05731,2/du coup ajrds je me suis permis de lui demander pourquoi il a tenté de mettre fin à ses jours? vu que t'as tout c…,0,negative,Negative
twifil-05733,الله يرحمك ياشيخنا الكريم الله ويثبك عند سوال ويحشرنا الله معاك الله يرحمك ياشيخنا الكريم الله,2,positive,Positive
twifil-05734,"- Você nunca sabe o verdadeiro valor de um momento, até que se torne uma lembrança.",0,negative,Negative
twifil-05736,الله يرحمه الله أكبر الله أكبر الله أكبر,0,negative,Negative
twifil-05737,عندما تقصر المحادثه معك اعرف انها بدأت تطول مع غيرك ✋,0,negative,Negative
twifil-05738,خسارة عليك ويسو double nationalité وماقلتيناش؟,0,negative,Negative
twifil-05739,Je suis à Bejaia je prend un avion mtn pour rentrer à Alger j’espère vous voir,2,positive,Positive
twifil-05740,كل الطرق تؤدي إلى مكة لكن تنبه! فلا طريق يؤدي إلى الجنة إلا طريق واحد {قل إن كنتم تحبون الله فاتبعوني}،{وأن هذا صرا…,0,negative,Negative
twifil-05742,Neymar contre Arnold Mbappe contre Robertson,2,positive,Positive
twifil-05743,صباح الخير لأصحاب القلوب النقية، مُحسني الظن، مُبتسمي المحيّا ، جميلي السرائر ، مُحبي الخير للأخرين❤️ 🍃🌸 نهاركم زي…,2,positive,Positive
twifil-05744,كيف وضح اشكر جميل,2,positive,Positive
twifil-05745,بلفوضيل / بمحرز 🇩🇿,2,positive,Positive
twifil-05746,3التي جرت بعد وفاته تتعدى ذلك العدد باضعاف مضاعفة. منذ وفاة النبي محمد والخلافات تحل بحد السيف. حتى ان بعض مقربيه م…,0,negative,Negative
twifil-05747,ابتسامتك.. الأعجوبه الثامنه اما السبع السابقات كلها انت.!,2,positive,Positive
twifil-05750,Ciptakan lapangan kerja model opo bong cebong...lapangan ker…,1,neutral,Neutral
twifil-05751,بدي انيك طيزك او طيز محارمك,0,negative,Negative
twifil-05752,La speakerine du stade c’est de la pollution auditive LOSCOM,0,negative,Negative
twifil-05753,على راسي والله 🤗😂,2,positive,Positive
twifil-05756,يؤسفني وجود من يتكلمون بالعاطفة مثلك خاصة أننا ندافع عنكم و أنتم تدافعون عن من يطعن فيكم و…,0,negative,Negative
twifil-05757,مهيش جاد,0,negative,Negative
twifil-05759,صباح النور حتى فليل ببصح معليش,2,positive,Positive
twifil-05760,Mlihaaaa,2,positive,Positive
twifil-05761,مختصر الحياة 🐼✌,2,positive,Positive
twifil-05762,"current weather in Algiers: clear sky, 12°C 93% humidity, wind 1kmh, pressure 1016mb",1,neutral,Neutral
twifil-05763,إن الصداقة الحقيقية لا تحتاج إلى إعتبارات عديدة بلّ إلى قلبٍ يحبك اليوم دون أن يتذكر كم غضب منك البارحة.🐼✌,2,positive,Positive
twifil-05764,لست عاشق لكيان لكن الحقيقة هاته هيا التي قلتها المنتهي طلب زيادة الراتب وبيريز رفض,0,negative,Negative
twifil-05765,واش داكم تقولولهم معليش مع اللول,0,negative,Negative
twifil-05766,انها بلاد الحرمين الشريفين ، و الحرمان بريئان من تصرف هؤلاء الجهلاء,0,negative,Negative
twifil-05767,حكمة ليسَ المُھم مَا تملك المُھم كيف تَسْتمتع به..!,2,positive,Positive
twifil-05769,roh kadib kayan wahad machi moslim kima el yaman,0,negative,Negative
twifil-05770,"جمعة مباركة لحباب ❤ لا تنسوا سورة الكهف @ Algiers, Algeria",2,positive,Positive
twifil-05771,هههه محقه تطلب أكثر,2,positive,Positive
twifil-05772,Hommage chebHasni 🎶💔🎧,2,positive,Positive
twifil-05773,يا ابن المحظوظة يا غاني قباج هههه,1,neutral,Neutral
twifil-05774,Bruh bruh🔥🔥🔥,2,positive,Positive
twifil-05775,she isn't the lucky one in the story it's us who are lucky to have her beside our boys and sh…,2,positive,Positive
twifil-05776,اللهم ارجع كل غائب الى اهله سالمآ غانمآ معافآ وقر أعين أهله برجعته يارب العالمين . اللهم فرج كرب كل مكروب وأزل هم ك…,2,positive,Positive
twifil-05777,قال... هناك العديد من الأمور التي يتوجب على الجميع أن يعرفها عن بوجبا أولا هناك صورة عنه لا تعبر بشكل كبير عن شخصيته,0,negative,Negative
twifil-05779,كلمه ودك شخص يشوفها لقد أحببت الحديث اليك,2,positive,Positive
twifil-05780,ولاية النعامة على موعد هام من أجل التحظير للوعدة التي يأتيها المواطنين من داخل و خارج الوطن الدعوة عامة شكرااا,2,positive,Positive
twifil-05781,يكفّي أن تكُون سَعيداً كُل صَبآح.. فتزرعَ السَعآدة في قُلوب الآخريّن .. ... صبآحُكم مُشرق بوجوهّكم النّيره المُضيئة…,2,positive,Positive
twifil-05782,l’amour de ma vie Cheb Hasni ❤️,2,positive,Positive
twifil-05783,يأتي على الناس زمان ليس شيء فيه أخفى من الحق ولا أظهر من الباطل ولا أكثر من الكذب. - ابو الحسن علي,0,negative,Negative
twifil-05785,Après le doute est faux,0,negative,Negative
twifil-05786,178e205ea281612e209a3036502ae4d29a35be56be179cd5867180d3765bfa862a18669abfd1c85d6f3cbe2da4b5e81e4acb151213ed9b595fc…,1,neutral,Neutral
twifil-05787,Bien dit mais qui paye ?😉😉😉,2,positive,Positive
twifil-05788,حبك اغنية بوقع حوافر خيول .. ضابحة بشراييني..,2,positive,Positive
twifil-05789,ولكن لماذا لانبحث اهو الخوف من الحاكم؟,0,negative,Negative
twifil-05792,oui twhachnak 😊😊,2,positive,Positive
twifil-05793,تتساهلو أكثر أين تغطيتكم لمتقاعدي الجيش ألسنا مواطنين لنا حقوق وعلينا واجبات بصراحة هذا هو جزائكم المستحق جزاء سينمار.,0,negative,Negative
twifil-05794,انا اليوم فالبوتيكه جاتني 400 الف,2,positive,Positive
twifil-05796,ah ba c'est gentille sa j'ouvre l'appli je vois sa déjà on dit bonsoir,2,positive,Positive
twifil-05797,Bonne jour,2,positive,Positive
twifil-05798,j'ai l'âge a sa ptite soeur wsh y joue a quoi,0,negative,Negative
twifil-05799,My photo of Abdelhamid Ibn Badiss mosque has been approved in . You can download the full-size image in a…,2,positive,Positive
twifil-05800,كل ما نسمعه نتعلق بيه اكثر ملكة سبأ QueenOfSheba السعودية KenzaMorsli …,2,positive,Positive
twifil-05801,هاا سعدي..😂😂,0,negative,Negative
twifil-05803,"Gracias a Valverde el burro que no escucha los aficionados, 2 turn over 5 puntos perdidos. En plus…",0,negative,Negative
twifil-05804,رغم انني متاخرا نوعا ما الاانه لايسعني ان ابادلك الترحيب مساء الهناء والطمانينه,0,negative,Negative
twifil-05807,مشهد محزن لأم معتقل من تظاهرات في مدينة إدلب اليوم .. مع اغنية ( يا يمة ثوب جديد ) دمعاتك غالية يا أمنا 😢💔 اللهم فك…,0,negative,Negative
twifil-05808,L'école ( enseignement général ) ne donne pas un accès direct à la vie professionnelle ;…,0,negative,Negative
twifil-05810,الإخلاص الصفات تحبهم المراه بالرجل,1,neutral,Neutral
twifil-05812,الى الجحيم ان شاء الله,0,negative,Negative
twifil-05813,...... شكرا ...... بكين,2,positive,Positive
twifil-05814,لازم قيلولة ههههه,2,positive,Positive
twifil-05815,Quand je tweet et que personne me rt,0,negative,Negative
twifil-05816,متعة الحب و سحره تنبعث من ذاك التارجح اللذيذ بين القلب و العقل,2,positive,Positive
twifil-05818,Vos darons les pédales qui vous donnent a des kafirs,0,negative,Negative
twifil-05821,روحو ساعدو ترامب يريد أموال أكثر هو يهدد إسرعو وإلى محاكم من الخريطة,0,negative,Negative
twifil-05822,الإمام ابن القيم رحمه الله : وقوله ﷺ (أن تجعل القرآن ربيع قلبي ونور صدري) الربيع: المطر الذي يُحيي الأرض ، وشبّهَ ا…,2,positive,Positive
twifil-05824,ولدنا الغالي,2,positive,Positive
twifil-05826,On est toujours vieux. ..Par rapport à hier...,0,negative,Negative
twifil-05827,Charles Maurras : Nation une réalité avant d'être une idée à acception révolutionnaire ni encore moi…,2,positive,Positive
twifil-05829,7c866a1beedcc5d4202a44e1a8275ee353930c3c757b8ed31d70369f658ad29bac69221ba3fbe60a1c97b5182f565cc51189c1a4b4f1d1912cb…,1,neutral,Neutral
twifil-05830,بصحتك شهيتينا أسما,2,positive,Positive
twifil-05831,دعاء البايرين فالليل : يا فراشي يعطيك غمة وقتاش تولي دوبل مخدة😂😂😂😂,0,negative,Negative
twifil-05832,فاطيميين شعة لعنة الله عليهم ...,0,negative,Negative
twifil-05834,يجب أن تزوري الصحراء في الصيف ضيفة على أحد البدو الرحل ... ثم أحكمي,2,positive,Positive
twifil-05836,الحمد لله الذي رد علي روحي وأذن لي بذكره,2,positive,Positive
twifil-05837,Waiting for Kenza 😉 برنامج سيدتي,2,positive,Positive
twifil-05838,scattered clouds -> few clouds temperature up 10°C -> 12°C humidity down 87% -> 81% wind 2kmh -> 1kmh,1,neutral,Neutral
twifil-05841,À léger,0,negative,Negative
twifil-05842,e47e0d0584308a9520c009fd2ad4b801d49751bceeac1be14a880a4bf3e2ee349569931265f73f8051d704636ce712ccc37c168559723d5f4a7…,1,neutral,Neutral
twifil-05843,see uuuuuuuu all.,2,positive,Positive
twifil-05844,مهما ضاقت الدنيا ومهما صغرت ،فإن فيها شقا ينفذ منه النور ويحمل الأمل .. 💚💖 أسعد الله صباحكم أحبتي 🌼,2,positive,Positive
twifil-05848,"""Tu peux pleurer. Tu n'as pas avoir honte.""",2,positive,Positive
twifil-05850,سماسرة الاعلام و ممثلي تدخل ما قيل قيادة الدرك و الحراك عليها ان ترحل و الجيش هو الظامن .,1,neutral,Neutral
twifil-05853,لا تصدقها 😞😞,0,negative,Negative
twifil-05854,ان شاء الله 😊,2,positive,Positive
twifil-05856,وسيبقى صالحا في هذا البلد الى أن يرث الله الأرض ومن عليها,2,positive,Positive
twifil-05859,"Merci! Sinon, quelques chiffres de ventes ne serait pas de refus ^^",2,positive,Positive
twifil-05861,حال الشعوب العربية,0,negative,Negative
twifil-05863,"اليوم نفضح جدكم😂 كمونتي"" Bisou"" إذا جاتك حمراء 🔴 راك اونكوبل💏 وإذا جاتك كحلة⚫ راك سيليباتار😫",0,negative,Negative
twifil-05864,ماذخل الشيعة في أنا سنية باش تفهمو بل قزول,0,negative,Negative
twifil-05866,صباح الخير ❤ وان شاء الله بالتوفيق اليوم لمنتخب الوطني والتأهل عل حساب جنوب افريقيا 👐,1,neutral,Neutral
twifil-05867,اللله سبحانه و تعالى حرم الظلم على نفسه و لن يرضاه على عباده الحق حق و لو كره الساكتون و صامتون على الحق.,2,positive,Positive
twifil-05868,هم يقصدون من في خلفية الصورة😜😜😜,1,neutral,Neutral
twifil-05871,صباحكم خير وخمير لكل الاحباب,2,positive,Positive
twifil-05872,أشياء تُبكينا رغماً عنّا ،، كـ صوت يُشبه غائب أبعده القدر وعابر يحمل ملامح قريب إختطفه الموت وصديق أطلق على نفسه ال…,0,negative,Negative
twifil-05873,ما لم تبدأه اليوم لن يكتمل في الغد. ابدأ و سيكتمل البنيان. و لا بد أيضا أن تصم اذنك عن المغردين…,2,positive,Positive
twifil-05876,Smash “Smasher” “Smashest” 😹,2,positive,Positive
twifil-05879,جميلة الجميلات حنون 💅🏻😌,2,positive,Positive
twifil-05880,اللهم ثبت قلوبنا على دينك يا الله,2,positive,Positive
twifil-05881,الشعر مصدر من مصادر الفلسفة،اعتمده نيتشة،وكيركجارد ،و هيدجر ، وبرغسون.,1,neutral,Neutral
twifil-05883,ربي يهدينا إلى الطريق المستقيم,2,positive,Positive
twifil-05885,ouais j'ai vu pour sa je veux voir il va dire quoi à mon message,1,neutral,Neutral
twifil-05886,من إكتشف قآارة🌍 إفريقيآ 🏜 .. حتما سيكون له عذآاب 🔥آاليم.. يوم آلقياامة 😂😂,0,negative,Negative
twifil-05889,Aïcha,2,positive,Positive
twifil-05891,يرحم والديك بنت بلادي... صدقت والله,2,positive,Positive
twifil-05892,كلشي مربوك عليكم يعيش في عزكم,2,positive,Positive
twifil-05894,. اول صورة لقطار كورديا الضخم السريع الدي سيصل الجزائر عن قريب في انتظار 17 قطارا سيربطون ولايات الجزائر في 2018 V…,2,positive,Positive
twifil-05895,"Can do! ""The hard part isn't making the descion , it's living with it"" freinds studying medicalstudent Algeria",2,positive,Positive
twifil-05896,Levanta tu bandera y no la dejes caer..🇪🇭💞🌿,2,positive,Positive
twifil-05897,Kendi dünyasında mutlu bırak kalsın doktor deyme o insanlara,0,negative,Negative
twifil-05898,J'ai peur pour Historia ptnnn,0,negative,Negative
twifil-05899,فول الغامدي كنت ناسيه,0,negative,Negative
twifil-05901,حفضك الله فطوم,2,positive,Positive
twifil-05903,"Herkes sinan a rodriguez e laf çakma yarışında, ne bekliyorsunuz adamlar elinden geldiği kadarını yapiyor! sinan a…",0,negative,Negative
twifil-05905,"EXO went from the VIP Corridor , that's why there isn't alot of pics in the airoport iHeartAwards BestFanArmy EXOL EXO",0,negative,Negative
twifil-05908,سؤال للجميع : أي زر بتضغط ؟! الزر الأخضر : احتماليه 50٪ يطلع لك 100مليون 😍 و 50٪ لا 😬 الزر الأحمر 🔴: راح يطلع…,1,neutral,Neutral
twifil-05910,يعيشك رتاج,2,positive,Positive
twifil-05913,Contribution – «La France nous prépare une seconde guerre d’Algérie ?» Les français ont,0,negative,Negative
twifil-05914,ههههه بالضبط #,2,positive,Positive
twifil-05918,الأستاذة نفلة أحلام 😘 ثانوية صالح مرصى.. الحدائق .سكيكدة الأستاذ غميرد أمين ثانوية صالح مرصى.. الحدائق .سكيكدة,2,positive,Positive
twifil-05919,-İyi bilirim +Neyi? -Kaybetmeyi. 😔 acıhayat,0,negative,Negative
twifil-05921,تعال اشبعك,2,positive,Positive
twifil-05922,هي فعلا قلم نادر في صدر الظلمة غائر، تحاليلها تنم عن طاقة إبداعية خرافية و قدرة نضالية نادرة و شهامة متأصلة.,2,positive,Positive
twifil-05924,annonce son retour dans le game Wallah je pense au rap français meskin le rap français bientôt va devenir…,0,negative,Negative
twifil-05925,"Au lieu d'avoir sept points d'avance, le est à égalité avec un en reconst…",0,negative,Negative
twifil-05926,قال ابن القيم رحمه الله: أهل السنة إن قعدت بهم أعمالهم قامت بهم عقائدهم وأهل البدعة إذا قامت بهم أعمالهم قعد…,0,negative,Negative
twifil-05927,نهاركم زين☕️,2,positive,Positive
twifil-05928,عزه صحباتي : زيز ، زيزي ، زيزو هلي : زيزو ، عزوزه هل صحباتي : زيز وحده مش عارفه اسمي : زيز,0,negative,Negative
twifil-05929,كيفاش ؟؟,0,negative,Negative
twifil-05930,احسنت ياصديقي العزيز معاك الحق اشكرك ومع شيخا الكريم نعم,2,positive,Positive
twifil-05931,اللهم اتنا خير هذا اليوم وبعده.,2,positive,Positive
twifil-05932,اجمل فصل رغم ان الطبيعة فيه نكون حزيتة و قاسية الا انها صادقة و معبرة 😍😍😍 قرب الشتاء,2,positive,Positive
twifil-05933,🙏🐦😊,2,positive,Positive
twifil-05934,😨😨😨كره أبدا بالله عليك ماعاد تقولي ذلك حتى يمكن ألذ أعدائي لا اكرههم 🙍,0,negative,Negative
twifil-05935,je vais date ah bah moi mdrrr,2,positive,Positive
twifil-05936,أرى المعارضة في سوريا وداعش وفتوة السعودية ومصر الجهاد في س…,0,negative,Negative
twifil-05937,fine,2,positive,Positive
twifil-05938,هام... فايسبوك يتعرض الى حملة قرصنة عليكم بتجديد كلمة السر URGENT Facebook est cible d’attaques changez de mots d…,0,negative,Negative
twifil-05939,Building the African Agenda,1,neutral,Neutral
twifil-05940,الدزائر واردة وحكامها شوك,0,negative,Negative
twifil-05941,من تصويري مصرع فنان,2,positive,Positive
twifil-05942,Le Sahara algérien -الصحراء الجزائرية est la partie du Sahara faisant partie du territoire algérien.Sahara…,2,positive,Positive
twifil-05943,leonsotelo81,1,neutral,Neutral
twifil-05944,😕😘😘😘😘😘😘,2,positive,Positive
twifil-05947,على حسب قول السيكتور ... احنا ناكلوهم مازال ماسميناهم ...,0,negative,Negative
twifil-05948,محد شاف مستشفى 23 يوليو نحنا طلبه مشينا زياره مستقبلونش كويس وياريته غير مستشفى مسقم اللي معمل التحاليل يعقمو فيه ب…,0,negative,Negative
twifil-05949,راهم تعبوك وقيلا,0,negative,Negative
twifil-05950,نعم ... إقرأ كتاب تاريخ الجزائر للميلي ... 2- لم أستوعب,0,negative,Negative
twifil-05951,"En voilà, un débutant ... Un insoumis ou rebellé contre soi-même...…",0,negative,Negative
twifil-05952,وضعية 🙉🙈🙊,0,negative,Negative
twifil-05954,لا للإضراب ليس في مصلحة الفقير و لا في مصلحة البلاد والذين ينادون بالعصيان المدني خاطئون.,0,negative,Negative
twifil-05955,الشهيد جميل السلمي الحافظ لكتاب الله قنصه الجنود الصهاينة أثناء مسيرات العودة لكسر الحصار,0,negative,Negative
twifil-05957,🍃instant pub 🇩🇿🍃,1,neutral,Neutral
twifil-05959,وقت مقود,0,negative,Negative
twifil-05960,😍😍😍 Te quieroooo mucho mi cosita bonita ❤❤❤❤,2,positive,Positive
twifil-05961,ya allahhhhhhhhhhh,2,positive,Positive
twifil-05963,للانه اعظم لغة وهي في الحقيقة اللغة الجنة واللغة الله ختم بيها قوله سبحانه وتعالى,2,positive,Positive
twifil-05964,Hznderson Is à ruuuuuBbish,0,negative,Negative
twifil-05966,صباح الخير سي موح ... الله يبارك ... كاين ناس ما تضنيش ...,2,positive,Positive
twifil-05968,Good job officer 👮 👊,1,neutral,Neutral
twifil-05969,اناقة في اناقة دوق جميل وشتاء اجمل بجمالك سيدتي,2,positive,Positive
twifil-05972,و التجربة الجزائرية خير دليل على ذلك,2,positive,Positive
twifil-05973,roh khir man9olak nahi ka3 zebal ta3 atsawar li hatithom o…,0,negative,Negative
twifil-05974,لآ آعلم كَيف بدآت قصتي مع بعض آلآشخآص ولكنني آدركت جيدآ آنهم من آغلى مَ عرفت ..!*,2,positive,Positive
twifil-05975,omgggggg i feel so sorry for her i wish i could give her a hug and tell her that everything's ok,2,positive,Positive
twifil-05976,Aman ni güzel ya siviorum ben 😘❤😍,2,positive,Positive
twifil-05977,السلام عليك اتقدم اليك بطلب زواج شرعي انا أعزب وابحث عن عزباء او مطلقة المهم العلاقة الزوجية تكون مبنية على…,2,positive,Positive
twifil-05978,للتنفيذ الصحافة الجزائرية ....,1,neutral,Neutral
twifil-05980,dassi run run run TheMusicVideo IDOL BTS⁠ ⁠ PCAs,2,positive,Positive
twifil-05981,هذا أنا باختصار 😂😂😂😂,2,positive,Positive
twifil-05982,تيميساو تور في خدمتكم من حدائق الشاي في ماليزيا الى شربه في صحراء الجزائر ألاخاذة,2,positive,Positive
twifil-05984,تقصد عموم الظلم أوااختصرت مقولتك على الظلم السياسي وحرمان الشعوب من ممارسة حقوقهم أعتقد ا…,0,negative,Negative
twifil-05985,سلامة قلبك أختاه.. امزح معاك طبعاً.. 😊,2,positive,Positive
twifil-05987,🎙🎙📻📻| Repost brolicarm @ RAP History,2,positive,Positive
twifil-05989,جزاكم الله كل خير و صل و سلم على نبينا محمد صلي الله عليه و سلم و الله اكبر,2,positive,Positive
twifil-05990,الله لا يوفقه اذا هذا مدرب من هلا بقولها,0,negative,Negative
twifil-05991,pas toutes sauf el harrach,0,negative,Negative
twifil-05992,je vais sortir avec pour fifa 18,2,positive,Positive
twifil-05993,من علماء_الجزائر الشيخ البشير الابراهيمي,2,positive,Positive
twifil-05994,يسعد مساؤك اسعد معذيرة لكم احبكم,2,positive,Positive
twifil-05995,المشكلة والحقيقة ان الداي باع الجزائر لانه يعلم تاريخ الهجوم وعدد سفن وجنود والذخيرة الموجودة لدي…,0,negative,Negative
twifil-05996,I ***d lmao,0,negative,Negative
twifil-05997,دعوة اليوم : اللهُّم البشارات التي نُحب والأيام التي تسر ،💜,2,positive,Positive
twifil-05998,راك تشوف شغل معناش المعلومة هههه,0,negative,Negative
twifil-06000,شريعة السيسي واتباعه الخونة هي من داسات علي هذه المبادىء بدعم عربي ودولي منبطحين لروسيا وامريكا,0,negative,Negative
twifil-06002,Connaître l'écologie des plantes fruitières présente un intérêt double:- Science à fournir d'utiles…,2,positive,Positive
twifil-06003,JUNG HOSEOK BEST OF ME iHeartAwards BestBoyBand BTS,2,positive,Positive
twifil-06004,ال سعود دواعش وقتلة,0,negative,Negative
twifil-06006,اللهم اجعله خيرا وثبت اقدامنا على الحق امين,1,neutral,Neutral
twifil-06008,💎💎💎💎💎💎💎💎💎💎💎💎💎💎,2,positive,Positive
twifil-06009,EN PAROLE UNIQUEMENT,0,negative,Negative
twifil-06010,"Ah de suite... Je ne fais que de l'humour voyons, ben je dirais plus rien voilà ☹️",0,negative,Negative
twifil-06012,Al hamdoulilah j’ai toujours pris l’avion,2,positive,Positive
twifil-06016,Nharek zine inchallah,2,positive,Positive
twifil-06017,يامحلا العزوبيه ❤️😂😂,1,neutral,Neutral
twifil-06018,"RenaudCamus: Philosophie:Haine, racisme et croyance à l’empire colonial Français-Le chamailleu…",0,negative,Negative
twifil-06019,عساه عفوا,2,positive,Positive
twifil-06020,لا كون كا الأسد مهم تطاول كل الحيوانات عليه فهو الملك وكلهم يعملوله الف حسب,2,positive,Positive
twifil-06021,هبلة يعني مهبولة صحيح,0,negative,Negative
twifil-06024,يبقى الصـــباحُ على الصفاء دليلا مهمـا يكـن ليـل العنـاء طويـلا فانظر إلى وجه الصـــباحِ وحُسنـه لتـرى حياتـك واحـ…,2,positive,Positive
twifil-06025,ههههه منحبش الحليب. نحب القهوة. صباح الفل والياسمين,2,positive,Positive
twifil-06027,كـــن صديقـــي فليس للعـــاشقين بقــــاء 💔,0,negative,Negative
twifil-06030,🌷🌹🍊 تحيتى وإعجابى ليما تقدمينه من عمل ولا تملى نحو الواجب الوطنى أعجبت بكى كثيرا وأنا متقاعد اليوم إعجابن…,2,positive,Positive
twifil-06032,قاعدة تجلب السعادة : عود نفسك ان لا تبدأ يومك بـ التفكير بما يقلقك..! وحاول ان لا تتعمد قراءة الاخبار السيئة ولا…,2,positive,Positive
twifil-06036,أمطار رعدية غزيرة تغرق عدة أحياء في الجزائر العاصمة (صور) ولا خسائر بشرية (حديث عن إصابة شاب بصاعقة في القبة)…,0,negative,Negative
twifil-06037,وعليكم السلام والرحمه والإكرام,2,positive,Positive
twifil-06038,": Laïcité : Philosophie de pensée satanique- A l'effet du prosélytisme athéiste, le laïque ne reste pa…",0,negative,Negative
twifil-06040,1 year IDONTMIND1YEAR ◼️♥️,2,positive,Positive
twifil-06042,يا اخ عزاوي نحن لا نزكي انفسنا ولا نسفه احدا، الدليل هو من يسفه الناس وافكارهم، لو ت…,0,negative,Negative
twifil-06043,"Vient de publier une photo à Bou Sfer Plage, Oran, Algeria",2,positive,Positive
twifil-06044,My Love Surbhi and My Heart Lovely Pic❤️❤️❤️😍😍😍🥰🥰🥰😘😘😘👄👄👄,2,positive,Positive
twifil-06045,موبايلي,1,neutral,Neutral
twifil-06046,يقال بأن بوتفليقة وراء صمود بوحجة الجزائر,2,positive,Positive
twifil-06047,أغلبنا عند دخوله البيت ينظر إلى المرآة ... ليرى كيف كان يبدو خارجا ... كاين واحد العبد عزيز عليا لو…,2,positive,Positive
twifil-06048,لم تفرح لشخص وتحسه ان روحك ولا ولدك بالدنيا نجاحه هو نجاحك تتمنى الخير ليه اكتر من روحك ربي يوفقك يا كل دنيتي,2,positive,Positive
twifil-06049,Indécent. ...imaginé t'on De gaulle dans cette posture..déchéance et pourrissement. ..pauvre France,0,negative,Negative
twifil-06050,ههههه والله احسن ما سمعت,2,positive,Positive
twifil-06053,صباح الورد 🌹🌹,2,positive,Positive
twifil-06054,شباب تحيا جزائر,2,positive,Positive
twifil-06056,"Mon bonheur est très simple : voir les gens que J'aime heureux , le reste n'a aucune importance.",2,positive,Positive
twifil-06057,نآسٍ تجي وتروُح مآ هزّت القلبْ .. و نآسٍ تروُح و تآخذ القلب معهآ Madrid مدريد,0,negative,Negative
twifil-06058,"فليكن بعنوان ""المثانة التي هزمتني""😭",0,negative,Negative
twifil-06059,واستدعيت لسؤال فقال. لما تتكلم عن عمربن الخطاب لمادا تؤيد س قطب. لمادا لا تمدح. جمال وقال لي ان هناك حبل المشن…,0,negative,Negative
twifil-06060,الحاج.عطلاى,1,neutral,Neutral
twifil-06061,من أروع العبارات التي قرأتها هذه الأيام، بمناسبة الخزي الجديد.,0,negative,Negative
twifil-06062,اوا شتي دبا😤😤 😂😂😂😂😂😂,0,negative,Negative
twifil-06063,"À quelle genre de liberté, faîtes vous allusion ???",0,negative,Negative
twifil-06064,عزيزي الجزائري عيش حياتك خليك من الناس لنجح ربي ازيد انجحوا و الذي فشل سعدو لينجح و ان لم تستطع بلع فمك وآلتها بحي…,2,positive,Positive
twifil-06065,"i know, it's just as bad.",0,negative,Negative
twifil-06066,ouffffff.....,0,negative,Negative
twifil-06067,على الاقل احترمو انفسكم ولا تدعون الاسلام فالاسلام بريئ من افعالكم والدليل ان…,0,negative,Negative
twifil-06068,Et moi je fête les première heurs de mes 18ans seule avec ma grippe 🎉✨,0,negative,Negative
twifil-06069,صفات مواليد اكتوبر ..👑✌ لهم شخصيه ساحرة و جذابة .. 😍 يتميزون بالهدوء و حب الغير .. ❤ يتميزون بالتفاؤل و الأمل ..…,2,positive,Positive
twifil-06070,Happy*,2,positive,Positive
twifil-06071,الخطأ في الذي افشى سرا كهذا للعامة.,0,negative,Negative
twifil-06072,أي مدرب يلعب علپ مستقبله ضد فالنسيا يطير ..واسألو بينيتيز,0,negative,Negative
twifil-06074,تعود على التطبيل و مسح احذية اسياده فلن يستطيع العيش دون ذل و مسكنة و محاربة اسياده,0,negative,Negative
twifil-06076,واش م نأغاني لي راه يعمل كاريثة كمل نفس ستيال سطايفي,0,negative,Negative
twifil-06077,ورينا تصويرك بالجوال 😎,2,positive,Positive
twifil-06079,من عندي اربعة,1,neutral,Neutral
twifil-06080,نجاحك ساهو هو نجاحنا الف مبروك لفرح على البرنامج,2,positive,Positive
twifil-06081,وداع احياتي🙏🙏🙏🙏🙏,0,negative,Negative
twifil-06082,forward 👌 à Chlef,2,positive,Positive
twifil-06083,- كن راضياً، وكأنك تملك كل شيء ، فما يكتبه الله لك ألطفُ مما تشاء.,2,positive,Positive
twifil-06084,شنو حكمتك بالحياه Toute personne est testée et frappée par une malédiction dans la vie quelle qu'elle soit dans so…,0,negative,Negative
twifil-06085,الله يديك طولت العمر,2,positive,Positive
twifil-06086,شكرا . على كلامك الراقي,2,positive,Positive
twifil-06087,دياولنا خاصهم هكا,2,positive,Positive
twifil-06088,مكبوتة😂😂,0,negative,Negative
twifil-06091,أنت احسن مطرشق فالمطرشقين كلهم 😍😍😍😂😂😂😂,1,neutral,Neutral
twifil-06092,ربي يسهل خويا,2,positive,Positive
twifil-06094,كيف تتكبر وقد خرحت من مكان البول مرتين 01(من اصلاب الاباء 02(من ارحام الامهات ادب السجون,0,negative,Negative
twifil-06096,نتمنى لها النجاح والفوز,2,positive,Positive
twifil-06097,نعم انها الحقيقه,2,positive,Positive
twifil-06098,😂😂😂😂😂😂😂😂 يستهلو 😂😂😂😂😂😂😂👏🏻👏🏻👏🏻👏🏻👏🏻👏🏻👏🏻👏🏻👏🏻👏🏻👏🏻👏🏻صح مول طاكسيييي,2,positive,Positive
twifil-06099,راكي غالطة إنها أتان ... مرة أخرى ما ترديش ... الجواب بلوك,0,negative,Negative
twifil-06100,كاين ناس كلاتهم الميزيرية خوفا من الحرام ... وكاين ناس كلاو الحرام خوفا من الميزيرية ... اللهم أرزقنا حلالك وأبعدنا…,2,positive,Positive
twifil-06101,Thus says: You will begin again to zero. That is to say if you will come back to first exploration that…,0,negative,Negative
twifil-06102,😍😍😘😍😍🌷🌷🌷,2,positive,Positive
twifil-06103,تجديد خاطيء،خير من تقليد صائب.,0,negative,Negative
twifil-06105,ارباح تركيا من قضية خاشقجي,0,negative,Negative
twifil-06107,😂😂😂😂تبا وتقول لك عاقلة 🔫🔫 اثبتي لي انك ما رأيتها تتحرك الدليل 🌚,0,negative,Negative
twifil-06108,On ne pense pas à la réalité quand on est heureux ; c'est quand on est triste et blessé quelle nous attaque.,0,negative,Negative
twifil-06109,عبقريه عمر وعبقريه محمد صلي الله عليه وسلم,2,positive,Positive
twifil-06110,فركوس هو صاحب الفتنة في الجزائر,0,negative,Negative
twifil-06111,حبيباتي افعلي ما تشائين انتي معي انا حرةاحبكي نيك,2,positive,Positive
twifil-06112,موجودة في الوطن العربي امام الملء,1,neutral,Neutral
twifil-06113,لو سمحتو الي بالعبدلي مروني رجاءً لا الوضع 🤢,0,negative,Negative
twifil-06116,صباح الحب والسعادة أن شاء الله بخير,2,positive,Positive
twifil-06117,Pourquoi suis-je acharné contre Siel ? C’est un argument à pari qui justifie la preuve ou plutôt la raison que je…,0,negative,Negative
twifil-06118,من يبحث على الخبز يعمل مش يرمي نفسو في البحر,0,negative,Negative
twifil-06119,تعرفي عاز السيارات لو تحطيه على يدك ياكلك يدك للعظم عندو قوة ضغط 100 مرة على الغاز العادي,0,negative,Negative
twifil-06120,لم تستطيعو إحتلالها فرق لأنهم أقوياء وليس لكم خبرة ولم تتذخل كل الدول اللتي شاركت في ت…,0,negative,Negative
twifil-06122,Le genou angoissé zaama ? Il veut quitter son proprio,0,negative,Negative
twifil-06123,و ما انسكب المداد الا من تحت حر عميق بوحكم,0,negative,Negative
twifil-06124,بأجل لأسابيع مش بس بكره,0,negative,Negative
twifil-06125,من يتكلم الحق يصبح قطري أو إيراني أنا جزائرية حرة لا تهمني لاقطرلا إيران,0,negative,Negative
twifil-06126,عيناكي الجميلاتان تبكي الغرام,0,negative,Negative
twifil-06128,Le sourire de ma mère me fait face au monde sale🎸,2,positive,Positive
twifil-06129,نضحك معاك ايمان برك 😉,2,positive,Positive
twifil-06130,تامل مرأيك،هل يعجبك الحال ....انا لايعجبني ، حكاية,0,negative,Negative
twifil-06131,العبيد صارو أسياد هههههه,0,negative,Negative
twifil-06133,🤣😂🤣😂🤣,2,positive,Positive
twifil-06134,Amen ! Les algériens sont très particuliers lol,2,positive,Positive
twifil-06136,Muy Hermosa Noche Mis Amigos ❣️ Y Cuidense Mucho 🙏🙏 DulcesSueños 🌜😴💤💤,2,positive,Positive
twifil-06137,ممكن زيدان,1,neutral,Neutral
twifil-06138,لا مش رائعون 👻👻👻👻,0,negative,Negative
twifil-06139,"Mohamed Bouchama, wali de Médéa est nommé à Tipaza en remplacement de Moussa Ghali. والي المدية محمد بوشمة والي…",1,neutral,Neutral
twifil-06141,و تيجي توصف و ما تلاقي حدا فاهمك فبتاكل هوا و تسكت,0,negative,Negative
twifil-06143,القيادة ممنوعة على كل من له لون اوكان له لون سياسي ولو قصير العمر من يستحق قيادة الحراك وهذا ما تمناه المتحركين ال…,1,neutral,Neutral
twifil-06144,Courage Audrey,2,positive,Positive
twifil-06145,عيد ميلاد سعيد كل سنة وانتي طيبة حبيبة قلبي أتمنى الراحة لقلبك دائما نشالله العمر كله وعقبال الميه سنة يارب يلا ح…,2,positive,Positive
twifil-06146,🙏💚,2,positive,Positive
twifil-06147,﮼قول،الحمدلله،ع،يوم،يأتي،وانت،ب،كامل ﮼عافيتك،الحمدلله🍃💦,2,positive,Positive
twifil-06149,🍀 ﴿ كُلَّ يَوْمٍ هُوَ فِي شَأْنٍ﴾ 🍀 يكشف كرباً ويغفر ذنباً ويعطي رزقاً ويشفي مريضاً ويعافي مبتلىً ويفك مأسور…,2,positive,Positive
twifil-06151,بل وانتم تركبون الموجة، انت من جناح ثان في السلطة يا حفيظ,1,neutral,Neutral
twifil-06152,القدس لا تنصر بمؤتمرات الاكل والشرب و النوم,0,negative,Negative
twifil-06153,WHO IS UP AND CRYING OVER THE COMBCK NEWS AT 1 AM THIS BIT*H RIGHT HERE,0,negative,Negative
twifil-06154,45 دقيقة أخرى ريال مدريد لا يستطيع التسجيل بلا احتفاظ بالكرة بلا بطيخ هلا مدريد,0,negative,Negative
twifil-06155,😊😉,2,positive,Positive
twifil-06156,some say i look pretty but i can't see it when i face the mirror i see a failure i had a depression be…,0,negative,Negative
twifil-06157,Billou,1,neutral,Neutral
twifil-06158,Kan yakmam f Fatiha jartna Rohi tro9di yarham babak,0,negative,Negative
twifil-06160,واش قريتي عليهم ياسمين,0,negative,Negative
twifil-06162,I miss you oppa 😭Really I love you too much❤🍭.. Take care my lovely dream💗💘.. I hope that day seeing yo…,2,positive,Positive
twifil-06163,على من تقرا كتابك يا قارئ فلا حياة لمن ناديت,0,negative,Negative
twifil-06165,BonJouR 🥰😎 Mon Chien MiLoU 🐶🐶,2,positive,Positive
twifil-06166,الله يحفظك أختي 😍,2,positive,Positive
twifil-06168,iHeartAwards BestFanArmy BTSARMY 11,2,positive,Positive
twifil-06172,3aslama :-),2,positive,Positive
twifil-06173,اللهم استرنا فوق الارض و استرنا تحت الارض و استرنا يوم العرض,2,positive,Positive
twifil-06174,و هذا اختصاص حكامنا,0,negative,Negative
twifil-06175,كبكة البراعم,2,positive,Positive
twifil-06176,ظـننـت انـكى تـحبـينـي. وانـه لا' شـيء يـمـكـن أن يفرقنا. وانـا مـهمـا قسى الزمان لن اسمـع مـنـكى كـلمـة تــجـرحــن…,0,negative,Negative
twifil-06177,غسيل ولا رواية ولا جلي ؟,0,negative,Negative
twifil-06178,هذا وين شفت ضربة الجزاء والله تغيض,0,negative,Negative
twifil-06179,💙💙💙💙💝💝💝💝💝,2,positive,Positive
twifil-06180,جديات 😨😨 لأن اكثر من هك مستحيل نوضح 😜😜.,0,negative,Negative
twifil-06181,صح والله رجع ذوق كارطون شكل يشهي وذوق صامط,0,negative,Negative
twifil-06184,بالطبع,2,positive,Positive
twifil-06185,ya rabe,0,negative,Negative
twifil-06187,Sans thauvin l'om c'est plus l'olympique de marseille c'est l'olympipe de marseille wola,2,positive,Positive
twifil-06188,this is my last vote am gonna go get some sleep am really about to faint i had a rude day am sooooooooooooooo tired…,0,negative,Negative
twifil-06190,إيه يا أخي عماد صحيح من قال عند الفتن تطيش العقول. يعني الإمام ربيع والعلامة الكبير الجابري والعلامة…,0,negative,Negative
twifil-06191,نسرق بنك 😂😂😂,0,negative,Negative
twifil-06193,💫💞 ☝🏽 لا تدري بأي شيء تدخل الجنة .. ب دمعة .. ب ابتسامة .. ب كلمة طيبة .. ب صدقة .. ب تلاوة آية .. ب تسبيحة ..…,2,positive,Positive
twifil-06194,انا مع إعادة التربية لاوليائهن,0,negative,Negative
twifil-06195,لا تنتظر من الحياة ان تصبح اسهل ... أسعى انت لأن تكون أقوى .⚘,2,positive,Positive
twifil-06197,"صورة ملف شخصي جديدة""H ""🇩🇿🇵🇸🇱🇧🇪🇬🇸🇾🇮🇶🇹🇳🇹🇷",2,positive,Positive
twifil-06198,ماهو قماشها؟...كم سعرها؟...مناسبة لأي فصل؟....جلابيب الخروج لــ * مجموعة مسلمة * على :,1,neutral,Neutral
twifil-06200,"VIPDZ et pourtant , quelle chanson tu choisis? d'Aznavour ou roch voisine",2,positive,Positive
twifil-06201,✋☻,2,positive,Positive
twifil-06202,غلبني التعليق,1,neutral,Neutral
twifil-06203,broken clouds -> moderate rain temperature down 14°C -> 13°C humidity up 82% -> 93% wind 4kmh -> 3kmh,1,neutral,Neutral
twifil-06204,اااه ياريال,0,negative,Negative
twifil-06205,ليس شرطاً أن يرزقك اللهُ مالاً فقد يرزقك أناساً يحملون عنك الكثير !,2,positive,Positive
twifil-06206,غلط يامحمد تويته هذي راه 😒,1,neutral,Neutral
twifil-06207,"If you're looking for work in Algeirs, check out this job: Sales Veterans Hiring",1,neutral,Neutral
twifil-06209,"hi am from algeria ""north africa"" muslim 26 years old and am an ARMY i don't concider myself a huge p…",0,negative,Negative
twifil-06211,Citez moi svp...Un nom d'un juif qui a combattu le colonialisme. ..Sans oublier leur fuit…,2,positive,Positive
twifil-06212,هناك راي يستحق التفكير وهوان الاستعمار جاء لصد قطاع الطرق وتعليم اشباه البشر ولما تاكد بان هؤلاء غيرقابلين…,0,negative,Negative
twifil-06213,عليه افضل الصلوات وازكى التسليم,2,positive,Positive
twifil-06215,ترامب ليس سهلا أعتبر حماقاته نقاط قوته,2,positive,Positive
twifil-06216,Siel prône une thèse xénophobe contraire aux valeurs républicaines et la tradition française ... Il récuse l'hé…,0,negative,Negative
twifil-06217,la champions league marre de rmc sport,0,negative,Negative
twifil-06218,Legends are here Suddenly i dnt know how to breathe EXO EXO ComingSoon,2,positive,Positive
twifil-06219,لا حول ولا قوة😂,2,positive,Positive
twifil-06221,cab8d8818a4720fb201aa32db9a78c4c94152e3a71d078fb3f708b9037867acea89c5b5b9d9869b30405942e1aa4befb206343955fdff5ad610…,1,neutral,Neutral
twifil-06223,أحــــبك .. ❤ بــقــدر مـا يـكـرهـك كـبـريـائــي .. 😏,2,positive,Positive
twifil-06224,Yarının güzel olması için bu günden hazırlık yapma gerek,2,positive,Positive
twifil-06226,السلام عليكم ورحمة الله وباركته علي دوام,2,positive,Positive
twifil-06227,عقدتكم إيران وفلسطين يعرفون ما يفعلون ولا ينتظرون شيء من عملاء أل سعود,0,negative,Negative
twifil-06228,الكل ينتقد تركيا في تعاملها مع قضية الخاشقجي، المواليين للسعودية والمعارضين لها..يا جماعة الخير. اهتموا بدولكم فا…,0,negative,Negative
twifil-06229,وين رايحه بلادنا الشيء الوحيد الذي أنا متيقن منه كليا انه حال البلاد الحالي بسبب تخاذلنا جميعا دون استثناء من احد…,0,negative,Negative
twifil-06230,أعجبتني إذا الشابُ يوماً أراد الثَبات فلا بدَّ من أن يغض البصر ولا بدَّ للقلـبِ أن يتقـي ولا بدّ للبِنـت أن تَستَتِـر,2,positive,Positive
twifil-06231,رئيس أمريكا من تكلم ليس ملك قطر خليكم في أمريكا هل تنتظرون إعتدار أو عادي ترامب أبوكم صرعتون…,0,negative,Negative
twifil-06232,فوالا عندي احلام وحدة نهبلهل فالتويتر,2,positive,Positive
twifil-06233,"circonscription administrative d'In Salah, Tamanrasset, Algeria (24.8°N 3.5°E), 15 September 2015",1,neutral,Neutral
twifil-06234,ستغفر الله من هذا الظلال المبين اين عقولكم ياشيعة ارجعوا الى دينكم يكفينا حمدا وشكر…,0,negative,Negative
twifil-06235,المسجد العتيق,1,neutral,Neutral
twifil-06236,هادي حالة المريول وكي غادي نقول ياااا ليلييي صباح نسلم وعشية برووبلام بداية الطغيان,0,negative,Negative
twifil-06238,جامي ربحتوه ب 11 جوار,0,negative,Negative
twifil-06239,🇩🇿😂😂😂😂😂🇩🇿هاك الايجابية ياحبيبي,2,positive,Positive
twifil-06240,😭🔥,0,negative,Negative
twifil-06241,Non...Juste un coup de pouce...Macron. besson,2,positive,Positive
twifil-06247,145c555f0379288720792e01817e41d7e7fbc209b19d0cd6ad0460a75a31f9c662c66d68b33a547df9fc1cbcc8fa634755995e5bef754411c0d…,1,neutral,Neutral
twifil-06248,هههه و ماذا قدمت أنت ؟!,0,negative,Negative
twifil-06250,🌷🌷❤,2,positive,Positive
twifil-06252,كيف صار مش جاي لكبير ايطاليا قبل,0,negative,Negative
twifil-06253,اغرقها برسائل الحب ..فتزوجت ساعي البريد,0,negative,Negative
twifil-06254,(( أكرموا النساء فو الله ما أكرمهن إلا كريم ولا أهانهن إلا لئيم، يغلبن كل كريم ويغلبهن لئيم، وأنا أحب أن أكون كريم…,2,positive,Positive
twifil-06255,"Le temps est une bénédiction de Dieu ,et tout croyant qui organise son temps,de manière efficace et ave…",2,positive,Positive
twifil-06257,الهم صلي على سيدنا محمد,2,positive,Positive
twifil-06258,قالت لي مرة بأن الله بنى سوراً حول قلبها فلم تعد تشعر بأحد ! 💙,2,positive,Positive
twifil-06260,اللي بشبه ل 3 مقلوبة هو i لان الاسم المكتوب بحروف التفناغ هو ديهيا dihya بالنسبة لاسمك كتبتهولك,1,neutral,Neutral
twifil-06261,Grave chelou,0,negative,Negative
twifil-06263,7) عصير الليمون مضاد للاكسدة ويقوى جهاز المناعة لجسم الإنسان. 😎 عصير الليمون يقوي الشعر ويمنع القشرة ويذيب الدهون…,2,positive,Positive
twifil-06264,تصبحين على ماتحبين في حفظ العزيز الغفار,2,positive,Positive
twifil-06265,القهوه او الشاهي القهوة وقليل مـن الهُـدوء☕ يُضيف إلى النّفس الكثير منَ الحياة❤ القهوة تجمعنا😍,2,positive,Positive
twifil-06270,Yaaa~~~ congratulations 700dayswithEXOCBX EXO EXO ComingSoon weareoneEXO EXOPLANET,2,positive,Positive
twifil-06271,هما وجهان لعملة واحدة اسمها : الحب,2,positive,Positive
twifil-06272,"C'est partout Kif Kif. Quand on est pas piratés, on est filmés et suivis de prêt par des censeurs, auto proc…",0,negative,Negative
twifil-06273,الرحمن💗 الرحيم 💗الملك 💗القدوس💗 السلام💗 المؤمن المهيمن💗 العزيز 💗الجبار 💗 المتكبر 💗الخالق 🙏🙏,2,positive,Positive
twifil-06274,fahriye evcen. نجمة هوليود,2,positive,Positive
twifil-06275,السلام عليك واسعد الله مساءك بالخير والبركة هذه صور من مدينتي التاريخية تلمسان بالجزاءر تقع في الحدود…,1,neutral,Neutral
twifil-06276,FahriyeEvcen,1,neutral,Neutral
twifil-06278,It must be changed. ^ Ji: 1,0,negative,Negative
twifil-06280,"Tipaza, Algeria Algerie تيبازة الجزائر",2,positive,Positive
twifil-06283,موقف يقشعر له البدن، عندما تجالس من يدعي بأنه رجل دين، ويحاول إقناع نفسه والناس أجمعين بأنه على صواب، وأنه يحمل صك…,0,negative,Negative
twifil-06284,Thanks for helping me reach 25 followers! Who else do you think should be following me? شكرا للجميع .. اتمنى ان تستمعوا في براحي المتواضع,2,positive,Positive
twifil-06285,معذرة الاخت رتيبة كلب مربي كلب,0,negative,Negative
twifil-06286,7:43am: sunrise sunset will be at 5:44pm,1,neutral,Neutral
twifil-06287,صدقت خيووو,2,positive,Positive
twifil-06288,iHeartAwards BestFanArmy BTSARMY 14,2,positive,Positive
twifil-06289,damn am eating,0,negative,Negative
twifil-06291,انت و معي,1,neutral,Neutral
twifil-06292,bad blood البريقة ليبيا🏝🍀,1,neutral,Neutral
twifil-06294,vous allez adorer bonne journée,2,positive,Positive
twifil-06295,avec la var en liga wallah c villarreal qui sera champion,2,positive,Positive
twifil-06297,اااامين,2,positive,Positive
twifil-06298,"La vie c'est comme la boxe...il faut essayer de rester debout,encaisser les coups , et apprendre à vivre avec les cicactrices.",2,positive,Positive
twifil-06300,أكثر من هاذا لا ترمي ناس بحجارة وبيتك من زجاج يا عبيد ترامب,0,negative,Negative
twifil-06303,t'es mort si tu compte sur les autres,0,negative,Negative
twifil-06305,نحن كنا نشتريه ... وكانوا اصلا يدعمون المغرب,0,negative,Negative
twifil-06306,أنتَ العليمُ بما في القلب من وجعٍ .. أنتَ الرّحيمُ بضعفٍ لستُ أقواهُ💔,0,negative,Negative
twifil-06307,"Pâte à tartiner maison, noisette et du bon chocolat au lait .. Envie de monter un business de pâtes à tartiner et c…",2,positive,Positive
twifil-06309,ما شآء الله هذا من فضل الله ..اللهم ارزقنا الصلاة قرب حبيبنا خير الأنام,2,positive,Positive
twifil-06310,يا الله لا تجعلني وجعا في قلب احد,0,negative,Negative
twifil-06311,😭😭😭😭😭😭😭😍😍😍😍😍😍😍,1,neutral,Neutral
twifil-06312,رسميا : إيفان راكيتيتش يفوز بجائزة اللعب النظيف في برشلونة,2,positive,Positive
twifil-06314,ياعمري انت🙈,1,neutral,Neutral
twifil-06317,💕💕,1,neutral,Neutral
twifil-06318,كنا و لا زلنا,2,positive,Positive
twifil-06321,🇵🇹🇵🇹🇵🇹🇵🇹PT-Army 🇵🇹🇵🇹🇵🇹🇵🇹 BTSInPortugal2019 BTS BTSISCOMING…,1,neutral,Neutral
twifil-06322,"C'est plus cher qu'en Algérie, les algériens doivent pas se plaindre xD Le doc algérien est le moins cher sur le marché",0,negative,Negative
twifil-06324,صباح الخير 💚,2,positive,Positive
twifil-06325,😂✌,2,positive,Positive
twifil-06326,شكرا لك,2,positive,Positive
twifil-06328,i feel bad for the baby...,0,negative,Negative
twifil-06330,حتى باتي رحمة الله عليه.. كان رافض وجود أي حيوان في الحوش وبعدما انكسرت اللعنة قعد حتى هو مايتحملش بلاهن ويعاني فيه…,0,negative,Negative
twifil-06331,Son 3..,0,negative,Negative
twifil-06332,حبعمرااااااي وحشاني اكتر وربي😭💚💙,0,negative,Negative
twifil-06335,قصف 👌😝😝,0,negative,Negative
twifil-06336,Mohamed et toi,1,neutral,Neutral
twifil-06337,Arwa3 Elissa bidini kila,2,positive,Positive
twifil-06339,جمعتنا كلمات واستنشقنا عباراتها ولبسنا دوقها حتى سرنا في خطاه والنامل تتارجح بنا يمينا ويسارا كانها عاصفة تقتلع من…,0,negative,Negative
twifil-06340,FELIZ DÍA DEL PADRE ♥️♥️ FELICIDADES A TODOS LOS JOSÉ Y JOSEFAS DEL MUNDO 😘😘😘,1,neutral,Neutral
twifil-06343,وين رايحه بلادنا الجزائر Ta mère ouais machi سعيد بوتفليقة C'est une république démocratique pas un royaume bât…,0,negative,Negative
twifil-06344,Can I cry Oh damn I already did iHeartAwards BestFanArmy BTSARMY,0,negative,Negative
twifil-06345,اللهم ردنا إليك ردا جميلا,2,positive,Positive
twifil-06346,رياح الصبابة تهب على الجمرات الغافية بموقد الذكريات فتشب بالحشا نيران اشواق لا ترحم,0,negative,Negative
twifil-06347,يسبوها ويعايروها بافضع التعليقات لكن يسمعوها. هدا هو مجتمعنا.,0,negative,Negative
twifil-06348,يا الوسخة أنت مش جزائرية تفوووو عليك,0,negative,Negative
twifil-06349,روحتي لسبيطار انشاء الله سلامات,2,positive,Positive
twifil-06350,Happy independent Nigeria...,2,positive,Positive
twifil-06351,المثانة التي هزمتني 😭,0,negative,Negative
twifil-06352,العاصفة وصلت عنابة 🌩⚡🌧 لطفك يا رب شفت الرعد هربت 👀,0,negative,Negative
twifil-06354,"قال العلّامة زيد المدخلي -رحمه الله-: ""كتمان العلم الشرعي عند الحاجة إلى نشْرِه وبيانِه للناس حرام وكبيرة من كبائر…",1,neutral,Neutral
twifil-06355,ديريلي معاك,1,neutral,Neutral
twifil-06356,يلعب واس افضل وقدامه كوكلين أول سولير,2,positive,Positive
twifil-06357,Samir papa,2,positive,Positive
twifil-06358,مساء نور,2,positive,Positive
twifil-06360,الشماتة فيهم قليلة لأن ما فعلوه بالشعب في 20 سنة لكثير. الله يمهل و لا يهمل,1,neutral,Neutral
twifil-06361,وليش تشانيول كماان مش من نوع هيك اكتبو كلمات من نقاط وشكلوه عم يحاولون ينزلو من صورتنا وشوه…,0,negative,Negative
twifil-06362,صباح الخير عثرات الحياة ليست ضدك بل هي لأجلك لتعي ما هي الحياة لتفهم مواقف لم تكن تفهمها ولترى أشياء لم تكن تر…,2,positive,Positive
twifil-06367,الا الجزائر,0,negative,Negative
twifil-06368,اصبح الكثيرون مصابين بالاكتئاب و هذا أمرا يزعجني لطالما أردت ان اكون مختلفة ، و سيبدع حزني في البحث عن شيء جديد غير…,0,negative,Negative
twifil-06369,الموافق ل 1796 ميلادي,1,neutral,Neutral
twifil-06372,صلاح فنيا قدم مباراة كبيرة وتحرك رائع الهدف لم يأتي بعد لكن بدأ سيتعيد قوته و ثباته يبدو أن الأمر واضح الأن الدي كا…,2,positive,Positive
twifil-06376,عتمة,0,negative,Negative
twifil-06379,les chiffres arabes هل لك تفسير آخر ؟,0,negative,Negative
twifil-06380,كل عام وانت منورة انت العمر كله😍😍😍😍😍😍😘😘😘,2,positive,Positive
twifil-06382,أعلي مراحل النضج أن لا تتفاجئ ب أي خبر أو فعل أو حدث من أي شخص. ✋ التفاؤل💐💐💐,2,positive,Positive
twifil-06387,لكان يدروني وزير نخلص 30 مليون نخدم كناس ونغسل الروقارات معنديش مشكل ياووو فاقو يامسؤولي الجزائر 🇩🇿😂😂😂😂😂😂🇩🇿,0,negative,Negative
twifil-06389,Hello sweet madness I love you little girl,2,positive,Positive
twifil-06390,# أروع رقص صحراوي,2,positive,Positive
twifil-06391,Maskharat l'hoqam,0,negative,Negative
twifil-06392,Nedroma si mieux Afrique de Nord,2,positive,Positive
twifil-06393,المريض هو أنت وسلمانكم المعتوه,0,negative,Negative
twifil-06394,صايي علابالك اه 😁,2,positive,Positive
twifil-06395,حفظكم الرحمن ووفقكم لكل خير ونفع الله بكم الإسلام والمسلمين شيخنا الحبيب,2,positive,Positive
twifil-06396,عليك صروميه,1,neutral,Neutral
twifil-06398,Impressionnant !!!,2,positive,Positive
twifil-06399,قصة الفلسفة الإسلامية حي بن يقظان لابن طفيل، تكشف تحقق المعرفة بالمحبة في : ١- فناء الموجود في الوجود. ٢- كشف معرف…,0,negative,Negative
twifil-06400,مبروك قرعة الأسبوع الثاني هنيئا لكل الفائزين😍 بعد قرعة الأسبوع الثاني التي أجريت بحضور المحضرة القضائية تم التعرف…,2,positive,Positive
twifil-06401,# أروع المناظر الطبيعية في العالم العربي والإسلامي,2,positive,Positive
twifil-06402,Wonderful goal from Rakitic TOTBAR,2,positive,Positive
twifil-06403,طز فيك وفي عزك 👎👎👎,0,negative,Negative
twifil-06404,صباحكم سعيد ،،، يومكم طيب ،،،، مع فضائح وكوارث ومأسي وتجاوزات المسؤولين ،،،، الوالي السابق لولايتي عنابة ،،، وقبيل…,0,negative,Negative
twifil-06405,لا تجعل جمال👌 البداية يعميك,0,negative,Negative
twifil-06406,Objetivos definidos ! trabajandoduro ligue1 insistiendo identidad cantera valores futbol paradou argelia🇩🇿,2,positive,Positive
twifil-06407,Dézédie ! La démission de Bouhadja a mis du retard à lui parvenir selon une source sûre. Jumia!,0,negative,Negative
twifil-06409,سبحان الله بعض الحيوانات فيها إحسان ورحمه اكثر من بعض البشر.,0,negative,Negative
twifil-06410,😍🤣,2,positive,Positive
twifil-06411,للجميع,1,neutral,Neutral
twifil-06415,Meme moi 😂😂😂,2,positive,Positive
twifil-06417,بصمتك ... محفورة في ذاكرتي تمد القلب بالعزم تهزني ...للوثبات,2,positive,Positive
twifil-06420,Même Azzedine doukha leurs coéquipiers dit la même chose,1,neutral,Neutral
twifil-06423,That's all,1,neutral,Neutral
twifil-06425,عندما تقبلك أمك بعد أن تمسح بكرامتك الأرض 😌,2,positive,Positive
twifil-06426,صدق الله العظيم,2,positive,Positive
twifil-06427,🥀🌹🌸🌾💐🍁🌷🌼SABAH EL KHIR🥀🌼🌷🍁💐🌾🌸🌹,2,positive,Positive
twifil-06429,"France coloniale hiberna 132 ans en Algérie ... Ceux qui sont en France , l'ont bel et…",0,negative,Negative
twifil-06430,ماعت القضية... بعد أن أصبحت مسألة تشريفات و هدايا و عزايم و شهرة...,0,negative,Negative
twifil-06433,لقد أرادوا و أفلحوا حين جعلوا منا نحلل دائما بطريقة عدوانية تشاؤمية .. لا تحللوا بالعواطف حللوا حسب ال…,0,negative,Negative
twifil-06434,مذا سيفعل البرسا من دون ميسي !!,0,negative,Negative
twifil-06436,صور | 180930 شينبي في برنامج King Of Masked Singer اليوم :,1,neutral,Neutral
twifil-06437,I ➿ Algiers,2,positive,Positive
twifil-06439,"Je vous souhaite tout le bonheur possible, car l'espoir qui vit en vous est essentiel pour réussir vos projets.",2,positive,Positive
twifil-06440,"En quoi la religion est responsable des malheurs des êtres humains?A lire Mr Maximus Magnus,les chrétiens so…",0,negative,Negative
twifil-06441,هما حيقررو ينكرو معرفتهم ببعض قبل ما جينك يقول جانسو حبيبتي دا مكتوب في الملخص حيتفقو مع…,0,negative,Negative
twifil-06442,حزب راديف نتاع الفلان خلقو الفلان ضد بن فليس,0,negative,Negative
twifil-06443,ربي يدومها عليك اسيا 😎😎😎,2,positive,Positive
twifil-06444,نشاله دايمة بصح عسي روحك,0,negative,Negative
twifil-06445,"Je te jure, comment ils peuvent être aussi haineux ? Ça nous arrive tous de détester des personnages, mai…",0,negative,Negative
twifil-06448,Damn true 😂😂,2,positive,Positive
twifil-06450,هذا أكبر سبب لفشل الثورة ( قتال الفصائل المعارضة فيما بينها ),0,negative,Negative
twifil-06451,بالشفاء ان شاء الله,2,positive,Positive
twifil-06453,جدا 😪💙,2,positive,Positive
twifil-06454,الامة العربية كلها في قلبها لكن كرها و تتمنى من الله ان ياخذه في اقرب الاجال,0,negative,Negative
twifil-06455,اغنية ملكة سبأ للفنانة 😍 ساعة تويتر,2,positive,Positive
twifil-06456,iHeartAwards BestFanArmy BTSARMY iHeartAwards BestFanArmy BTSARMY,2,positive,Positive
twifil-06457,Amin,2,positive,Positive
twifil-06458,ايا منعت فاتت سلامات الخطرة هادي 😁,2,positive,Positive
twifil-06459,النوم قدر المستطاع,2,positive,Positive
twifil-06460,"""Todos temos dentro de nós anjos, demônios, luz e escuridão "" urbanstyle lifestyle night smile 🖤♥️💙🌷 life e…",2,positive,Positive
twifil-06461,Commencer la journée avec un romantic mood c’est fait ✅ magnifique chanson de …,2,positive,Positive
twifil-06462,"elle fait semblant de m'aimer,je fais semblant d'y croire",0,negative,Negative
twifil-06465,"《Par le temps! en vérité l'homme court à sa perte ,à l'exception de ceux qui croient et font le bien, s'enjoignent…",0,negative,Negative
twifil-06469,احسنت ياصديقي العزيز معاك الحق اشكرك جزيل اشكر روعة نعم 👍 اشكر,2,positive,Positive
twifil-06470,يحتاج الحديث مع الآخرين جهدا لم أعد أملكه...,0,negative,Negative
twifil-06473,Bunjr alik,2,positive,Positive
twifil-06474,والله تاج رأسي أمي ثم أمي ثم أمي وفقط ياجاهل,2,positive,Positive
twifil-06477,رجب طيب أردوغان دائما في المواجهة ومواقفه الرجولية تتكلم عنه,2,positive,Positive
twifil-06478,MourinhoOut What is today like yesterday! 😦 Is it a new plot and a sad ending for mourinho,0,negative,Negative
twifil-06479,what's her account ??? i want to reconfort her,2,positive,Positive
twifil-06480,من يوم ورايح ياصيدلي يا طبيب اكتشف انو واحد مايفهم علينا غير لي كيفنا 😑,0,negative,Negative
twifil-06481,j'te l'ai dit sabrina vous et géniale . Comme il dit le proverbe égyptien (تفهميها او هي طايرة) !!!!,2,positive,Positive
twifil-06482,"Surprise, le pen est la2em personne du pouvoir français qui reconnait le roi meziani Farid d'Algérie.",0,negative,Negative
twifil-06484,فقير اه بخيل من المستحيلات السبع,0,negative,Negative
twifil-06486,"current weather in Constantine: scattered clouds, 27°C 51% humidity, wind 4kmh, pressure 1019mb",1,neutral,Neutral
twifil-06487,تغريده~~ ”ولعلّك تنام الليلة على أمر قد يأست منه لِيوقِظك الله فرحاً بإنفراجه‘‘ 💓,2,positive,Positive
twifil-06489,مقلوبة 😌,2,positive,Positive
twifil-06491,6:45am: sunrise sunset will be at 6:26pm,1,neutral,Neutral
twifil-06492,طابت ليلتكم يا ريفاق,2,positive,Positive
twifil-06495,Merveilleuse journée.,2,positive,Positive
twifil-06496,المغرب,1,neutral,Neutral
twifil-06497,تمنيت المساعدة والله,0,negative,Negative
twifil-06498,💐🖊️🦜🍏🐴صباح الخير يا أهل الخير يوم الجمعة يوم دعاء وتفكير بأنا الله العالى القديرمجيب الدعوات أن يثيت…,2,positive,Positive
twifil-06499,at 7:00am: few clouds -> clear sky,1,neutral,Neutral
twifil-06500,حبيبتي نجوي😂🌸,1,neutral,Neutral
twifil-06501,How to see message on Instagram,1,neutral,Neutral
twifil-06502,😈😈 à Chlef,0,negative,Negative
twifil-06503,😄,2,positive,Positive
twifil-06504,فنة HananeElKhader,1,neutral,Neutral
twifil-06505,معقد .,0,negative,Negative
twifil-06506,آه لو ما في لو لو الزمن يرجع,0,negative,Negative
twifil-06508,ياالله ياالله ياالله,2,positive,Positive
twifil-06509,"Good times and crazy friends makes the best memories ❣️ à Cheraga,…",2,positive,Positive
twifil-06511,"La meilleure vengeance est juste de passer à autre chose, ne donnez jamais à quelqu'un la satisfaction de vous voir souffrir.",2,positive,Positive
twifil-06512,Sunny ☀️ Photo: Algiers20xx /////// International Ideas Competition Link in bio 👆 . Alger…,1,neutral,Neutral
twifil-06513,والله ما رأيت ثقلاً ع قلبي مثل ثقل هذه الأيام ...😔,0,negative,Negative
twifil-06515,😂😂😂😂 kopa ska nkobisa,2,positive,Positive
twifil-06516,لا حولا,0,negative,Negative
twifil-06517,تعبانه ونعسانه,0,negative,Negative
twifil-06518,alhan wa chabab ymkn souhila t9adm lbarnamaj souhilaBenLachhab souhilabenlachhab,2,positive,Positive
twifil-06519,VIPDZ je n 'es pu mettr…,0,negative,Negative
twifil-06521,Les Super Grands L'artiste Libanaise Elissa Et Le Styliste Elie Saab 👍👏👏😍😍 ThrowBack,2,positive,Positive
twifil-06523,علاش,1,neutral,Neutral
twifil-06524,أخزاك الله,0,negative,Negative
twifil-06525,ouais on viens de l'expliquer merci de confirmer en tous cas je dormirais moins bêtes,2,positive,Positive
twifil-06526,"current weather in Algiers: clear sky, 24°C 60% humidity, wind 4kmh, pressure 1016mb",1,neutral,Neutral
twifil-06527,Beau sens du mot,2,positive,Positive
twifil-06529,واقع,2,positive,Positive
twifil-06530,Cette image discrédite Réputation la France 😯,0,negative,Negative
twifil-06531,هو: كل انثى عاهرة إلا أخته مريم 😕 هي: كل ذكر متحرش الا والدها يوسف 😕 هما ☝ حمقى,0,negative,Negative
twifil-06533,هؤلاء هم الفنانون الحقيقيون يرسمون رسوما تبقى منقوشة على الصخر الأصم لقرون و تكون الطبيعة أكبر متحف له…,2,positive,Positive
twifil-06535,😄😄😄 البوشوشيين و اللي متابعين امل كامل راح يفهموا عليك 😂 ولكن و يا فرحة ماتمت 😣,0,negative,Negative
twifil-06538,حتى وإن بَدَت السماءُ بعيدةً فإنّ الذي فوقَ السماءِ قريـبُ فارفع يديْكَ إلى الإلهِ مُناجيًا إنّ الجروحَ مع الدعاءِ تطيبُ,2,positive,Positive
twifil-06540,معذبني كل يوم تخمام لي ماعندو حتا خرجة قالولي نتا من جيل الصاعد مي ما بناولي حتا درجة,0,negative,Negative
twifil-06546,fazilethanımvekızları احمدو ربكم على نعمة الطرف الثالث و لا كان زمان الفانز منقسمين على الدبدوب كيف يحطو البطل و…,2,positive,Positive
twifil-06547,Holà Buenas Tardes 🙋‍♀️😍,2,positive,Positive
twifil-06548,بدل من غسل وجهك من الدموع اِغسل حياتك من الذين تسببوا بها,0,negative,Negative
twifil-06550,Te ofrezco una vela para alumbrar tu noche una pluma para llenar tu casa de magia con una dulce melodía para desea…,2,positive,Positive
twifil-06551,و وزيركم للخارجية يخاطب الامم بالفرنسية ، لغة المستعمر !,0,negative,Negative
twifil-06552,SI L'ÉGLISE TOLÈRE LA PEDOPHILIE POURQUOI PAS LE MARIAGE DU CLERGÉ,0,negative,Negative
twifil-06553,😂😂😂😂طيرت الجبهة والرأس,0,negative,Negative
twifil-06554,MDR 😂😂😂,2,positive,Positive
twifil-06556,❤️💕💞❤️ BEAUTY ARAB,2,positive,Positive
twifil-06557,أحلى موسيقى لهذا الصباح ،،،،،,2,positive,Positive
twifil-06562,راقت لي : ﻋﻨﺪﻣﺎ ﺗﺮﻯ ﺃﺣﺪاً ﻣﺠﺘﻬﺪاً ﻓﻲ ﺍﻟﻌﺒﺎﺩﺓ تأكد بأنه ﻋﺮﻑ ﺍﻟﻐﺎﻳﺔ ﺍﻟﺘﻲ ﺧﻠﻖ ﻣﻦ ﺃﺟﻠﻬﺎ !,2,positive,Positive
twifil-06563,صرتم أنتم أسوء من اليهود حمد الله الكل يعرف من حطم العراق ومن فتى الجهاد في سوريا ومن…,0,negative,Negative
twifil-06564,4) الجزائر بحاجة إلى رجل صادق مع شعبه، لا يسرق ثروات الجزائر، ولا يساعد الآخرين على السرقة، ولا يساعد الآخرين على ت…,1,neutral,Neutral
twifil-06565,"النِّعم ثلاثة: نعمة حاصلة يعلمُ بها العبد, ونعمة منتظرة يرجُوها, ونعمة هو فيها لا يشعر بهَا. ابن القيّم..",2,positive,Positive
twifil-06566,مذ عرفتك تغيرت كل موازيني فاعدت كتابة كل دواويني,2,positive,Positive
twifil-06567,Jvai tousser sur eux,0,negative,Negative
twifil-06568,La sagesse !!!,2,positive,Positive
twifil-06569,"Colin Monehen, thanks to be a human being.",2,positive,Positive
twifil-06570,ياريتو قلبي ماحبك ولا فيك التقيت ... يوم اللي عذبني حبك من وقتها فليت 💔 يارا بحر هموم 😢🎤,0,negative,Negative
twifil-06571,Paul-Marie Couteaux évincé de SIEL en raison d'une rencontre avec - Et accusé à tort et par complot…,0,negative,Negative
twifil-06573,😊😊💎,2,positive,Positive
twifil-06574,مُجرد حديث بَسيط منكَ أشعُر وكأنما نجمة تُضيء بداخلي له أكتب❤️🥀,2,positive,Positive
twifil-06577,- ستبقى عذراء ولو أنجبت ألف طفل ، تلك التي لم تتزوج من تُحب ..✋🏼,0,negative,Negative
twifil-06578,واجبنا نحو اولادنا,2,positive,Positive
twifil-06579,Thug life...,2,positive,Positive
twifil-06580,Te Extraño Mucho 💗,2,positive,Positive
twifil-06584,"Günaydın, anlamadığım şeylere anlıyormuş gibi dinleyip gülmekten sıkıldım artık Türkiye'ye ışınlayın beni",0,negative,Negative
twifil-06585,سمك 🐠🐋🐟🎣😂,2,positive,Positive
twifil-06588,يحتاج الانسان الى سنتين لِـ يتعلم الكلام والى خمسين سنه لِـ يتعلم الصمت,0,negative,Negative
twifil-06589,مشكو على هذا الجهد,2,positive,Positive
twifil-06590,Bonjours les femmes uniquement les femmes !,2,positive,Positive
twifil-06591,Google a créé un moteur de recherche spécialisé dans le fact-checking News technology Information,2,positive,Positive
twifil-06592,لا يا اختي كل مخلوق خلقو ربي بي غريزة وهو يتسرف فيها كما ياشا,2,positive,Positive
twifil-06593,مش طالبه باحزان وجراح بنصبح وباحلي صباح,2,positive,Positive
twifil-06594,قل آلحمد لله حتى وآن بآتت آيامك خيبآت فلا شئ يسآوي آلعآفية.♥ صباح الخير☕,2,positive,Positive
twifil-06595,تعالي انتي,1,neutral,Neutral
twifil-06596,بدء التشغيل التجريبي لـ «مترو الرياض» نهاية 2018,1,neutral,Neutral
twifil-06597,# أجملالأغنية التارقية الجزائرية,2,positive,Positive
twifil-06599,kayan manha hta fi 2018,0,negative,Negative
twifil-06600,"👉Al hamdou li llâh nous avançons par la grâce d'Allah , qu'Allah vous récompense immensément ici-bas et dans l'au-d…",2,positive,Positive
twifil-06603,بايرن ميونيخ خاسرة مانشستر يونايتد خاسرة كالعادة 🤔,0,negative,Negative
twifil-06611,Ajoutez-moi dans Duo et communiquons par chat vidéo. Utilisez le lien suivant :,1,neutral,Neutral
twifil-06612,هو من يصنع لي سفينة النجاة في زمن الفيضانات فعندما تدمع العيون فرحا بعد اشتياق ترسم في الوجدان أحداث الماضي ا…,2,positive,Positive
twifil-06614,والله كل يوم أتأكد من عقدة أل سعود من إيران ويريدون تحطيم إيران بأ طريقة ويشعلون الفتن بين المغرب وا…,0,negative,Negative
twifil-06615,قنوات الكاس تطلق مسابقة السلام عليكم,1,neutral,Neutral
twifil-06616,Mais non je déconne je te garde dans mes Amis Twitter!.,2,positive,Positive
twifil-06617,temperature down 30°C -> 27°C humidity up 58% -> 74% wind 5kmh -> 6kmh,1,neutral,Neutral
twifil-06618,يزعف كي تقولو حيوان ويفرح كي تقولو سبع🐸 يخي السبع حيوان ✅✔😂,0,negative,Negative
twifil-06620,Abdou,1,neutral,Neutral
twifil-06622,But what is happiness except the simple harmony between a man and the life he leads? Albert Camus…,2,positive,Positive
twifil-06623,Dictée fallacieuse de Siel ne fait pas partie de l'essence de la nation et de la tradition françaises-Une boite-au…,0,negative,Negative
twifil-06624,انت جادة انا هنااا,2,positive,Positive
twifil-06625,اه حضرتو وقف بالحلقة 4,0,negative,Negative
twifil-06627,هالحرف من الله بجنن بقا كيف اذا هالحرف يبدأ اول حرف من أجمل الأسامي😭😍❤,2,positive,Positive
twifil-06635,""" العز بن عبدالسلام تفرغ للعلم الشرعي بعد ان تعدى الخمسين بسنة واحدة مات بالثمانين وكان أهم علماء الاسلام بعصره *لا…",2,positive,Positive
twifil-06636,😂😂😂 مشً غير راحت,0,negative,Negative
twifil-06638,بوه عليا بوه,0,negative,Negative
twifil-06639,SOUQ IS LIFE 🔥🚀✨ TheCrazySouq Crazystan GetCrazyOrDieTrying NorthAfrica africattitude Alger,2,positive,Positive
twifil-06641,فهرية صارت مختفية علينا لا ستوري و لا تحديث انستغرام و لا تويتر و لا قفشة صحافة بيبي اخدها مننا,0,negative,Negative
twifil-06642,"مقال | 180929 - أغنية Wow Thing : ""الضوء ، الهواء المنعش يجعل كتفاي تتنفسان. أصوات العضوات الرائعة تجعلها مثيرة. ا…",2,positive,Positive
twifil-06643,Worldsexar,2,positive,Positive
twifil-06644,"Qui pourrait contredire, 《John Fitzgerald Kennedy》?On connaît une nation aux hommes qu'ell…",0,negative,Negative
twifil-06645,ربي يخليك,2,positive,Positive
twifil-06646,وهنا اسمه الأربد 😍❤️❤️,2,positive,Positive
twifil-06648,جمعة مباركة...........أن شاءالله..🌹🕌🕌🕌,2,positive,Positive
twifil-06649,اين كان هذا الرافضي القذر حين كان صدام حسين يدك خياشيم أبناء الخميني في العراق؟,0,negative,Negative
twifil-06651,أنت الكلب يا حيوان,0,negative,Negative
twifil-06652,تعلتموها و عجزتم عن إستغلالها إلا في ما لا ينفعكم :التباهي بفهمكم لها لإضهار نقائس غيركم في إ…,0,negative,Negative
twifil-06653,هههههههههههه السبب 😌😌,2,positive,Positive
twifil-06654,"Amen!..Beaucoup ont compris,bien trop tard, combien la valeur d'une mère ,est précieuse... Hélas ! à qu…",0,negative,Negative
twifil-06659,"ignore ce qui se passe en Algérie ... Si ça parle de corruption , le magazine en a u…",0,negative,Negative
twifil-06660,اللهم امين و لجميع المسلمين,2,positive,Positive
twifil-06661,C'est possible quand une équipe super dopée joue contre des équipes d'inter-quartier,0,negative,Negative
twifil-06663,"هناك عدوى ذبابية أي عدوى بما يسمى "" الذباب الالكتروني "" كنا نظن أن الأسلوب المنحط والقذر والألفاض الدنيئة القذرة حك…",0,negative,Negative
twifil-06664,DEFINITION D UNE LANGUE C EST UN MOYEN TECHNIQUE POUR 'S EXPRIMER AU MEME TITRE QU'N TOURNEVIS POUR REPARER UN APP…,0,negative,Negative
twifil-06666,البارح القايد كان يقول يجب تفعيل الماده 102 7 و 8 ضد بوتفليقه اليوم نفس القايد قبل يكون نائب ل بوتفليقه نعم انه ا…,1,neutral,Neutral
twifil-06667,"Les filles arabes sont les plus belles filles du monde,approcher vous pour sucer mon pénis.",2,positive,Positive
twifil-06670,الى اصحاب العهدة الخامسة الجزائر ليست عاقر فيها رجال احسن منكم بركات بركات متخوفناش بنموذج السوري احنا نحبوا ارض ال…,0,negative,Negative
twifil-06671,dd943797def8da7d20d2a4274ef4d22bf1c6ea44d3520f30dd76ce550b7f87d1cd3c857378efc4cbd7ad7e21c84257a59424da63a4ec17d0f04…,1,neutral,Neutral
twifil-06673,شيفنا نتقاتل عيشين في الأمان والحمدلله,2,positive,Positive
twifil-06674,اللهم أنت المعطي لمن دعاك يا من ترانا ولا نراك وترزقنا ولا نبلغ ثناك اجعل لأحبتي الكرام بكل دعوة إجابةوبلغهم رضاك…,2,positive,Positive
twifil-06675,بنات الجزائر❎خط 9باحمر :على راكعين لسلمان احذرو اسيادكم كلامكم تحت رجلي شخصيا تعلمو احترام بنات الشهداء يكلاب,0,negative,Negative
twifil-06676,نادين نجيم شمس الدراما العربية وقلب الساحة الفنية ونبض الجماهيرالعالميةنادين الحب الابدى,2,positive,Positive
twifil-06680,”وإذا أحبك الله، أعزك، نصرك، أيدك، إستجاب لدُعائك، فَاللهُم حُبك.”,2,positive,Positive
twifil-06681,السلام عليك الاخت رويدة اتقدم اليك بطلب زواج رسمي . وبعد الموافقة المبدءية منك اتصلي بي لمناقشة شروط المهر والبيت....,2,positive,Positive
twifil-06683,FIFA19,1,neutral,Neutral
twifil-06684,Ouais bon flemme mdrr,0,negative,Negative
twifil-06685,Salmonelle tueuse des incas : conquistadors ’’; Bourreaux - Tortionnaires et assassins … -Cortés au…,0,negative,Negative
twifil-06687,cv,2,positive,Positive
twifil-06688,كل هذه السنوات يضطهدون و يهمشون المراة الجزائرية و يعتبرونها كائن اقل درجة و ليست مواطنة الان يتذكرونها و يريدون تو…,0,negative,Negative
twifil-06690,تحليل صحيح للعظم,2,positive,Positive
twifil-06691,"Kipa juif, Kilt, chapeau, chapeau conique peul, béret basque ou béret gascon,…",2,positive,Positive
twifil-06695,Dis tonton ce n’est pas a Béjaïa ?,1,neutral,Neutral
twifil-06698,كتب في الشريط الإخباري بقناة النهار الجزائرية أنه تم جمع أكثر من 300 توقيع بأغلبية ساحقة لتغيير رئيس المجلس الوطني…,2,positive,Positive
twifil-06699,في الجزائر يوجد من يسب الله رغم أنهم سنة يغضب يسب لله صح أو خطأ,0,negative,Negative
twifil-06700,Eidith Fodor my ex wife 1986 in debrecen .have kidnappe my babe with out give me any news,0,negative,Negative
twifil-06701,قال ابن القيَّم رحمه الله : وقد جرت عادة الله التي لا تبدَّل وسنته التي لا تحوَّل : أن يُلبس المخلص من المهابة و…,2,positive,Positive
twifil-06704,﴿يَعْلَمُ خَآئِنَةَ ٱلْأَعْيُنِ وَمَا تُخْفِى ٱلصُّدُورُ﴾ قال ابن عباس: هو الرجل يكون جالسا مع القوم، فتمر المرأة…,0,negative,Negative
twifil-06705,😎😜 à Chlef,2,positive,Positive
twifil-06706,البايرن منهزم امام هيرتا برلين 2-0 😳😳😳,0,negative,Negative
twifil-06707,"On y est entré par ""hasard"" et comme on dit "" le hasard fait bien les choses"". Franchement top ce resto ! à O'feeli…",2,positive,Positive
twifil-06708,Hai,1,neutral,Neutral
twifil-06709,GOODDAY goodmorning 😍😘💪💙,2,positive,Positive
twifil-06710,😭😭😭😭😭😭👈,0,negative,Negative
twifil-06711,ما يعرفكش برك كيف ما نعرفوك أحنا,0,negative,Negative
twifil-06712,Aich l'avis,1,neutral,Neutral
twifil-06713,my bortz baby,2,positive,Positive
twifil-06715,وما أنا إلاّ البحر يلقاك ساكنًا ويلقاك جيّاشًا مهول الغواربِ وما في سكون البحر منجاة راسبٍ ولا في ارتجاج البحر عصمة…,0,negative,Negative
twifil-06716,ما هو أكثر ما يخيف الطفل ؟ أن يفقد حُبّ من يُحب .. و هذا أكثر ما يخيفني . صباح الخير.goodmorning,0,negative,Negative
twifil-06717,خليها على الله وربي ياخذ الحق,1,neutral,Neutral
twifil-06718,•الأمل ... هو إعتناق فكرة الغد الأفضل ...🍃🌸 samia chabani🌼,2,positive,Positive
twifil-06719,JÉcoute “مبروك لقلبي” par sur Anghami 💗💗🎤🎼🎧,2,positive,Positive
twifil-06720,Makayen walou khir men l'amour 🎵,2,positive,Positive
twifil-06724,هل قطر كفارهل إيران كفار والله هاذا أكبر دليل أنكم تبعون فلسطين قطر كانت حببتكم وشريكت…,0,negative,Negative
twifil-06725,الحمد لله و يا ربي يطلع الموو,2,positive,Positive
twifil-06726,اللهم بلّغنا ما نَود، واجعل لنا دَعوة لا تُرد، وأَفتح لنا باباً إلى الجنه لا يُسد اللهم بلّغنا ما نَود، واجعل لنا…,2,positive,Positive
twifil-06727,صباحكم أنا ، رضيتو أهلاً وسهلاً 🤗 ما رضيتو ، كمان صباحكم أنا بس بدون اهلاً وسهلاً 😆😆,2,positive,Positive
twifil-06729,Mais askip l'Algérie sa été crée par la France et le couscous et Marocain,0,negative,Negative
twifil-06730,Simplement c'est le fait qu'on est poli..Et respectueux. ..C'est si rare. ..Dans cette jungle du 21 ème siècle,0,negative,Negative
twifil-06731,OMG😭😭😭😭😭😭😭,0,negative,Negative
twifil-06732,عنابة قبل قليل 🌧🌩 ساعتين دون توقف للأمطار و مازالت للآن ربي يلطف و يحفظ الزوالي 🙏 الجزائر,0,negative,Negative
twifil-06733,يا كاتيا في ذاك الزمان ... يوجد في حي واحد مسجد ومسرح و مكتبة و مدرسة و في آخر الشارع حانة .... بطب…,0,negative,Negative
twifil-06734,هؤلاء مجانين وكانهم جاؤو من كوكب اخر,0,negative,Negative
twifil-06735,فدعوة المظلوم مستجابة,2,positive,Positive
twifil-06736,ليك منوليش 7M تليق بك الملايين 💋 يليق بك النجاح 😘 والجاي احلى واحلى ✌ 🎉🎉🎉🎉🎉🎉🎉🎉💃💃💃💃💃💃💃💃 SouhilaBenLachhab,2,positive,Positive
twifil-06737,ماريانووو 🔥,1,neutral,Neutral
twifil-06738,Après chacun ses goûts mais de la dire que c’est un chef d’œuvre e,0,negative,Negative
twifil-06740,"-""الحياة بسيطة ، يأتي شخص ثم يتركك ثم يأتي أفضل منه إلخ.. أنا أبسط من الحياة ، تذهب أو تبقى هذا لن يشكل أي فرق. بب…",2,positive,Positive
twifil-06741,امل بوشوشة ❤️👌🏽,2,positive,Positive
twifil-06743,😩,0,negative,Negative
twifil-06744,السماء ليست زرقاء ،بل بعدها عن الأرض جعلها تبدو للناظر زرقاء.,1,neutral,Neutral
twifil-06745,Hello! Cv,2,positive,Positive
twifil-06746,عمر المختار... أسد الصحراء,2,positive,Positive
twifil-06748,** ولذ لقلبي في الحبيب مديح ** يخفف أورازا تزايد ثقلها على ولا يخفى على الله فعلها بكيت على نفسي فكم ذا أضل…,0,negative,Negative
twifil-06749,😢,0,negative,Negative
twifil-06750,طلبك مش عيب هيا مرحبا بك,1,neutral,Neutral
twifil-06751,Bonjour😆je suis sur Tweeter pour aimer PRO BTP & CARSAT .Fr 😁,2,positive,Positive
twifil-06752,Waw Chicago Love yoo ma biche,2,positive,Positive
twifil-06753,سليمان عليه السلام,2,positive,Positive
twifil-06754,1/La semaine passée j'ai eu affaire à un jeune gars de 28 environ qui a malheureusement fait une tentative de suici…,0,negative,Negative
twifil-06755,Listen to the new Song of the Wonderful Artist cheapdrinks dfw…,2,positive,Positive
twifil-06756,السؤال يطرح نفسه بإلحاح,2,positive,Positive
twifil-06758,😁😁😁,2,positive,Positive
twifil-06760,Il n'a plus d'échappatoire pour Henda Ayari. ...Les murs se rétrécissent. ...,0,negative,Negative
twifil-06765,ماشفتهاش اسطمبول ههه,0,negative,Negative
twifil-06767,الحمد الله الحمد الله كثير,2,positive,Positive
twifil-06768,Live SoPportunity MEPI HDN Cilas Workshop BusinessModel AbderrezakLoubar Algeria Algiers,2,positive,Positive
twifil-06769,لا لالا ياحبيباتي العزيزة انتي انسان لا استطيع ان اشبهكي بالح…,0,negative,Negative
twifil-06770,"Le meurtrier du DG -Adjoint de la mairie de Rodez, un Belge fiché par la Police 42 fois…",0,negative,Negative
twifil-06771,تفاهمي معاها انتي هههه,2,positive,Positive
twifil-06772,😏😏😂,2,positive,Positive
twifil-06773,Thèse- Siel est négative pour la société Française et à la stabilité politique ... Elle est source du mal car el…,0,negative,Negative
twifil-06774,"exactly what i thought as i saw him first time , i did not see his previous s…",0,negative,Negative
twifil-06775,صباح الورد 🌸,2,positive,Positive
twifil-06776,✌👌😘😍⚡💯™™,2,positive,Positive
twifil-06779,😂😂😂 هذا عندك شوراخ يا عزو,1,neutral,Neutral
twifil-06780,شكرن علي هاذ المعلومة بصح اين تضع البيض نتاعها,2,positive,Positive
twifil-06781,"La raison est sage ,mais le coeur peut aussi nous mener à la vérité...😋",2,positive,Positive
twifil-06782,عامل الناس كما تحب أن تعامل,2,positive,Positive
twifil-06784,معك حق في كلامك,2,positive,Positive
twifil-06785,الكتَابة هى أن تضيق بكَ كل الأرواح، كل الجمادات، فتُرحِبُ بكَ كل الحروفْ، كل الجُملْ، حتى تجدِ شيئاً من نفسك.,2,positive,Positive
twifil-06787,إليسا تقرر الابتعاد عن جمهورها لفترة.. والسبب,0,negative,Negative
twifil-06788,حتى لا ننسى,2,positive,Positive
twifil-06789,أو فهموه ...إيبالي باباها قالوا روح للقنصلية .. مبعد روح البسيكاتر ....😇,0,negative,Negative
twifil-06790,"current weather in Algiers: clear sky, 7°C 81% humidity, wind 2kmh, pressure 1022mb",1,neutral,Neutral
twifil-06791,امريكا ستتخلي عن الاكراد كما تخلت عنهم في العراق واصبحوا محاصرين من العبادي المدلل الايراني,0,negative,Negative
twifil-06792,معنى الحياة بشاشة لا هشاشة.,0,negative,Negative
twifil-06794,حتى تنفرض الوحوش التي تحكمنا,0,negative,Negative
twifil-06795,"اجيبوا داعي الاحتكام لكتاب الله القران ""{ أَوَمَن يُنَشَّأُ فِي الْحِلْيَةِ وَهُوَ فِي الْخِصَامِ غَيْرُ مُبِينٍ }…",0,negative,Negative
twifil-06796,ستغفر الله العظيم نحي الصورة من عندي ومن قتلها ربي يحاسبهم,0,negative,Negative
twifil-06797,مواضيع رائعة . دمتم,2,positive,Positive
twifil-06798,"Just bring the new Skype to Windows 10, waiting for it for long now😉 and thanks for the tip.",2,positive,Positive
twifil-06799,"Kaçanın AMK, para mı paranın AMK,dolu bir çanta para için ruhunu satanın AMK, yaşasın AMK,ne varsa yalansız AMK,senin de AMK 👌",0,negative,Negative
twifil-06800,"C'est dur quand quelqu'un vit dans ton coeur , et non dans ta vie.",0,negative,Negative
twifil-06803,Algeria Tlemcen bisous bonne année,2,positive,Positive
twifil-06805,ايام MSN 👇,2,positive,Positive
twifil-06806,Tu lachetes a ce prix là jespere t'es présent dans le musée du Real comme triple vainqueur de la LdC,0,negative,Negative
twifil-06807,Ptdrrr trop d'innocence en moi 😂,2,positive,Positive
twifil-06808,فكرتني في أعرب ما يلي الاخ ههههه,1,neutral,Neutral
twifil-06810,مستحيل 😎😎,0,negative,Negative
twifil-06811,je tame,2,positive,Positive
twifil-06812,ايبو و ايجه ماعاد يتابعو بعض 😂😂😂😂😂Ibrbir,0,negative,Negative
twifil-06814,ههههههههههههههههههههههههه مالا كان تشوفي صف تالت,2,positive,Positive
twifil-06815,يا لها من فتوة,2,positive,Positive
twifil-06816,لا لا ما شكيتش في الوقت هذا لي رانا فيه 😂😂😂,0,negative,Negative
twifil-06817,أمين يارب العالمين 💐,2,positive,Positive
twifil-06820,ماذا حققت ملكة سبأ ديو المشاهير المغرب تونس kenzamorsli KamilyaWard …,2,positive,Positive
twifil-06823,"très belle femme,CHARMANT",2,positive,Positive
twifil-06824,my dream him or one of the boys,2,positive,Positive
twifil-06825,ايدير يعني يحيى,2,positive,Positive
twifil-06826,understand this world,2,positive,Positive
twifil-06827,جزاك الله خيرا على هذه النصائح الصباحية الثمينة,2,positive,Positive
twifil-06829,فوضى داخل البرلمان الحزائر ، النواب يطلبون من رئيس البرلمان الاستقالة ، اجراء خارج القانون ...يجب على الرئيس الجمهورية تطبيق الدستور ...,0,negative,Negative
twifil-06830,الاقتراب من الله ⁦❤️⁩ لا يعني الابتعاد عن الحياه 😌,2,positive,Positive
twifil-06831,كم تعطيك السعودية حتى تقول كل هذا الزور ?...الشيعة اجناس و السعودية هي التي تساعدهم على تفتيت العالم ال…,0,negative,Negative
twifil-06832,يا رب توفيقك,2,positive,Positive
twifil-06833,وليس الحب أن يكون المحبوب بلا عيوب .. انما الحب أن يظل المحبوب برغم عيوبه محبوب ..💙,2,positive,Positive
twifil-06834,البسيني خاتم السحر كي تكوني رهن بناني ان حن قلبي لرؤياك و حل الصقيع باحضاني ...,0,negative,Negative
twifil-06835,مكان حتى زلزلة,1,neutral,Neutral
twifil-06836,Mussolini paraissait aussi sincère à protéger le peuple Italien encore adulé…,1,neutral,Neutral
twifil-06839,should i be proud to say i’m both?,2,positive,Positive
twifil-06840,Je les mets en fraction de seconde j'évite tout contact visuel avec mes pieds,0,negative,Negative
twifil-06842,GUMS,1,neutral,Neutral
twifil-06843,بناديك تعالى بناديك تعالى يحلو العمر بيك بناديك تعالى بناديك تعالى شايف أحلامي فيك مغيرني بقى اللى يشوفني يسألني ب…,2,positive,Positive
twifil-06844,This Emoji will be missed. 😭😭 EXO EXO ComingSoon EXOPLANET weareoneEXO,0,negative,Negative
twifil-06845,"Le maire de sidiaich declare ce jour que c'est pas lui qui va me delivrer la cle de la villa mais c'est la justice,que fait la police?",0,negative,Negative
twifil-06846,"【mb3.2】NORTHERN ALGERIA Depth 9km Sep 29, 2018 08:00:12 UTC (G) (EMSC)",1,neutral,Neutral
twifil-06848,صال الهواء فقوته ريح وشدة قوته العالية عاصفة بعدها الأعجاس ومن الرحمة نسيم عليل الكتير الكتير من عاش لحضاته في أ…,2,positive,Positive
twifil-06849,قلمي,1,neutral,Neutral
twifil-06850,كلكم خطر على الجزائر,0,negative,Negative
twifil-06851,"Voilà ma Kelly, après ta petite chanson voici les conséquences sur la météo 🤣🤣🤣 Grrr lol ❤️❤️❤️💋🇩🇿…",2,positive,Positive
twifil-06853,KIM TAEHYUNG BEST OF ME iHeartAwards BestBoyBand BTS,2,positive,Positive
twifil-06855,Une belle dame étalonnée dorée Une poupée de beauté et de splendeur Madame est l'art…,2,positive,Positive
twifil-06857,صباح الخير يا.,1,neutral,Neutral
twifil-06858,ههه واش من خبرة يكسبها راجل ظاجع أوروبا لثلاث ينوات على توالي زيدان هو إمبراطور تدريب,0,negative,Negative
twifil-06859,brings a whole new meaning to the phrase mushroom tip,2,positive,Positive
twifil-06860,;);),2,positive,Positive
twifil-06862,"Tu ma bloquee,ta brisé mon coeur !",0,negative,Negative
twifil-06863,ذلك العصفور المنفرد ! هل ظلمته الحياة بما يكفي لينعزل عن الجميع ! أم خذله الجميع و لم يعد يثق بأحد,0,negative,Negative
twifil-06865,هاذوا هم من خانوا قسنطينة,0,negative,Negative
twifil-06866,mood,1,neutral,Neutral
twifil-06867,دورتنا القادمة في إقليم كردستان سبەینێ دەست پێدەکات 5شەممە 2018/10/4 کاتژمێر 3 . خولی ڕاهێنانی ڕاهێنەران TOT ی ن…,1,neutral,Neutral
twifil-06868,سيد البرناليو,1,neutral,Neutral
twifil-06869,La télévision algérienne via ses speakerines مذيعات التلفزيون الجزائري الجزائر Algérie 🇩🇿💚,2,positive,Positive
twifil-06871,ولكم في القراءة حياة يا اولي الالباب💙,2,positive,Positive
twifil-06872,ربي يشافي كل مريض,2,positive,Positive
twifil-06873,الحلويات هادو نتي لي ديريهم ؟,1,neutral,Neutral
twifil-06875,"C'est vrai qu'elle est, mais elle n'est pas mauvaise non plus",2,positive,Positive
twifil-06876,bergman100 à la une de Culture DZ: « Centenaire d’Ingmar Bergman: Un hommage lui sera consacré à Alger »,2,positive,Positive
twifil-06878,La prospérité offre de nombreux avantages alors que l'adversité est…,2,positive,Positive
twifil-06879,ما العمرُ لوْلا نَتجدّد كلّ شروق ما الصبح بلا ابتسام حتى الزهور على الغصون تبسّمت داعبتها الأَنسام استَحْلَفها ق…,2,positive,Positive
twifil-06881,mdrr jsui pas à la maison donc j manger le pizza ctt,2,positive,Positive
twifil-06883,شابة جميلة,1,neutral,Neutral
twifil-06884,لها وحشة 😭😭😭😭😭,0,negative,Negative
twifil-06886,اللهم اغفر له و ارحمه ..... قد مات شهيدا,2,positive,Positive
twifil-06888,"Siel croit que sa dictée théologique dans un sens est , peut-être conforme aux conditions historiques, géographiq…",0,negative,Negative
twifil-06891,انه اكثر مكان ملي ء بالنفاق يا عزيزتي😉,0,negative,Negative
twifil-06892,ياسف سعدي خبيث بيع بن مهيدي و علي لابوانت وحسيبة بن بوعلي. واحد كيما هذا حتى ل مدح بن مهيدي لن اصدقه.,0,negative,Negative
twifil-06895,Now I start twitter Little bit lte but interesting,2,positive,Positive
twifil-06896,il est 1h du matin (en france) et c'est la rentrer mddrr ils sont pas d'humeur,0,negative,Negative
twifil-06897,Mon amour pour ceux qui ne me voient pas💏,2,positive,Positive
twifil-06898,Cette semaine vous invite à participer dans la célébration du centenaire d’Ingmar Bergman ! Ci-dessou…,2,positive,Positive
twifil-06899,مباراة اليوم جيدة ومستغرب من الي يقول فالنسبا ركن للدفاع.. أي فريق ضد البرصا يلعب مرتدات لأنهم ما يعطوك الكرة مهما…,2,positive,Positive
twifil-06901,ماذا لو ربطنا خاصرة العالم بحزام ملغم بأزهار و قلوب زرقاء ... لينفجر بالسّلام ! 💙💖,2,positive,Positive
twifil-06902,القرار يرجعلها لنجوى و شو رح تعمل نحنا معها اكيد,2,positive,Positive
twifil-06903,elimibırakma yeter şu kızın ağladığı abi ya bitti tükendi “AZRA”,0,negative,Negative
twifil-06904,كانت هنا 😂😂😂😂😂,2,positive,Positive
twifil-06906,مساء الود والورد 😁,2,positive,Positive
twifil-06908,عندي goût مليح في كلشي فاللبسة 👖👞.... فالماكلة 🍔🍟.... فالموسيقي 🎶🎤.... وكي نوصل للعباد يضربني العمي سبحان الله 🤔😂,0,negative,Negative
twifil-06909,Draped Photo: Algiers20xx /////// International Ideas Competition Link in bio 👆 DisruptiveUrbanism…,1,neutral,Neutral
twifil-06910,السيسي يا جبان .. يا عميل الامريكان,0,negative,Negative
twifil-06911,"est clair, logique dans sa réflexion d'ordre rationne…",2,positive,Positive
twifil-06913,valverde pu la merde,0,negative,Negative
twifil-06915,من الجزائر 💪🏼✌🏻,2,positive,Positive
twifil-06917,وانا شُفتك انت من نفسي قلبي اتسرق😍😍 م القلق قلبي داب عالورق😶شوق بدأ خلى ملكة سبأ تسهر لهواك تملّي👩‍🌾 …,2,positive,Positive
twifil-06918,752a4e8653b98622201969e70afeb128b08f5f3ac58b552a8da2edc3e39c2eecf10a6a7142ff09857e2a7a5e44d0f52a250eed43a05cdd574e0…,1,neutral,Neutral
twifil-06920,Attention l'alerte,0,negative,Negative
twifil-06921,هــ'ـو يـ'ـرٱهٱ ملـــگ'ــة👑..... ♡ ♥♡ ♡ وهــ'ـي تـ'ـرٱه الدنــ'ـيٱ بــٱگ'ـملــهٱ ♡,2,positive,Positive
twifil-06923,Hoummma Draria Amine BK,2,positive,Positive
twifil-06924,nice. 👍,2,positive,Positive
twifil-06925,Rien ne sert de nager tu n iras pas plus loin,0,negative,Negative
twifil-06926,🕵🏼‍♀️🤦🏽‍♂️🤦🏽‍♂️,0,negative,Negative
twifil-06927,شعلة البعث صباحي,2,positive,Positive
twifil-06928,فريق يتخبط في مشاكل اقالة المدرب الفرنسي صراعات بين أعضاء مجلس الإدارة لاعبين متوسطين فنيا ونتائج متذبذبة,0,negative,Negative
twifil-06929,لا تَرفع رأسك مِن سجودك وفي قَلبك شيء لم تقله لله ، وكُن على يَقين بأن ما طلبت سيكون لكَ قريباً بإذن الله ~,2,positive,Positive
twifil-06930,Musique: Georges Garvarentz et Charles Aznavour pour « La Marche des Anges » sur la mélodie de Les Anges…,2,positive,Positive
twifil-06931,رقم اخضر,1,neutral,Neutral
twifil-06933,ليت بن المهيدي يستيقظ يرى خليفته ولد عباس يدل في تاريخ الامجاد,0,negative,Negative
twifil-06934,المبررات السياسية لا يمكن أن تكون حجة لخرق المبادئ الدستورية و القواعد القانونية ، لا يمكن أن أتصور إلى أي مدى وصل…,0,negative,Negative
twifil-06935,قصة شاب ذهب إلى أحد حكماء الصين قصة شاب ذهب إلى أحد حكماء الصين ليتعلم منه سر النجاح - عندما يكون لديك الرغبة ا…,2,positive,Positive
twifil-06936,اعطيتَ نصف بلادك للغير و تريد مطالبة برقعة بسيطة من الارض .كيف يفكر هؤلاء العرب? مجانين و جهال .,0,negative,Negative
twifil-06938,😍❤️🏆👏🏽,2,positive,Positive
twifil-06940,إن فعلت ذلك سأتحول إلى حيوان، وسأعيش.,0,negative,Negative
twifil-06941,C'est quoi ton prénom,1,neutral,Neutral
twifil-06943,"current weather in Algiers: few clouds, 11°C 93% humidity, wind 1kmh, pressure 1017mb",1,neutral,Neutral
twifil-06944,"Avec 280 tu peux faire mieux, non?",2,positive,Positive
twifil-06947,"Pour moi,Israël est (re)devenue(ce qu'elle n'a jamais cessé d'être malgré son vernis démocratique):une…",2,positive,Positive
twifil-06948,صباح المسرات,2,positive,Positive
twifil-06949,اوكي ع العجاج,0,negative,Negative
twifil-06953,بغيت سيميوني انتاقم لينا لبن عطية,1,neutral,Neutral
twifil-06954,Macro Contrex ça va ensemble ( seconde partie WAW ) et Parachute chanel ( la façon de poser sur le refrain est MANSTRRRR ),0,negative,Negative
twifil-06955,هي ردة فعل كل طرف على عنصرية واضطهاد الثاني له. في بلادنا كي المعرب كي الامازيغي الا فئة قليلة ال…,0,negative,Negative
twifil-06957,who are you ?,1,neutral,Neutral
twifil-06959,Valls la poisse. ..Un donquichotte de pacotille. ..Même pancho ne veut pas de lui..,0,negative,Negative
twifil-06960,when you have a level 3 helmet and a gas mask in PUBG and you get that chicken dinner,2,positive,Positive
twifil-06961,لا مش كل العملاء فقط,0,negative,Negative
twifil-06962,every day your tweets get better dave,2,positive,Positive
twifil-06964,+طريقة لعب صلاح صارات مفضوحة ومكشوفة لخصوم لم يطور من مستواه هاذا كل ما لديه قدمه الموسم الماضي…,0,negative,Negative
twifil-06965,"عربي، english, français",1,neutral,Neutral
twifil-06966,ان شاء الله فيها خير,2,positive,Positive
twifil-06968,أمي، رحمها الله,0,negative,Negative
twifil-06969,Hey everyone this walo_vlogs,2,positive,Positive
twifil-06970,كم اشتاقكي ياحبيباتي العزيزة كاني منكي قريب,2,positive,Positive
twifil-06971,ان شاء الله 🙏 وانت ايضا ما تنسينا من دعواتك ❤,2,positive,Positive
twifil-06972,Je confirme! à 100 pour cent...,2,positive,Positive
twifil-06974,* يَصِفُون مكالمة الشيخ الفوزان بأنها مفبركة* *قلت لكم دلوني على صعفوق عاقل أدلكم على فيل طائر*,0,negative,Negative
twifil-06976,بوركت,2,positive,Positive
twifil-06977,كل واحد يعمر كرشو وحدو,0,negative,Negative
twifil-06978,A F,1,neutral,Neutral
twifil-06980,اظن ان شكيب خليل دائما سعيد مهما اختلفت الشهور ، لان الشهور عنده تتشابه و ليس هناك ما يحزنه ، عنده ما يسعده قرونا طوال,0,negative,Negative
twifil-06982,قاليوك قال الهازسين ايفيت من اول موسم يا تافهة,0,negative,Negative
twifil-06983,Peut-être que nous ne voulions pas aimer autant que nous voulions que quelqu'un nous comprenne😜 Khãlįl♥ à Mostala…,2,positive,Positive
twifil-06984,لا تقتل فرحتك بأفكار الأمس ثق بأن لكل يوم ؛ أشياء أجمل ..💭 .. .. .. .. واعلمـ أن قليلاً من الصبر ؛ قد يصنع ا…,2,positive,Positive
twifil-06986,Rip ♥,2,positive,Positive
twifil-06987,بشرط سمي روحك العليا جقبوبي 😂😂😂😂,0,negative,Negative
twifil-06988,جديد عودة 🎮 لعبة Mobile Legends Bang Bang إلى Mobilistore ✔كل ما عليكم فعله هو تحميل التحديث عبر التطبيق Mobili…,2,positive,Positive
twifil-06989,KenzaInMissGold ان شاء الله تلبس لون ازرق او ابيض😍,2,positive,Positive
twifil-06991,الله برك فيك ربي خليك لعقوبة لي مزلو إن شاء الله كي اليوم يفرحو😍😘,2,positive,Positive
twifil-06992,انشالله تكوني حير الناس اللي في كل شيء أتمنى من الله تعالى أن يكون هناك الخير,2,positive,Positive
twifil-06993,جاي المطر جاي ♥️,2,positive,Positive
twifil-06994,من نهار فضحاتو اخت الشهيد بن مهيدي مازادش حل فمو.,2,positive,Positive
twifil-06995,Je hais les imbéciles -renégats .Malgré que était entouré par les Français et premier…,0,negative,Negative
twifil-06996,جزايري تاع صح 😂😂😂👍,2,positive,Positive
twifil-06997,"Coup de cœur pour ""The Talos Principle "", fond et forme, un ""Portal"" avec du sens (un peu plus)",2,positive,Positive
twifil-07000,بليز خاص,2,positive,Positive
twifil-07001,e3902827de1588f520408bf631a96c97e5db7b21301dcc1b8a81a8e1e8012f9720ffebd37e2d81a1514d802a6794b58be01d0cf7c9fa636158f…,1,neutral,Neutral
twifil-07002,ههههه فاقو بيك,0,negative,Negative
twifil-07003,اعطيني الحل خويا,1,neutral,Neutral
twifil-07005,انك ميت وانهم ميتون صعد المنبروقال ان عبدا خيره الله بين الدنيا والاخره فاختارالاخره بكى ابوبكروفهم ان موت الرسول حلت,0,negative,Negative
twifil-07006,اه يعني تشابه القاب وبس 🙄,0,negative,Negative
twifil-07009,Le plus grand plaisir dans la vie est de réaliser ce que les autres vous pensent incapables de réaliser .,2,positive,Positive
twifil-07010,رقم واحد (١) صدام حسين البطل الله يرحمه,2,positive,Positive
twifil-07011,"خرفان الجزائر اتجاه فرنسا لهذا السبب سمي الطريق المؤدي الى الميناء. "" la route moutoniere "" لكم التعليق 😑",0,negative,Negative
twifil-07012,السعادة ليست في تشجيع الكرة السعادة أن أرى محدثتي تكرم بنشر تغريدتها من طرف مجمع عالمي للصحافة ....عل…,0,negative,Negative
twifil-07013,اضحكو بشويه ههه كتاب ام وليد مع التاريخ 🤣🤣🤣🤣,0,negative,Negative
twifil-07014,تسمى نحاو الكتاب ودارو التحضيري مكفاتهمش راح يكملو عليهم بالرقص لا حول الله,0,negative,Negative
twifil-07016,"if you are fan of Comedy n Foreign Cinema , i've picked for u this movie from Hindi Cinema , a modern…",2,positive,Positive
twifil-07017,ناولني المصدر أريد أن أقرأ ...التاريخ,1,neutral,Neutral
twifil-07018,🥀💐🌹🌼RABI YARHEMHA🥀💐🌹🌼 🌹🌹🌹SABAH ELKHIR🌹🌹🌹,2,positive,Positive
twifil-07019,الجزاير قل لأبنائك ؛ ناموا حتى نصحى لصلاة الفجر ، و سيكون همّهم دائماً للآخرة و لاتقل لهم ؛ ناموا غداً مدرسة حتى…,2,positive,Positive
twifil-07021,فيديو | 181003 ايونبِي لاين في حفل OrangeLife Breaking Stress اليوم :,1,neutral,Neutral
twifil-07022,EXO WelcomeToDubaiEXO EXOPowerDubai ⛲,2,positive,Positive
twifil-07023,1a593c91fca2ecb920157bade94e21c1042e918451029fab7c30755e4a82cf3c11ba644e1bbb3af19ea8e02014e254dc11cd12e801c48b4f47f…,1,neutral,Neutral
twifil-07024,"Pour le fun, prétention salariale? En DM si tu as honte.",2,positive,Positive
twifil-07025,1) ثمرة الليمون فعالة فى محاربة الامراض المرتبطة بالعدوى. 2) شرب عصير الليمون مفيد لمرضي القلب لانه غني بالبوتاسيو…,2,positive,Positive
twifil-07026,Nothing bad will happen.. All armys there are grown ups. Don't worry.. Let's just pray for t…,2,positive,Positive
twifil-07029,الكل يطالب بدعم الفلاح الخباز مول الدلاع لا نرى هذا الا فلجزائر,0,negative,Negative
twifil-07031,هي الجزائر ام الشهداء.. وكفى,2,positive,Positive
twifil-07032,start using this BTSGoToSleep we want to rise it WW plz spread,2,positive,Positive
twifil-07033,Les équipe Cityzens ❤❤,2,positive,Positive
twifil-07035,You should note that women pr…,1,neutral,Neutral
twifil-07037,ههههههههه سكي اص,0,negative,Negative
twifil-07040,لسة مشفتش الحلقة 2 ولا الثالثة 🙄منها لله الكلية لي خذتني من مسلسلاتي 😪🚶‍♀️ Kızım,0,negative,Negative
twifil-07042,ابتعدي دهرا ان شأت فيبقى أملنا قائما في عودتك مع شروق كل يوم ؛ لكن ان تغلقي ابواب الابداع في وجوهنا فهذا غير مسموح…,0,negative,Negative
twifil-07044,اللهم امين وانت داعى ولك بالمثل مساء النور والأمل,1,neutral,Neutral
twifil-07045,إذا ما حكينا مش معناتو ما عم نشوف.,0,negative,Negative
twifil-07046,والله امزح تغريداتك على العين والراس 🌹,2,positive,Positive
twifil-07047,guys little mix goons preform with NickI minage in the x factor this is the best end of the year,2,positive,Positive
twifil-07052,": إليسا تنشر التفاؤل بين متابعيها: ""لا شيء يمكن أن يجعلني حزينة"" LBCI LBCINews""",2,positive,Positive
twifil-07053,هاذي نظرة ولا رصاصة😍😍,2,positive,Positive
twifil-07054,صباح النووور ... شفاء لا يغادر سقما ان شاء الله,2,positive,Positive
twifil-07055,وراء كل رجل عظيم امرأة ❤😍,2,positive,Positive
twifil-07056,من البطله ناااو 😂💪🏻💪🏻,1,neutral,Neutral
twifil-07058,نورمالمو تلقايه في اليوتوب تضحكي شوية,2,positive,Positive
twifil-07060,انا اكلمك من الستينات الى اليوم مش من 2001. من تقصد بالمسؤولين الامازيغ؟ اويحي؟ حداد؟ ا…,0,negative,Negative
twifil-07062,إسمع بارك الله فيك,2,positive,Positive
twifil-07064,صباحك أسعد وأجمل,2,positive,Positive
twifil-07065,La justice française constipée ...libérez Tarik Ramadan,0,negative,Negative
twifil-07066,💜💜💜💜💜💜💜💜💜💜💜💜💜💜💜💜💜💜💜💜💜💜💜💜💜💜smile Vee 💜💜💜💜💜💜💜we purple you too 💜💜💜💜💜💜💜💜💜💜💜💜💜💜💜💜,2,positive,Positive
twifil-07067,- ابتلعت كثيرا,1,neutral,Neutral
twifil-07068,"HHHHHHH Affirmatif , monsieur",2,positive,Positive
twifil-07070,قمر ونجوم وكل مهو جميل يسلملي حلو,1,neutral,Neutral
twifil-07071,صراحةة انا تاني حتى الان باش عرفت,0,negative,Negative
twifil-07073,c'est tacle ne vous trompez pas les…,0,negative,Negative
twifil-07075,اللقطات الحائزة على أفضل صور في مسابقة التصوير البيئي لعام 2018..😉😍.,2,positive,Positive
twifil-07076,قال الشيخ د صالح الفوزان: شهوات عاجلة ونيران آجلة فعلى المسلم أن يختار لنفسه الطريق الصحيح ويلزم طريق النبي صلى ا…,2,positive,Positive
