dataset,id,original_split,step,detail
twifil,twifil-00001,train,1_empty_after_url_mention_removal,links_and_mentions_only
twifil,twifil-00012,train,1_empty_after_url_mention_removal,links_and_mentions_only
twifil,twifil-00015,train,1_empty_after_url_mention_removal,links_and_mentions_only
twifil,twifil-00028,train,1_empty_after_url_mention_removal,links_and_mentions_only
twifil,twifil-00032,train,1_empty_after_url_mention_removal,links_and_mentions_only
twifil,twifil-00037,train,1_empty_after_url_mention_removal,links_and_mentions_only
twifil,twifil-00039,train,1_empty_after_url_mention_removal,links_and_mentions_only
twifil,twifil-00042,train,1_empty_after_url_mention_removal,links_and_mentions_only
twifil,twifil-00055,train,1_empty_after_url_mention_removal,punctuation_or_digits_only
twifil,twifil-00073,train,1_empty_after_url_mention_removal,links_and_mentions_only
twifil,twifil-00084,train,1_empty_after_url_mention_removal,links_and_mentions_only
twifil,twifil-00087,train,1_empty_after_url_mention_removal,links_and_mentions_only
twifil,twifil-00089,train,1_empty_after_url_mention_removal,links_and_mentions_only
twifil,twifil-00090,train,1_empty_after_url_mention_removal,links_and_mentions_only
twifil,twifil-00095,train,1_empty_after_url_mention_removal,links_and_mentions_only
twifil,twifil-00105,train,1_empty_after_url_mention_removal,links_and_mentions_only
twifil,twifil-00123,train,1_empty_after_url_mention_removal,links_and_mentions_only
twifil,twifil-00136,train,1_empty_after_url_mention_removal,links_and_mentions_only
twifil,twifil-00138,train,1_empty_after_url_mention_removal,links_and_mentions_only
twifil,twifil-00140,train,1_empty_after_url_mention_removal,punctuation_or_digits_only
twifil,twifil-00142,train,1_empty_after_url_mention_removal,links_and_mentions_only
twifil,twifil-00149,train,1_empty_after_url_mention_removal,links_and_mentions_only
twifil,twifil-00155,train,1_empty_after_url_mention_removal,links_and_mentions_only
twifil,twifil-00162,train,1_empty_after_url_mention_removal,links_and_mentions_only
twifil,twifil-00167,train,1_empty_after_url_mention_removal,links_and_mentions_only
twifil,twifil-00169,train,1_empty_after_url_mention_removal,links_and_mentions_only
twifil,twifil-00172,train,1_empty_after_url_mention_removal,punctuation_or_digits_only
twifil,twifil-00178,train,1_empty_after_url_mention_removal,links_and_mentions_only
twifil,twifil-00187,train,1_empty_after_url_mention_removal,links_and_mentions_only
twifil,twifil-00189,train,1_empty_after_url_mention_removal,links_and_mentions_only
twifil,twifil-00202,train,1_empty_after_url_mention_removal,links_and_mentions_only
twifil,twifil-00203,train,1_empty_after_url_mention_removal,links_and_mentions_only
twifil,twifil-00204,train,1_empty_after_url_mention_removal,links_and_mentions_only
twifil,twifil-00206,train,1_empty_after_url_mention_removal,punctuation_or_digits_only
twifil,twifil-00211,train,1_empty_after_url_mention_removal,links_and_mentions_only
twifil,twifil-00213,train,1_empty_after_url_mention_removal,links_and_mentions_only
twifil,twifil-00214,train,1_empty_after_url_mention_removal,links_and_mentions_only
twifil,twifil-00216,train,1_empty_after_url_mention_removal,links_and_mentions_only
twifil,twifil-00223,train,1_empty_after_url_mention_removal,links_and_mentions_only
twifil,twifil-00225,train,1_empty_after_url_mention_removal,links_and_mentions_only
twifil,twifil-00228,train,1_empty_after_url_mention_removal,links_and_mentions_only
twifil,twifil-00245,train,1_empty_after_url_mention_removal,links_and_mentions_only
twifil,twifil-00256,train,1_empty_after_url_mention_removal,links_and_mentions_only
twifil,twifil-00261,train,1_empty_after_url_mention_removal,punctuation_or_digits_only
twifil,twifil-00273,train,1_empty_after_url_mention_removal,links_and_mentions_only
twifil,twifil-00282,train,1_empty_after_url_mention_removal,links_and_mentions_only
twifil,twifil-00283,train,1_empty_after_url_mention_removal,links_and_mentions_only
twifil,twifil-00312,train,1_empty_after_url_mention_removal,links_and_mentions_only
twifil,twifil-00314,train,1_empty_after_url_mention_removal,links_and_mentions_only
twifil,twifil-00316,train,1_empty_after_url_mention_removal,punctuation_or_digits_only
twifil,twifil-00324,train,1_empty_after_url_mention_removal,links_and_mentions_only
twifil,twifil-00335,train,1_empty_after_url_mention_removal,links_and_mentions_only
twifil,twifil-00356,train,1_empty_after_url_mention_removal,punctuation_or_digits_only
twifil,twifil-00358,train,1_empty_after_url_mention_removal,links_and_mentions_only
twifil,twifil-00359,train,1_empty_after_url_mention_removal,links_and_mentions_only
twifil,twifil-00361,train,1_empty_after_url_mention_removal,links_and_mentions_only
twifil,twifil-00364,train,1_empty_after_url_mention_removal,links_and_mentions_only
twifil,twifil-00369,train,1_empty_after_url_mention_removal,links_and_mentions_only
twifil,twifil-00371,train,1_empty_after_url_mention_removal,links_and_mentions_only
twifil,twifil-00378,train,1_empty_after_url_mention_removal,links_and_mentions_only
twifil,twifil-00381,train,1_empty_after_url_mention_removal,links_and_mentions_only
twifil,twifil-00391,train,1_empty_after_url_mention_removal,links_and_mentions_only
twifil,twifil-00398,train,1_empty_after_url_mention_removal,links_and_mentions_only
twifil,twifil-00402,train,1_empty_after_url_mention_removal,links_and_mentions_only
twifil,twifil-00420,train,1_empty_after_url_mention_removal,links_and_mentions_only
twifil,twifil-00427,train,1_empty_after_url_mention_removal,links_and_mentions_only
twifil,twifil-00431,train,1_empty_after_url_mention_removal,links_and_mentions_only
twifil,twifil-00436,train,1_empty_after_url_mention_removal,links_and_mentions_only
twifil,twifil-00443,train,1_empty_after_url_mention_removal,links_and_mentions_only
twifil,twifil-00444,train,1_empty_after_url_mention_removal,links_and_mentions_only
twifil,twifil-00456,train,1_empty_after_url_mention_removal,links_and_mentions_only
twifil,twifil-00487,train,1_empty_after_url_mention_removal,links_and_mentions_only
twifil,twifil-00489,train,1_empty_after_url_mention_removal,links_and_mentions_only
twifil,twifil-00493,train,1_empty_after_url_mention_removal,links_and_mentions_only
twifil,twifil-00498,train,1_empty_after_url_mention_removal,links_and_mentions_only
twifil,twifil-00524,train,1_empty_after_url_mention_removal,links_and_mentions_only
twifil,twifil-00533,train,1_empty_after_url_mention_removal,links_and_mentions_only
twifil,twifil-00545,train,1_empty_after_url_mention_removal,links_and_mentions_only
twifil,twifil-00549,train,1_empty_after_url_mention_removal,links_and_mentions_only
twifil,twifil-00550,train,1_empty_after_url_mention_removal,links_and_mentions_only
twifil,twifil-00553,train,1_empty_after_url_mention_removal,links_and_mentions_only
twifil,twifil-00561,train,1_empty_after_url_mention_removal,links_and_mentions_only
twifil,twifil-00568,train,1_empty_after_url_mention_removal,links_and_mentions_only
twifil,twifil-00571,train,1_empty_after_url_mention_removal,links_and_mentions_only
twifil,twifil-00583,train,1_empty_after_url_mention_removal,other_script
twifil,twifil-00590,train,1_empty_after_url_mention_removal,links_and_mentions_only
twifil,twifil-00593,train,1_empty_after_url_mention_removal,links_and_mentions_only
twifil,twifil-00597,train,1_empty_after_url_mention_removal,links_and_mentions_only
twifil,twifil-00606,train,1_empty_after_url_mention_removal,links_and_mentions_only
twifil,twifil-00613,train,1_empty_after_url_mention_removal,links_and_mentions_only
twifil,twifil-00617,train,1_empty_after_url_mention_removal,other_script
twifil,twifil-00618,train,1_empty_after_url_mention_removal,links_and_mentions_only
twifil,twifil-00621,train,1_empty_after_url_mention_removal,links_and_mentions_only
twifil,twifil-00629,train,1_empty_after_url_mention_removal,links_and_mentions_only
twifil,twifil-00632,train,1_empty_after_url_mention_removal,links_and_mentions_only
twifil,twifil-00635,train,1_empty_after_url_mention_removal,links_and_mentions_only
twifil,twifil-00640,train,1_empty_after_url_mention_removal,links_and_mentions_only
twifil,twifil-00648,train,1_empty_after_url_mention_removal,links_and_mentions_only
twifil,twifil-00682,train,1_empty_after_url_mention_removal,links_and_mentions_only
twifil,twifil-00695,train,1_empty_after_url_mention_removal,links_and_mentions_only
twifil,twifil-00698,train,1_empty_after_url_mention_removal,links_and_mentions_only
twifil,twifil-00702,train,1_empty_after_url_mention_removal,links_and_mentions_only
twifil,twifil-00715,train,1_empty_after_url_mention_removal,punctuation_or_digits_only
twifil,twifil-00725,train,1_empty_after_url_mention_removal,links_and_mentions_only
twifil,twifil-00730,train,1_empty_after_url_mention_removal,links_and_mentions_only
twifil,twifil-00731,train,1_empty_after_url_mention_removal,links_and_mentions_only
twifil,twifil-00738,train,1_empty_after_url_mention_removal,links_and_mentions_only
twifil,twifil-00745,train,1_empty_after_url_mention_removal,punctuation_or_digits_only
twifil,twifil-00748,train,1_empty_after_url_mention_removal,links_and_mentions_only
twifil,twifil-00753,train,1_empty_after_url_mention_removal,links_and_mentions_only
twifil,twifil-00767,train,1_empty_after_url_mention_removal,links_and_mentions_only
twifil,twifil-00769,train,1_empty_after_url_mention_removal,links_and_mentions_only
twifil,twifil-00776,train,1_empty_after_url_mention_removal,links_and_mentions_only
twifil,twifil-00785,train,1_empty_after_url_mention_removal,links_and_mentions_only
twifil,twifil-00797,train,1_empty_after_url_mention_removal,punctuation_or_digits_only
twifil,twifil-00816,train,1_empty_after_url_mention_removal,links_and_mentions_only
twifil,twifil-00822,train,1_empty_after_url_mention_removal,links_and_mentions_only
twifil,twifil-00828,train,1_empty_after_url_mention_removal,links_and_mentions_only
twifil,twifil-00832,train,1_empty_after_url_mention_removal,links_and_mentions_only
twifil,twifil-00833,train,1_empty_after_url_mention_removal,links_and_mentions_only
twifil,twifil-00848,train,1_empty_after_url_mention_removal,punctuation_or_digits_only
twifil,twifil-00881,train,1_empty_after_url_mention_removal,links_and_mentions_only
twifil,twifil-00886,train,1_empty_after_url_mention_removal,links_and_mentions_only
twifil,twifil-00893,train,1_empty_after_url_mention_removal,links_and_mentions_only
twifil,twifil-00895,train,1_empty_after_url_mention_removal,other_script
twifil,twifil-00905,train,1_empty_after_url_mention_removal,punctuation_or_digits_only
twifil,twifil-00911,train,1_empty_after_url_mention_removal,links_and_mentions_only
twifil,twifil-00917,train,1_empty_after_url_mention_removal,other_script
twifil,twifil-00919,train,1_empty_after_url_mention_removal,links_and_mentions_only
twifil,twifil-00933,train,1_empty_after_url_mention_removal,links_and_mentions_only
twifil,twifil-00937,train,1_empty_after_url_mention_removal,links_and_mentions_only
twifil,twifil-00943,train,1_empty_after_url_mention_removal,links_and_mentions_only
twifil,twifil-00962,train,1_empty_after_url_mention_removal,links_and_mentions_only
twifil,twifil-00970,train,1_empty_after_url_mention_removal,links_and_mentions_only
twifil,twifil-00974,train,1_empty_after_url_mention_removal,links_and_mentions_only
twifil,twifil-00976,train,1_empty_after_url_mention_removal,links_and_mentions_only
twifil,twifil-00983,train,1_empty_after_url_mention_removal,links_and_mentions_only
twifil,twifil-00997,train,1_empty_after_url_mention_removal,links_and_mentions_only
twifil,twifil-01010,train,1_empty_after_url_mention_removal,links_and_mentions_only
twifil,twifil-01013,train,1_empty_after_url_mention_removal,links_and_mentions_only
twifil,twifil-01026,train,1_empty_after_url_mention_removal,links_and_mentions_only
twifil,twifil-01031,train,1_empty_after_url_mention_removal,links_and_mentions_only
twifil,twifil-01032,train,1_empty_after_url_mention_removal,links_and_mentions_only
twifil,twifil-01043,train,1_empty_after_url_mention_removal,links_and_mentions_only
twifil,twifil-01045,train,1_empty_after_url_mention_removal,links_and_mentions_only
twifil,twifil-01051,train,1_empty_after_url_mention_removal,links_and_mentions_only
twifil,twifil-01057,train,1_empty_after_url_mention_removal,links_and_mentions_only
twifil,twifil-01061,train,1_empty_after_url_mention_removal,links_and_mentions_only
twifil,twifil-01071,train,1_empty_after_url_mention_removal,links_and_mentions_only
twifil,twifil-01073,train,1_empty_after_url_mention_removal,links_and_mentions_only
twifil,twifil-01074,train,1_empty_after_url_mention_removal,links_and_mentions_only
twifil,twifil-01077,train,1_empty_after_url_mention_removal,links_and_mentions_only
twifil,twifil-01078,train,1_empty_after_url_mention_removal,links_and_mentions_only
twifil,twifil-01086,train,1_empty_after_url_mention_removal,punctuation_or_digits_only
twifil,twifil-01091,train,1_empty_after_url_mention_removal,links_and_mentions_only
twifil,twifil-01102,train,1_empty_after_url_mention_removal,links_and_mentions_only
twifil,twifil-01116,train,1_empty_after_url_mention_removal,links_and_mentions_only
twifil,twifil-01119,train,1_empty_after_url_mention_removal,links_and_mentions_only
twifil,twifil-01122,train,1_empty_after_url_mention_removal,links_and_mentions_only
twifil,twifil-01125,train,1_empty_after_url_mention_removal,links_and_mentions_only
twifil,twifil-01129,train,1_empty_after_url_mention_removal,links_and_mentions_only
twifil,twifil-01147,train,1_empty_after_url_mention_removal,links_and_mentions_only
twifil,twifil-01152,train,1_empty_after_url_mention_removal,links_and_mentions_only
twifil,twifil-01157,train,1_empty_after_url_mention_removal,links_and_mentions_only
twifil,twifil-01160,train,1_empty_after_url_mention_removal,links_and_mentions_only
twifil,twifil-01163,train,1_empty_after_url_mention_removal,links_and_mentions_only
twifil,twifil-01164,train,1_empty_after_url_mention_removal,links_and_mentions_only
twifil,twifil-01189,train,1_empty_after_url_mention_removal,links_and_mentions_only
twifil,twifil-01195,train,1_empty_after_url_mention_removal,links_and_mentions_only
twifil,twifil-01213,train,1_empty_after_url_mention_removal,links_and_mentions_only
twifil,twifil-01226,train,1_empty_after_url_mention_removal,links_and_mentions_only
twifil,twifil-01230,train,1_empty_after_url_mention_removal,links_and_mentions_only
twifil,twifil-01244,train,1_empty_after_url_mention_removal,links_and_mentions_only
twifil,twifil-01255,train,1_empty_after_url_mention_removal,links_and_mentions_only
twifil,twifil-01259,train,1_empty_after_url_mention_removal,other_script
twifil,twifil-01262,train,1_empty_after_url_mention_removal,links_and_mentions_only
twifil,twifil-01265,train,1_empty_after_url_mention_removal,links_and_mentions_only
twifil,twifil-01275,train,1_empty_after_url_mention_removal,links_and_mentions_only
twifil,twifil-01284,train,1_empty_after_url_mention_removal,links_and_mentions_only
twifil,twifil-01289,train,1_empty_after_url_mention_removal,links_and_mentions_only
twifil,twifil-01298,train,1_empty_after_url_mention_removal,links_and_mentions_only
twifil,twifil-01301,train,1_empty_after_url_mention_removal,links_and_mentions_only
twifil,twifil-01316,train,1_empty_after_url_mention_removal,links_and_mentions_only
twifil,twifil-01324,train,1_empty_after_url_mention_removal,links_and_mentions_only
twifil,twifil-01339,train,1_empty_after_url_mention_removal,punctuation_or_digits_only
twifil,twifil-01346,train,1_empty_after_url_mention_removal,links_and_mentions_only
twifil,twifil-01347,train,1_empty_after_url_mention_removal,links_and_mentions_only
twifil,twifil-01364,train,1_empty_after_url_mention_removal,links_and_mentions_only
twifil,twifil-01365,train,1_empty_after_url_mention_removal,links_and_mentions_only
twifil,twifil-01393,train,1_empty_after_url_mention_removal,links_and_mentions_only
twifil,twifil-01406,train,1_empty_after_url_mention_removal,links_and_mentions_only
twifil,twifil-01416,train,1_empty_after_url_mention_removal,links_and_mentions_only
twifil,twifil-01417,train,1_empty_after_url_mention_removal,punctuation_or_digits_only
twifil,twifil-01427,train,1_empty_after_url_mention_removal,links_and_mentions_only
twifil,twifil-01447,train,1_empty_after_url_mention_removal,links_and_mentions_only
twifil,twifil-01454,train,1_empty_after_url_mention_removal,links_and_mentions_only
twifil,twifil-01461,train,1_empty_after_url_mention_removal,links_and_mentions_only
twifil,twifil-01463,train,1_empty_after_url_mention_removal,punctuation_or_digits_only
twifil,twifil-01464,train,1_empty_after_url_mention_removal,links_and_mentions_only
twifil,twifil-01470,train,1_empty_after_url_mention_removal,links_and_mentions_only
twifil,twifil-01477,train,1_empty_after_url_mention_removal,links_and_mentions_only
twifil,twifil-01488,train,1_empty_after_url_mention_removal,links_and_mentions_only
twifil,twifil-01490,train,1_empty_after_url_mention_removal,links_and_mentions_only
twifil,twifil-01495,train,1_empty_after_url_mention_removal,punctuation_or_digits_only
twifil,twifil-01497,train,1_empty_after_url_mention_removal,links_and_mentions_only
twifil,twifil-01498,train,1_empty_after_url_mention_removal,links_and_mentions_only
twifil,twifil-01500,train,1_empty_after_url_mention_removal,links_and_mentions_only
twifil,twifil-01507,train,1_empty_after_url_mention_removal,links_and_mentions_only
twifil,twifil-01509,train,1_empty_after_url_mention_removal,links_and_mentions_only
twifil,twifil-01511,train,1_empty_after_url_mention_removal,links_and_mentions_only
twifil,twifil-01519,train,1_empty_after_url_mention_removal,links_and_mentions_only
twifil,twifil-01531,train,1_empty_after_url_mention_removal,links_and_mentions_only
twifil,twifil-01532,train,1_empty_after_url_mention_removal,links_and_mentions_only
twifil,twifil-01549,train,1_empty_after_url_mention_removal,links_and_mentions_only
twifil,twifil-01550,train,1_empty_after_url_mention_removal,links_and_mentions_only
twifil,twifil-01552,train,1_empty_after_url_mention_removal,links_and_mentions_only
twifil,twifil-01563,train,1_empty_after_url_mention_removal,links_and_mentions_only
twifil,twifil-01570,train,1_empty_after_url_mention_removal,links_and_mentions_only
twifil,twifil-01571,train,1_empty_after_url_mention_removal,links_and_mentions_only
twifil,twifil-01592,train,1_empty_after_url_mention_removal,links_and_mentions_only
twifil,twifil-01593,train,1_empty_after_url_mention_removal,links_and_mentions_only
twifil,twifil-01594,train,1_empty_after_url_mention_removal,links_and_mentions_only
twifil,twifil-01601,train,1_empty_after_url_mention_removal,links_and_mentions_only
twifil,twifil-01602,train,1_empty_after_url_mention_removal,links_and_mentions_only
twifil,twifil-01613,train,1_empty_after_url_mention_removal,links_and_mentions_only
twifil,twifil-01626,train,1_empty_after_url_mention_removal,links_and_mentions_only
twifil,twifil-01627,train,1_empty_after_url_mention_removal,links_and_mentions_only
twifil,twifil-01628,train,1_empty_after_url_mention_removal,links_and_mentions_only
twifil,twifil-01631,train,1_empty_after_url_mention_removal,links_and_mentions_only
twifil,twifil-01632,train,1_empty_after_url_mention_removal,punctuation_or_digits_only
twifil,twifil-01635,train,1_empty_after_url_mention_removal,links_and_mentions_only
twifil,twifil-01642,train,1_empty_after_url_mention_removal,links_and_mentions_only
twifil,twifil-01652,train,1_empty_after_url_mention_removal,links_and_mentions_only
twifil,twifil-01653,train,1_empty_after_url_mention_removal,links_and_mentions_only
twifil,twifil-01660,train,1_empty_after_url_mention_removal,links_and_mentions_only
twifil,twifil-01663,train,1_empty_after_url_mention_removal,links_and_mentions_only
twifil,twifil-01670,train,1_empty_after_url_mention_removal,links_and_mentions_only
twifil,twifil-01673,train,1_empty_after_url_mention_removal,links_and_mentions_only
twifil,twifil-01686,train,1_empty_after_url_mention_removal,links_and_mentions_only
twifil,twifil-01692,train,1_empty_after_url_mention_removal,links_and_mentions_only
twifil,twifil-01695,train,1_empty_after_url_mention_removal,links_and_mentions_only
twifil,twifil-01704,train,1_empty_after_url_mention_removal,links_and_mentions_only
twifil,twifil-01705,train,1_empty_after_url_mention_removal,links_and_mentions_only
twifil,twifil-01707,train,1_empty_after_url_mention_removal,links_and_mentions_only
twifil,twifil-01712,train,1_empty_after_url_mention_removal,links_and_mentions_only
twifil,twifil-01716,train,1_empty_after_url_mention_removal,links_and_mentions_only
twifil,twifil-01718,train,1_empty_after_url_mention_removal,links_and_mentions_only
twifil,twifil-01720,train,1_empty_after_url_mention_removal,links_and_mentions_only
twifil,twifil-01731,train,1_empty_after_url_mention_removal,links_and_mentions_only
twifil,twifil-01735,train,1_empty_after_url_mention_removal,links_and_mentions_only
twifil,twifil-01741,train,1_empty_after_url_mention_removal,links_and_mentions_only
twifil,twifil-01748,train,1_empty_after_url_mention_removal,links_and_mentions_only
twifil,twifil-01762,train,1_empty_after_url_mention_removal,links_and_mentions_only
twifil,twifil-01781,train,1_empty_after_url_mention_removal,links_and_mentions_only
twifil,twifil-01793,train,1_empty_after_url_mention_removal,links_and_mentions_only
twifil,twifil-01798,train,1_empty_after_url_mention_removal,links_and_mentions_only
twifil,twifil-01803,train,1_empty_after_url_mention_removal,links_and_mentions_only
twifil,twifil-01817,train,1_empty_after_url_mention_removal,links_and_mentions_only
twifil,twifil-01830,train,1_empty_after_url_mention_removal,links_and_mentions_only
twifil,twifil-01839,train,1_empty_after_url_mention_removal,links_and_mentions_only
twifil,twifil-01841,train,1_empty_after_url_mention_removal,links_and_mentions_only
twifil,twifil-01845,train,1_empty_after_url_mention_removal,links_and_mentions_only
twifil,twifil-01857,train,1_empty_after_url_mention_removal,links_and_mentions_only
twifil,twifil-01859,train,1_empty_after_url_mention_removal,links_and_mentions_only
twifil,twifil-01865,train,1_empty_after_url_mention_removal,links_and_mentions_only
twifil,twifil-01879,train,1_empty_after_url_mention_removal,links_and_mentions_only
twifil,twifil-01880,train,1_empty_after_url_mention_removal,links_and_mentions_only
twifil,twifil-01883,train,1_empty_after_url_mention_removal,links_and_mentions_only
twifil,twifil-01894,train,1_empty_after_url_mention_removal,other_script
twifil,twifil-01902,train,1_empty_after_url_mention_removal,links_and_mentions_only
twifil,twifil-01908,train,1_empty_after_url_mention_removal,links_and_mentions_only
twifil,twifil-01933,train,1_empty_after_url_mention_removal,links_and_mentions_only
twifil,twifil-01934,train,1_empty_after_url_mention_removal,links_and_mentions_only
twifil,twifil-01935,train,1_empty_after_url_mention_removal,links_and_mentions_only
twifil,twifil-01938,train,1_empty_after_url_mention_removal,links_and_mentions_only
twifil,twifil-01947,train,1_empty_after_url_mention_removal,links_and_mentions_only
twifil,twifil-01979,train,1_empty_after_url_mention_removal,links_and_mentions_only
twifil,twifil-01980,train,1_empty_after_url_mention_removal,links_and_mentions_only
twifil,twifil-01989,train,1_empty_after_url_mention_removal,links_and_mentions_only
twifil,twifil-01993,train,1_empty_after_url_mention_removal,links_and_mentions_only
twifil,twifil-02008,train,1_empty_after_url_mention_removal,links_and_mentions_only
twifil,twifil-02009,train,1_empty_after_url_mention_removal,punctuation_or_digits_only
twifil,twifil-02012,train,1_empty_after_url_mention_removal,links_and_mentions_only
twifil,twifil-02014,train,1_empty_after_url_mention_removal,links_and_mentions_only
twifil,twifil-02021,train,1_empty_after_url_mention_removal,links_and_mentions_only
twifil,twifil-02034,train,1_empty_after_url_mention_removal,links_and_mentions_only
twifil,twifil-02045,train,1_empty_after_url_mention_removal,links_and_mentions_only
twifil,twifil-02056,train,1_empty_after_url_mention_removal,links_and_mentions_only
twifil,twifil-02074,train,1_empty_after_url_mention_removal,punctuation_or_digits_only
twifil,twifil-02085,train,1_empty_after_url_mention_removal,links_and_mentions_only
twifil,twifil-02098,train,1_empty_after_url_mention_removal,links_and_mentions_only
twifil,twifil-02102,train,1_empty_after_url_mention_removal,links_and_mentions_only
twifil,twifil-02110,train,1_empty_after_url_mention_removal,links_and_mentions_only
twifil,twifil-02133,train,1_empty_after_url_mention_removal,links_and_mentions_only
twifil,twifil-02138,train,1_empty_after_url_mention_removal,links_and_mentions_only
twifil,twifil-02145,train,1_empty_after_url_mention_removal,links_and_mentions_only
twifil,twifil-02160,train,1_empty_after_url_mention_removal,links_and_mentions_only
twifil,twifil-02165,train,1_empty_after_url_mention_removal,links_and_mentions_only
twifil,twifil-02166,train,1_empty_after_url_mention_removal,links_and_mentions_only
twifil,twifil-02172,train,1_empty_after_url_mention_removal,links_and_mentions_only
twifil,twifil-02179,train,1_empty_after_url_mention_removal,links_and_mentions_only
twifil,twifil-02184,train,1_empty_after_url_mention_removal,links_and_mentions_only
twifil,twifil-02187,train,1_empty_after_url_mention_removal,punctuation_or_digits_only
twifil,twifil-02192,train,1_empty_after_url_mention_removal,links_and_mentions_only
twifil,twifil-02195,train,1_empty_after_url_mention_removal,links_and_mentions_only
twifil,twifil-02196,train,1_empty_after_url_mention_removal,links_and_mentions_only
twifil,twifil-02197,train,1_empty_after_url_mention_removal,links_and_mentions_only
twifil,twifil-02215,train,1_empty_after_url_mention_removal,links_and_mentions_only
twifil,twifil-02220,train,1_empty_after_url_mention_removal,links_and_mentions_only
twifil,twifil-02227,train,1_empty_after_url_mention_removal,links_and_mentions_only
twifil,twifil-02230,train,1_empty_after_url_mention_removal,links_and_mentions_only
twifil,twifil-02232,train,1_empty_after_url_mention_removal,links_and_mentions_only
twifil,twifil-02244,train,1_empty_after_url_mention_removal,links_and_mentions_only
twifil,twifil-02257,train,1_empty_after_url_mention_removal,links_and_mentions_only
twifil,twifil-02266,train,1_empty_after_url_mention_removal,links_and_mentions_only
twifil,twifil-02287,train,1_empty_after_url_mention_removal,links_and_mentions_only
twifil,twifil-02290,train,1_empty_after_url_mention_removal,links_and_mentions_only
twifil,twifil-02291,train,1_empty_after_url_mention_removal,links_and_mentions_only
twifil,twifil-02324,train,1_empty_after_url_mention_removal,links_and_mentions_only
twifil,twifil-02327,train,1_empty_after_url_mention_removal,links_and_mentions_only
twifil,twifil-02349,train,1_empty_after_url_mention_removal,links_and_mentions_only
twifil,twifil-02361,train,1_empty_after_url_mention_removal,links_and_mentions_only
twifil,twifil-02367,train,1_empty_after_url_mention_removal,links_and_mentions_only
twifil,twifil-02372,train,1_empty_after_url_mention_removal,links_and_mentions_only
twifil,twifil-02375,train,1_empty_after_url_mention_removal,links_and_mentions_only
twifil,twifil-02377,train,1_empty_after_url_mention_removal,links_and_mentions_only
twifil,twifil-02381,train,1_empty_after_url_mention_removal,links_and_mentions_only
twifil,twifil-02385,train,1_empty_after_url_mention_removal,links_and_mentions_only
twifil,twifil-02389,train,1_empty_after_url_mention_removal,links_and_mentions_only
twifil,twifil-02390,train,1_empty_after_url_mention_removal,links_and_mentions_only
twifil,twifil-02391,train,1_empty_after_url_mention_removal,links_and_mentions_only
twifil,twifil-02397,train,1_empty_after_url_mention_removal,links_and_mentions_only
twifil,twifil-02406,train,1_empty_after_url_mention_removal,links_and_mentions_only
twifil,twifil-02450,train,1_empty_after_url_mention_removal,links_and_mentions_only
twifil,twifil-02456,train,1_empty_after_url_mention_removal,links_and_mentions_only
twifil,twifil-02461,train,1_empty_after_url_mention_removal,links_and_mentions_only
twifil,twifil-02478,train,1_empty_after_url_mention_removal,links_and_mentions_only
twifil,twifil-02492,train,1_empty_after_url_mention_removal,links_and_mentions_only
twifil,twifil-02508,train,1_empty_after_url_mention_removal,links_and_mentions_only
twifil,twifil-02523,train,1_empty_after_url_mention_removal,links_and_mentions_only
twifil,twifil-02524,train,1_empty_after_url_mention_removal,links_and_mentions_only
twifil,twifil-02534,train,1_empty_after_url_mention_removal,links_and_mentions_only
twifil,twifil-02542,train,1_empty_after_url_mention_removal,links_and_mentions_only
twifil,twifil-02557,train,1_empty_after_url_mention_removal,links_and_mentions_only
twifil,twifil-02561,train,1_empty_after_url_mention_removal,punctuation_or_digits_only
twifil,twifil-02569,train,1_empty_after_url_mention_removal,links_and_mentions_only
twifil,twifil-02570,train,1_empty_after_url_mention_removal,links_and_mentions_only
twifil,twifil-02571,train,1_empty_after_url_mention_removal,links_and_mentions_only
twifil,twifil-02578,train,1_empty_after_url_mention_removal,links_and_mentions_only
twifil,twifil-02583,train,1_empty_after_url_mention_removal,links_and_mentions_only
twifil,twifil-02610,train,1_empty_after_url_mention_removal,links_and_mentions_only
twifil,twifil-02616,train,1_empty_after_url_mention_removal,links_and_mentions_only
twifil,twifil-02617,train,1_empty_after_url_mention_removal,links_and_mentions_only
twifil,twifil-02623,train,1_empty_after_url_mention_removal,links_and_mentions_only
twifil,twifil-02636,train,1_empty_after_url_mention_removal,links_and_mentions_only
twifil,twifil-02649,train,1_empty_after_url_mention_removal,links_and_mentions_only
twifil,twifil-02653,train,1_empty_after_url_mention_removal,links_and_mentions_only
twifil,twifil-02656,train,1_empty_after_url_mention_removal,punctuation_or_digits_only
twifil,twifil-02662,train,1_empty_after_url_mention_removal,links_and_mentions_only
twifil,twifil-02697,train,1_empty_after_url_mention_removal,links_and_mentions_only
twifil,twifil-02700,train,1_empty_after_url_mention_removal,links_and_mentions_only
twifil,twifil-02709,train,1_empty_after_url_mention_removal,links_and_mentions_only
twifil,twifil-02728,train,1_empty_after_url_mention_removal,links_and_mentions_only
twifil,twifil-02734,train,1_empty_after_url_mention_removal,links_and_mentions_only
twifil,twifil-02738,train,1_empty_after_url_mention_removal,links_and_mentions_only
twifil,twifil-02740,train,1_empty_after_url_mention_removal,links_and_mentions_only
twifil,twifil-02750,train,1_empty_after_url_mention_removal,punctuation_or_digits_only
twifil,twifil-02758,train,1_empty_after_url_mention_removal,links_and_mentions_only
twifil,twifil-02770,train,1_empty_after_url_mention_removal,links_and_mentions_only
twifil,twifil-02783,train,1_empty_after_url_mention_removal,links_and_mentions_only
twifil,twifil-02788,train,1_empty_after_url_mention_removal,links_and_mentions_only
twifil,twifil-02789,train,1_empty_after_url_mention_removal,links_and_mentions_only
twifil,twifil-02820,train,1_empty_after_url_mention_removal,links_and_mentions_only
twifil,twifil-02827,train,1_empty_after_url_mention_removal,links_and_mentions_only
twifil,twifil-02828,train,1_empty_after_url_mention_removal,links_and_mentions_only
twifil,twifil-02830,train,1_empty_after_url_mention_removal,links_and_mentions_only
twifil,twifil-02835,train,1_empty_after_url_mention_removal,links_and_mentions_only
twifil,twifil-02841,train,1_empty_after_url_mention_removal,links_and_mentions_only
twifil,twifil-02844,train,1_empty_after_url_mention_removal,links_and_mentions_only
twifil,twifil-02849,train,1_empty_after_url_mention_removal,links_and_mentions_only
twifil,twifil-02854,train,1_empty_after_url_mention_removal,links_and_mentions_only
twifil,twifil-02860,train,1_empty_after_url_mention_removal,links_and_mentions_only
twifil,twifil-02881,train,1_empty_after_url_mention_removal,links_and_mentions_only
twifil,twifil-02890,train,1_empty_after_url_mention_removal,links_and_mentions_only
twifil,twifil-02896,train,1_empty_after_url_mention_removal,links_and_mentions_only
twifil,twifil-02898,train,1_empty_after_url_mention_removal,links_and_mentions_only
twifil,twifil-02913,train,1_empty_after_url_mention_removal,punctuation_or_digits_only
twifil,twifil-02915,train,1_empty_after_url_mention_removal,links_and_mentions_only
twifil,twifil-02920,train,1_empty_after_url_mention_removal,links_and_mentions_only
twifil,twifil-02923,train,1_empty_after_url_mention_removal,links_and_mentions_only
twifil,twifil-02931,train,1_empty_after_url_mention_removal,links_and_mentions_only
twifil,twifil-02941,train,1_empty_after_url_mention_removal,links_and_mentions_only
twifil,twifil-02942,train,1_empty_after_url_mention_removal,links_and_mentions_only
twifil,twifil-02943,train,1_empty_after_url_mention_removal,links_and_mentions_only
twifil,twifil-02959,train,1_empty_after_url_mention_removal,links_and_mentions_only
twifil,twifil-02961,train,1_empty_after_url_mention_removal,links_and_mentions_only
twifil,twifil-02964,train,1_empty_after_url_mention_removal,links_and_mentions_only
twifil,twifil-02974,train,1_empty_after_url_mention_removal,links_and_mentions_only
twifil,twifil-02977,train,1_empty_after_url_mention_removal,links_and_mentions_only
twifil,twifil-02978,train,1_empty_after_url_mention_removal,links_and_mentions_only
twifil,twifil-02995,train,1_empty_after_url_mention_removal,links_and_mentions_only
twifil,twifil-03001,train,1_empty_after_url_mention_removal,links_and_mentions_only
twifil,twifil-03011,train,1_empty_after_url_mention_removal,links_and_mentions_only
twifil,twifil-03027,train,1_empty_after_url_mention_removal,links_and_mentions_only
twifil,twifil-03041,train,1_empty_after_url_mention_removal,links_and_mentions_only
twifil,twifil-03045,train,1_empty_after_url_mention_removal,punctuation_or_digits_only
twifil,twifil-03050,train,1_empty_after_url_mention_removal,links_and_mentions_only
twifil,twifil-03059,train,1_empty_after_url_mention_removal,links_and_mentions_only
twifil,twifil-03080,train,1_empty_after_url_mention_removal,punctuation_or_digits_only
twifil,twifil-03083,train,1_empty_after_url_mention_removal,links_and_mentions_only
twifil,twifil-03088,train,1_empty_after_url_mention_removal,punctuation_or_digits_only
twifil,twifil-03089,train,1_empty_after_url_mention_removal,links_and_mentions_only
twifil,twifil-03101,train,1_empty_after_url_mention_removal,links_and_mentions_only
twifil,twifil-03106,train,1_empty_after_url_mention_removal,punctuation_or_digits_only
twifil,twifil-03108,train,1_empty_after_url_mention_removal,links_and_mentions_only
twifil,twifil-03114,train,1_empty_after_url_mention_removal,links_and_mentions_only
twifil,twifil-03137,train,1_empty_after_url_mention_removal,links_and_mentions_only
twifil,twifil-03153,train,1_empty_after_url_mention_removal,links_and_mentions_only
twifil,twifil-03160,train,1_empty_after_url_mention_removal,links_and_mentions_only
twifil,twifil-03161,train,1_empty_after_url_mention_removal,links_and_mentions_only
twifil,twifil-03175,train,1_empty_after_url_mention_removal,links_and_mentions_only
twifil,twifil-03176,train,1_empty_after_url_mention_removal,links_and_mentions_only
twifil,twifil-03178,train,1_empty_after_url_mention_removal,links_and_mentions_only
twifil,twifil-03180,train,1_empty_after_url_mention_removal,links_and_mentions_only
twifil,twifil-03188,train,1_empty_after_url_mention_removal,punctuation_or_digits_only
twifil,twifil-03190,train,1_empty_after_url_mention_removal,links_and_mentions_only
twifil,twifil-03193,train,1_empty_after_url_mention_removal,links_and_mentions_only
twifil,twifil-03201,train,1_empty_after_url_mention_removal,links_and_mentions_only
twifil,twifil-03207,train,1_empty_after_url_mention_removal,links_and_mentions_only
twifil,twifil-03210,train,1_empty_after_url_mention_removal,links_and_mentions_only
twifil,twifil-03217,train,1_empty_after_url_mention_removal,links_and_mentions_only
twifil,twifil-03228,train,1_empty_after_url_mention_removal,links_and_mentions_only
twifil,twifil-03239,train,1_empty_after_url_mention_removal,punctuation_or_digits_only
twifil,twifil-03246,train,1_empty_after_url_mention_removal,links_and_mentions_only
twifil,twifil-03249,train,1_empty_after_url_mention_removal,links_and_mentions_only
twifil,twifil-03252,train,1_empty_after_url_mention_removal,links_and_mentions_only
twifil,twifil-03255,train,1_empty_after_url_mention_removal,links_and_mentions_only
twifil,twifil-03266,train,1_empty_after_url_mention_removal,punctuation_or_digits_only
twifil,twifil-03271,train,1_empty_after_url_mention_removal,other_script
twifil,twifil-03276,train,1_empty_after_url_mention_removal,punctuation_or_digits_only
twifil,twifil-03280,train,1_empty_after_url_mention_removal,links_and_mentions_only
twifil,twifil-03289,train,1_empty_after_url_mention_removal,links_and_mentions_only
twifil,twifil-03294,train,1_empty_after_url_mention_removal,links_and_mentions_only
twifil,twifil-03299,train,1_empty_after_url_mention_removal,links_and_mentions_only
twifil,twifil-03307,train,1_empty_after_url_mention_removal,links_and_mentions_only
twifil,twifil-03313,train,1_empty_after_url_mention_removal,links_and_mentions_only
twifil,twifil-03314,train,1_empty_after_url_mention_removal,links_and_mentions_only
twifil,twifil-03318,train,1_empty_after_url_mention_removal,links_and_mentions_only
twifil,twifil-03319,train,1_empty_after_url_mention_removal,links_and_mentions_only
twifil,twifil-03326,train,1_empty_after_url_mention_removal,links_and_mentions_only
twifil,twifil-03335,train,1_empty_after_url_mention_removal,links_and_mentions_only
twifil,twifil-03342,train,1_empty_after_url_mention_removal,links_and_mentions_only
twifil,twifil-03346,train,1_empty_after_url_mention_removal,links_and_mentions_only
twifil,twifil-03369,train,1_empty_after_url_mention_removal,punctuation_or_digits_only
twifil,twifil-03373,train,1_empty_after_url_mention_removal,links_and_mentions_only
twifil,twifil-03379,train,1_empty_after_url_mention_removal,links_and_mentions_only
twifil,twifil-03380,train,1_empty_after_url_mention_removal,links_and_mentions_only
twifil,twifil-03389,train,1_empty_after_url_mention_removal,links_and_mentions_only
twifil,twifil-03408,train,1_empty_after_url_mention_removal,links_and_mentions_only
twifil,twifil-03412,train,1_empty_after_url_mention_removal,links_and_mentions_only
twifil,twifil-03425,train,1_empty_after_url_mention_removal,links_and_mentions_only
twifil,twifil-03429,train,1_empty_after_url_mention_removal,links_and_mentions_only
twifil,twifil-03463,train,1_empty_after_url_mention_removal,links_and_mentions_only
twifil,twifil-03486,train,1_empty_after_url_mention_removal,links_and_mentions_only
twifil,twifil-03487,train,1_empty_after_url_mention_removal,links_and_mentions_only
twifil,twifil-03497,train,1_empty_after_url_mention_removal,links_and_mentions_only
twifil,twifil-03498,train,1_empty_after_url_mention_removal,links_and_mentions_only
twifil,twifil-03500,train,1_empty_after_url_mention_removal,links_and_mentions_only
twifil,twifil-03502,train,1_empty_after_url_mention_removal,links_and_mentions_only
twifil,twifil-03504,train,1_empty_after_url_mention_removal,links_and_mentions_only
twifil,twifil-03519,train,1_empty_after_url_mention_removal,links_and_mentions_only
twifil,twifil-03540,train,1_empty_after_url_mention_removal,links_and_mentions_only
twifil,twifil-03548,train,1_empty_after_url_mention_removal,punctuation_or_digits_only
twifil,twifil-03552,train,1_empty_after_url_mention_removal,links_and_mentions_only
twifil,twifil-03561,train,1_empty_after_url_mention_removal,links_and_mentions_only
twifil,twifil-03563,train,1_empty_after_url_mention_removal,links_and_mentions_only
twifil,twifil-03567,train,1_empty_after_url_mention_removal,punctuation_or_digits_only
twifil,twifil-03568,train,1_empty_after_url_mention_removal,links_and_mentions_only
twifil,twifil-03575,train,1_empty_after_url_mention_removal,links_and_mentions_only
twifil,twifil-03590,train,1_empty_after_url_mention_removal,links_and_mentions_only
twifil,twifil-03619,train,1_empty_after_url_mention_removal,links_and_mentions_only
twifil,twifil-03622,train,1_empty_after_url_mention_removal,links_and_mentions_only
twifil,twifil-03634,train,1_empty_after_url_mention_removal,links_and_mentions_only
twifil,twifil-03644,train,1_empty_after_url_mention_removal,links_and_mentions_only
twifil,twifil-03646,train,1_empty_after_url_mention_removal,other_script
twifil,twifil-03659,train,1_empty_after_url_mention_removal,links_and_mentions_only
twifil,twifil-03663,train,1_empty_after_url_mention_removal,links_and_mentions_only
twifil,twifil-03670,train,1_empty_after_url_mention_removal,links_and_mentions_only
twifil,twifil-03673,train,1_empty_after_url_mention_removal,links_and_mentions_only
twifil,twifil-03704,train,1_empty_after_url_mention_removal,links_and_mentions_only
twifil,twifil-03726,train,1_empty_after_url_mention_removal,links_and_mentions_only
twifil,twifil-03755,train,1_empty_after_url_mention_removal,links_and_mentions_only
twifil,twifil-03756,train,1_empty_after_url_mention_removal,links_and_mentions_only
twifil,twifil-03774,train,1_empty_after_url_mention_removal,punctuation_or_digits_only
twifil,twifil-03775,train,1_empty_after_url_mention_removal,links_and_mentions_only
twifil,twifil-03777,train,1_empty_after_url_mention_removal,links_and_mentions_only
twifil,twifil-03781,train,1_empty_after_url_mention_removal,links_and_mentions_only
twifil,twifil-03783,train,1_empty_after_url_mention_removal,links_and_mentions_only
twifil,twifil-03786,train,1_empty_after_url_mention_removal,punctuation_or_digits_only
twifil,twifil-03791,train,1_empty_after_url_mention_removal,links_and_mentions_only
twifil,twifil-03802,train,1_empty_after_url_mention_removal,links_and_mentions_only
twifil,twifil-03808,train,1_empty_after_url_mention_removal,links_and_mentions_only
twifil,twifil-03816,train,1_empty_after_url_mention_removal,links_and_mentions_only
twifil,twifil-03822,train,1_empty_after_url_mention_removal,links_and_mentions_only
twifil,twifil-03825,train,1_empty_after_url_mention_removal,links_and_mentions_only
twifil,twifil-03827,train,1_empty_after_url_mention_removal,links_and_mentions_only
twifil,twifil-03833,train,1_empty_after_url_mention_removal,links_and_mentions_only
twifil,twifil-03835,train,1_empty_after_url_mention_removal,links_and_mentions_only
twifil,twifil-03841,train,1_empty_after_url_mention_removal,links_and_mentions_only
twifil,twifil-03843,train,1_empty_after_url_mention_removal,links_and_mentions_only
twifil,twifil-03853,train,1_empty_after_url_mention_removal,links_and_mentions_only
twifil,twifil-03863,train,1_empty_after_url_mention_removal,links_and_mentions_only
twifil,twifil-03864,train,1_empty_after_url_mention_removal,links_and_mentions_only
twifil,twifil-03867,train,1_empty_after_url_mention_removal,links_and_mentions_only
twifil,twifil-03868,train,1_empty_after_url_mention_removal,links_and_mentions_only
twifil,twifil-03885,train,1_empty_after_url_mention_removal,links_and_mentions_only
twifil,twifil-03888,train,1_empty_after_url_mention_removal,links_and_mentions_only
twifil,twifil-03896,train,1_empty_after_url_mention_removal,links_and_mentions_only
twifil,twifil-03898,train,1_empty_after_url_mention_removal,links_and_mentions_only
twifil,twifil-03902,train,1_empty_after_url_mention_removal,links_and_mentions_only
twifil,twifil-03933,train,1_empty_after_url_mention_removal,links_and_mentions_only
twifil,twifil-03943,train,1_empty_after_url_mention_removal,punctuation_or_digits_only
twifil,twifil-03946,train,1_empty_after_url_mention_removal,links_and_mentions_only
twifil,twifil-03954,train,1_empty_after_url_mention_removal,links_and_mentions_only
twifil,twifil-03965,train,1_empty_after_url_mention_removal,links_and_mentions_only
twifil,twifil-03982,train,1_empty_after_url_mention_removal,links_and_mentions_only
twifil,twifil-03987,train,1_empty_after_url_mention_removal,links_and_mentions_only
twifil,twifil-03991,train,1_empty_after_url_mention_removal,punctuation_or_digits_only
twifil,twifil-04018,train,1_empty_after_url_mention_removal,other_script
twifil,twifil-04033,train,1_empty_after_url_mention_removal,links_and_mentions_only
twifil,twifil-04063,train,1_empty_after_url_mention_removal,links_and_mentions_only
twifil,twifil-04064,train,1_empty_after_url_mention_removal,links_and_mentions_only
twifil,twifil-04079,train,1_empty_after_url_mention_removal,links_and_mentions_only
twifil,twifil-04081,train,1_empty_after_url_mention_removal,links_and_mentions_only
twifil,twifil-04082,train,1_empty_after_url_mention_removal,links_and_mentions_only
twifil,twifil-04089,train,1_empty_after_url_mention_removal,links_and_mentions_only
twifil,twifil-04094,train,1_empty_after_url_mention_removal,links_and_mentions_only
twifil,twifil-04100,train,1_empty_after_url_mention_removal,links_and_mentions_only
twifil,twifil-04103,train,1_empty_after_url_mention_removal,punctuation_or_digits_only
twifil,twifil-04108,train,1_empty_after_url_mention_removal,links_and_mentions_only
twifil,twifil-04114,train,1_empty_after_url_mention_removal,punctuation_or_digits_only
twifil,twifil-04117,train,1_empty_after_url_mention_removal,links_and_mentions_only
twifil,twifil-04126,train,1_empty_after_url_mention_removal,links_and_mentions_only
twifil,twifil-04132,train,1_empty_after_url_mention_removal,links_and_mentions_only
twifil,twifil-04135,train,1_empty_after_url_mention_removal,links_and_mentions_only
twifil,twifil-04151,train,1_empty_after_url_mention_removal,links_and_mentions_only
twifil,twifil-04156,train,1_empty_after_url_mention_removal,links_and_mentions_only
twifil,twifil-04159,train,1_empty_after_url_mention_removal,links_and_mentions_only
twifil,twifil-04180,train,1_empty_after_url_mention_removal,links_and_mentions_only
twifil,twifil-04184,train,1_empty_after_url_mention_removal,links_and_mentions_only
twifil,twifil-04186,train,1_empty_after_url_mention_removal,links_and_mentions_only
twifil,twifil-04190,train,1_empty_after_url_mention_removal,links_and_mentions_only
twifil,twifil-04198,train,1_empty_after_url_mention_removal,links_and_mentions_only
twifil,twifil-04207,train,1_empty_after_url_mention_removal,links_and_mentions_only
twifil,twifil-04214,train,1_empty_after_url_mention_removal,links_and_mentions_only
twifil,twifil-04227,train,1_empty_after_url_mention_removal,links_and_mentions_only
twifil,twifil-04229,train,1_empty_after_url_mention_removal,links_and_mentions_only
twifil,twifil-04231,train,1_empty_after_url_mention_removal,links_and_mentions_only
twifil,twifil-04242,train,1_empty_after_url_mention_removal,links_and_mentions_only
twifil,twifil-04247,train,1_empty_after_url_mention_removal,links_and_mentions_only
twifil,twifil-04248,train,1_empty_after_url_mention_removal,links_and_mentions_only
twifil,twifil-04252,train,1_empty_after_url_mention_removal,links_and_mentions_only
twifil,twifil-04265,train,1_empty_after_url_mention_removal,links_and_mentions_only
twifil,twifil-04266,train,1_empty_after_url_mention_removal,links_and_mentions_only
twifil,twifil-04272,train,1_empty_after_url_mention_removal,links_and_mentions_only
twifil,twifil-04280,train,1_empty_after_url_mention_removal,links_and_mentions_only
twifil,twifil-04285,train,1_empty_after_url_mention_removal,links_and_mentions_only
twifil,twifil-04287,train,1_empty_after_url_mention_removal,links_and_mentions_only
twifil,twifil-04298,train,1_empty_after_url_mention_removal,links_and_mentions_only
twifil,twifil-04322,train,1_empty_after_url_mention_removal,links_and_mentions_only
twifil,twifil-04338,train,1_empty_after_url_mention_removal,links_and_mentions_only
twifil,twifil-04345,train,1_empty_after_url_mention_removal,links_and_mentions_only
twifil,twifil-04348,train,1_empty_after_url_mention_removal,links_and_mentions_only
twifil,twifil-04351,train,1_empty_after_url_mention_removal,links_and_mentions_only
twifil,twifil-04356,train,1_empty_after_url_mention_removal,punctuation_or_digits_only
twifil,twifil-04359,train,1_empty_after_url_mention_removal,links_and_mentions_only
twifil,twifil-04361,train,1_empty_after_url_mention_removal,links_and_mentions_only
twifil,twifil-04364,train,1_empty_after_url_mention_removal,other_script
twifil,twifil-04367,train,1_empty_after_url_mention_removal,links_and_mentions_only
twifil,twifil-04379,train,1_empty_after_url_mention_removal,links_and_mentions_only
twifil,twifil-04391,train,1_empty_after_url_mention_removal,links_and_mentions_only
twifil,twifil-04394,train,1_empty_after_url_mention_removal,links_and_mentions_only
twifil,twifil-04405,train,1_empty_after_url_mention_removal,links_and_mentions_only
twifil,twifil-04407,train,1_empty_after_url_mention_removal,links_and_mentions_only
twifil,twifil-04414,train,1_empty_after_url_mention_removal,links_and_mentions_only
twifil,twifil-04419,train,1_empty_after_url_mention_removal,links_and_mentions_only
twifil,twifil-04442,train,1_empty_after_url_mention_removal,links_and_mentions_only
twifil,twifil-04444,train,1_empty_after_url_mention_removal,links_and_mentions_only
twifil,twifil-04458,train,1_empty_after_url_mention_removal,links_and_mentions_only
twifil,twifil-04464,train,1_empty_after_url_mention_removal,links_and_mentions_only
twifil,twifil-04474,train,1_empty_after_url_mention_removal,links_and_mentions_only
twifil,twifil-04477,train,1_empty_after_url_mention_removal,links_and_mentions_only
twifil,twifil-04480,train,1_empty_after_url_mention_removal,links_and_mentions_only
twifil,twifil-04483,train,1_empty_after_url_mention_removal,links_and_mentions_only
twifil,twifil-04492,train,1_empty_after_url_mention_removal,punctuation_or_digits_only
twifil,twifil-04495,train,1_empty_after_url_mention_removal,links_and_mentions_only
twifil,twifil-04506,train,1_empty_after_url_mention_removal,links_and_mentions_only
twifil,twifil-04513,train,1_empty_after_url_mention_removal,links_and_mentions_only
twifil,twifil-04517,train,1_empty_after_url_mention_removal,links_and_mentions_only
twifil,twifil-04521,train,1_empty_after_url_mention_removal,links_and_mentions_only
twifil,twifil-04524,train,1_empty_after_url_mention_removal,links_and_mentions_only
twifil,twifil-04530,train,1_empty_after_url_mention_removal,links_and_mentions_only
twifil,twifil-04534,train,1_empty_after_url_mention_removal,links_and_mentions_only
twifil,twifil-04537,train,1_empty_after_url_mention_removal,links_and_mentions_only
twifil,twifil-04538,train,1_empty_after_url_mention_removal,links_and_mentions_only
twifil,twifil-04552,train,1_empty_after_url_mention_removal,links_and_mentions_only
twifil,twifil-04554,train,1_empty_after_url_mention_removal,links_and_mentions_only
twifil,twifil-04557,train,1_empty_after_url_mention_removal,links_and_mentions_only
twifil,twifil-04571,train,1_empty_after_url_mention_removal,links_and_mentions_only
twifil,twifil-04580,train,1_empty_after_url_mention_removal,links_and_mentions_only
twifil,twifil-04583,train,1_empty_after_url_mention_removal,links_and_mentions_only
twifil,twifil-04589,train,1_empty_after_url_mention_removal,links_and_mentions_only
twifil,twifil-04594,train,1_empty_after_url_mention_removal,links_and_mentions_only
twifil,twifil-04596,train,1_empty_after_url_mention_removal,links_and_mentions_only
twifil,twifil-04597,train,1_empty_after_url_mention_removal,links_and_mentions_only
twifil,twifil-04606,train,1_empty_after_url_mention_removal,links_and_mentions_only
twifil,twifil-04626,train,1_empty_after_url_mention_removal,links_and_mentions_only
twifil,twifil-04627,train,1_empty_after_url_mention_removal,punctuation_or_digits_only
twifil,twifil-04646,train,1_empty_after_url_mention_removal,links_and_mentions_only
twifil,twifil-04653,train,1_empty_after_url_mention_removal,links_and_mentions_only
twifil,twifil-04656,train,1_empty_after_url_mention_removal,links_and_mentions_only
twifil,twifil-04657,train,1_empty_after_url_mention_removal,links_and_mentions_only
twifil,twifil-04664,train,1_empty_after_url_mention_removal,links_and_mentions_only
twifil,twifil-04665,train,1_empty_after_url_mention_removal,links_and_mentions_only
twifil,twifil-04676,train,1_empty_after_url_mention_removal,links_and_mentions_only
twifil,twifil-04684,train,1_empty_after_url_mention_removal,links_and_mentions_only
twifil,twifil-04686,train,1_empty_after_url_mention_removal,links_and_mentions_only
twifil,twifil-04691,train,1_empty_after_url_mention_removal,links_and_mentions_only
twifil,twifil-04694,train,1_empty_after_url_mention_removal,links_and_mentions_only
twifil,twifil-04697,train,1_empty_after_url_mention_removal,punctuation_or_digits_only
twifil,twifil-04700,train,1_empty_after_url_mention_removal,links_and_mentions_only
twifil,twifil-04705,train,1_empty_after_url_mention_removal,links_and_mentions_only
twifil,twifil-04707,train,1_empty_after_url_mention_removal,links_and_mentions_only
twifil,twifil-04714,train,1_empty_after_url_mention_removal,punctuation_or_digits_only
twifil,twifil-04718,train,1_empty_after_url_mention_removal,links_and_mentions_only
twifil,twifil-04719,train,1_empty_after_url_mention_removal,links_and_mentions_only
twifil,twifil-04729,train,1_empty_after_url_mention_removal,links_and_mentions_only
twifil,twifil-04737,train,1_empty_after_url_mention_removal,links_and_mentions_only
twifil,twifil-04741,train,1_empty_after_url_mention_removal,links_and_mentions_only
twifil,twifil-04748,train,1_empty_after_url_mention_removal,punctuation_or_digits_only
twifil,twifil-04753,train,1_empty_after_url_mention_removal,links_and_mentions_only
twifil,twifil-04757,train,1_empty_after_url_mention_removal,links_and_mentions_only
twifil,twifil-04782,train,1_empty_after_url_mention_removal,links_and_mentions_only
twifil,twifil-04784,train,1_empty_after_url_mention_removal,links_and_mentions_only
twifil,twifil-04797,train,1_empty_after_url_mention_removal,links_and_mentions_only
twifil,twifil-04805,train,1_empty_after_url_mention_removal,punctuation_or_digits_only
twifil,twifil-04813,train,1_empty_after_url_mention_removal,links_and_mentions_only
twifil,twifil-04830,train,1_empty_after_url_mention_removal,links_and_mentions_only
twifil,twifil-04856,train,1_empty_after_url_mention_removal,links_and_mentions_only
twifil,twifil-04857,train,1_empty_after_url_mention_removal,links_and_mentions_only
twifil,twifil-04863,train,1_empty_after_url_mention_removal,links_and_mentions_only
twifil,twifil-04881,train,1_empty_after_url_mention_removal,links_and_mentions_only
twifil,twifil-04882,train,1_empty_after_url_mention_removal,links_and_mentions_only
twifil,twifil-04897,train,1_empty_after_url_mention_removal,links_and_mentions_only
twifil,twifil-04900,train,1_empty_after_url_mention_removal,links_and_mentions_only
twifil,twifil-04912,train,1_empty_after_url_mention_removal,links_and_mentions_only
twifil,twifil-04916,train,1_empty_after_url_mention_removal,links_and_mentions_only
twifil,twifil-04934,train,1_empty_after_url_mention_removal,links_and_mentions_only
twifil,twifil-04938,train,1_empty_after_url_mention_removal,punctuation_or_digits_only
twifil,twifil-04946,train,1_empty_after_url_mention_removal,links_and_mentions_only
twifil,twifil-04947,train,1_empty_after_url_mention_removal,links_and_mentions_only
twifil,twifil-04950,train,1_empty_after_url_mention_removal,links_and_mentions_only
twifil,twifil-04982,train,1_empty_after_url_mention_removal,links_and_mentions_only
twifil,twifil-04985,train,1_empty_after_url_mention_removal,links_and_mentions_only
twifil,twifil-04988,train,1_empty_after_url_mention_removal,punctuation_or_digits_only
twifil,twifil-04991,train,1_empty_after_url_mention_removal,links_and_mentions_only
twifil,twifil-04992,train,1_empty_after_url_mention_removal,links_and_mentions_only
twifil,twifil-05015,train,1_empty_after_url_mention_removal,punctuation_or_digits_only
twifil,twifil-05032,train,1_empty_after_url_mention_removal,links_and_mentions_only
twifil,twifil-05047,train,1_empty_after_url_mention_removal,links_and_mentions_only
twifil,twifil-05057,train,1_empty_after_url_mention_removal,links_and_mentions_only
twifil,twifil-05058,train,1_empty_after_url_mention_removal,links_and_mentions_only
twifil,twifil-05059,train,1_empty_after_url_mention_removal,links_and_mentions_only
twifil,twifil-05063,train,1_empty_after_url_mention_removal,links_and_mentions_only
twifil,twifil-05072,train,1_empty_after_url_mention_removal,links_and_mentions_only
twifil,twifil-05084,train,1_empty_after_url_mention_removal,links_and_mentions_only
twifil,twifil-05086,train,1_empty_after_url_mention_removal,links_and_mentions_only
twifil,twifil-05090,train,1_empty_after_url_mention_removal,links_and_mentions_only
twifil,twifil-05091,train,1_empty_after_url_mention_removal,links_and_mentions_only
twifil,twifil-05101,train,1_empty_after_url_mention_removal,links_and_mentions_only
twifil,twifil-05104,train,1_empty_after_url_mention_removal,links_and_mentions_only
twifil,twifil-05106,train,1_empty_after_url_mention_removal,links_and_mentions_only
twifil,twifil-05107,train,1_empty_after_url_mention_removal,links_and_mentions_only
twifil,twifil-05110,train,1_empty_after_url_mention_removal,links_and_mentions_only
twifil,twifil-05113,train,1_empty_after_url_mention_removal,links_and_mentions_only
twifil,twifil-05122,train,1_empty_after_url_mention_removal,links_and_mentions_only
twifil,twifil-05132,train,1_empty_after_url_mention_removal,links_and_mentions_only
twifil,twifil-05154,train,1_empty_after_url_mention_removal,links_and_mentions_only
twifil,twifil-05155,train,1_empty_after_url_mention_removal,links_and_mentions_only
twifil,twifil-05169,train,1_empty_after_url_mention_removal,links_and_mentions_only
twifil,twifil-05171,train,1_empty_after_url_mention_removal,punctuation_or_digits_only
twifil,twifil-05175,train,1_empty_after_url_mention_removal,links_and_mentions_only
twifil,twifil-05189,train,1_empty_after_url_mention_removal,links_and_mentions_only
twifil,twifil-05191,train,1_empty_after_url_mention_removal,links_and_mentions_only
twifil,twifil-05192,train,1_empty_after_url_mention_removal,links_and_mentions_only
twifil,twifil-05199,train,1_empty_after_url_mention_removal,links_and_mentions_only
twifil,twifil-05206,train,1_empty_after_url_mention_removal,links_and_mentions_only
twifil,twifil-05208,train,1_empty_after_url_mention_removal,links_and_mentions_only
twifil,twifil-05213,train,1_empty_after_url_mention_removal,links_and_mentions_only
twifil,twifil-05227,train,1_empty_after_url_mention_removal,links_and_mentions_only
twifil,twifil-05230,train,1_empty_after_url_mention_removal,links_and_mentions_only
twifil,twifil-05235,train,1_empty_after_url_mention_removal,links_and_mentions_only
twifil,twifil-05244,train,1_empty_after_url_mention_removal,links_and_mentions_only
twifil,twifil-05246,train,1_empty_after_url_mention_removal,links_and_mentions_only
twifil,twifil-05253,train,1_empty_after_url_mention_removal,links_and_mentions_only
twifil,twifil-05259,train,1_empty_after_url_mention_removal,links_and_mentions_only
twifil,twifil-05262,train,1_empty_after_url_mention_removal,links_and_mentions_only
twifil,twifil-05265,train,1_empty_after_url_mention_removal,links_and_mentions_only
twifil,twifil-05285,train,1_empty_after_url_mention_removal,links_and_mentions_only
twifil,twifil-05298,train,1_empty_after_url_mention_removal,links_and_mentions_only
twifil,twifil-05302,train,1_empty_after_url_mention_removal,links_and_mentions_only
twifil,twifil-05304,train,1_empty_after_url_mention_removal,links_and_mentions_only
twifil,twifil-05317,train,1_empty_after_url_mention_removal,links_and_mentions_only
twifil,twifil-05320,train,1_empty_after_url_mention_removal,links_and_mentions_only
twifil,twifil-05323,train,1_empty_after_url_mention_removal,links_and_mentions_only
twifil,twifil-05324,train,1_empty_after_url_mention_removal,links_and_mentions_only
twifil,twifil-05325,train,1_empty_after_url_mention_removal,links_and_mentions_only
twifil,twifil-05328,train,1_empty_after_url_mention_removal,links_and_mentions_only
twifil,twifil-05335,train,1_empty_after_url_mention_removal,links_and_mentions_only
twifil,twifil-05347,train,1_empty_after_url_mention_removal,links_and_mentions_only
twifil,twifil-05356,train,1_empty_after_url_mention_removal,links_and_mentions_only
twifil,twifil-05358,train,1_empty_after_url_mention_removal,links_and_mentions_only
twifil,twifil-05363,train,1_empty_after_url_mention_removal,links_and_mentions_only
twifil,twifil-05382,train,1_empty_after_url_mention_removal,links_and_mentions_only
twifil,twifil-05387,train,1_empty_after_url_mention_removal,links_and_mentions_only
twifil,twifil-05390,train,1_empty_after_url_mention_removal,other_script
twifil,twifil-05394,train,1_empty_after_url_mention_removal,links_and_mentions_only
twifil,twifil-05397,train,1_empty_after_url_mention_removal,punctuation_or_digits_only
twifil,twifil-05401,train,1_empty_after_url_mention_removal,links_and_mentions_only
twifil,twifil-05402,train,1_empty_after_url_mention_removal,links_and_mentions_only
twifil,twifil-05409,train,1_empty_after_url_mention_removal,links_and_mentions_only
twifil,twifil-05414,train,1_empty_after_url_mention_removal,links_and_mentions_only
twifil,twifil-05427,train,1_empty_after_url_mention_removal,links_and_mentions_only
twifil,twifil-05439,train,1_empty_after_url_mention_removal,links_and_mentions_only
twifil,twifil-05446,train,1_empty_after_url_mention_removal,links_and_mentions_only
twifil,twifil-05450,train,1_empty_after_url_mention_removal,links_and_mentions_only
twifil,twifil-05466,train,1_empty_after_url_mention_removal,links_and_mentions_only
twifil,twifil-05467,train,1_empty_after_url_mention_removal,links_and_mentions_only
twifil,twifil-05488,train,1_empty_after_url_mention_removal,links_and_mentions_only
twifil,twifil-05506,train,1_empty_after_url_mention_removal,links_and_mentions_only
twifil,twifil-05522,train,1_empty_after_url_mention_removal,links_and_mentions_only
twifil,twifil-05523,train,1_empty_after_url_mention_removal,links_and_mentions_only
twifil,twifil-05540,train,1_empty_after_url_mention_removal,links_and_mentions_only
twifil,twifil-05548,train,1_empty_after_url_mention_removal,links_and_mentions_only
twifil,twifil-05554,train,1_empty_after_url_mention_removal,links_and_mentions_only
twifil,twifil-05564,train,1_empty_after_url_mention_removal,links_and_mentions_only
twifil,twifil-05575,train,1_empty_after_url_mention_removal,links_and_mentions_only
twifil,twifil-05576,train,1_empty_after_url_mention_removal,links_and_mentions_only
twifil,twifil-05582,train,1_empty_after_url_mention_removal,links_and_mentions_only
twifil,twifil-05585,train,1_empty_after_url_mention_removal,links_and_mentions_only
twifil,twifil-05588,train,1_empty_after_url_mention_removal,links_and_mentions_only
twifil,twifil-05595,train,1_empty_after_url_mention_removal,links_and_mentions_only
twifil,twifil-05603,train,1_empty_after_url_mention_removal,links_and_mentions_only
twifil,twifil-05604,train,1_empty_after_url_mention_removal,links_and_mentions_only
twifil,twifil-05641,train,1_empty_after_url_mention_removal,punctuation_or_digits_only
twifil,twifil-05644,train,1_empty_after_url_mention_removal,links_and_mentions_only
twifil,twifil-05652,train,1_empty_after_url_mention_removal,links_and_mentions_only
twifil,twifil-05658,train,1_empty_after_url_mention_removal,links_and_mentions_only
twifil,twifil-05661,train,1_empty_after_url_mention_removal,links_and_mentions_only
twifil,twifil-05663,train,1_empty_after_url_mention_removal,links_and_mentions_only
twifil,twifil-05671,train,1_empty_after_url_mention_removal,links_and_mentions_only
twifil,twifil-05672,train,1_empty_after_url_mention_removal,punctuation_or_digits_only
twifil,twifil-05682,train,1_empty_after_url_mention_removal,links_and_mentions_only
twifil,twifil-05686,train,1_empty_after_url_mention_removal,links_and_mentions_only
twifil,twifil-05690,train,1_empty_after_url_mention_removal,links_and_mentions_only
twifil,twifil-05701,train,1_empty_after_url_mention_removal,links_and_mentions_only
twifil,twifil-05703,train,1_empty_after_url_mention_removal,links_and_mentions_only
twifil,twifil-05704,train,1_empty_after_url_mention_removal,links_and_mentions_only
twifil,twifil-05709,train,1_empty_after_url_mention_removal,links_and_mentions_only
twifil,twifil-05729,train,1_empty_after_url_mention_removal,links_and_mentions_only
twifil,twifil-05730,train,1_empty_after_url_mention_removal,links_and_mentions_only
twifil,twifil-05741,train,1_empty_after_url_mention_removal,links_and_mentions_only
twifil,twifil-05748,train,1_empty_after_url_mention_removal,links_and_mentions_only
twifil,twifil-05754,train,1_empty_after_url_mention_removal,links_and_mentions_only
twifil,twifil-05768,train,1_empty_after_url_mention_removal,links_and_mentions_only
twifil,twifil-05784,train,1_empty_after_url_mention_removal,links_and_mentions_only
twifil,twifil-05791,train,1_empty_after_url_mention_removal,links_and_mentions_only
twifil,twifil-05802,train,1_empty_after_url_mention_removal,links_and_mentions_only
twifil,twifil-05805,train,1_empty_after_url_mention_removal,links_and_mentions_only
twifil,twifil-05811,train,1_empty_after_url_mention_removal,links_and_mentions_only
twifil,twifil-05817,train,1_empty_after_url_mention_removal,links_and_mentions_only
twifil,twifil-05833,train,1_empty_after_url_mention_removal,links_and_mentions_only
twifil,twifil-05839,train,1_empty_after_url_mention_removal,links_and_mentions_only
twifil,twifil-05847,train,1_empty_after_url_mention_removal,links_and_mentions_only
twifil,twifil-05851,train,1_empty_after_url_mention_removal,punctuation_or_digits_only
twifil,twifil-05858,train,1_empty_after_url_mention_removal,links_and_mentions_only
twifil,twifil-05862,train,1_empty_after_url_mention_removal,links_and_mentions_only
twifil,twifil-05869,train,1_empty_after_url_mention_removal,punctuation_or_digits_only
twifil,twifil-05870,train,1_empty_after_url_mention_removal,links_and_mentions_only
twifil,twifil-05874,train,1_empty_after_url_mention_removal,links_and_mentions_only
twifil,twifil-05877,train,1_empty_after_url_mention_removal,links_and_mentions_only
twifil,twifil-05888,train,1_empty_after_url_mention_removal,links_and_mentions_only
twifil,twifil-05890,train,1_empty_after_url_mention_removal,other_script
twifil,twifil-05900,train,1_empty_after_url_mention_removal,links_and_mentions_only
twifil,twifil-05902,train,1_empty_after_url_mention_removal,links_and_mentions_only
twifil,twifil-05911,train,1_empty_after_url_mention_removal,links_and_mentions_only
twifil,twifil-05912,train,1_empty_after_url_mention_removal,links_and_mentions_only
twifil,twifil-05915,train,1_empty_after_url_mention_removal,links_and_mentions_only
twifil,twifil-05917,train,1_empty_after_url_mention_removal,links_and_mentions_only
twifil,twifil-05920,train,1_empty_after_url_mention_removal,links_and_mentions_only
twifil,twifil-05946,train,1_empty_after_url_mention_removal,other_script
twifil,twifil-05965,train,1_empty_after_url_mention_removal,links_and_mentions_only
twifil,twifil-05970,train,1_empty_after_url_mention_removal,links_and_mentions_only
twifil,twifil-05971,train,1_empty_after_url_mention_removal,links_and_mentions_only
twifil,twifil-05979,train,1_empty_after_url_mention_removal,links_and_mentions_only
twifil,twifil-05986,train,1_empty_after_url_mention_removal,links_and_mentions_only
twifil,twifil-05988,train,1_empty_after_url_mention_removal,links_and_mentions_only
twifil,twifil-06001,train,1_empty_after_url_mention_removal,links_and_mentions_only
twifil,twifil-06005,train,1_empty_after_url_mention_removal,punctuation_or_digits_only
twifil,twifil-06011,train,1_empty_after_url_mention_removal,links_and_mentions_only
twifil,twifil-06015,train,1_empty_after_url_mention_removal,links_and_mentions_only
twifil,twifil-06029,train,1_empty_after_url_mention_removal,punctuation_or_digits_only
twifil,twifil-06033,train,1_empty_after_url_mention_removal,links_and_mentions_only
twifil,twifil-06034,train,1_empty_after_url_mention_removal,links_and_mentions_only
twifil,twifil-06073,train,1_empty_after_url_mention_removal,links_and_mentions_only
twifil,twifil-06075,train,1_empty_after_url_mention_removal,links_and_mentions_only
twifil,twifil-06089,train,1_empty_after_url_mention_removal,links_and_mentions_only
twifil,twifil-06095,train,1_empty_after_url_mention_removal,links_and_mentions_only
twifil,twifil-06106,train,1_empty_after_url_mention_removal,links_and_mentions_only
twifil,twifil-06114,train,1_empty_after_url_mention_removal,links_and_mentions_only
twifil,twifil-06115,train,1_empty_after_url_mention_removal,links_and_mentions_only
twifil,twifil-06132,train,1_empty_after_url_mention_removal,links_and_mentions_only
twifil,twifil-06135,train,1_empty_after_url_mention_removal,links_and_mentions_only
twifil,twifil-06140,train,1_empty_after_url_mention_removal,links_and_mentions_only
twifil,twifil-06148,train,1_empty_after_url_mention_removal,punctuation_or_digits_only
twifil,twifil-06164,train,1_empty_after_url_mention_removal,links_and_mentions_only
twifil,twifil-06167,train,1_empty_after_url_mention_removal,links_and_mentions_only
twifil,twifil-06171,train,1_empty_after_url_mention_removal,links_and_mentions_only
twifil,twifil-06183,train,1_empty_after_url_mention_removal,links_and_mentions_only
twifil,twifil-06186,train,1_empty_after_url_mention_removal,links_and_mentions_only
twifil,twifil-06196,train,1_empty_after_url_mention_removal,links_and_mentions_only
twifil,twifil-06199,train,1_empty_after_url_mention_removal,links_and_mentions_only
twifil,twifil-06208,train,1_empty_after_url_mention_removal,links_and_mentions_only
twifil,twifil-06210,train,1_empty_after_url_mention_removal,links_and_mentions_only
twifil,twifil-06222,train,1_empty_after_url_mention_removal,links_and_mentions_only
twifil,twifil-06237,train,1_empty_after_url_mention_removal,links_and_mentions_only
twifil,twifil-06242,train,1_empty_after_url_mention_removal,links_and_mentions_only
twifil,twifil-06243,train,1_empty_after_url_mention_removal,links_and_mentions_only
twifil,twifil-06244,train,1_empty_after_url_mention_removal,links_and_mentions_only
twifil,twifil-06245,train,1_empty_after_url_mention_removal,links_and_mentions_only
twifil,twifil-06249,train,1_empty_after_url_mention_removal,links_and_mentions_only
twifil,twifil-06262,train,1_empty_after_url_mention_removal,links_and_mentions_only
twifil,twifil-06267,train,1_empty_after_url_mention_removal,links_and_mentions_only
twifil,twifil-06269,train,1_empty_after_url_mention_removal,punctuation_or_digits_only
twifil,twifil-06277,train,1_empty_after_url_mention_removal,links_and_mentions_only
twifil,twifil-06279,train,1_empty_after_url_mention_removal,links_and_mentions_only
twifil,twifil-06281,train,1_empty_after_url_mention_removal,links_and_mentions_only
twifil,twifil-06282,train,1_empty_after_url_mention_removal,links_and_mentions_only
twifil,twifil-06290,train,1_empty_after_url_mention_removal,links_and_mentions_only
twifil,twifil-06308,train,1_empty_after_url_mention_removal,links_and_mentions_only
twifil,twifil-06315,train,1_empty_after_url_mention_removal,links_and_mentions_only
twifil,twifil-06319,train,1_empty_after_url_mention_removal,links_and_mentions_only
twifil,twifil-06323,train,1_empty_after_url_mention_removal,links_and_mentions_only
twifil,twifil-06329,train,1_empty_after_url_mention_removal,links_and_mentions_only
twifil,twifil-06333,train,1_empty_after_url_mention_removal,links_and_mentions_only
twifil,twifil-06334,train,1_empty_after_url_mention_removal,links_and_mentions_only
twifil,twifil-06338,train,1_empty_after_url_mention_removal,links_and_mentions_only
twifil,twifil-06341,train,1_empty_after_url_mention_removal,links_and_mentions_only
twifil,twifil-06364,train,1_empty_after_url_mention_removal,links_and_mentions_only
twifil,twifil-06370,train,1_empty_after_url_mention_removal,links_and_mentions_only
twifil,twifil-06373,train,1_empty_after_url_mention_removal,links_and_mentions_only
twifil,twifil-06375,train,1_empty_after_url_mention_removal,links_and_mentions_only
twifil,twifil-06381,train,1_empty_after_url_mention_removal,links_and_mentions_only
twifil,twifil-06385,train,1_empty_after_url_mention_removal,links_and_mentions_only
twifil,twifil-06412,train,1_empty_after_url_mention_removal,links_and_mentions_only
twifil,twifil-06413,train,1_empty_after_url_mention_removal,links_and_mentions_only
twifil,twifil-06418,train,1_empty_after_url_mention_removal,links_and_mentions_only
twifil,twifil-06419,train,1_empty_after_url_mention_removal,punctuation_or_digits_only
twifil,twifil-06422,train,1_empty_after_url_mention_removal,links_and_mentions_only
twifil,twifil-06424,train,1_empty_after_url_mention_removal,links_and_mentions_only
twifil,twifil-06432,train,1_empty_after_url_mention_removal,links_and_mentions_only
twifil,twifil-06438,train,1_empty_after_url_mention_removal,links_and_mentions_only
twifil,twifil-06447,train,1_empty_after_url_mention_removal,links_and_mentions_only
twifil,twifil-06449,train,1_empty_after_url_mention_removal,links_and_mentions_only
twifil,twifil-06452,train,1_empty_after_url_mention_removal,links_and_mentions_only
twifil,twifil-06466,train,1_empty_after_url_mention_removal,links_and_mentions_only
twifil,twifil-06467,train,1_empty_after_url_mention_removal,links_and_mentions_only
twifil,twifil-06468,train,1_empty_after_url_mention_removal,links_and_mentions_only
twifil,twifil-06483,train,1_empty_after_url_mention_removal,links_and_mentions_only
twifil,twifil-06493,train,1_empty_after_url_mention_removal,links_and_mentions_only
twifil,twifil-06507,train,1_empty_after_url_mention_removal,links_and_mentions_only
twifil,twifil-06510,train,1_empty_after_url_mention_removal,links_and_mentions_only
twifil,twifil-06520,train,1_empty_after_url_mention_removal,links_and_mentions_only
twifil,twifil-06522,train,1_empty_after_url_mention_removal,links_and_mentions_only
twifil,twifil-06534,train,1_empty_after_url_mention_removal,links_and_mentions_only
twifil,twifil-06539,train,1_empty_after_url_mention_removal,links_and_mentions_only
twifil,twifil-06542,train,1_empty_after_url_mention_removal,other_script
twifil,twifil-06544,train,1_empty_after_url_mention_removal,links_and_mentions_only
twifil,twifil-06545,train,1_empty_after_url_mention_removal,links_and_mentions_only
twifil,twifil-06555,train,1_empty_after_url_mention_removal,links_and_mentions_only
twifil,twifil-06558,train,1_empty_after_url_mention_removal,links_and_mentions_only
twifil,twifil-06561,train,1_empty_after_url_mention_removal,links_and_mentions_only
twifil,twifil-06575,train,1_empty_after_url_mention_removal,links_and_mentions_only
twifil,twifil-06576,train,1_empty_after_url_mention_removal,links_and_mentions_only
twifil,twifil-06581,train,1_empty_after_url_mention_removal,links_and_mentions_only
twifil,twifil-06582,train,1_empty_after_url_mention_removal,links_and_mentions_only
twifil,twifil-06586,train,1_empty_after_url_mention_removal,punctuation_or_digits_only
twifil,twifil-06598,train,1_empty_after_url_mention_removal,links_and_mentions_only
twifil,twifil-06601,train,1_empty_after_url_mention_removal,links_and_mentions_only
twifil,twifil-06602,train,1_empty_after_url_mention_removal,links_and_mentions_only
twifil,twifil-06604,train,1_empty_after_url_mention_removal,links_and_mentions_only
twifil,twifil-06605,train,1_empty_after_url_mention_removal,links_and_mentions_only
twifil,twifil-06607,train,1_empty_after_url_mention_removal,links_and_mentions_only
twifil,twifil-06609,train,1_empty_after_url_mention_removal,links_and_mentions_only
twifil,twifil-06610,train,1_empty_after_url_mention_removal,links_and_mentions_only
twifil,twifil-06613,train,1_empty_after_url_mention_removal,links_and_mentions_only
twifil,twifil-06619,train,1_empty_after_url_mention_removal,links_and_mentions_only
twifil,twifil-06621,train,1_empty_after_url_mention_removal,links_and_mentions_only
twifil,twifil-06626,train,1_empty_after_url_mention_removal,links_and_mentions_only
twifil,twifil-06628,train,1_empty_after_url_mention_removal,links_and_mentions_only
twifil,twifil-06630,train,1_empty_after_url_mention_removal,links_and_mentions_only
twifil,twifil-06631,train,1_empty_after_url_mention_removal,links_and_mentions_only
twifil,twifil-06632,train,1_empty_after_url_mention_removal,links_and_mentions_only
twifil,twifil-06633,train,1_empty_after_url_mention_removal,links_and_mentions_only
twifil,twifil-06634,train,1_empty_after_url_mention_removal,links_and_mentions_only
twifil,twifil-06637,train,1_empty_after_url_mention_removal,links_and_mentions_only
twifil,twifil-06647,train,1_empty_after_url_mention_removal,links_and_mentions_only
twifil,twifil-06650,train,1_empty_after_url_mention_removal,links_and_mentions_only
twifil,twifil-06655,train,1_empty_after_url_mention_removal,links_and_mentions_only
twifil,twifil-06658,train,1_empty_after_url_mention_removal,links_and_mentions_only
twifil,twifil-06662,train,1_empty_after_url_mention_removal,links_and_mentions_only
twifil,twifil-06665,train,1_empty_after_url_mention_removal,links_and_mentions_only
twifil,twifil-06668,train,1_empty_after_url_mention_removal,punctuation_or_digits_only
twifil,twifil-06669,train,1_empty_after_url_mention_removal,links_and_mentions_only
twifil,twifil-06677,train,1_empty_after_url_mention_removal,links_and_mentions_only
twifil,twifil-06678,train,1_empty_after_url_mention_removal,links_and_mentions_only
twifil,twifil-06679,train,1_empty_after_url_mention_removal,links_and_mentions_only
twifil,twifil-06682,train,1_empty_after_url_mention_removal,links_and_mentions_only
twifil,twifil-06692,train,1_empty_after_url_mention_removal,links_and_mentions_only
twifil,twifil-06693,train,1_empty_after_url_mention_removal,links_and_mentions_only
twifil,twifil-06694,train,1_empty_after_url_mention_removal,links_and_mentions_only
twifil,twifil-06697,train,1_empty_after_url_mention_removal,links_and_mentions_only
twifil,twifil-06702,train,1_empty_after_url_mention_removal,links_and_mentions_only
twifil,twifil-06703,train,1_empty_after_url_mention_removal,links_and_mentions_only
twifil,twifil-06714,train,1_empty_after_url_mention_removal,links_and_mentions_only
twifil,twifil-06721,train,1_empty_after_url_mention_removal,links_and_mentions_only
twifil,twifil-06728,train,1_empty_after_url_mention_removal,links_and_mentions_only
twifil,twifil-06747,train,1_empty_after_url_mention_removal,links_and_mentions_only
twifil,twifil-06757,train,1_empty_after_url_mention_removal,links_and_mentions_only
twifil,twifil-06761,train,1_empty_after_url_mention_removal,links_and_mentions_only
twifil,twifil-06763,train,1_empty_after_url_mention_removal,links_and_mentions_only
twifil,twifil-06764,train,1_empty_after_url_mention_removal,links_and_mentions_only
twifil,twifil-06766,train,1_empty_after_url_mention_removal,links_and_mentions_only
twifil,twifil-06777,train,1_empty_after_url_mention_removal,links_and_mentions_only
twifil,twifil-06801,train,1_empty_after_url_mention_removal,links_and_mentions_only
twifil,twifil-06804,train,1_empty_after_url_mention_removal,links_and_mentions_only
twifil,twifil-06809,train,1_empty_after_url_mention_removal,links_and_mentions_only
twifil,twifil-06813,train,1_empty_after_url_mention_removal,links_and_mentions_only
twifil,twifil-06818,train,1_empty_after_url_mention_removal,links_and_mentions_only
twifil,twifil-06819,train,1_empty_after_url_mention_removal,links_and_mentions_only
twifil,twifil-06828,train,1_empty_after_url_mention_removal,links_and_mentions_only
twifil,twifil-06837,train,1_empty_after_url_mention_removal,links_and_mentions_only
twifil,twifil-06847,train,1_empty_after_url_mention_removal,links_and_mentions_only
twifil,twifil-06861,train,1_empty_after_url_mention_removal,links_and_mentions_only
twifil,twifil-06880,train,1_empty_after_url_mention_removal,links_and_mentions_only
twifil,twifil-06882,train,1_empty_after_url_mention_removal,links_and_mentions_only
twifil,twifil-06887,train,1_empty_after_url_mention_removal,links_and_mentions_only
twifil,twifil-06889,train,1_empty_after_url_mention_removal,links_and_mentions_only
twifil,twifil-06890,train,1_empty_after_url_mention_removal,links_and_mentions_only
twifil,twifil-06893,train,1_empty_after_url_mention_removal,links_and_mentions_only
twifil,twifil-06894,train,1_empty_after_url_mention_removal,links_and_mentions_only
twifil,twifil-06907,train,1_empty_after_url_mention_removal,links_and_mentions_only
twifil,twifil-06912,train,1_empty_after_url_mention_removal,links_and_mentions_only
twifil,twifil-06914,train,1_empty_after_url_mention_removal,links_and_mentions_only
twifil,twifil-06922,train,1_empty_after_url_mention_removal,links_and_mentions_only
twifil,twifil-06937,train,1_empty_after_url_mention_removal,links_and_mentions_only
twifil,twifil-06942,train,1_empty_after_url_mention_removal,links_and_mentions_only
twifil,twifil-06945,train,1_empty_after_url_mention_removal,links_and_mentions_only
twifil,twifil-06946,train,1_empty_after_url_mention_removal,links_and_mentions_only
twifil,twifil-06950,train,1_empty_after_url_mention_removal,other_script
twifil,twifil-06951,train,1_empty_after_url_mention_removal,links_and_mentions_only
twifil,twifil-06956,train,1_empty_after_url_mention_removal,links_and_mentions_only
twifil,twifil-06958,train,1_empty_after_url_mention_removal,links_and_mentions_only
twifil,twifil-06967,train,1_empty_after_url_mention_removal,links_and_mentions_only
twifil,twifil-06973,train,1_empty_after_url_mention_removal,other_script
twifil,twifil-06975,train,1_empty_after_url_mention_removal,links_and_mentions_only
twifil,twifil-06985,train,1_empty_after_url_mention_removal,links_and_mentions_only
twifil,twifil-06998,train,1_empty_after_url_mention_removal,links_and_mentions_only
twifil,twifil-06999,train,1_empty_after_url_mention_removal,links_and_mentions_only
twifil,twifil-07004,train,1_empty_after_url_mention_removal,links_and_mentions_only
twifil,twifil-07007,train,1_empty_after_url_mention_removal,links_and_mentions_only
twifil,twifil-07008,train,1_empty_after_url_mention_removal,links_and_mentions_only
twifil,twifil-07020,train,1_empty_after_url_mention_removal,links_and_mentions_only
twifil,twifil-07027,train,1_empty_after_url_mention_removal,links_and_mentions_only
twifil,twifil-07028,train,1_empty_after_url_mention_removal,links_and_mentions_only
twifil,twifil-07036,train,1_empty_after_url_mention_removal,punctuation_or_digits_only
twifil,twifil-07039,train,1_empty_after_url_mention_removal,links_and_mentions_only
twifil,twifil-07043,train,1_empty_after_url_mention_removal,links_and_mentions_only
twifil,twifil-07048,train,1_empty_after_url_mention_removal,links_and_mentions_only
twifil,twifil-07051,train,1_empty_after_url_mention_removal,other_script
twifil,twifil-07059,train,1_empty_after_url_mention_removal,links_and_mentions_only
twifil,twifil-07063,train,1_empty_after_url_mention_removal,links_and_mentions_only
twifil,twifil-07069,train,1_empty_after_url_mention_removal,links_and_mentions_only
twifil,twifil-07072,train,1_empty_after_url_mention_removal,links_and_mentions_only
twifil,twifil-07081,test,1_empty_after_url_mention_removal,links_and_mentions_only
twifil,twifil-07083,test,1_empty_after_url_mention_removal,links_and_mentions_only
twifil,twifil-07085,test,1_empty_after_url_mention_removal,links_and_mentions_only
twifil,twifil-07087,test,1_empty_after_url_mention_removal,links_and_mentions_only
twifil,twifil-07090,test,1_empty_after_url_mention_removal,links_and_mentions_only
twifil,twifil-07092,test,1_empty_after_url_mention_removal,punctuation_or_digits_only
twifil,twifil-07100,test,1_empty_after_url_mention_removal,links_and_mentions_only
twifil,twifil-07101,test,1_empty_after_url_mention_removal,links_and_mentions_only
twifil,twifil-07119,test,1_empty_after_url_mention_removal,links_and_mentions_only
twifil,twifil-07122,test,1_empty_after_url_mention_removal,links_and_mentions_only
twifil,twifil-07128,test,1_empty_after_url_mention_removal,links_and_mentions_only
twifil,twifil-07132,test,1_empty_after_url_mention_removal,links_and_mentions_only
twifil,twifil-07134,test,1_empty_after_url_mention_removal,links_and_mentions_only
twifil,twifil-07152,test,1_empty_after_url_mention_removal,links_and_mentions_only
twifil,twifil-07183,test,1_empty_after_url_mention_removal,links_and_mentions_only
twifil,twifil-07191,test,1_empty_after_url_mention_removal,links_and_mentions_only
twifil,twifil-07208,test,1_empty_after_url_mention_removal,links_and_mentions_only
twifil,twifil-07212,test,1_empty_after_url_mention_removal,links_and_mentions_only
twifil,twifil-07218,test,1_empty_after_url_mention_removal,links_and_mentions_only
twifil,twifil-07225,test,1_empty_after_url_mention_removal,links_and_mentions_only
twifil,twifil-07247,test,1_empty_after_url_mention_removal,links_and_mentions_only
twifil,twifil-07250,test,1_empty_after_url_mention_removal,links_and_mentions_only
twifil,twifil-07251,test,1_empty_after_url_mention_removal,punctuation_or_digits_only
twifil,twifil-07253,test,1_empty_after_url_mention_removal,links_and_mentions_only
twifil,twifil-07265,test,1_empty_after_url_mention_removal,links_and_mentions_only
twifil,twifil-07279,test,1_empty_after_url_mention_removal,links_and_mentions_only
twifil,twifil-07286,test,1_empty_after_url_mention_removal,links_and_mentions_only
twifil,twifil-07300,test,1_empty_after_url_mention_removal,links_and_mentions_only
twifil,twifil-07304,test,1_empty_after_url_mention_removal,links_and_mentions_only
twifil,twifil-07321,test,1_empty_after_url_mention_removal,links_and_mentions_only
twifil,twifil-07322,test,1_empty_after_url_mention_removal,links_and_mentions_only
twifil,twifil-07326,test,1_empty_after_url_mention_removal,links_and_mentions_only
twifil,twifil-07328,test,1_empty_after_url_mention_removal,links_and_mentions_only
twifil,twifil-07352,test,1_empty_after_url_mention_removal,links_and_mentions_only
twifil,twifil-07364,test,1_empty_after_url_mention_removal,links_and_mentions_only
twifil,twifil-07381,test,1_empty_after_url_mention_removal,punctuation_or_digits_only
twifil,twifil-07388,test,1_empty_after_url_mention_removal,links_and_mentions_only
twifil,twifil-07397,test,1_empty_after_url_mention_removal,links_and_mentions_only
twifil,twifil-07405,test,1_empty_after_url_mention_removal,links_and_mentions_only
twifil,twifil-07409,test,1_empty_after_url_mention_removal,links_and_mentions_only
twifil,twifil-07412,test,1_empty_after_url_mention_removal,links_and_mentions_only
twifil,twifil-07429,test,1_empty_after_url_mention_removal,links_and_mentions_only
twifil,twifil-07433,test,1_empty_after_url_mention_removal,links_and_mentions_only
twifil,twifil-07434,test,1_empty_after_url_mention_removal,links_and_mentions_only
twifil,twifil-07442,test,1_empty_after_url_mention_removal,links_and_mentions_only
twifil,twifil-07443,test,1_empty_after_url_mention_removal,punctuation_or_digits_only
twifil,twifil-07449,test,1_empty_after_url_mention_removal,links_and_mentions_only
twifil,twifil-07461,test,1_empty_after_url_mention_removal,links_and_mentions_only
twifil,twifil-07463,test,1_empty_after_url_mention_removal,links_and_mentions_only
twifil,twifil-07469,test,1_empty_after_url_mention_removal,links_and_mentions_only
twifil,twifil-07480,test,1_empty_after_url_mention_removal,punctuation_or_digits_only
twifil,twifil-07482,test,1_empty_after_url_mention_removal,links_and_mentions_only
twifil,twifil-07483,test,1_empty_after_url_mention_removal,links_and_mentions_only
twifil,twifil-07493,test,1_empty_after_url_mention_removal,links_and_mentions_only
twifil,twifil-07495,test,1_empty_after_url_mention_removal,links_and_mentions_only
twifil,twifil-07504,test,1_empty_after_url_mention_removal,links_and_mentions_only
twifil,twifil-07528,test,1_empty_after_url_mention_removal,links_and_mentions_only
twifil,twifil-07534,test,1_empty_after_url_mention_removal,links_and_mentions_only
twifil,twifil-07548,test,1_empty_after_url_mention_removal,links_and_mentions_only
twifil,twifil-07561,test,1_empty_after_url_mention_removal,links_and_mentions_only
twifil,twifil-07578,test,1_empty_after_url_mention_removal,links_and_mentions_only
twifil,twifil-07585,test,1_empty_after_url_mention_removal,links_and_mentions_only
twifil,twifil-07594,test,1_empty_after_url_mention_removal,links_and_mentions_only
twifil,twifil-07596,test,1_empty_after_url_mention_removal,links_and_mentions_only
twifil,twifil-07604,test,1_empty_after_url_mention_removal,punctuation_or_digits_only
twifil,twifil-07608,test,1_empty_after_url_mention_removal,links_and_mentions_only
twifil,twifil-07609,test,1_empty_after_url_mention_removal,links_and_mentions_only
twifil,twifil-07625,test,1_empty_after_url_mention_removal,links_and_mentions_only
twifil,twifil-07632,test,1_empty_after_url_mention_removal,links_and_mentions_only
twifil,twifil-07644,test,1_empty_after_url_mention_removal,links_and_mentions_only
twifil,twifil-07645,test,1_empty_after_url_mention_removal,links_and_mentions_only
twifil,twifil-07650,test,1_empty_after_url_mention_removal,links_and_mentions_only
twifil,twifil-07655,test,1_empty_after_url_mention_removal,links_and_mentions_only
twifil,twifil-07657,test,1_empty_after_url_mention_removal,other_script
twifil,twifil-07663,test,1_empty_after_url_mention_removal,links_and_mentions_only
twifil,twifil-07664,test,1_empty_after_url_mention_removal,punctuation_or_digits_only
twifil,twifil-07667,test,1_empty_after_url_mention_removal,links_and_mentions_only
twifil,twifil-07670,test,1_empty_after_url_mention_removal,links_and_mentions_only
twifil,twifil-07673,test,1_empty_after_url_mention_removal,links_and_mentions_only
twifil,twifil-07689,test,1_empty_after_url_mention_removal,links_and_mentions_only
twifil,twifil-07694,test,1_empty_after_url_mention_removal,links_and_mentions_only
twifil,twifil-07695,test,1_empty_after_url_mention_removal,links_and_mentions_only
twifil,twifil-07721,test,1_empty_after_url_mention_removal,links_and_mentions_only
twifil,twifil-07730,test,1_empty_after_url_mention_removal,links_and_mentions_only
twifil,twifil-07732,test,1_empty_after_url_mention_removal,links_and_mentions_only
twifil,twifil-07735,test,1_empty_after_url_mention_removal,links_and_mentions_only
twifil,twifil-07741,test,1_empty_after_url_mention_removal,links_and_mentions_only
twifil,twifil-07748,test,1_empty_after_url_mention_removal,links_and_mentions_only
twifil,twifil-07757,test,1_empty_after_url_mention_removal,links_and_mentions_only
twifil,twifil-07758,test,1_empty_after_url_mention_removal,links_and_mentions_only
twifil,twifil-07763,test,1_empty_after_url_mention_removal,links_and_mentions_only
twifil,twifil-07767,test,1_empty_after_url_mention_removal,links_and_mentions_only
twifil,twifil-07768,test,1_empty_after_url_mention_removal,links_and_mentions_only
twifil,twifil-07774,test,1_empty_after_url_mention_removal,links_and_mentions_only
twifil,twifil-07778,test,1_empty_after_url_mention_removal,links_and_mentions_only
twifil,twifil-07788,test,1_empty_after_url_mention_removal,links_and_mentions_only
twifil,twifil-07797,test,1_empty_after_url_mention_removal,links_and_mentions_only
twifil,twifil-07804,test,1_empty_after_url_mention_removal,links_and_mentions_only
twifil,twifil-07821,test,1_empty_after_url_mention_removal,links_and_mentions_only
twifil,twifil-07825,test,1_empty_after_url_mention_removal,links_and_mentions_only
twifil,twifil-07831,test,1_empty_after_url_mention_removal,links_and_mentions_only
twifil,twifil-07836,test,1_empty_after_url_mention_removal,links_and_mentions_only
twifil,twifil-07843,test,1_empty_after_url_mention_removal,links_and_mentions_only
twifil,twifil-07845,test,1_empty_after_url_mention_removal,links_and_mentions_only
twifil,twifil-07846,test,1_empty_after_url_mention_removal,links_and_mentions_only
twifil,twifil-07847,test,1_empty_after_url_mention_removal,links_and_mentions_only
twifil,twifil-07859,test,1_empty_after_url_mention_removal,links_and_mentions_only
twifil,twifil-07867,test,1_empty_after_url_mention_removal,links_and_mentions_only
twifil,twifil-07880,test,1_empty_after_url_mention_removal,links_and_mentions_only
twifil,twifil-07886,test,1_empty_after_url_mention_removal,links_and_mentions_only
twifil,twifil-07889,test,1_empty_after_url_mention_removal,links_and_mentions_only
twifil,twifil-07891,test,1_empty_after_url_mention_removal,punctuation_or_digits_only
twifil,twifil-07897,test,1_empty_after_url_mention_removal,links_and_mentions_only
twifil,twifil-07900,test,1_empty_after_url_mention_removal,links_and_mentions_only
twifil,twifil-07901,test,1_empty_after_url_mention_removal,links_and_mentions_only
twifil,twifil-07904,test,1_empty_after_url_mention_removal,links_and_mentions_only
twifil,twifil-07909,test,1_empty_after_url_mention_removal,links_and_mentions_only
twifil,twifil-07915,test,1_empty_after_url_mention_removal,links_and_mentions_only
twifil,twifil-07933,test,1_empty_after_url_mention_removal,links_and_mentions_only
twifil,twifil-07937,test,1_empty_after_url_mention_removal,links_and_mentions_only
twifil,twifil-07961,test,1_empty_after_url_mention_removal,links_and_mentions_only
twifil,twifil-07965,test,1_empty_after_url_mention_removal,links_and_mentions_only
twifil,twifil-07969,test,1_empty_after_url_mention_removal,links_and_mentions_only
twifil,twifil-07972,test,1_empty_after_url_mention_removal,links_and_mentions_only
twifil,twifil-07978,test,1_empty_after_url_mention_removal,links_and_mentions_only
twifil,twifil-07981,test,1_empty_after_url_mention_removal,links_and_mentions_only
twifil,twifil-08012,test,1_empty_after_url_mention_removal,links_and_mentions_only
twifil,twifil-08013,test,1_empty_after_url_mention_removal,links_and_mentions_only
twifil,twifil-08022,test,1_empty_after_url_mention_removal,links_and_mentions_only
twifil,twifil-08024,test,1_empty_after_url_mention_removal,links_and_mentions_only
twifil,twifil-08026,test,1_empty_after_url_mention_removal,links_and_mentions_only
twifil,twifil-08029,test,1_empty_after_url_mention_removal,links_and_mentions_only
twifil,twifil-08030,test,1_empty_after_url_mention_removal,other_script
twifil,twifil-08035,test,1_empty_after_url_mention_removal,links_and_mentions_only
twifil,twifil-08038,test,1_empty_after_url_mention_removal,links_and_mentions_only
twifil,twifil-08072,test,1_empty_after_url_mention_removal,other_script
twifil,twifil-08073,test,1_empty_after_url_mention_removal,links_and_mentions_only
twifil,twifil-08083,test,1_empty_after_url_mention_removal,links_and_mentions_only
twifil,twifil-08090,test,1_empty_after_url_mention_removal,links_and_mentions_only
twifil,twifil-08091,test,1_empty_after_url_mention_removal,links_and_mentions_only
twifil,twifil-08096,test,1_empty_after_url_mention_removal,links_and_mentions_only
twifil,twifil-08098,test,1_empty_after_url_mention_removal,links_and_mentions_only
twifil,twifil-08108,test,1_empty_after_url_mention_removal,links_and_mentions_only
twifil,twifil-08117,test,1_empty_after_url_mention_removal,other_script
twifil,twifil-08125,test,1_empty_after_url_mention_removal,links_and_mentions_only
twifil,twifil-08136,test,1_empty_after_url_mention_removal,links_and_mentions_only
twifil,twifil-08142,test,1_empty_after_url_mention_removal,links_and_mentions_only
twifil,twifil-08143,test,1_empty_after_url_mention_removal,links_and_mentions_only
twifil,twifil-08148,test,1_empty_after_url_mention_removal,links_and_mentions_only
twifil,twifil-08150,test,1_empty_after_url_mention_removal,links_and_mentions_only
twifil,twifil-08151,test,1_empty_after_url_mention_removal,links_and_mentions_only
twifil,twifil-08157,test,1_empty_after_url_mention_removal,links_and_mentions_only
twifil,twifil-08165,test,1_empty_after_url_mention_removal,links_and_mentions_only
twifil,twifil-08177,test,1_empty_after_url_mention_removal,links_and_mentions_only
twifil,twifil-08183,test,1_empty_after_url_mention_removal,links_and_mentions_only
twifil,twifil-08184,test,1_empty_after_url_mention_removal,links_and_mentions_only
twifil,twifil-08185,test,1_empty_after_url_mention_removal,links_and_mentions_only
twifil,twifil-08204,test,1_empty_after_url_mention_removal,links_and_mentions_only
twifil,twifil-08223,test,1_empty_after_url_mention_removal,links_and_mentions_only
twifil,twifil-08225,test,1_empty_after_url_mention_removal,links_and_mentions_only
twifil,twifil-08231,test,1_empty_after_url_mention_removal,links_and_mentions_only
twifil,twifil-08236,test,1_empty_after_url_mention_removal,links_and_mentions_only
twifil,twifil-08246,test,1_empty_after_url_mention_removal,links_and_mentions_only
twifil,twifil-08247,test,1_empty_after_url_mention_removal,punctuation_or_digits_only
twifil,twifil-08264,test,1_empty_after_url_mention_removal,links_and_mentions_only
twifil,twifil-08278,test,1_empty_after_url_mention_removal,links_and_mentions_only
twifil,twifil-08279,test,1_empty_after_url_mention_removal,links_and_mentions_only
twifil,twifil-08280,test,1_empty_after_url_mention_removal,links_and_mentions_only
twifil,twifil-08288,test,1_empty_after_url_mention_removal,links_and_mentions_only
twifil,twifil-08295,test,1_empty_after_url_mention_removal,links_and_mentions_only
twifil,twifil-08296,test,1_empty_after_url_mention_removal,links_and_mentions_only
twifil,twifil-08300,test,1_empty_after_url_mention_removal,links_and_mentions_only
twifil,twifil-08313,test,1_empty_after_url_mention_removal,links_and_mentions_only
twifil,twifil-08320,test,1_empty_after_url_mention_removal,links_and_mentions_only
twifil,twifil-08322,test,1_empty_after_url_mention_removal,links_and_mentions_only
twifil,twifil-08332,test,1_empty_after_url_mention_removal,links_and_mentions_only
twifil,twifil-08342,test,1_empty_after_url_mention_removal,links_and_mentions_only
twifil,twifil-08343,test,1_empty_after_url_mention_removal,links_and_mentions_only
twifil,twifil-08347,test,1_empty_after_url_mention_removal,links_and_mentions_only
twifil,twifil-08354,test,1_empty_after_url_mention_removal,links_and_mentions_only
twifil,twifil-08367,test,1_empty_after_url_mention_removal,links_and_mentions_only
twifil,twifil-08372,test,1_empty_after_url_mention_removal,links_and_mentions_only
twifil,twifil-08381,test,1_empty_after_url_mention_removal,links_and_mentions_only
twifil,twifil-08393,test,1_empty_after_url_mention_removal,links_and_mentions_only
twifil,twifil-08401,test,1_empty_after_url_mention_removal,links_and_mentions_only
twifil,twifil-08412,test,1_empty_after_url_mention_removal,links_and_mentions_only
twifil,twifil-08420,test,1_empty_after_url_mention_removal,links_and_mentions_only
twifil,twifil-08434,test,1_empty_after_url_mention_removal,links_and_mentions_only
twifil,twifil-08435,test,1_empty_after_url_mention_removal,punctuation_or_digits_only
twifil,twifil-08436,test,1_empty_after_url_mention_removal,links_and_mentions_only
twifil,twifil-08446,test,1_empty_after_url_mention_removal,links_and_mentions_only
twifil,twifil-08458,test,1_empty_after_url_mention_removal,links_and_mentions_only
twifil,twifil-08462,test,1_empty_after_url_mention_removal,links_and_mentions_only
twifil,twifil-08473,test,1_empty_after_url_mention_removal,links_and_mentions_only
twifil,twifil-08475,test,1_empty_after_url_mention_removal,links_and_mentions_only
twifil,twifil-08503,test,1_empty_after_url_mention_removal,links_and_mentions_only
twifil,twifil-08518,test,1_empty_after_url_mention_removal,links_and_mentions_only
twifil,twifil-08522,test,1_empty_after_url_mention_removal,links_and_mentions_only
twifil,twifil-08529,test,1_empty_after_url_mention_removal,links_and_mentions_only
twifil,twifil-08537,test,1_empty_after_url_mention_removal,links_and_mentions_only
twifil,twifil-08538,test,1_empty_after_url_mention_removal,punctuation_or_digits_only
twifil,twifil-08557,test,1_empty_after_url_mention_removal,links_and_mentions_only
twifil,twifil-08562,test,1_empty_after_url_mention_removal,links_and_mentions_only
twifil,twifil-08571,test,1_empty_after_url_mention_removal,links_and_mentions_only
twifil,twifil-08572,test,1_empty_after_url_mention_removal,links_and_mentions_only
twifil,twifil-08586,test,1_empty_after_url_mention_removal,links_and_mentions_only
twifil,twifil-08601,test,1_empty_after_url_mention_removal,links_and_mentions_only
twifil,twifil-08620,test,1_empty_after_url_mention_removal,links_and_mentions_only
twifil,twifil-08630,test,1_empty_after_url_mention_removal,links_and_mentions_only
twifil,twifil-08638,test,1_empty_after_url_mention_removal,links_and_mentions_only
twifil,twifil-08640,test,1_empty_after_url_mention_removal,links_and_mentions_only
twifil,twifil-08644,test,1_empty_after_url_mention_removal,links_and_mentions_only
twifil,twifil-08651,test,1_empty_after_url_mention_removal,links_and_mentions_only
twifil,twifil-08656,test,1_empty_after_url_mention_removal,links_and_mentions_only
twifil,twifil-08668,test,1_empty_after_url_mention_removal,links_and_mentions_only
twifil,twifil-08674,test,1_empty_after_url_mention_removal,links_and_mentions_only
twifil,twifil-08690,test,1_empty_after_url_mention_removal,links_and_mentions_only
twifil,twifil-08695,test,1_empty_after_url_mention_removal,links_and_mentions_only
twifil,twifil-08696,test,1_empty_after_url_mention_removal,links_and_mentions_only
twifil,twifil-08698,test,1_empty_after_url_mention_removal,links_and_mentions_only
twifil,twifil-08712,test,1_empty_after_url_mention_removal,links_and_mentions_only
twifil,twifil-08715,test,1_empty_after_url_mention_removal,links_and_mentions_only
twifil,twifil-08730,test,1_empty_after_url_mention_removal,links_and_mentions_only
twifil,twifil-08748,test,1_empty_after_url_mention_removal,links_and_mentions_only
twifil,twifil-08768,test,1_empty_after_url_mention_removal,links_and_mentions_only
twifil,twifil-08772,test,1_empty_after_url_mention_removal,links_and_mentions_only
twifil,twifil-08773,test,1_empty_after_url_mention_removal,links_and_mentions_only
twifil,twifil-08784,test,1_empty_after_url_mention_removal,other_script
twifil,twifil-08798,test,1_empty_after_url_mention_removal,links_and_mentions_only
twifil,twifil-08801,test,1_empty_after_url_mention_removal,links_and_mentions_only
twifil,twifil-08802,test,1_empty_after_url_mention_removal,links_and_mentions_only
twifil,twifil-08807,test,1_empty_after_url_mention_removal,links_and_mentions_only
twifil,twifil-08820,test,1_empty_after_url_mention_removal,links_and_mentions_only
twifil,twifil-08831,test,1_empty_after_url_mention_removal,links_and_mentions_only
twifil,twifil-08832,test,1_empty_after_url_mention_removal,links_and_mentions_only
twifil,twifil-08835,test,1_empty_after_url_mention_removal,links_and_mentions_only
twifil,twifil-08841,test,1_empty_after_url_mention_removal,links_and_mentions_only
twifil,twifil-08847,test,1_empty_after_url_mention_removal,links_and_mentions_only
twifil,twifil-08850,test,1_empty_after_url_mention_removal,links_and_mentions_only
twifil,twifil-08853,test,1_empty_after_url_mention_removal,links_and_mentions_only
twifil,twifil-08855,test,1_empty_after_url_mention_removal,links_and_mentions_only
twifil,twifil-08861,test,1_empty_after_url_mention_removal,links_and_mentions_only
twifil,twifil-08866,test,1_empty_after_url_mention_removal,links_and_mentions_only
twifil,twifil-08873,test,1_empty_after_url_mention_removal,punctuation_or_digits_only
twifil,twifil-08877,test,1_empty_after_url_mention_removal,links_and_mentions_only
twifil,twifil-08893,test,1_empty_after_url_mention_removal,links_and_mentions_only
twifil,twifil-08895,test,1_empty_after_url_mention_removal,links_and_mentions_only
twifil,twifil-08898,test,1_empty_after_url_mention_removal,links_and_mentions_only
twifil,twifil-08910,test,1_empty_after_url_mention_removal,links_and_mentions_only
twifil,twifil-08927,test,1_empty_after_url_mention_removal,links_and_mentions_only
twifil,twifil-08932,test,1_empty_after_url_mention_removal,links_and_mentions_only
twifil,twifil-08937,test,1_empty_after_url_mention_removal,links_and_mentions_only
twifil,twifil-08964,test,1_empty_after_url_mention_removal,links_and_mentions_only
twifil,twifil-08965,test,1_empty_after_url_mention_removal,punctuation_or_digits_only
twifil,twifil-08970,test,1_empty_after_url_mention_removal,links_and_mentions_only
twifil,twifil-08973,test,1_empty_after_url_mention_removal,links_and_mentions_only
twifil,twifil-09003,test,1_empty_after_url_mention_removal,links_and_mentions_only
twifil,twifil-09011,test,1_empty_after_url_mention_removal,links_and_mentions_only
twifil,twifil-09013,test,1_empty_after_url_mention_removal,links_and_mentions_only
twifil,twifil-09017,test,1_empty_after_url_mention_removal,links_and_mentions_only
twifil,twifil-09019,test,1_empty_after_url_mention_removal,links_and_mentions_only
twifil,twifil-09020,test,1_empty_after_url_mention_removal,links_and_mentions_only
twifil,twifil-09024,test,1_empty_after_url_mention_removal,links_and_mentions_only
twifil,twifil-09025,test,1_empty_after_url_mention_removal,links_and_mentions_only
twifil,twifil-09029,test,1_empty_after_url_mention_removal,links_and_mentions_only
twifil,twifil-09041,test,1_empty_after_url_mention_removal,links_and_mentions_only
twifil,twifil-09045,test,1_empty_after_url_mention_removal,links_and_mentions_only
twifil,twifil-09052,test,1_empty_after_url_mention_removal,links_and_mentions_only
twifil,twifil-09055,test,1_empty_after_url_mention_removal,punctuation_or_digits_only
twifil,twifil-09060,test,1_empty_after_url_mention_removal,links_and_mentions_only
twifil,twifil-09074,test,1_empty_after_url_mention_removal,links_and_mentions_only
twifil,twifil-09076,test,1_empty_after_url_mention_removal,links_and_mentions_only
twifil,twifil-09078,test,1_empty_after_url_mention_removal,links_and_mentions_only
twifil,twifil-09079,test,1_empty_after_url_mention_removal,links_and_mentions_only
twifil,twifil-09085,test,1_empty_after_url_mention_removal,links_and_mentions_only
twifil,twifil-09087,test,1_empty_after_url_mention_removal,links_and_mentions_only
twifil,twifil-09109,test,1_empty_after_url_mention_removal,links_and_mentions_only
twifil,twifil-09111,test,1_empty_after_url_mention_removal,links_and_mentions_only
twifil,twifil-09114,test,1_empty_after_url_mention_removal,links_and_mentions_only
twifil,twifil-09115,test,1_empty_after_url_mention_removal,links_and_mentions_only
twifil,twifil-09117,test,1_empty_after_url_mention_removal,links_and_mentions_only
twifil,twifil-09121,test,1_empty_after_url_mention_removal,links_and_mentions_only
twifil,twifil-09130,test,1_empty_after_url_mention_removal,links_and_mentions_only
twifil,twifil-09135,test,1_empty_after_url_mention_removal,links_and_mentions_only
twifil,twifil-09198,test,1_empty_after_url_mention_removal,links_and_mentions_only
twifil,twifil-09201,test,1_empty_after_url_mention_removal,links_and_mentions_only
twifil,twifil-09209,test,1_empty_after_url_mention_removal,links_and_mentions_only
twifil,twifil-09217,test,1_empty_after_url_mention_removal,links_and_mentions_only
twifil,twifil-09223,test,1_empty_after_url_mention_removal,links_and_mentions_only
twifil,twifil-09231,test,1_empty_after_url_mention_removal,links_and_mentions_only
twifil,twifil-09234,test,1_empty_after_url_mention_removal,links_and_mentions_only
twifil,twifil-09236,test,1_empty_after_url_mention_removal,links_and_mentions_only
twifil,twifil-09249,test,1_empty_after_url_mention_removal,links_and_mentions_only
twifil,twifil-09253,test,1_empty_after_url_mention_removal,links_and_mentions_only
twifil,twifil-09255,test,1_empty_after_url_mention_removal,links_and_mentions_only
twifil,twifil-09261,test,1_empty_after_url_mention_removal,links_and_mentions_only
twifil,twifil-09272,test,1_empty_after_url_mention_removal,links_and_mentions_only
twifil,twifil-09278,test,1_empty_after_url_mention_removal,links_and_mentions_only
twifil,twifil-09279,test,1_empty_after_url_mention_removal,links_and_mentions_only
twifil,twifil-09280,test,1_empty_after_url_mention_removal,links_and_mentions_only
twifil,twifil-09298,test,1_empty_after_url_mention_removal,links_and_mentions_only
twifil,twifil-09299,test,1_empty_after_url_mention_removal,links_and_mentions_only
twifil,twifil-09305,test,1_empty_after_url_mention_removal,links_and_mentions_only
twifil,twifil-09306,test,1_empty_after_url_mention_removal,links_and_mentions_only
twifil,twifil-09311,test,1_empty_after_url_mention_removal,links_and_mentions_only
twifil,twifil-09319,test,1_empty_after_url_mention_removal,links_and_mentions_only
twifil,twifil-09322,test,1_empty_after_url_mention_removal,links_and_mentions_only
twifil,twifil-09354,test,1_empty_after_url_mention_removal,links_and_mentions_only
twifil,twifil-09364,test,1_empty_after_url_mention_removal,links_and_mentions_only
twifil,twifil-09368,test,1_empty_after_url_mention_removal,links_and_mentions_only
twifil,twifil-09376,test,1_empty_after_url_mention_removal,links_and_mentions_only
twifil,twifil-09377,test,1_empty_after_url_mention_removal,links_and_mentions_only
twifil,twifil-09379,test,1_empty_after_url_mention_removal,links_and_mentions_only
twifil,twifil-09390,test,1_empty_after_url_mention_removal,links_and_mentions_only
twifil,twifil-09407,test,1_empty_after_url_mention_removal,links_and_mentions_only
twifil,twifil-09419,test,1_empty_after_url_mention_removal,links_and_mentions_only
twifil,twifil-09426,test,1_empty_after_url_mention_removal,links_and_mentions_only
twifil,twifil-09436,test,1_empty_after_url_mention_removal,links_and_mentions_only
twifil,twifil-00000,train,2_conflicting_labels,
twifil,twifil-00074,train,2_conflicting_labels,
twifil,twifil-00234,train,2_conflicting_labels,
twifil,twifil-00238,train,2_conflicting_labels,
twifil,twifil-00249,train,2_conflicting_labels,
twifil,twifil-00264,train,2_conflicting_labels,
twifil,twifil-00318,train,2_conflicting_labels,
twifil,twifil-00357,train,2_conflicting_labels,
twifil,twifil-00373,train,2_conflicting_labels,
twifil,twifil-00537,train,2_conflicting_labels,
twifil,twifil-00585,train,2_conflicting_labels,
twifil,twifil-00620,train,2_conflicting_labels,
twifil,twifil-00697,train,2_conflicting_labels,
twifil,twifil-00723,train,2_conflicting_labels,
twifil,twifil-00734,train,2_conflicting_labels,
twifil,twifil-00765,train,2_conflicting_labels,
twifil,twifil-00770,train,2_conflicting_labels,
twifil,twifil-00836,train,2_conflicting_labels,
twifil,twifil-00884,train,2_conflicting_labels,
twifil,twifil-00900,train,2_conflicting_labels,
twifil,twifil-00942,train,2_conflicting_labels,
twifil,twifil-01020,train,2_conflicting_labels,
twifil,twifil-01059,train,2_conflicting_labels,
twifil,twifil-01076,train,2_conflicting_labels,
twifil,twifil-01107,train,2_conflicting_labels,
twifil,twifil-01112,train,2_conflicting_labels,
twifil,twifil-01203,train,2_conflicting_labels,
twifil,twifil-01389,train,2_conflicting_labels,
twifil,twifil-01437,train,2_conflicting_labels,
twifil,twifil-01499,train,2_conflicting_labels,
twifil,twifil-01538,train,2_conflicting_labels,
twifil,twifil-01580,train,2_conflicting_labels,
twifil,twifil-01644,train,2_conflicting_labels,
twifil,twifil-01788,train,2_conflicting_labels,
twifil,twifil-01815,train,2_conflicting_labels,
twifil,twifil-01889,train,2_conflicting_labels,
twifil,twifil-01930,train,2_conflicting_labels,
twifil,twifil-01944,train,2_conflicting_labels,
twifil,twifil-01968,train,2_conflicting_labels,
twifil,twifil-02054,train,2_conflicting_labels,
twifil,twifil-02115,train,2_conflicting_labels,
twifil,twifil-02122,train,2_conflicting_labels,
twifil,twifil-02125,train,2_conflicting_labels,
twifil,twifil-02134,train,2_conflicting_labels,
twifil,twifil-02158,train,2_conflicting_labels,
twifil,twifil-02322,train,2_conflicting_labels,
twifil,twifil-02346,train,2_conflicting_labels,
twifil,twifil-02379,train,2_conflicting_labels,
twifil,twifil-02423,train,2_conflicting_labels,
twifil,twifil-02433,train,2_conflicting_labels,
twifil,twifil-02541,train,2_conflicting_labels,
twifil,twifil-02591,train,2_conflicting_labels,
twifil,twifil-02624,train,2_conflicting_labels,
twifil,twifil-02633,train,2_conflicting_labels,
twifil,twifil-02766,train,2_conflicting_labels,
twifil,twifil-02795,train,2_conflicting_labels,
twifil,twifil-02806,train,2_conflicting_labels,
twifil,twifil-02867,train,2_conflicting_labels,
twifil,twifil-02871,train,2_conflicting_labels,
twifil,twifil-02895,train,2_conflicting_labels,
twifil,twifil-03079,train,2_conflicting_labels,
twifil,twifil-03085,train,2_conflicting_labels,
twifil,twifil-03256,train,2_conflicting_labels,
twifil,twifil-03312,train,2_conflicting_labels,
twifil,twifil-03348,train,2_conflicting_labels,
twifil,twifil-03384,train,2_conflicting_labels,
twifil,twifil-03545,train,2_conflicting_labels,
twifil,twifil-03556,train,2_conflicting_labels,
twifil,twifil-03588,train,2_conflicting_labels,
twifil,twifil-03621,train,2_conflicting_labels,
twifil,twifil-03627,train,2_conflicting_labels,
twifil,twifil-03780,train,2_conflicting_labels,
twifil,twifil-03793,train,2_conflicting_labels,
twifil,twifil-03824,train,2_conflicting_labels,
twifil,twifil-03844,train,2_conflicting_labels,
twifil,twifil-03904,train,2_conflicting_labels,
twifil,twifil-03920,train,2_conflicting_labels,
twifil,twifil-03930,train,2_conflicting_labels,
twifil,twifil-03931,train,2_conflicting_labels,
twifil,twifil-03938,train,2_conflicting_labels,
twifil,twifil-03962,train,2_conflicting_labels,
twifil,twifil-04005,train,2_conflicting_labels,
twifil,twifil-04029,train,2_conflicting_labels,
twifil,twifil-04143,train,2_conflicting_labels,
twifil,twifil-04268,train,2_conflicting_labels,
twifil,twifil-04286,train,2_conflicting_labels,
twifil,twifil-04373,train,2_conflicting_labels,
twifil,twifil-04383,train,2_conflicting_labels,
twifil,twifil-04398,train,2_conflicting_labels,
twifil,twifil-04431,train,2_conflicting_labels,
twifil,twifil-04448,train,2_conflicting_labels,
twifil,twifil-04533,train,2_conflicting_labels,
twifil,twifil-04556,train,2_conflicting_labels,
twifil,twifil-04560,train,2_conflicting_labels,
twifil,twifil-04591,train,2_conflicting_labels,
twifil,twifil-04610,train,2_conflicting_labels,
twifil,twifil-04791,train,2_conflicting_labels,
twifil,twifil-04826,train,2_conflicting_labels,
twifil,twifil-04907,train,2_conflicting_labels,
twifil,twifil-04930,train,2_conflicting_labels,
twifil,twifil-04939,train,2_conflicting_labels,
twifil,twifil-04962,train,2_conflicting_labels,
twifil,twifil-05041,train,2_conflicting_labels,
twifil,twifil-05109,train,2_conflicting_labels,
twifil,twifil-05119,train,2_conflicting_labels,
twifil,twifil-05188,train,2_conflicting_labels,
twifil,twifil-05281,train,2_conflicting_labels,
twifil,twifil-05380,train,2_conflicting_labels,
twifil,twifil-05442,train,2_conflicting_labels,
twifil,twifil-05477,train,2_conflicting_labels,
twifil,twifil-05517,train,2_conflicting_labels,
twifil,twifil-05524,train,2_conflicting_labels,
twifil,twifil-05561,train,2_conflicting_labels,
twifil,twifil-05587,train,2_conflicting_labels,
twifil,twifil-05637,train,2_conflicting_labels,
twifil,twifil-05726,train,2_conflicting_labels,
twifil,twifil-05790,train,2_conflicting_labels,
twifil,twifil-05845,train,2_conflicting_labels,
twifil,twifil-05878,train,2_conflicting_labels,
twifil,twifil-06035,train,2_conflicting_labels,
twifil,twifil-06078,train,2_conflicting_labels,
twifil,twifil-06104,train,2_conflicting_labels,
twifil,twifil-06214,train,2_conflicting_labels,
twifil,twifil-06251,train,2_conflicting_labels,
twifil,twifil-06353,train,2_conflicting_labels,
twifil,twifil-06359,train,2_conflicting_labels,
twifil,twifil-06386,train,2_conflicting_labels,
twifil,twifil-06435,train,2_conflicting_labels,
twifil,twifil-06475,train,2_conflicting_labels,
twifil,twifil-06587,train,2_conflicting_labels,
twifil,twifil-06608,train,2_conflicting_labels,
twifil,twifil-06629,train,2_conflicting_labels,
twifil,twifil-06864,train,2_conflicting_labels,
twifil,twifil-06885,train,2_conflicting_labels,
twifil,twifil-07038,train,2_conflicting_labels,
twifil,twifil-07050,train,2_conflicting_labels,
twifil,twifil-07110,test,2_conflicting_labels,
twifil,twifil-07143,test,2_conflicting_labels,
twifil,twifil-07153,test,2_conflicting_labels,
twifil,twifil-07156,test,2_conflicting_labels,
twifil,twifil-07232,test,2_conflicting_labels,
twifil,twifil-07262,test,2_conflicting_labels,
twifil,twifil-07340,test,2_conflicting_labels,
twifil,twifil-07346,test,2_conflicting_labels,
twifil,twifil-07353,test,2_conflicting_labels,
twifil,twifil-07444,test,2_conflicting_labels,
twifil,twifil-07535,test,2_conflicting_labels,
twifil,twifil-07611,test,2_conflicting_labels,
twifil,twifil-07626,test,2_conflicting_labels,
twifil,twifil-07641,test,2_conflicting_labels,
twifil,twifil-07651,test,2_conflicting_labels,
twifil,twifil-07731,test,2_conflicting_labels,
twifil,twifil-07744,test,2_conflicting_labels,
twifil,twifil-07747,test,2_conflicting_labels,
twifil,twifil-07789,test,2_conflicting_labels,
twifil,twifil-07874,test,2_conflicting_labels,
twifil,twifil-07925,test,2_conflicting_labels,
twifil,twifil-07946,test,2_conflicting_labels,
twifil,twifil-07955,test,2_conflicting_labels,
twifil,twifil-08009,test,2_conflicting_labels,
twifil,twifil-08011,test,2_conflicting_labels,
twifil,twifil-08018,test,2_conflicting_labels,
twifil,twifil-08102,test,2_conflicting_labels,
twifil,twifil-08128,test,2_conflicting_labels,
twifil,twifil-08199,test,2_conflicting_labels,
twifil,twifil-08212,test,2_conflicting_labels,
twifil,twifil-08233,test,2_conflicting_labels,
twifil,twifil-08353,test,2_conflicting_labels,
twifil,twifil-08356,test,2_conflicting_labels,
twifil,twifil-08360,test,2_conflicting_labels,
twifil,twifil-08374,test,2_conflicting_labels,
twifil,twifil-08407,test,2_conflicting_labels,
twifil,twifil-08429,test,2_conflicting_labels,
twifil,twifil-08453,test,2_conflicting_labels,
twifil,twifil-08471,test,2_conflicting_labels,
twifil,twifil-08624,test,2_conflicting_labels,
twifil,twifil-08675,test,2_conflicting_labels,
twifil,twifil-08693,test,2_conflicting_labels,
twifil,twifil-08778,test,2_conflicting_labels,
twifil,twifil-08818,test,2_conflicting_labels,
twifil,twifil-08865,test,2_conflicting_labels,
twifil,twifil-09264,test,2_conflicting_labels,
twifil,twifil-09284,test,2_conflicting_labels,
twifil,twifil-09339,test,2_conflicting_labels,
twifil,twifil-09395,test,2_conflicting_labels,
twifil,twifil-09410,test,2_conflicting_labels,
twifil,twifil-00121,train,3_duplicate_within_split,
twifil,twifil-00311,train,3_duplicate_within_split,
twifil,twifil-00319,train,3_duplicate_within_split,
twifil,twifil-00410,train,3_duplicate_within_split,
twifil,twifil-00514,train,3_duplicate_within_split,
twifil,twifil-00651,train,3_duplicate_within_split,
twifil,twifil-00696,train,3_duplicate_within_split,
twifil,twifil-00758,train,3_duplicate_within_split,
twifil,twifil-00760,train,3_duplicate_within_split,
twifil,twifil-00795,train,3_duplicate_within_split,
twifil,twifil-00852,train,3_duplicate_within_split,
twifil,twifil-00934,train,3_duplicate_within_split,
twifil,twifil-00951,train,3_duplicate_within_split,
twifil,twifil-00969,train,3_duplicate_within_split,
twifil,twifil-01046,train,3_duplicate_within_split,
twifil,twifil-01159,train,3_duplicate_within_split,
twifil,twifil-01161,train,3_duplicate_within_split,
twifil,twifil-01176,train,3_duplicate_within_split,
twifil,twifil-01270,train,3_duplicate_within_split,
twifil,twifil-01310,train,3_duplicate_within_split,
twifil,twifil-01392,train,3_duplicate_within_split,
twifil,twifil-01473,train,3_duplicate_within_split,
twifil,twifil-01512,train,3_duplicate_within_split,
twifil,twifil-01533,train,3_duplicate_within_split,
twifil,twifil-01606,train,3_duplicate_within_split,
twifil,twifil-01611,train,3_duplicate_within_split,
twifil,twifil-01629,train,3_duplicate_within_split,
twifil,twifil-01693,train,3_duplicate_within_split,
twifil,twifil-01698,train,3_duplicate_within_split,
twifil,twifil-01727,train,3_duplicate_within_split,
twifil,twifil-01739,train,3_duplicate_within_split,
twifil,twifil-01750,train,3_duplicate_within_split,
twifil,twifil-01768,train,3_duplicate_within_split,
twifil,twifil-01797,train,3_duplicate_within_split,
twifil,twifil-01840,train,3_duplicate_within_split,
twifil,twifil-01871,train,3_duplicate_within_split,
twifil,twifil-01875,train,3_duplicate_within_split,
twifil,twifil-01906,train,3_duplicate_within_split,
twifil,twifil-01913,train,3_duplicate_within_split,
twifil,twifil-01937,train,3_duplicate_within_split,
twifil,twifil-01967,train,3_duplicate_within_split,
twifil,twifil-02010,train,3_duplicate_within_split,
twifil,twifil-02015,train,3_duplicate_within_split,
twifil,twifil-02017,train,3_duplicate_within_split,
twifil,twifil-02018,train,3_duplicate_within_split,
twifil,twifil-02028,train,3_duplicate_within_split,
twifil,twifil-02035,train,3_duplicate_within_split,
twifil,twifil-02051,train,3_duplicate_within_split,
twifil,twifil-02059,train,3_duplicate_within_split,
twifil,twifil-02067,train,3_duplicate_within_split,
twifil,twifil-02069,train,3_duplicate_within_split,
twifil,twifil-02126,train,3_duplicate_within_split,
twifil,twifil-02174,train,3_duplicate_within_split,
twifil,twifil-02235,train,3_duplicate_within_split,
twifil,twifil-02251,train,3_duplicate_within_split,
twifil,twifil-02252,train,3_duplicate_within_split,
twifil,twifil-02255,train,3_duplicate_within_split,
twifil,twifil-02260,train,3_duplicate_within_split,
twifil,twifil-02283,train,3_duplicate_within_split,
twifil,twifil-02305,train,3_duplicate_within_split,
twifil,twifil-02374,train,3_duplicate_within_split,
twifil,twifil-02404,train,3_duplicate_within_split,
twifil,twifil-02421,train,3_duplicate_within_split,
twifil,twifil-02425,train,3_duplicate_within_split,
twifil,twifil-02480,train,3_duplicate_within_split,
twifil,twifil-02486,train,3_duplicate_within_split,
twifil,twifil-02490,train,3_duplicate_within_split,
twifil,twifil-02529,train,3_duplicate_within_split,
twifil,twifil-02539,train,3_duplicate_within_split,
twifil,twifil-02562,train,3_duplicate_within_split,
twifil,twifil-02595,train,3_duplicate_within_split,
twifil,twifil-02687,train,3_duplicate_within_split,
twifil,twifil-02689,train,3_duplicate_within_split,
twifil,twifil-02763,train,3_duplicate_within_split,
twifil,twifil-02784,train,3_duplicate_within_split,
twifil,twifil-02787,train,3_duplicate_within_split,
twifil,twifil-02857,train,3_duplicate_within_split,
twifil,twifil-02861,train,3_duplicate_within_split,
twifil,twifil-02887,train,3_duplicate_within_split,
twifil,twifil-02916,train,3_duplicate_within_split,
twifil,twifil-02997,train,3_duplicate_within_split,
twifil,twifil-03019,train,3_duplicate_within_split,
twifil,twifil-03053,train,3_duplicate_within_split,
twifil,twifil-03066,train,3_duplicate_within_split,
twifil,twifil-03086,train,3_duplicate_within_split,
twifil,twifil-03103,train,3_duplicate_within_split,
twifil,twifil-03104,train,3_duplicate_within_split,
twifil,twifil-03173,train,3_duplicate_within_split,
twifil,twifil-03215,train,3_duplicate_within_split,
twifil,twifil-03231,train,3_duplicate_within_split,
twifil,twifil-03259,train,3_duplicate_within_split,
twifil,twifil-03262,train,3_duplicate_within_split,
twifil,twifil-03283,train,3_duplicate_within_split,
twifil,twifil-03304,train,3_duplicate_within_split,
twifil,twifil-03355,train,3_duplicate_within_split,
twifil,twifil-03362,train,3_duplicate_within_split,
twifil,twifil-03367,train,3_duplicate_within_split,
twifil,twifil-03370,train,3_duplicate_within_split,
twifil,twifil-03388,train,3_duplicate_within_split,
twifil,twifil-03393,train,3_duplicate_within_split,
twifil,twifil-03397,train,3_duplicate_within_split,
twifil,twifil-03428,train,3_duplicate_within_split,
twifil,twifil-03430,train,3_duplicate_within_split,
twifil,twifil-03452,train,3_duplicate_within_split,
twifil,twifil-03491,train,3_duplicate_within_split,
twifil,twifil-03494,train,3_duplicate_within_split,
twifil,twifil-03537,train,3_duplicate_within_split,
twifil,twifil-03553,train,3_duplicate_within_split,
twifil,twifil-03584,train,3_duplicate_within_split,
twifil,twifil-03626,train,3_duplicate_within_split,
twifil,twifil-03645,train,3_duplicate_within_split,
twifil,twifil-03660,train,3_duplicate_within_split,
twifil,twifil-03665,train,3_duplicate_within_split,
twifil,twifil-03691,train,3_duplicate_within_split,
twifil,twifil-03713,train,3_duplicate_within_split,
twifil,twifil-03759,train,3_duplicate_within_split,
twifil,twifil-03764,train,3_duplicate_within_split,
twifil,twifil-03794,train,3_duplicate_within_split,
twifil,twifil-03796,train,3_duplicate_within_split,
twifil,twifil-03854,train,3_duplicate_within_split,
twifil,twifil-03866,train,3_duplicate_within_split,
twifil,twifil-03875,train,3_duplicate_within_split,
twifil,twifil-03877,train,3_duplicate_within_split,
twifil,twifil-03882,train,3_duplicate_within_split,
twifil,twifil-03901,train,3_duplicate_within_split,
twifil,twifil-03921,train,3_duplicate_within_split,
twifil,twifil-03952,train,3_duplicate_within_split,
twifil,twifil-03955,train,3_duplicate_within_split,
twifil,twifil-03958,train,3_duplicate_within_split,
twifil,twifil-04001,train,3_duplicate_within_split,
twifil,twifil-04002,train,3_duplicate_within_split,
twifil,twifil-04013,train,3_duplicate_within_split,
twifil,twifil-04068,train,3_duplicate_within_split,
twifil,twifil-04091,train,3_duplicate_within_split,
twifil,twifil-04099,train,3_duplicate_within_split,
twifil,twifil-04110,train,3_duplicate_within_split,
twifil,twifil-04130,train,3_duplicate_within_split,
twifil,twifil-04147,train,3_duplicate_within_split,
twifil,twifil-04158,train,3_duplicate_within_split,
twifil,twifil-04160,train,3_duplicate_within_split,
twifil,twifil-04162,train,3_duplicate_within_split,
twifil,twifil-04170,train,3_duplicate_within_split,
twifil,twifil-04200,train,3_duplicate_within_split,
twifil,twifil-04217,train,3_duplicate_within_split,
twifil,twifil-04288,train,3_duplicate_within_split,
twifil,twifil-04293,train,3_duplicate_within_split,
twifil,twifil-04299,train,3_duplicate_within_split,
twifil,twifil-04303,train,3_duplicate_within_split,
twifil,twifil-04315,train,3_duplicate_within_split,
twifil,twifil-04319,train,3_duplicate_within_split,
twifil,twifil-04380,train,3_duplicate_within_split,
twifil,twifil-04385,train,3_duplicate_within_split,
twifil,twifil-04426,train,3_duplicate_within_split,
twifil,twifil-04429,train,3_duplicate_within_split,
twifil,twifil-04436,train,3_duplicate_within_split,
twifil,twifil-04438,train,3_duplicate_within_split,
twifil,twifil-04443,train,3_duplicate_within_split,
twifil,twifil-04466,train,3_duplicate_within_split,
twifil,twifil-04499,train,3_duplicate_within_split,
twifil,twifil-04544,train,3_duplicate_within_split,
twifil,twifil-04549,train,3_duplicate_within_split,
twifil,twifil-04578,train,3_duplicate_within_split,
twifil,twifil-04634,train,3_duplicate_within_split,
twifil,twifil-04636,train,3_duplicate_within_split,
twifil,twifil-04639,train,3_duplicate_within_split,
twifil,twifil-04746,train,3_duplicate_within_split,
twifil,twifil-04751,train,3_duplicate_within_split,
twifil,twifil-04763,train,3_duplicate_within_split,
twifil,twifil-04779,train,3_duplicate_within_split,
twifil,twifil-04807,train,3_duplicate_within_split,
twifil,twifil-04814,train,3_duplicate_within_split,
twifil,twifil-04818,train,3_duplicate_within_split,
twifil,twifil-04841,train,3_duplicate_within_split,
twifil,twifil-04849,train,3_duplicate_within_split,
twifil,twifil-04872,train,3_duplicate_within_split,
twifil,twifil-04890,train,3_duplicate_within_split,
twifil,twifil-04894,train,3_duplicate_within_split,
twifil,twifil-04896,train,3_duplicate_within_split,
twifil,twifil-04937,train,3_duplicate_within_split,
twifil,twifil-04945,train,3_duplicate_within_split,
twifil,twifil-04963,train,3_duplicate_within_split,
twifil,twifil-04965,train,3_duplicate_within_split,
twifil,twifil-04986,train,3_duplicate_within_split,
twifil,twifil-04987,train,3_duplicate_within_split,
twifil,twifil-04990,train,3_duplicate_within_split,
twifil,twifil-05000,train,3_duplicate_within_split,
twifil,twifil-05030,train,3_duplicate_within_split,
twifil,twifil-05052,train,3_duplicate_within_split,
twifil,twifil-05061,train,3_duplicate_within_split,
twifil,twifil-05092,train,3_duplicate_within_split,
twifil,twifil-05103,train,3_duplicate_within_split,
twifil,twifil-05118,train,3_duplicate_within_split,
twifil,twifil-05125,train,3_duplicate_within_split,
twifil,twifil-05127,train,3_duplicate_within_split,
twifil,twifil-05147,train,3_duplicate_within_split,
twifil,twifil-05195,train,3_duplicate_within_split,
twifil,twifil-05204,train,3_duplicate_within_split,
twifil,twifil-05212,train,3_duplicate_within_split,
twifil,twifil-05214,train,3_duplicate_within_split,
twifil,twifil-05217,train,3_duplicate_within_split,
twifil,twifil-05250,train,3_duplicate_within_split,
twifil,twifil-05272,train,3_duplicate_within_split,
twifil,twifil-05275,train,3_duplicate_within_split,
twifil,twifil-05303,train,3_duplicate_within_split,
twifil,twifil-05307,train,3_duplicate_within_split,
twifil,twifil-05349,train,3_duplicate_within_split,
twifil,twifil-05371,train,3_duplicate_within_split,
twifil,twifil-05384,train,3_duplicate_within_split,
twifil,twifil-05403,train,3_duplicate_within_split,
twifil,twifil-05438,train,3_duplicate_within_split,
twifil,twifil-05448,train,3_duplicate_within_split,
twifil,twifil-05489,train,3_duplicate_within_split,
twifil,twifil-05490,train,3_duplicate_within_split,
twifil,twifil-05501,train,3_duplicate_within_split,
twifil,twifil-05533,train,3_duplicate_within_split,
twifil,twifil-05581,train,3_duplicate_within_split,
twifil,twifil-05599,train,3_duplicate_within_split,
twifil,twifil-05618,train,3_duplicate_within_split,
twifil,twifil-05620,train,3_duplicate_within_split,
twifil,twifil-05624,train,3_duplicate_within_split,
twifil,twifil-05630,train,3_duplicate_within_split,
twifil,twifil-05633,train,3_duplicate_within_split,
twifil,twifil-05639,train,3_duplicate_within_split,
twifil,twifil-05667,train,3_duplicate_within_split,
twifil,twifil-05708,train,3_duplicate_within_split,
twifil,twifil-05735,train,3_duplicate_within_split,
twifil,twifil-05758,train,3_duplicate_within_split,
twifil,twifil-05795,train,3_duplicate_within_split,
twifil,twifil-05809,train,3_duplicate_within_split,
twifil,twifil-05846,train,3_duplicate_within_split,
twifil,twifil-05852,train,3_duplicate_within_split,
twifil,twifil-05875,train,3_duplicate_within_split,
twifil,twifil-05887,train,3_duplicate_within_split,
twifil,twifil-05893,train,3_duplicate_within_split,
twifil,twifil-05904,train,3_duplicate_within_split,
twifil,twifil-05907,train,3_duplicate_within_split,
twifil,twifil-05916,train,3_duplicate_within_split,
twifil,twifil-05945,train,3_duplicate_within_split,
twifil,twifil-05953,train,3_duplicate_within_split,
twifil,twifil-05956,train,3_duplicate_within_split,
twifil,twifil-05999,train,3_duplicate_within_split,
twifil,twifil-06014,train,3_duplicate_within_split,
twifil,twifil-06022,train,3_duplicate_within_split,
twifil,twifil-06031,train,3_duplicate_within_split,
twifil,twifil-06041,train,3_duplicate_within_split,
twifil,twifil-06051,train,3_duplicate_within_split,
twifil,twifil-06090,train,3_duplicate_within_split,
twifil,twifil-06159,train,3_duplicate_within_split,
twifil,twifil-06169,train,3_duplicate_within_split,
twifil,twifil-06182,train,3_duplicate_within_split,
twifil,twifil-06259,train,3_duplicate_within_split,
twifil,twifil-06268,train,3_duplicate_within_split,
twifil,twifil-06301,train,3_duplicate_within_split,
twifil,twifil-06304,train,3_duplicate_within_split,
twifil,twifil-06342,train,3_duplicate_within_split,
twifil,twifil-06365,train,3_duplicate_within_split,
twifil,twifil-06366,train,3_duplicate_within_split,
twifil,twifil-06374,train,3_duplicate_within_split,
twifil,twifil-06383,train,3_duplicate_within_split,
twifil,twifil-06384,train,3_duplicate_within_split,
twifil,twifil-06397,train,3_duplicate_within_split,
twifil,twifil-06416,train,3_duplicate_within_split,
twifil,twifil-06428,train,3_duplicate_within_split,
twifil,twifil-06431,train,3_duplicate_within_split,
twifil,twifil-06464,train,3_duplicate_within_split,
twifil,twifil-06471,train,3_duplicate_within_split,
twifil,twifil-06472,train,3_duplicate_within_split,
twifil,twifil-06488,train,3_duplicate_within_split,
twifil,twifil-06494,train,3_duplicate_within_split,
twifil,twifil-06536,train,3_duplicate_within_split,
twifil,twifil-06549,train,3_duplicate_within_split,
twifil,twifil-06559,train,3_duplicate_within_split,
twifil,twifil-06560,train,3_duplicate_within_split,
twifil,twifil-06583,train,3_duplicate_within_split,
twifil,twifil-06606,train,3_duplicate_within_split,
twifil,twifil-06656,train,3_duplicate_within_split,
twifil,twifil-06657,train,3_duplicate_within_split,
twifil,twifil-06696,train,3_duplicate_within_split,
twifil,twifil-06723,train,3_duplicate_within_split,
twifil,twifil-06739,train,3_duplicate_within_split,
twifil,twifil-06742,train,3_duplicate_within_split,
twifil,twifil-06762,train,3_duplicate_within_split,
twifil,twifil-06783,train,3_duplicate_within_split,
twifil,twifil-06793,train,3_duplicate_within_split,
twifil,twifil-06802,train,3_duplicate_within_split,
twifil,twifil-06821,train,3_duplicate_within_split,
twifil,twifil-06822,train,3_duplicate_within_split,
twifil,twifil-06841,train,3_duplicate_within_split,
twifil,twifil-06854,train,3_duplicate_within_split,
twifil,twifil-06856,train,3_duplicate_within_split,
twifil,twifil-06870,train,3_duplicate_within_split,
twifil,twifil-06874,train,3_duplicate_within_split,
twifil,twifil-06905,train,3_duplicate_within_split,
twifil,twifil-06916,train,3_duplicate_within_split,
twifil,twifil-06963,train,3_duplicate_within_split,
twifil,twifil-07233,test,3_duplicate_within_split,
twifil,twifil-07435,test,3_duplicate_within_split,
twifil,twifil-07475,test,3_duplicate_within_split,
twifil,twifil-07770,test,3_duplicate_within_split,
twifil,twifil-07794,test,3_duplicate_within_split,
twifil,twifil-07833,test,3_duplicate_within_split,
twifil,twifil-07864,test,3_duplicate_within_split,
twifil,twifil-07917,test,3_duplicate_within_split,
twifil,twifil-07992,test,3_duplicate_within_split,
twifil,twifil-08032,test,3_duplicate_within_split,
twifil,twifil-08088,test,3_duplicate_within_split,
twifil,twifil-08093,test,3_duplicate_within_split,
twifil,twifil-08156,test,3_duplicate_within_split,
twifil,twifil-08379,test,3_duplicate_within_split,
twifil,twifil-08430,test,3_duplicate_within_split,
twifil,twifil-08482,test,3_duplicate_within_split,
twifil,twifil-08505,test,3_duplicate_within_split,
twifil,twifil-08549,test,3_duplicate_within_split,
twifil,twifil-08554,test,3_duplicate_within_split,
twifil,twifil-08568,test,3_duplicate_within_split,
twifil,twifil-08574,test,3_duplicate_within_split,
twifil,twifil-08594,test,3_duplicate_within_split,
twifil,twifil-08595,test,3_duplicate_within_split,
twifil,twifil-08617,test,3_duplicate_within_split,
twifil,twifil-08623,test,3_duplicate_within_split,
twifil,twifil-08645,test,3_duplicate_within_split,
twifil,twifil-08650,test,3_duplicate_within_split,
twifil,twifil-08666,test,3_duplicate_within_split,
twifil,twifil-08701,test,3_duplicate_within_split,
twifil,twifil-08767,test,3_duplicate_within_split,
twifil,twifil-08810,test,3_duplicate_within_split,
twifil,twifil-08812,test,3_duplicate_within_split,
twifil,twifil-08912,test,3_duplicate_within_split,
twifil,twifil-09006,test,3_duplicate_within_split,
twifil,twifil-09058,test,3_duplicate_within_split,
twifil,twifil-09059,test,3_duplicate_within_split,
twifil,twifil-09075,test,3_duplicate_within_split,
twifil,twifil-09098,test,3_duplicate_within_split,
twifil,twifil-09101,test,3_duplicate_within_split,
twifil,twifil-09126,test,3_duplicate_within_split,
twifil,twifil-09168,test,3_duplicate_within_split,
twifil,twifil-09169,test,3_duplicate_within_split,
twifil,twifil-09216,test,3_duplicate_within_split,
twifil,twifil-09240,test,3_duplicate_within_split,
twifil,twifil-09246,test,3_duplicate_within_split,
twifil,twifil-09251,test,3_duplicate_within_split,
twifil,twifil-09258,test,3_duplicate_within_split,
twifil,twifil-09265,test,3_duplicate_within_split,
twifil,twifil-09361,test,3_duplicate_within_split,
twifil,twifil-09371,test,3_duplicate_within_split,
twifil,twifil-05165,train,4_cross_split_leakage,
twifil,twifil-06316,train,4_cross_split_leakage,
twifil,twifil-00367,train,4_cross_split_leakage,
twifil,twifil-05819,train,4_cross_split_leakage,
twifil,twifil-01044,train,4_cross_split_leakage,
twifil,twifil-02142,train,4_cross_split_leakage,
twifil,twifil-00344,train,4_cross_split_leakage,
twifil,twifil-00721,train,4_cross_split_leakage,
twifil,twifil-00821,train,4_cross_split_leakage,
twifil,twifil-02250,train,4_cross_split_leakage,
twifil,twifil-01428,train,4_cross_split_leakage,
twifil,twifil-02380,train,4_cross_split_leakage,
twifil,twifil-00221,train,4_cross_split_leakage,
twifil,twifil-07074,train,4_cross_split_leakage,
twifil,twifil-02544,train,4_cross_split_leakage,
twifil,twifil-01755,train,4_cross_split_leakage,
twifil,twifil-00453,train,4_cross_split_leakage,
twifil,twifil-01153,train,4_cross_split_leakage,
twifil,twifil-00448,train,4_cross_split_leakage,
twifil,twifil-06327,train,4_cross_split_leakage,
twifil,twifil-05923,train,4_cross_split_leakage,
twifil,twifil-03036,train,4_cross_split_leakage,
twifil,twifil-01415,train,4_cross_split_leakage,
twifil,twifil-02175,train,4_cross_split_leakage,
twifil,twifil-01399,train,4_cross_split_leakage,
twifil,twifil-00293,train,4_cross_split_leakage,
twifil,twifil-00129,train,4_cross_split_leakage,
twifil,twifil-00278,train,4_cross_split_leakage,
twifil,twifil-04809,train,4_cross_split_leakage,
twifil,twifil-01794,train,4_cross_split_leakage,
twifil,twifil-05026,train,4_cross_split_leakage,
twifil,twifil-05958,train,4_cross_split_leakage,
twifil,twifil-00110,train,4_cross_split_leakage,
twifil,twifil-05123,train,4_cross_split_leakage,
twifil,twifil-01290,train,4_cross_split_leakage,
twifil,twifil-06852,train,4_cross_split_leakage,
twifil,twifil-02189,train,4_cross_split_leakage,
twifil,twifil-07015,train,4_cross_split_leakage,
twifil,twifil-02690,train,4_cross_split_leakage,
twifil,twifil-05849,train,4_cross_split_leakage,
twifil,twifil-03097,train,4_cross_split_leakage,
twifil,twifil-01337,train,4_cross_split_leakage,
twifil,twifil-05855,train,4_cross_split_leakage,
twifil,twifil-00644,train,4_cross_split_leakage,
twifil,twifil-00397,train,4_cross_split_leakage,
twifil,twifil-00671,train,4_cross_split_leakage,
twifil,twifil-00061,train,4_cross_split_leakage,
twifil,twifil-03858,train,4_cross_split_leakage,
twifil,twifil-02344,train,4_cross_split_leakage,
twifil,twifil-00250,train,4_cross_split_leakage,
twifil,twifil-01985,train,4_cross_split_leakage,
twifil,twifil-00732,train,4_cross_split_leakage,
twifil,twifil-01033,train,4_cross_split_leakage,
twifil,twifil-04971,train,4_cross_split_leakage,
twifil,twifil-00192,train,4_cross_split_leakage,
twifil,twifil-03573,train,4_cross_split_leakage,
twifil,twifil-06463,train,4_cross_split_leakage,
twifil,twifil-02105,train,4_cross_split_leakage,
twifil,twifil-06266,train,4_cross_split_leakage,
twifil,twifil-06121,train,4_cross_split_leakage,
twifil,twifil-03558,train,4_cross_split_leakage,
twifil,twifil-03468,train,4_cross_split_leakage,
twifil,twifil-06900,train,4_cross_split_leakage,
twifil,twifil-03070,train,4_cross_split_leakage,
twifil,twifil-06256,train,4_cross_split_leakage,
twifil,twifil-02439,train,4_cross_split_leakage,
twifil,twifil-01792,train,4_cross_split_leakage,
twifil,twifil-00060,train,4_cross_split_leakage,
twifil,twifil-04735,train,4_cross_split_leakage,
twifil,twifil-00027,train,4_cross_split_leakage,
twifil,twifil-05315,train,4_cross_split_leakage,
twifil,twifil-00139,train,4_cross_split_leakage,
twifil,twifil-00883,train,4_cross_split_leakage,
twifil,twifil-00888,train,4_cross_split_leakage,
twifil,twifil-03549,train,4_cross_split_leakage,
twifil,twifil-02470,train,4_cross_split_leakage,
twifil,twifil-00020,train,4_cross_split_leakage,
twifil,twifil-05386,train,4_cross_split_leakage,
twifil,twifil-00240,train,4_cross_split_leakage,
twifil,twifil-01959,train,4_cross_split_leakage,
twifil,twifil-03297,train,4_cross_split_leakage,
twifil,twifil-00540,train,4_cross_split_leakage,
twifil,twifil-02306,train,4_cross_split_leakage,
twifil,twifil-03751,train,4_cross_split_leakage,
twifil,twifil-01035,train,4_cross_split_leakage,
twifil,twifil-00479,train,4_cross_split_leakage,
twifil,twifil-00726,train,4_cross_split_leakage,
twifil,twifil-01277,train,4_cross_split_leakage,
twifil,twifil-01395,train,4_cross_split_leakage,
twifil,twifil-00301,train,4_cross_split_leakage,
twifil,twifil-05311,train,4_cross_split_leakage,
twifil,twifil-01545,train,4_cross_split_leakage,
twifil,twifil-04812,train,4_cross_split_leakage,
twifil,twifil-01396,train,4_cross_split_leakage,
twifil,twifil-02217,train,4_cross_split_leakage,
twifil,twifil-00064,train,4_cross_split_leakage,
twifil,twifil-00676,train,4_cross_split_leakage,
twifil,twifil-00672,train,4_cross_split_leakage,
narabizi_4class,narabizi-train-M3S29,train,4_cross_split_leakage,
narabizi,narabizi-train-M3S29,train,4_cross_split_leakage,
youtube,yt-06678,all,1_empty_after_url_mention_removal,
youtube,yt-06985,all,1_empty_after_url_mention_removal,
youtube,yt-10326,all,1_empty_after_url_mention_removal,
youtube,yt-16398,all,1_empty_after_url_mention_removal,
youtube,yt-17275,all,1_empty_after_url_mention_removal,
youtube,yt-17661,all,1_empty_after_url_mention_removal,
youtube,yt-20242,all,1_empty_after_url_mention_removal,
youtube,yt-38873,all,1_empty_after_url_mention_removal,
youtube,yt-41921,all,1_empty_after_url_mention_removal,
youtube,yt-04031,all,2_conflicting_labels,
youtube,yt-04047,all,2_conflicting_labels,
youtube,yt-05868,all,2_conflicting_labels,
youtube,yt-06788,all,2_conflicting_labels,
youtube,yt-08442,all,2_conflicting_labels,
youtube,yt-12936,all,2_conflicting_labels,
youtube,yt-15195,all,2_conflicting_labels,
youtube,yt-16146,all,2_conflicting_labels,
youtube,yt-19477,all,2_conflicting_labels,
youtube,yt-21926,all,2_conflicting_labels,
youtube,yt-22355,all,2_conflicting_labels,
youtube,yt-26296,all,2_conflicting_labels,
youtube,yt-29051,all,2_conflicting_labels,
youtube,yt-33435,all,2_conflicting_labels,
youtube,yt-34106,all,2_conflicting_labels,
youtube,yt-36134,all,2_conflicting_labels,
youtube,yt-36923,all,2_conflicting_labels,
youtube,yt-40499,all,2_conflicting_labels,
youtube,yt-43639,all,2_conflicting_labels,
youtube,yt-04701,all,3_duplicate_within_split,
youtube,yt-04774,all,3_duplicate_within_split,
youtube,yt-05290,all,3_duplicate_within_split,
youtube,yt-08707,all,3_duplicate_within_split,
youtube,yt-08797,all,3_duplicate_within_split,
youtube,yt-08928,all,3_duplicate_within_split,
youtube,yt-11821,all,3_duplicate_within_split,
youtube,yt-12461,all,3_duplicate_within_split,
youtube,yt-14892,all,3_duplicate_within_split,
youtube,yt-15385,all,3_duplicate_within_split,
youtube,yt-16207,all,3_duplicate_within_split,
youtube,yt-17811,all,3_duplicate_within_split,
youtube,yt-17860,all,3_duplicate_within_split,
youtube,yt-18295,all,3_duplicate_within_split,
youtube,yt-18352,all,3_duplicate_within_split,
youtube,yt-18803,all,3_duplicate_within_split,
youtube,yt-21747,all,3_duplicate_within_split,
youtube,yt-22743,all,3_duplicate_within_split,
youtube,yt-23701,all,3_duplicate_within_split,
youtube,yt-25245,all,3_duplicate_within_split,
youtube,yt-25434,all,3_duplicate_within_split,
youtube,yt-25653,all,3_duplicate_within_split,
youtube,yt-25789,all,3_duplicate_within_split,
youtube,yt-26003,all,3_duplicate_within_split,
youtube,yt-26964,all,3_duplicate_within_split,
youtube,yt-27186,all,3_duplicate_within_split,
youtube,yt-27946,all,3_duplicate_within_split,
youtube,yt-28187,all,3_duplicate_within_split,
youtube,yt-28501,all,3_duplicate_within_split,
youtube,yt-28652,all,3_duplicate_within_split,
youtube,yt-29615,all,3_duplicate_within_split,
youtube,yt-30033,all,3_duplicate_within_split,
youtube,yt-30281,all,3_duplicate_within_split,
youtube,yt-31687,all,3_duplicate_within_split,
youtube,yt-31738,all,3_duplicate_within_split,
youtube,yt-31770,all,3_duplicate_within_split,
youtube,yt-32062,all,3_duplicate_within_split,
youtube,yt-32710,all,3_duplicate_within_split,
youtube,yt-32867,all,3_duplicate_within_split,
youtube,yt-34549,all,3_duplicate_within_split,
youtube,yt-34891,all,3_duplicate_within_split,
youtube,yt-35236,all,3_duplicate_within_split,
youtube,yt-35972,all,3_duplicate_within_split,
youtube,yt-36740,all,3_duplicate_within_split,
youtube,yt-37508,all,3_duplicate_within_split,
youtube,yt-38925,all,3_duplicate_within_split,
youtube,yt-39227,all,3_duplicate_within_split,
youtube,yt-39369,all,3_duplicate_within_split,
youtube,yt-41174,all,3_duplicate_within_split,
youtube,yt-41724,all,3_duplicate_within_split,
youtube,yt-41908,all,3_duplicate_within_split,
youtube,yt-41935,all,3_duplicate_within_split,
youtube,yt-42819,all,3_duplicate_within_split,
youtube,yt-42948,all,3_duplicate_within_split,
youtube,yt-43029,all,3_duplicate_within_split,
youtube,yt-43341,all,3_duplicate_within_split,
youtube,yt-43596,all,3_duplicate_within_split,
youtube,yt-43607,all,3_duplicate_within_split,
youtube,yt-44333,all,3_duplicate_within_split,
youtube,yt-44419,all,3_duplicate_within_split,
youtube,yt-44692,all,3_duplicate_within_split,
youtube,yt-44825,all,3_duplicate_within_split,
