id,label,source_label,video
yt-00000,1,2,PA6_FD7d3xE
yt-00003,2,3,jMKI2ETx6ZY
yt-00005,2,4,o7V5yOCttmc
yt-00006,2,3,o8M5IXhlCPA
yt-00007,2,3,novideo-7
yt-00009,0,1,IiCkjBhT-AU
yt-00011,1,2,IRObFMbFOIU
yt-00012,1,2,qmraiz5g5AM
yt-00013,0,1,t3Q8Haoiv6g
yt-00015,1,2,roLi3dVFLQY
yt-00016,2,4,xU9PbqgBuV8
yt-00017,2,3,WgBoQYwsU8o
yt-00018,0,0,5blAFhpDtlo
yt-00019,0,1,LGEUmX6SWSg
yt-00020,0,1,novideo-20
yt-00021,2,3,P1dRFvMpF-U
yt-00022,2,3,Zyp807eUN38
yt-00023,1,2,OX-fW-ja2vU
yt-00024,0,1,Uj6BrFasy8U
yt-00025,0,1,tAgEJhpAhSs
yt-00026,0,0,cCJi_9GV44c
yt-00027,1,2,JYDdphFR3vs
yt-00029,0,1,o8-4eE2YgDw
yt-00031,0,1,H5WZyDQmS40
yt-00032,1,2,8NxJks4EY14
yt-00034,1,2,s0W0w2jeb18
yt-00036,1,2,T1jWC8z3Gig
yt-00037,2,4,J9e-b-mek9A
yt-00038,0,1,novideo-38
yt-00039,0,1,AMK7Qgctj1I
yt-00040,2,3,vI1P16MO6IM
yt-00043,0,1,Sljxq50BRN0
yt-00045,1,2,IRObFMbFOIU
yt-00047,0,1,TcpG0_mPHJM
yt-00048,1,2,7kCc4g8vT1I
yt-00049,0,0,3jhea1aHxgI
yt-00051,2,3,C_1VjcKhQM8
yt-00054,0,1,seZOiYl_V1g
yt-00056,0,1,Y75S3K2qeo0
yt-00057,1,2,bkuFI2Yb1jA
yt-00058,1,2,JMUR90SJblc
yt-00059,2,3,TyAWiRlbx7k
yt-00061,2,3,QFmkDY-LQXg
yt-00062,2,3,86PRU2XXSi8
yt-00063,2,3,H5WZyDQmS40
yt-00066,2,3,NJAynZCKKbs
yt-00067,2,3,MoWVuut-KjA
yt-00068,1,2,8UH6G1LnXR8
yt-00069,0,1,39nTvifi1Vc
yt-00070,1,2,qh85fT3ARe8
yt-00072,2,3,ICsHXjDVxSk
yt-00074,0,1,B4GZka91AXo
yt-00075,1,2,en8K9BnjCMQ
yt-00076,0,1,sPHq4wDJW8w
yt-00077,2,3,qldLVLSWIaU
yt-00078,1,2,Abq4vNaZH-w
yt-00079,1,2,novideo-79
yt-00080,0,1,_R6xV9uDyXE
yt-00081,0,1,hwXegIiRfms
yt-00082,2,3,4OxUJWF_jy0
yt-00084,1,2,5g4TGqJibz0
yt-00085,2,3,QtcUTc44jvE
yt-00090,2,3,o0XfRr3lO60
yt-00091,2,3,2EiL_yZnJyk
yt-00092,2,3,33f6sgFHfQM
yt-00093,2,3,JeFaQd2fq-8
yt-00097,1,2,VDgXn0H4Py4
yt-00098,2,3,TAMUnsPrNkg
yt-00099,2,3,Ma60BMXLe7s
yt-00100,1,2,dWnm28TSaYU
yt-00102,1,2,FO2EiKvzFuA
yt-00103,2,3,quy3fnHhdr8
yt-00105,0,1,novideo-105
yt-00107,0,1,k4VurHbhoyM
yt-00109,1,2,YNjNrqxOkAo
yt-00110,1,2,6FBYX0kFQNU
yt-00111,0,1,xFyG3KZ5zBY
yt-00112,1,2,8oCh_WrQUBQ
yt-00113,1,2,QeTuotGRxok
yt-00114,2,3,d3-ZO8viWdI
yt-00115,2,3,tAHK6E03ORo
yt-00116,2,3,EA-pVOEVzoI
yt-00117,2,4,sSsE-qrxCG8
yt-00118,2,3,pXeOtkaIxgU
yt-00119,2,3,-yu69FefHDc
yt-00120,0,1,8jm1Fpp-8W8
yt-00121,2,3,3nMfFj7QY7U
yt-00123,0,1,-2c8iSIZsiM
yt-00124,0,1,KdgSw94DlVk
yt-00125,2,3,erazHdPBzqQ
yt-00126,2,4,fRvAlde7Q2c
yt-00127,2,3,69YtuT1Q-C4
yt-00128,0,1,ztOulTEMAmQ
yt-00129,2,3,7pdagiR3I6g
yt-00130,2,3,lsm_o8Ps_T8
yt-00131,1,2,BRK9IeT0oY4
yt-00132,1,2,k39DNH5efmM
yt-00133,2,3,fvlupzOpv7s
yt-00134,0,1,DK-L1hS6Iy4
yt-00135,2,3,8uJe2WQYzEY
yt-00138,1,2,OLHNtZxyX5s
yt-00139,0,1,H0bKUYV7g44
yt-00140,2,3,C3z79NQUX28
yt-00141,0,1,dHnXm0Spc0A
yt-00143,0,1,OOseF5E2kqo
yt-00145,1,2,jE2A55tf_YY
yt-00146,2,3,7kCc4g8vT1I
yt-00150,0,1,7xCIfAW0CPw
yt-00151,0,1,whxGkuoVBJQ
yt-00152,0,1,novideo-152
yt-00153,0,1,novideo-153
yt-00154,2,3,xCkjdAMMIsk
yt-00155,2,3,Kftr-xiG-hw
yt-00158,2,3,1FrqdfjJewQ
yt-00159,1,2,n7SABpul19A
yt-00160,2,3,ovXkapVSGPI
yt-00161,2,3,99BuTJ1UZzk
yt-00162,2,3,rD_ketmxFy0
yt-00164,2,3,keZBC5OCEGg
yt-00165,2,3,_6nCS7fmiO0
yt-00166,0,1,xgE7K4hBjo0
yt-00167,2,3,H42NQRGt_Do
yt-00168,1,2,SZf0hgLOFcw
yt-00169,0,1,A4b0Hstemfo
yt-00170,1,2,iZN_hzqcYBo
yt-00171,1,2,PmGyLkdVRvI
yt-00173,1,2,8nVdgrCk4ws
yt-00174,1,2,JH5qHfBPZcE
yt-00175,2,3,q04f_Fcq1uc
yt-00177,1,2,DKbgiBF__zg
yt-00178,0,0,jePUhxLzFO8
yt-00179,0,1,06tWe_Ql60M
yt-00180,2,3,5_ZzO4c4bGE
yt-00182,1,2,4NQFwvuWOFs
yt-00183,1,2,o-3mzUJNov0
yt-00184,1,2,uRFP_2R1xlU
yt-00185,0,0,mitSurcP298
yt-00186,1,2,_bNHYSjZeyA
yt-00187,2,3,BFsvp5H9BH8
yt-00189,0,1,gHg7pDXS8vc
yt-00190,0,1,DfbLlL3y_R8
yt-00191,0,1,813F-21aomA
yt-00192,1,2,1ZwZLRPXXGY
yt-00193,2,3,USteoz6VpLM
yt-00194,2,3,3idUE7NcDdo
yt-00195,0,0,dYBUHBF-yLo
yt-00196,1,2,nv2EgAWH-hw
yt-00199,0,1,h9Xewo1D3mo
yt-00200,1,2,XlWI4x27xf8
yt-00201,0,1,HHki6xnqjMc
yt-00202,0,0,mhySXh9xEuI
yt-00203,1,2,tb-f9smxiWg
yt-00204,1,2,H5WZyDQmS40
yt-00205,0,1,qZ9fnQzku-Y
yt-00206,1,2,Jt6ZuEpMKJc
yt-00207,1,2,A4eKIepGAzg
yt-00209,2,3,bgI0r1-k9Rc
yt-00210,0,1,0IUPr4zLkAY
yt-00211,1,2,m_bakTaR2fA
yt-00212,2,3,iiHyiIlAzcg
yt-00213,0,1,tQQlBWoP2o8
yt-00215,2,3,7kCc4g8vT1I
yt-00216,0,1,PL6rPCehcmA
yt-00217,0,1,EnGXSOerAh0
yt-00218,2,4,_7lmnLw_rlA
yt-00219,0,1,hIgKVEyGjEA
yt-00220,2,3,2CxwMhMdpz4
yt-00221,0,1,mHIHBT3cQ38
yt-00222,0,1,wbm9gWyUH54
yt-00226,1,2,ZxOTIrmImgc
yt-00227,0,1,YuptdwecFkE
yt-00228,2,4,IWEh6oySQAk
yt-00229,2,3,Kmly4CaoRmE
yt-00230,2,3,Tx23G3H8yHQ
yt-00231,2,3,8UH6G1LnXR8
yt-00232,0,1,LDGyooZNX2c
yt-00233,0,1,VkuFXSGqxe8
yt-00234,0,1,FuZVA3s7b1c
yt-00235,2,3,1gCjeEnE5Tg
yt-00236,0,1,4nPZtcbOTEE
yt-00238,2,4,EA-pVOEVzoI
yt-00239,2,3,rXCa53GRsyc
yt-00240,2,3,rSlpeFsOsds
yt-00241,1,2,sILyTOHoa4c
yt-00242,0,1,_KMT40jFA8c
yt-00243,2,4,v7zlnATufOw
yt-00244,2,3,surebk-9f2Y
yt-00245,0,1,ja_pd-CwrGU
yt-00246,2,3,q11oZixMRY8
yt-00247,2,3,C3z79NQUX28
yt-00248,2,3,Ia4RNWhq9K0
yt-00250,0,1,AVKCwG_kMDQ
yt-00251,0,1,7kCc4g8vT1I
yt-00252,1,2,novideo-252
yt-00253,0,1,RijDdVu-qQo
yt-00255,2,4,k0o7AkXqv1Y
yt-00256,0,1,novideo-256
yt-00257,2,3,l7H8E1XFQvM
yt-00258,1,2,3TDvTGSz65o
yt-00259,2,3,gwSNXHAbjR4
yt-00260,0,1,qmraiz5g5AM
yt-00261,2,3,m0_SMiOecko
yt-00262,2,3,TEc0hbzEt70
yt-00263,1,2,GDBcC-qBtg0
yt-00264,1,2,Poy35rRTf3Y
yt-00265,2,3,spr-TFz0fis
yt-00266,2,3,aVRANmm4TEQ
yt-00267,2,3,Lws09cRDFAI
yt-00269,1,2,l2KmCArrGOw
yt-00270,1,2,V5bIrRv9tpw
yt-00271,1,2,8ULxIK4_f9w
yt-00272,0,1,xYFR5YJ5gv0
yt-00273,2,4,ewqz_E6edNE
yt-00275,0,1,seZOiYl_V1g
yt-00276,2,3,U9_HjntMOy8
yt-00277,2,3,HM5BUqIugV8
yt-00279,2,3,novideo-279
yt-00280,0,1,dlhqg96jPw0
yt-00281,1,2,HrL5oCB7Kl4
yt-00283,2,3,Ep61tpBLF_k
yt-00284,2,3,ejcU9qjs07I
yt-00285,2,3,01_ufYKYsLo
yt-00286,1,2,PH_8xiKFBxk
yt-00288,0,0,novideo-288
yt-00290,2,3,OQFi-nr56c4
yt-00291,2,3,LfOUvFirGUA
yt-00293,0,1,FXPw9-rdIBg
yt-00294,0,1,ETloQOfxSKI
yt-00295,2,3,W-vGHzyjexM
yt-00296,0,0,novideo-296
yt-00297,0,0,7VyWYkrsLn8
yt-00298,1,2,1veitumiKwc
yt-00301,0,1,unB18Si-rwg
yt-00302,0,1,AdoHh0KlG-o
yt-00303,0,0,y03KBPxWkBk
yt-00305,2,3,kYnItV3ljdc
yt-00306,2,3,8YqBHMHc5A4
yt-00307,2,3,novideo-307
yt-00308,1,2,WpAgZF1WMM8
yt-00309,1,2,kRxAH46rH4Q
yt-00310,1,2,novideo-310
yt-00311,2,4,wAx7pesU_ac
yt-00312,0,1,xYFR5YJ5gv0
yt-00313,2,3,T8BWXeM6aKM
yt-00314,1,2,dX7qmhhwT20
yt-00315,0,1,PoK0T8o71Xg
yt-00316,2,3,_zr9P9Ic5nQ
yt-00317,0,1,VTNyWzq3kj8
yt-00319,0,1,IHjCD-q6bMw
yt-00320,2,3,HtqyzjEuwlE
yt-00321,0,1,ZonBD5rhFCk
yt-00324,0,1,vqZ92trVpBc
yt-00325,1,2,Eifv1zrQF3A
yt-00327,0,1,K3A1zTTSLcE
yt-00329,1,2,_TtJdmFFgO8
yt-00330,0,1,Ih7A2Z_Tt98
yt-00331,0,1,LDGyooZNX2c
yt-00332,1,2,w2mEM_VPaZQ
yt-00333,2,3,NbNghLnZbcU
yt-00334,2,3,k8WT5EIjUiY
yt-00335,0,1,novideo-335
yt-00336,2,3,wAx7pesU_ac
yt-00337,0,1,k-_pA5XgHI8
yt-00338,0,1,Fme9ppoKOCw
yt-00342,0,1,V1ixSiWropc
yt-00343,2,3,wh-CEVtw7Ng
yt-00344,0,1,CcpT64hSWHQ
yt-00345,0,1,R5GuibemimM
yt-00346,2,3,IXo0mQTuONI
yt-00347,0,1,s9FKQeuxiP4
yt-00348,2,4,MhEQyO4-2o4
yt-00349,0,1,t_31b272Oi8
yt-00350,2,3,SjBG8p6snGg
yt-00351,2,3,x56_pH5OCkU
yt-00352,2,3,GIEK7nlklo0
yt-00353,2,3,PkLeE7ksifI
yt-00354,1,2,tfSmZGCoLMk
yt-00355,1,2,m0_SMiOecko
yt-00356,2,3,voPIiBuUPtc
yt-00357,2,3,MVrT2utBMjc
yt-00359,0,1,novideo-359
yt-00361,0,1,1lXW2GFQo_E
yt-00365,2,3,Al1j8NDAjZk
yt-00366,2,3,-HHOOoGC1NQ
yt-00367,0,1,rOaV0ZD8BpA
yt-00368,0,1,jQB-_j5ZFgY
yt-00370,2,3,J9e-b-mek9A
yt-00371,2,3,UKpExvEDGx8
yt-00372,2,3,YDaPeHVWCkc
yt-00374,1,2,spoPRK8ziB0
yt-00375,0,1,2NSNzgIgcPU
yt-00376,0,1,6hoJ81zZ5tM
yt-00378,2,3,g1UhspNtUiQ
yt-00379,2,3,0VHdlG-cyA4
yt-00381,2,3,DrLKtYWWUyk
yt-00382,1,2,m0_SMiOecko
yt-00383,2,3,9m1nP-wOhP4
yt-00385,1,2,Pe0SmG6Rzj0
yt-00387,0,1,9XvlHN0UPbk
yt-00388,2,3,a6KKdZe3kQI
yt-00389,0,1,jBxaqIGa98Y
yt-00390,1,2,cCJi_9GV44c
yt-00391,2,3,N7dMYBGhLv0
yt-00392,1,2,RnEiqCtr7Jc
yt-00394,1,2,aCe2Kl-rNXU
yt-00395,1,2,4Fd3FXfqDtQ
yt-00396,0,0,UKpExvEDGx8
yt-00397,2,3,z4U-Nnefb9w
yt-00398,0,1,pUaKWh5uVYA
yt-00399,0,1,YVJjs0uBrVc
yt-00401,2,3,Pe0SmG6Rzj0
yt-00402,2,3,YAF0fZaKGHw
yt-00403,2,3,OhrX7At2UAs
yt-00404,2,3,dYBUHBF-yLo
yt-00406,0,1,BksZKvizU8c
yt-00408,0,1,qpGHlrNOrRU
yt-00410,0,0,tWSAeOxCdI8
yt-00411,2,4,DycGCnStUIY
yt-00413,2,3,v7zlnATufOw
yt-00415,2,3,VkuFXSGqxe8
yt-00416,2,3,tAHK6E03ORo
yt-00417,0,1,4EHZvEfQpIM
yt-00418,0,1,t16W8hH9hqY
yt-00419,0,1,_uPjqtGxgPE
yt-00420,1,2,0QrSsjQBUz8
yt-00421,2,3,xRIMGt73VZo
yt-00422,2,3,m0_SMiOecko
yt-00423,1,2,o4OQzaZI7Nk
yt-00424,0,1,npu1sASOflU
yt-00426,2,3,0H27dr5WNKc
yt-00430,1,2,_lLiEWi-V8A
yt-00431,1,2,auv0_8Gofd4
yt-00432,0,0,lcC_n98e-Tw
yt-00434,0,1,7FqAoHEBMi0
yt-00435,0,1,sY4kfafLR1k
yt-00436,0,1,gNBujRtWbwc
yt-00438,0,1,m0_SMiOecko
yt-00440,0,1,_FX58jkeF5A
yt-00441,2,3,6mhlN0VdTmY
yt-00442,0,1,gDIpmJzjzd0
yt-00443,0,0,Sx1JUWGer2I
yt-00445,0,1,CfQ87BJv4XM
yt-00450,2,3,22GhgYinQig
yt-00451,0,1,epwXjvLUr7E
yt-00452,2,3,VRqQ_U6s81Q
yt-00453,2,3,koJ2FjtILgY
yt-00454,2,3,m0_SMiOecko
yt-00455,2,3,uRiW3NRF2Ys
yt-00457,0,1,15r8clnxSDs
yt-00458,0,1,MSZGa0bWhh8
yt-00459,2,3,ZOUSjqTH1xk
yt-00460,2,3,yNuU2vm2784
yt-00462,0,0,oA3lSKxewMM
yt-00463,0,1,U0Osi50DmTw
yt-00464,1,2,KWILAl80Je4
yt-00465,2,3,m0_SMiOecko
yt-00467,0,1,2mx6mMes2ys
yt-00468,0,1,qpGHlrNOrRU
yt-00470,0,1,9vhP079g8tE
yt-00471,2,3,CFTyyxTabmE
yt-00472,0,1,th8ZgVG9WuU
yt-00473,2,3,Xj6QtrQ5fKc
yt-00474,2,3,ubWoy6ZvIG8
yt-00475,2,3,tAHK6E03ORo
yt-00476,2,4,n7SABpul19A
yt-00477,2,3,ar5PQr8NcEI
yt-00479,1,2,OYxXZzK0oQ4
yt-00481,2,3,axW94tjjAb4
yt-00482,2,3,AkD944uT-lM
yt-00483,2,3,a2R29Br5rpk
yt-00484,1,2,SDRaoS39v8I
yt-00485,2,3,HtqyzjEuwlE
yt-00486,2,3,SH3-06sI77A
yt-00489,2,3,PJ5pCTy3rvs
yt-00490,1,2,1veitumiKwc
yt-00491,2,3,Khv8MWrL99g
yt-00492,2,3,rnIz7k95rxw
yt-00494,1,2,uoBSKjQZM6k
yt-00496,1,2,yeqeOY-dFKY
yt-00497,1,2,4NQFwvuWOFs
yt-00498,0,1,qmraiz5g5AM
yt-00499,1,2,Vldqn6B9CWk
yt-00501,1,2,QT7BeR6TqXg
yt-00502,1,2,50_wD6tlAgk
yt-00503,2,3,iFqSTv9_YIs
yt-00505,0,1,novideo-505
yt-00506,2,3,eGrOy8cMqsg
yt-00507,2,3,ONfMmSNXUzc
yt-00508,2,3,skY7Se5Ly9w
yt-00509,2,3,GRsQOzKNbRY
yt-00512,2,4,auv0_8Gofd4
yt-00513,1,2,KRI_GfVG8sQ
yt-00514,1,2,jTGeOQ4XUck
yt-00515,2,3,loxT9_5J95M
yt-00518,0,1,sBcv58DvnTc
yt-00519,0,1,gKYiaKtZ6OI
yt-00520,1,2,qeT5WmB-HHg
yt-00521,0,1,Te3EwOHzeGM
yt-00522,2,3,Wsybj-jrLIk
yt-00523,2,4,SGX6aguU5QM
yt-00525,0,1,GflkKwirTjU
yt-00526,1,2,cxsAB-vxV_c
yt-00527,1,2,UE4lcLBTlao
yt-00528,0,1,d8UeayAtZDo
yt-00529,0,1,AxaIZ36B4C4
yt-00531,1,2,WOdUJoLRfSc
yt-00533,1,2,g3wNIGu8pno
yt-00536,1,2,bBIduwa6jR4
yt-00538,0,0,6q7Xbgeq2SQ
yt-00539,2,3,HyXYwx9AHHI
yt-00540,1,2,sJEpKs1yG3s
yt-00541,2,4,vpoVEhc2Xgk
yt-00543,0,1,T0qSyzdOhSw
yt-00544,2,3,uK-MGDE2dE4
yt-00548,1,2,zhklP7mWVug
yt-00551,2,3,ff6vbx_mCkg
yt-00557,0,1,ERUZo-m4V2U
yt-00559,1,2,aFUhI16g3vM
yt-00561,2,3,BFuz4UsYRVo
yt-00562,1,2,pkMX66Hsf-U
yt-00563,0,1,ERUZo-m4V2U
yt-00564,0,1,1VRlsD09id8
yt-00565,2,3,mTH99A3aBZo
yt-00566,1,2,37ZSOvjEZqA
yt-00567,2,3,mroCUfVoX24
yt-00569,2,3,9VqKFr2-6uU
yt-00570,0,0,novideo-570
yt-00571,2,3,fSMv8IC6OEA
yt-00572,0,1,YxuyNjOPTz8
yt-00573,0,1,ge6w_dEJL8w
yt-00575,0,1,UkbW_rvjD_g
yt-00576,2,3,ug6n96_iCsE
yt-00577,2,3,yXX3GsGc8Rw
yt-00578,0,1,0IUPr4zLkAY
yt-00579,1,2,Kr-CFrRPDpg
yt-00581,0,1,m8uS-uA_rzQ
yt-00582,0,0,CUtYc6Z64uI
yt-00583,2,3,yTnHjR_HyMA
yt-00585,2,3,rVsDuNHwyk8
yt-00586,2,4,GHzaMI--BC8
yt-00589,2,3,0LlwjpMXBto
yt-00590,0,1,MhEQyO4-2o4
yt-00591,2,3,1Fq7n3sYm04
yt-00592,2,4,tUXEgSFYcpM
yt-00593,0,1,5ibJilsuivk
yt-00594,1,2,OhrX7At2UAs
yt-00595,1,2,NYulO5_8OKo
yt-00596,2,3,eEpdZUoQ0oI
yt-00597,0,1,VEHAswi40yk
yt-00598,2,3,EA-pVOEVzoI
yt-00599,2,3,tAHK6E03ORo
yt-00600,2,3,0Baydln0oDY
yt-00601,0,1,P8-kxc4L8_o
yt-00602,1,2,novideo-602
yt-00603,1,2,nzfLzFqC9_M
yt-00605,2,3,qCuvZN6HPBA
yt-00606,2,4,abVYw35n9D8
yt-00609,1,2,-AVpfcE3F3E
yt-00610,0,0,kWlbknlpCro
yt-00612,2,3,QyyEhXGKQrc
yt-00613,1,2,8qWFCf7Ab7Y
yt-00614,0,0,KdgSw94DlVk
yt-00615,0,1,novideo-615
yt-00616,1,2,xjnTVYRPuzI
yt-00617,2,4,1xozCaE7jKA
yt-00618,2,3,novideo-618
yt-00620,0,1,Bi3Wxw0e5yk
yt-00621,0,1,J9e-b-mek9A
yt-00622,1,2,lXvo5vZ4jH8
yt-00623,2,3,6ZuNwK6kdmg
yt-00624,0,1,SW2-c9nfqyo
yt-00626,0,1,ZxHpXD_LDxQ
yt-00627,2,3,wXAGdDamwPI
yt-00628,2,3,1HWnE6kYLtw
yt-00631,1,2,zrvgbs3ceCM
yt-00632,0,1,bqODeY2yiVs
yt-00633,2,3,YWW7oSgN5Tg
yt-00634,0,1,gfTVbpEjc7w
yt-00635,2,3,NcfNhIUeA1c
yt-00636,0,1,IAb3PNtxLxc
yt-00637,2,4,OYDBFFvuNNo
yt-00639,2,4,-c39jDfC2W8
yt-00640,2,3,PTX5hCdGGpc
yt-00641,2,3,9JH6akeuup4
yt-00642,2,3,O9miEI662vw
yt-00643,1,2,9e4SzOy8bbQ
yt-00644,2,4,m0_SMiOecko
yt-00645,2,3,v9D3PKmtfYA
yt-00646,0,1,OLHNtZxyX5s
yt-00647,2,3,iKhRnkaXZeI
yt-00648,0,1,-WuChi9ZH3M
yt-00650,1,2,9fahTyWlf64
yt-00652,1,2,zmHl-D3G5HA
yt-00653,1,2,5MFMC7A56cs
yt-00654,1,2,SF8clEjTXMk
yt-00655,0,0,Y75S3K2qeo0
yt-00656,1,2,1Fq7n3sYm04
yt-00657,1,2,xGzEbDhUOUE
yt-00658,0,1,4EPnmoWBUfU
yt-00659,1,2,pdImt5Nc0yk
yt-00660,0,1,hknQZ1PXpRg
yt-00661,2,3,JVNY5NJTyFs
yt-00662,1,2,V3RFNAdhZKs
yt-00663,0,1,z7rx4kdB-mE
yt-00665,2,3,C3z79NQUX28
yt-00666,2,3,IyoZBHfRydM
yt-00667,0,1,489eDfv8z18
yt-00669,2,3,gTRQ-Qee9Xg
yt-00670,0,1,9TmO9LA0c0U
yt-00672,0,1,Q1hwLLysfiw
yt-00673,1,2,1AqAmoMfAZs
yt-00674,2,3,MwrcI3x060k
yt-00675,2,3,MHkfZV6Ww-8
yt-00676,2,3,VDayebVfHLo
yt-00677,2,3,AdoHh0KlG-o
yt-00678,1,2,CiAMHa9ta_M
yt-00679,0,1,eSGwiundVWQ
yt-00680,2,3,-AVpfcE3F3E
yt-00681,0,1,dmB8zyVTamc
yt-00682,0,1,Fqwo7V_45kI
yt-00683,0,1,uh_zgtOckLM
yt-00684,0,1,439EHKYXHvQ
yt-00685,2,3,t6UvqskI1pg
yt-00687,0,1,rdyZR39rgxc
yt-00688,1,2,1bmHfss_cg8
yt-00689,0,1,_9_A93l20r4
yt-00690,0,0,ZWfWYHhdsms
yt-00691,0,1,0zTofIoDQHo
yt-00692,1,2,FuZVA3s7b1c
yt-00693,2,3,ONfMmSNXUzc
yt-00695,0,0,oyEohr0_wV8
yt-00696,0,1,xFyG3KZ5zBY
yt-00698,2,3,O9SrnMQm6xQ
yt-00699,2,3,x6QDSYgZUqk
yt-00700,2,3,8W6YN6k7WBk
yt-00701,0,1,MfJ75ixwnUc
yt-00706,0,1,ahe50XsM_eI
yt-00707,0,1,xQdZ2ChNBhE
yt-00708,2,3,c6Gz4twh-zM
yt-00709,1,2,YtFjKh5J9nI
yt-00710,2,3,t36UFQm30qg
yt-00712,1,2,aIxXsIIltjc
yt-00713,0,1,NWYSsAv7Qxo
yt-00714,2,3,s0nuKKa7Lv0
yt-00715,1,2,v1Px4hB18UM
yt-00716,0,1,pJHTwncHKWY
yt-00717,1,2,8FY1u09QH8U
yt-00718,2,3,n7SABpul19A
yt-00720,2,3,Ep61tpBLF_k
yt-00721,1,2,-g7OEtWr52Y
yt-00722,1,2,dWtB-pKaYrw
yt-00723,2,3,tAHK6E03ORo
yt-00724,0,1,sk1_i-3gGiE
yt-00725,0,0,uRFP_2R1xlU
yt-00726,0,0,gN0qrg1YtIM
yt-00729,1,2,Fpo_OmFwiBA
yt-00730,1,2,fxG-8ZGO82c
yt-00731,2,3,9fahTyWlf64
yt-00732,0,1,3J_x7EdfuzI
yt-00733,0,0,lVC_wCbhSsk
yt-00734,2,4,6dB3eZcHg5A
yt-00735,2,3,9dyqlW2MNdc
yt-00737,2,3,xDQoZkYk2vg
yt-00738,2,4,79G1E18oiic
yt-00739,0,1,H5WZyDQmS40
yt-00740,0,1,TeYFrJ8x-Xs
yt-00741,0,1,Z5ZG9Tkgee0
yt-00742,2,3,m0_SMiOecko
yt-00743,0,1,89nxIEhS1JE
yt-00744,1,2,9DM4LkmRLFU
yt-00745,1,2,iBMRSv8ZNTE
yt-00746,0,0,k-_pA5XgHI8
yt-00747,0,1,VkuFXSGqxe8
yt-00749,1,2,yqOZ74mR-gI
yt-00750,2,3,MWq3SPpxEQQ
yt-00751,2,3,c1h7UqAoEIQ
yt-00752,0,1,KQ1V-vXRwQ0
yt-00753,0,1,HYfPZnL3-GY
yt-00755,0,1,bYXaNCv-nEQ
yt-00757,2,3,RAoSY3phS8M
yt-00761,1,2,GLv0AGKDQWQ
yt-00762,0,1,aU4PXdktazE
yt-00764,2,3,fxCSYPOcdX0
yt-00765,2,3,m0_SMiOecko
yt-00766,0,1,huaVhsK3cEs
yt-00767,1,2,kSFDu7qonAg
yt-00768,2,3,F9MctqJgJVk
yt-00770,0,1,novideo-770
yt-00771,2,3,ue8o8xc5atc
yt-00772,0,1,SDfxHgQKQsc
yt-00773,1,2,0hsHP29VbO8
yt-00776,0,1,XN-LVPiI5Dw
yt-00777,2,3,QuIz6tYPiZ0
yt-00780,2,4,i5Kybh7ZtEs
yt-00781,2,3,7M80iJ1x4kc
yt-00782,1,2,vLaZV3QhmlU
yt-00783,0,0,FYkLSX49JHk
yt-00785,0,0,HUL_042UM1c
yt-00786,1,2,5jrq0syT_Lk
yt-00788,0,1,RwyP5iuao0c
yt-00789,2,3,JLE7uI-BGLY
yt-00790,2,3,8RURnIvdBzM
yt-00791,2,3,PqH8VDPjGrE
yt-00792,2,3,TfgdwInk4l4
yt-00793,1,2,Xz7pOIpNqT0
yt-00794,2,3,lwrg6SyK2EY
yt-00795,0,1,Y75S3K2qeo0
yt-00796,0,1,y2tkxhVww4M
yt-00797,1,2,AYg7FMAlnhU
yt-00799,2,3,B1ZEAp4YlqM
yt-00800,0,1,9KOMrYH6yJI
yt-00801,0,1,BGXKdE468RI
yt-00803,1,2,N7dMYBGhLv0
yt-00804,0,1,hMIq95goIxQ
yt-00805,2,3,QIuCYCQclBk
yt-00806,1,2,t_6UBoV79JM
yt-00807,2,3,Bkc9zpGB9PI
yt-00808,1,2,TxpmVP2EnCU
yt-00810,2,3,R5f00nmec-g
yt-00811,2,3,LmM6lNJIAwc
yt-00812,2,3,g-F8PEO8U54
yt-00813,0,1,fpb_S3JvKxI
yt-00814,0,1,uRJ6u1ARxeU
yt-00815,0,1,GzunX8tsTac
yt-00816,2,3,0adDCIPFUX4
yt-00817,0,1,yMtepVxbFuo
yt-00818,0,1,h7ilMWtobhY
yt-00819,1,2,8oVpLsFr38A
yt-00820,2,3,m0_SMiOecko
yt-00821,2,4,M2EuxbQls9E
yt-00822,0,1,Y75S3K2qeo0
yt-00823,0,1,hiUANxZBtjM
yt-00825,2,3,SCi6t-FW_So
yt-00826,1,2,czz7ivZBLLI
yt-00827,2,3,uu2zRlPidNk
yt-00828,2,3,QmyfGy1RxA8
yt-00830,2,3,8iDjq-AxmGc
yt-00831,2,3,ZOUSjqTH1xk
yt-00832,0,1,Au2SjefTB8Q
yt-00833,0,1,zCFwUhfeZAI
yt-00834,2,3,y-eH5oo7BP0
yt-00835,2,3,pqinvobBwRQ
yt-00836,1,2,07C1KJrlTPk
yt-00837,0,1,dHnXm0Spc0A
yt-00839,2,3,OhQXv414rPc
yt-00841,0,1,B-A377gRjlE
yt-00842,2,3,ZOUSjqTH1xk
yt-00843,1,2,JH5qHfBPZcE
yt-00844,2,3,soJM834IYFY
yt-00845,2,3,TwVs1xiq7y0
yt-00846,2,3,m0_SMiOecko
yt-00847,1,2,hbKEFLosO2Y
yt-00848,2,3,ywdkzZxMsrI
yt-00851,2,3,92wST-C7Z5E
yt-00852,0,1,Nm8on_ZzXQc
yt-00853,0,1,k-_pA5XgHI8
yt-00854,0,1,FzLmxCtqGl4
yt-00855,2,3,LmJ7aSl-fsY
yt-00856,2,3,izjmMyE5mq8
yt-00857,2,3,0CkZ4OoFnzE
yt-00858,2,3,OlFbgMzMtGU
yt-00860,0,1,uOOTj-gyZnQ
yt-00861,2,3,ZuK4ACMjAGc
yt-00862,0,1,nlTzKLAqdaw
yt-00863,2,3,g1UhspNtUiQ
yt-00866,0,1,J9e-b-mek9A
yt-00867,2,4,CBVGd8NfMxk
yt-00868,2,3,qdS8PTXLamc
yt-00869,2,3,GuYFO-XUQPI
yt-00870,0,1,novideo-870
yt-00871,0,1,31S1IoauUjg
yt-00872,2,3,OO8hfzFaZdE
yt-00874,0,1,dhfV1KJQ054
yt-00875,1,2,3sJ9hxIKLVk
yt-00877,0,1,bgI0r1-k9Rc
yt-00878,1,2,s5b4Rhxzhh8
yt-00879,2,3,xGXbzlghv_o
yt-00880,0,1,KT78CCbrqgU
yt-00881,2,4,ZpqJgmftaTg
yt-00882,0,1,6BYV7wdHWZk
yt-00883,0,1,-1uDreg6buw
yt-00884,0,1,na-bom5UejU
yt-00885,2,3,2dybMwnh-TE
yt-00887,0,1,Xs0wz06qwSE
yt-00888,0,1,PmGyLkdVRvI
yt-00889,0,1,BwL1phuMoS4
yt-00891,0,1,HrL5oCB7Kl4
yt-00892,1,2,tuqPFKF5NJo
yt-00893,2,3,Y4WYaYGX1pA
yt-00894,0,1,SEzFaTZy1Xw
yt-00895,2,3,pXdKUWlLH0g
yt-00896,2,4,otgH6hJgz08
yt-00897,0,1,ZS4_w1xK3OE
yt-00898,1,2,dYfGYirFV6M
yt-00899,0,0,0M0NsGypJcs
yt-00900,1,2,x8EXnAGJT5U
yt-00901,0,1,KeZHrBkQXSg
yt-00903,2,3,mZhm1zQ_RQg
yt-00904,1,2,Q2-sdYOcPng
yt-00905,0,0,DIGy18Yu2eM
yt-00906,0,1,KSTQm3X7V7Q
yt-00907,0,1,EGhwfDQUSM4
yt-00908,2,3,YqK5pHYjXIw
yt-00909,2,3,8M9yrN2S15M
yt-00910,0,1,3yzavS-7Lxw
yt-00911,1,2,YoD3GqU9HJQ
yt-00912,1,2,Gs2rMMQspQ4
yt-00914,2,3,tUV5W1dF3Nw
yt-00915,2,3,Em0BeXyDkmM
yt-00916,1,2,w0HPwkltLN0
yt-00917,2,3,PHkLAZ64Bsw
yt-00918,1,2,RM7ay9bxru8
yt-00920,1,2,20MSL6iCfH0
yt-00921,0,1,7o7snunQon0
yt-00922,2,3,5BEkxrAPJHw
yt-00924,1,2,VkuFXSGqxe8
yt-00926,0,1,d3_v8xkLvRc
yt-00927,2,3,sRFUAJAJ78M
yt-00929,2,4,KEKjepewwfw
yt-00930,2,3,VkuFXSGqxe8
yt-00932,0,0,FM8dg8dQ46Y
yt-00933,0,1,ZOUSjqTH1xk
yt-00934,1,2,ff6vbx_mCkg
yt-00936,2,3,m0_SMiOecko
yt-00937,2,3,NG6_1jvxOmk
yt-00938,1,2,v1Px4hB18UM
yt-00939,1,2,Xn9OvxpuqE0
yt-00940,2,3,owFWmMIqP4A
yt-00941,0,1,pbNR62xqITk
yt-00942,1,2,qXLjULBbnRk
yt-00943,1,2,ZLiLL6S_eeQ
yt-00944,0,1,W93B7cSaKLg
yt-00945,0,1,7vKUC7DqNVU
yt-00946,2,4,PsnJFN_ksqY
yt-00947,2,3,novideo-947
yt-00948,2,3,uCPkx7vX6ek
yt-00949,2,3,MRnB3ONObx8
yt-00950,2,4,xNoraXp2q60
yt-00951,2,4,5CguKke_kEo
yt-00952,2,3,llUnMDZH0LU
yt-00954,2,3,mC78b-hq0tQ
yt-00955,0,1,bmA8f_igCjk
yt-00957,1,2,9SgnsGJzXAY
yt-00958,0,1,fXt3e9QWkyU
yt-00959,0,1,-BlMLKJYOUA
yt-00960,0,1,KWDJNP00XNk
yt-00961,2,3,vlBpytX5eV4
yt-00962,2,3,_o26pT2A4lE
yt-00963,0,1,ZEvMhGVMmAc
yt-00964,2,3,b_x9tMcie0g
yt-00966,0,1,U76Wc_SfE4E
yt-00967,1,2,FuZVA3s7b1c
yt-00969,2,3,0l154Fz-9-g
yt-00970,2,4,4WrHocm3Yow
yt-00971,1,2,m0_SMiOecko
yt-00972,0,1,nCndqLUufBA
yt-00973,0,1,mZhm1zQ_RQg
yt-00974,0,0,ZC25DV6oitY
yt-00976,0,1,78Uz8gG4PvE
yt-00977,0,1,_vQc3-omWds
yt-00978,1,2,-Oj9k_awvGE
yt-00979,2,3,8iqo0GAswlo
yt-00980,0,1,x6QDSYgZUqk
yt-00981,1,2,PSDZRrtFYn4
yt-00982,2,3,xnC7dnggm4g
yt-00985,2,4,mC6soW3DBfQ
yt-00986,0,1,9GslDD2Zqm4
yt-00988,1,2,l00AIXfAXPU
yt-00989,1,2,w7egUPfmuQY
yt-00990,1,2,NUXEQaYRLwA
yt-00991,0,1,Fkirot6o9Ro
yt-00992,1,2,ZZ5oqJMmJQM
yt-00993,2,3,CQfypQtJ8ZE
yt-00995,2,3,k0GjFWXfxqc
yt-00996,1,2,rFZZBcCp2i8
yt-00998,2,3,Li25SFvZofU
yt-00999,2,4,MyB614iZ6mQ
yt-01000,2,3,9QCpBdb2AHQ
yt-01001,2,3,6B4eR0ev1eY
yt-01003,1,2,6u9BFJKeZQQ
yt-01004,2,3,Nr-cs4dM2zg
yt-01005,2,3,zhngeBSdLpc
yt-01006,0,1,99wik_Uzl0w
yt-01007,1,2,3-RDBxuBJgo
yt-01008,2,3,0xelFQN0iUQ
yt-01009,2,3,peIhX2jwh8A
yt-01010,2,3,-HCNpvHcEaY
yt-01011,2,3,AlefKV2fe6s
yt-01012,1,2,wh0dDBmAA8E
yt-01014,1,2,xwquU-4IGLU
yt-01015,2,3,Wt-hodl04gk
yt-01016,0,1,mNs8SyB-TbQ
yt-01017,2,3,KaEAPsEBFo0
yt-01018,1,2,MAVS-JU9Go0
yt-01019,2,4,-HHOOoGC1NQ
yt-01020,1,2,i7dCG5w3jHM
yt-01021,0,1,Oa0ETWGWGuo
yt-01022,2,3,GHzaMI--BC8
yt-01023,0,0,9mvE1ZfjmyQ
yt-01024,2,3,qGKAHFvdYT8
yt-01026,0,1,novideo-1026
yt-01027,0,1,VxtTNn0Dezc
yt-01028,0,1,Yx91AEBKtDs
yt-01029,2,3,dncXMA4GR70
yt-01030,0,1,AMK7Qgctj1I
yt-01031,2,3,wH-aOw0aHHI
yt-01034,2,3,8UH6G1LnXR8
yt-01035,0,1,novideo-1035
yt-01036,2,3,eXZFrep-yEo
yt-01037,0,1,IXCo8eZAoCw
yt-01039,1,2,oMeeyg5XB3g
yt-01042,2,3,aCU1lgliARs
yt-01043,1,2,Y3T20pSx4C0
yt-01045,2,3,8UH6G1LnXR8
yt-01046,0,1,pPEkjWBdqxA
yt-01047,0,1,B5yFBe8iF5s
yt-01048,1,2,GRFusZGdzOo
yt-01049,2,3,v3Mn_pzh3VE
yt-01050,1,2,cMhYjUnkTbg
yt-01051,0,1,IHqJGDzFGiI
yt-01052,2,3,m0_SMiOecko
yt-01053,1,2,kE5mN2eC6S4
yt-01054,0,0,4NQFwvuWOFs
yt-01055,2,3,t6UfBeto0ow
yt-01056,2,3,yNuU2vm2784
yt-01057,1,2,jk3ppAAaT6s
yt-01058,2,3,hmp4ZVhgm8o
yt-01059,2,3,-NSq2W0FbQM
yt-01061,1,2,1XLPf4hV_ek
yt-01063,1,2,YpvwLHvMu5Y
yt-01064,1,2,h3EFevb9N6Y
yt-01065,1,2,QfZ0KjFxE8Y
yt-01066,2,3,1VTLzDSRNCE
yt-01067,0,1,kOI3kgPoqSk
yt-01068,0,1,Tr7m7-2C9Wk
yt-01069,0,1,ipVrYSoKybA
yt-01070,1,2,YQChHjnyouU
yt-01071,0,1,Gb_5ViLX9c4
yt-01072,0,1,a2OUkk56acg
yt-01073,2,3,VmTvV74QjtM
yt-01074,2,4,IjyH-MvF1tQ
yt-01075,1,2,9TmO9LA0c0U
yt-01076,0,1,FG53xmDdw7k
yt-01077,1,2,97vlSnirrII
yt-01078,0,0,_-sXeX9ntsM
yt-01079,0,1,mlljaULiY8U
yt-01081,1,2,WfshEpeYqSo
yt-01082,2,3,ZOUSjqTH1xk
yt-01084,0,1,novideo-1084
yt-01085,0,1,Fw4nZayuZmQ
yt-01088,2,3,DC05VUtSHmA
yt-01089,0,1,aCpSwxSWsaY
yt-01090,0,1,fzQSr9zTB4U
yt-01091,0,0,8dC5VVZt1K4
yt-01092,1,2,FuLiO6B1nQw
yt-01093,2,4,WSCH4FRaRyQ
yt-01094,0,1,ZgJW1KlSzrg
yt-01095,0,1,dOFQL-liask
yt-01096,2,3,epwXjvLUr7E
yt-01097,2,3,5g4TGqJibz0
yt-01098,1,2,BwPn1c0ZHG0
yt-01099,2,3,pXeOtkaIxgU
yt-01100,1,2,Eifv1zrQF3A
yt-01101,0,1,XAlfeUJu1pY
yt-01102,2,3,BUyIhZIpf5k
yt-01103,0,1,d1RVYHPMrVU
yt-01104,0,1,IcvVvKMUzik
yt-01106,0,1,pF-Lco6D0Tc
yt-01107,0,1,oZ1hvGNm7h8
yt-01108,2,3,Uo72ijyLlGU
yt-01109,0,1,novideo-1109
yt-01110,1,2,rOaV0ZD8BpA
yt-01111,0,1,BNAJzBZbRlA
yt-01112,0,1,-SEgqkHq8-s
yt-01114,2,3,BABRe53fna4
yt-01116,2,4,1amSL0WIS-Y
yt-01117,0,1,12xQyld2iuI
yt-01119,2,3,pqSoxY8t24M
yt-01120,1,2,YkgLufC8h4U
yt-01122,0,1,aOR761BePaY
yt-01123,0,1,Dy1tJJc9C04
yt-01125,0,1,u7IUj_YJjQE
yt-01126,2,3,PLnz6n4aSPo
yt-01127,2,3,OVURuMEs0NM
yt-01128,2,3,TeTgF72a4Qs
yt-01129,0,1,YdVPy-RxV78
yt-01130,0,1,J9e-b-mek9A
yt-01133,1,2,yoD6NIPfS_8
yt-01134,2,3,pXeOtkaIxgU
yt-01135,0,1,6TLvvR20z-M
yt-01136,0,1,novideo-1136
yt-01138,2,3,R5GuibemimM
yt-01139,2,3,6xf4M84DTAs
yt-01140,2,3,U9_HjntMOy8
yt-01141,0,1,1nDHzWI_AUg
yt-01142,0,1,9XvlHN0UPbk
yt-01143,2,3,viETd50OZqU
yt-01144,1,2,r7L5BoBBNTM
yt-01145,2,3,QDuWpn8kVDw
yt-01147,2,3,NQDNyRInMXw
yt-01148,2,3,sBcv58DvnTc
yt-01149,1,2,IzGR6FIYTio
yt-01150,2,3,_RJjGCDSNdk
yt-01152,2,3,AgkihMIhVrs
yt-01153,1,2,ANfl8o6EhCM
yt-01155,1,2,8o4opd_aJjM
yt-01156,0,1,KeZHrBkQXSg
yt-01157,2,3,novideo-1157
yt-01158,1,2,0wPTtFE7joE
yt-01159,2,4,5_ZzO4c4bGE
yt-01160,2,3,DC05VUtSHmA
yt-01161,2,3,-AVpfcE3F3E
yt-01162,2,3,0xITW_W-Q0M
yt-01163,1,2,IRObFMbFOIU
yt-01164,2,3,bsPSjToLEvc
yt-01165,1,2,YdG3jk0G0kE
yt-01166,2,3,Sx1JUWGer2I
yt-01167,1,2,yoD6NIPfS_8
yt-01168,2,3,laLIidriPrs
yt-01169,2,3,rMDYpDPFbw8
yt-01170,0,1,9WM9MlVxZRI
yt-01172,1,2,TA8RrU9XkLE
yt-01173,2,3,47oGjJVFkVo
yt-01174,2,3,2p9frjH9iUE
yt-01175,2,3,f7DXD5JPeXc
yt-01177,2,3,r0sv_a2L6Fk
yt-01178,0,1,fEFRtkmkMK8
yt-01179,0,1,mdyEvpIb8a0
yt-01180,2,3,92wST-C7Z5E
yt-01181,0,1,rZJT646i4TY
yt-01182,2,3,KQMwPRyfG3M
yt-01186,0,1,ESrZ8FRQzbY
yt-01188,2,3,WfshEpeYqSo
yt-01189,0,1,Ibzv7Cl24wI
yt-01190,2,4,hmp4ZVhgm8o
yt-01191,0,1,m0_SMiOecko
yt-01192,1,2,h0IPbT3mano
yt-01193,2,3,-_p544IMzow
yt-01194,2,3,Lf47G6_MTGE
yt-01195,0,1,Y2Mm_Vt2Zw4
yt-01197,0,1,F4DuvBgOWJg
yt-01198,0,1,AMK7Qgctj1I
yt-01200,2,3,ZOUSjqTH1xk
yt-01201,2,3,5etBJ2O6OpA
yt-01203,2,3,8v6_qpkXA1I
yt-01204,2,3,KHsjwvULXzU
yt-01207,0,0,H0bKUYV7g44
yt-01209,2,3,QgQLBED7lmw
yt-01210,2,3,pXeOtkaIxgU
yt-01211,2,3,5MFMC7A56cs
yt-01212,1,2,4xywRUZjeN0
yt-01213,0,1,zOQzrib5ers
yt-01214,2,3,SsegO6ACGhc
yt-01215,2,3,Jmmaj8OaWl4
yt-01216,2,3,fjhr3bcGVbg
yt-01217,1,2,vqZ92trVpBc
yt-01218,2,3,JVNY5NJTyFs
yt-01219,0,1,8W6YN6k7WBk
yt-01220,0,0,rOaV0ZD8BpA
yt-01221,2,3,x-wIEcbozBk
yt-01222,0,1,5pUcYpIyiOg
yt-01223,0,1,weVYvAXStew
yt-01224,0,1,WSDUAR4h-YY
yt-01225,0,1,ifE4Xi-M6xQ
yt-01226,1,2,W4bRzKhQPho
yt-01227,0,1,cBElxl_X0D8
yt-01228,2,3,TwR5q8GsHtI
yt-01229,2,3,GHzaMI--BC8
yt-01230,0,1,PmjCh81hoMI
yt-01231,1,2,xT41fGL6Po0
yt-01233,0,1,xgSJrjE-tlc
yt-01235,2,3,8eEkKf0YEQU
yt-01236,2,4,Plg9P8sBAYE
yt-01237,0,1,rPdBBGV3dpk
yt-01239,1,2,iAbW3DqSsAE
yt-01241,0,1,_QL0f5YwOXs
yt-01242,2,3,IsBdqCaHfdI
yt-01243,0,0,Kncfr7gmmAw
yt-01244,0,0,t9jx5d8VNWs
yt-01245,0,1,tJy_cAmf5pQ
yt-01246,0,1,Abq4vNaZH-w
yt-01247,0,1,aCE9WpOrA_U
yt-01248,0,1,JYeJ3yK0Y0g
yt-01249,2,3,m0_SMiOecko
yt-01251,0,1,H0bKUYV7g44
yt-01252,1,2,V4inXNDVL5M
yt-01253,0,1,NPWLrp_bac0
yt-01254,2,3,dALpT-qyhyQ
yt-01255,0,1,wGAT6lFfumc
yt-01256,0,1,Iykno64pNHI
yt-01258,1,2,VBYvuJoXRP8
yt-01259,0,1,Vlml4kdN5WE
yt-01260,0,1,bgI0r1-k9Rc
yt-01261,1,2,ArmFfieVzTI
yt-01262,0,0,KOXIrIUMB0Q
yt-01264,1,2,DwfjYN4xtmw
yt-01266,2,3,WfshEpeYqSo
yt-01267,2,3,6R5MR4zgQMs
yt-01268,0,1,o1ssdsBNLhQ
yt-01269,0,1,dl9xWxEs2CE
yt-01270,0,1,3L8baN4Cwx0
yt-01271,1,2,kihJ-9P9aiI
yt-01273,2,3,46Qmzv8K6gA
yt-01275,0,0,US4wcfgMP1I
yt-01276,0,1,wz4kx0rtbkA
yt-01277,1,2,odnvmjcAVcI
yt-01278,0,0,OMQLXHJhhYs
yt-01279,2,3,OxzRTxeJAII
yt-01281,2,3,V33v2yqiI3c
yt-01282,0,0,_wNMeBTJ7C8
yt-01283,2,3,JGDdMxxSEiw
yt-01284,0,1,n9LlGR6HoUg
yt-01285,2,3,FDm-vRmJQmY
yt-01286,2,3,G1tmehqVBMc
yt-01289,1,2,1caGrSFdJv0
yt-01290,2,3,DN8Y5hq8qro
yt-01291,0,1,OXFeOMb2Z9g
yt-01292,1,2,AFU3bIwluXQ
yt-01293,2,3,IzGR6FIYTio
yt-01294,0,0,1lXW2GFQo_E
yt-01295,0,1,ivJPanKeQz8
yt-01296,0,1,DfvoyAYUGFQ
yt-01297,0,0,E3aM6gp398Q
yt-01299,2,3,YoD3GqU9HJQ
yt-01300,0,1,F0BGrCmSuO0
yt-01301,1,2,NyXYVgT3Z0Y
yt-01302,1,2,cuL0eO2Dac4
yt-01303,0,1,BYGZzs8uZhI
yt-01304,0,1,novideo-1304
yt-01306,2,3,novideo-1306
yt-01307,1,2,clTFpGUtAGY
yt-01308,1,2,cBElxl_X0D8
yt-01309,1,2,g0mPNWdwLHI
yt-01310,2,3,VkuFXSGqxe8
yt-01311,1,2,Wvng6coEmB4
yt-01312,2,3,r2qBtNrhvJc
yt-01313,2,3,F9MctqJgJVk
yt-01315,0,1,V_ixYuyqKQ4
yt-01316,1,2,9VFc1uW8JDk
yt-01317,2,3,novideo-1317
yt-01318,2,3,Ia4RNWhq9K0
yt-01319,0,1,novideo-1319
yt-01320,2,3,gec2T7Mxndk
yt-01321,2,3,novideo-1321
yt-01322,2,3,YzXYoh_o6RY
yt-01324,1,2,aN1IH3bXM6U
yt-01325,0,1,FuZVA3s7b1c
yt-01326,0,1,5etBJ2O6OpA
yt-01327,0,1,8tR0YQxyjdI
yt-01328,2,3,1VRlsD09id8
yt-01329,2,3,zYfrMo8uHMQ
yt-01330,1,2,MTlhT0C3F_Y
yt-01331,2,3,Y75S3K2qeo0
yt-01333,0,1,-r7CxYS2qBs
yt-01334,0,0,suibKgFNx5A
yt-01337,0,1,-shPG--27D0
yt-01338,1,2,H9kOxJymAsE
yt-01339,0,1,ugXs4xW8zNI
yt-01340,0,1,-VytddCWEQg
yt-01341,0,1,R5f00nmec-g
yt-01342,0,1,dSdKszt_ohw
yt-01343,1,2,FEFf-dp_x3Y
yt-01344,0,1,tRBoGalhlPo
yt-01345,2,3,xyFvpYh1v9k
yt-01346,0,1,Pr9RmPkjqHI
yt-01347,2,4,MJJYgZFTjso
yt-01348,1,2,FuZVA3s7b1c
yt-01349,2,3,pqSoxY8t24M
yt-01350,1,2,_QjGMChHEQc
yt-01353,0,1,DM0Yivbiot4
yt-01354,1,2,p4frTp4QxPM
yt-01356,0,1,IJKrEsyXzR0
yt-01357,2,3,JfLjFj4WJXE
yt-01358,1,2,hKWSW2JvkJ0
yt-01360,2,3,TZJgoEmf7uw
yt-01361,1,2,0Bh9MKnnDQU
yt-01362,1,2,tqiZTXtaXp0
yt-01363,2,3,PCFpZ0u_fyM
yt-01364,0,1,O3M5AwnXZFw
yt-01365,2,3,OC-52jP9i7Y
yt-01368,2,4,WfshEpeYqSo
yt-01369,1,2,qHfsZrHTzaM
yt-01370,0,0,8hjFXdX1Sw4
yt-01371,2,3,novideo-1371
yt-01372,0,1,ICLWKeTEPcU
yt-01373,2,3,gBl3XN0AV08
yt-01374,0,1,rZJT646i4TY
yt-01375,1,2,-VWrqKzVXDw
yt-01376,1,2,C41NWw9WtX0
yt-01378,0,1,Dbhb4ZBl1L0
yt-01379,2,3,gc-PRGoZI10
yt-01380,1,2,X1JuymVzIAg
yt-01381,2,3,PjBNMbI6-sk
yt-01382,2,3,biLd7JJb71Q
yt-01383,0,1,KdgSw94DlVk
yt-01384,2,3,m0_SMiOecko
yt-01385,2,3,860A0FAJtXI
yt-01386,2,3,n13nuq1wAAo
yt-01387,1,2,ywdkzZxMsrI
yt-01388,1,2,jKmcHlOGHJk
yt-01389,0,1,novideo-1389
yt-01392,0,1,0IUPr4zLkAY
yt-01393,1,2,wnMMIA0h7f4
yt-01394,2,3,UBAY26elr-w
yt-01396,2,4,abVYw35n9D8
yt-01397,1,2,Ku1VllsV2yg
yt-01398,1,2,pXeOtkaIxgU
yt-01399,2,3,novideo-1399
yt-01400,2,3,erNKleMRuAE
yt-01401,2,4,Nqzdm4yjmPg
yt-01402,2,3,I5pLLeWFheA
yt-01403,2,3,yL76f9B0VEY
yt-01404,2,3,Tj0_Xosg93c
yt-01405,0,1,RSGdQJDg46E
yt-01406,1,2,PJ5pCTy3rvs
yt-01407,0,1,L8s4OkGHZ_g
yt-01408,0,0,C2NQfX-Pjp4
yt-01409,2,4,J4n63zJEoa4
yt-01410,2,3,BB-JtRfzijs
yt-01412,0,1,nLB0e9ISrOA
yt-01414,2,4,JVNY5NJTyFs
yt-01415,0,1,j9-jeNxjUos
yt-01418,2,3,m0_SMiOecko
yt-01420,0,1,RZXH7y4kk60
yt-01421,0,1,TAMUnsPrNkg
yt-01422,2,3,N7dMYBGhLv0
yt-01423,1,2,PC0mpXXpir4
yt-01424,2,3,9KOMrYH6yJI
yt-01427,0,0,v0IC-brfi2U
yt-01428,2,3,b_r-5dSZcfQ
yt-01429,1,2,gZQKQBf7s6U
yt-01430,2,3,vUQLiD11LCw
yt-01431,1,2,QOSO4FyGRJA
yt-01433,0,1,-o8uo8FZyGc
yt-01435,2,3,xiXxxrB9sqA
yt-01436,0,1,ifE4Xi-M6xQ
yt-01437,1,2,NK-EG-bxX18
yt-01438,0,1,3X9C26sUMYE
yt-01439,0,1,J9e-b-mek9A
yt-01440,2,4,sX5ORTz9SAo
yt-01441,0,1,OLHNtZxyX5s
yt-01442,2,3,-OyGX2gm4bc
yt-01443,1,2,KN2Zqr5Q6iA
yt-01444,0,1,gUXicrX5RKw
yt-01446,2,3,C3z79NQUX28
yt-01447,1,2,mURdo7tzxe4
yt-01449,2,3,FyWtzmH05k4
yt-01450,0,1,ZZ5oqJMmJQM
yt-01451,0,0,IAb3PNtxLxc
yt-01452,0,1,c0iP96eKztY
yt-01453,1,2,Nm8on_ZzXQc
yt-01454,2,3,1ntxqBD12L8
yt-01455,0,1,KT78CCbrqgU
yt-01456,0,1,GPizMGwA0Uc
yt-01458,0,1,novideo-1458
yt-01459,0,1,uVtDt2-oDJA
yt-01460,2,3,QokMrwVKzZY
yt-01461,2,4,Gs2rMMQspQ4
yt-01464,1,2,novideo-1464
yt-01465,0,1,gHg7pDXS8vc
yt-01467,2,4,YoD3GqU9HJQ
yt-01468,1,2,3LJQRbgvuUc
yt-01469,1,2,uof_OqNmCsc
yt-01470,0,1,q3qVpKKL9T4
yt-01471,2,3,novideo-1471
yt-01472,2,3,97vlSnirrII
yt-01473,2,3,yNuU2vm2784
yt-01474,2,3,novideo-1474
yt-01475,0,1,1auT6cgwOwA
yt-01477,0,1,novideo-1477
yt-01478,2,3,BAM24xtF68o
yt-01479,1,2,6wogNuLrpFs
yt-01480,2,3,Ep61tpBLF_k
yt-01481,1,2,lB0uZnQw1-Y
yt-01483,2,3,qSewJTbNyWg
yt-01484,2,3,u7IUj_YJjQE
yt-01485,2,3,g1UhspNtUiQ
yt-01486,0,1,XURGDvpcYTM
yt-01488,2,3,owqws5ig_2w
yt-01489,2,3,aU7uZFFg7sY
yt-01490,1,2,hyNXMVrypRI
yt-01491,2,3,lt2nuTWEMZc
yt-01492,2,4,H7EFBFU0xDM
yt-01494,2,3,sQDg7g-rMVE
yt-01495,0,1,fIhXTEH4V08
yt-01496,0,1,tuqPFKF5NJo
yt-01497,2,3,peHYRcZ_zP8
yt-01498,2,4,YLZXuEJn0V8
yt-01499,2,3,DC05VUtSHmA
yt-01501,0,1,wAsnyWHRsTc
yt-01502,0,1,AoxElu86RyE
yt-01503,0,1,0hsHP29VbO8
yt-01504,1,2,Uo72ijyLlGU
yt-01506,2,3,wDWr8NhtDWM
yt-01507,0,1,tJbx31WXc7g
yt-01508,1,2,SrIO6uLxGl0
yt-01509,2,4,WfshEpeYqSo
yt-01510,2,3,Xi_BwJ6T_3s
yt-01511,2,3,oZN2Ni9yXB4
yt-01512,0,1,zYqTbL8h80U
yt-01513,0,1,UPZn3jm-_uM
yt-01514,2,4,yV0g_RxzWP0
yt-01515,0,1,8jm1Fpp-8W8
yt-01516,2,3,BFeSH0O2PuM
yt-01517,0,0,bYQbf0kJE9o
yt-01518,0,1,JVNY5NJTyFs
yt-01519,2,3,em1z1XEdvyM
yt-01520,1,2,9VgpejK-DiM
yt-01523,0,1,xaeuLJw8Ts0
yt-01525,1,2,le-j-ZeGGhE
yt-01527,1,2,YqK5pHYjXIw
yt-01528,0,1,hhD9lt_9k3o
yt-01529,0,1,iImPwajZZlg
yt-01530,0,1,0rul-FAIEUc
yt-01531,0,1,WW8BIIlIt60
yt-01532,1,2,xbwQhMvvJ6s
yt-01533,1,2,RllOvVuC0JM
yt-01534,2,3,m0_SMiOecko
yt-01536,1,2,y_hy8DfxDsw
yt-01537,1,2,wAdyQQUVNjY
yt-01538,0,1,j3P39jboPe0
yt-01540,1,2,3qUsLgM_3aA
yt-01541,0,1,OdIi7tpBefM
yt-01542,2,3,Rf5T8HjnGBo
yt-01544,1,2,2lTBkO_Npfo
yt-01545,2,3,o8-4eE2YgDw
yt-01546,1,2,U3BkckpaHYw
yt-01547,1,2,z4rnr3sbCG4
yt-01548,0,1,gXoM-5Vtde8
yt-01549,2,3,N0DsexlWo50
yt-01550,0,1,d8UeayAtZDo
yt-01551,0,1,MMFSnO_n_MM
yt-01552,0,1,NBnZ12z72fM
yt-01553,2,4,I_FQun-N4pM
yt-01554,2,3,J9e-b-mek9A
yt-01556,0,1,H42NQRGt_Do
yt-01557,2,3,OYm3g9bqmdM
yt-01558,2,3,R48RfXmVqqc
yt-01559,2,4,-jzu56Ye18k
yt-01560,2,3,0VLOCPiRnNs
yt-01561,0,1,aEHQ0wMdy1c
yt-01562,2,3,HDEyz1uZUak
yt-01564,0,1,IWF2ukdI3Fs
yt-01565,1,2,BIsFDQXWaQg
yt-01566,2,3,novideo-1566
yt-01567,2,3,GbXDSAzdoso
yt-01568,1,2,tGqdRoMLsRE
yt-01569,0,1,SrIO6uLxGl0
yt-01570,2,4,NnTCmXXZmLk
yt-01571,0,1,lZJ5okn5ayI
yt-01572,2,3,8UH6G1LnXR8
yt-01574,2,3,uRFP_2R1xlU
yt-01576,2,3,4l4SuBZW6Tw
yt-01578,1,2,zxLJd-1liF0
yt-01580,1,2,m0_SMiOecko
yt-01581,2,3,rSlpeFsOsds
yt-01583,2,3,8UH6G1LnXR8
yt-01584,2,3,MyB614iZ6mQ
yt-01585,0,1,MAVS-JU9Go0
yt-01586,2,3,m0_SMiOecko
yt-01587,2,4,Plg9P8sBAYE
yt-01588,1,2,X9TiYs1p3JI
yt-01589,2,4,J9e-b-mek9A
yt-01590,0,1,lq-STRyZvok
yt-01591,1,2,j2BhKWKHbbg
yt-01592,2,4,v4RiM8y89og
yt-01594,1,2,-P4OoK-wzZY
yt-01595,0,1,-W1RAkJcfHY
yt-01596,0,1,b0139fTK3iY
yt-01597,1,2,HGAnjukvrOY
yt-01598,2,3,HHuKvDTumv8
yt-01599,2,4,pcH4PUN1wSk
yt-01600,0,1,B-zaLvhYxEc
yt-01601,2,3,iGb5TL1wu9E
yt-01602,0,1,eGSP9HekvRE
yt-01603,0,1,hhPnE28AXf8
yt-01606,2,3,MhEQyO4-2o4
yt-01607,0,1,5yrJD3OqzYM
yt-01608,2,3,NvxUqsMgL1Y
yt-01609,0,1,P77UiR1vj9Y
yt-01610,0,1,wf_dlIy6nc4
yt-01612,2,3,NJAynZCKKbs
yt-01613,1,2,-SEgqkHq8-s
yt-01615,1,2,AxaIZ36B4C4
yt-01616,1,2,novideo-1616
yt-01617,2,3,tAHK6E03ORo
yt-01618,0,1,lZJ5okn5ayI
yt-01619,0,1,RasXoEuHbHQ
yt-01621,0,1,EDH5TMcB4Ec
yt-01623,0,1,ZiUV67iWNCI
yt-01624,0,1,pUNt8QgQwvQ
yt-01626,0,1,e1OO8QVmVNk
yt-01627,2,3,YOuvHd9OHRo
yt-01630,0,1,6hoJ81zZ5tM
yt-01631,0,1,IfSxM20TD1A
yt-01632,2,3,BFsvp5H9BH8
yt-01633,2,3,QOUKr3ytN4I
yt-01635,0,1,AxaIZ36B4C4
yt-01636,0,1,Nm8on_ZzXQc
yt-01638,0,1,lubv6JkEm98
yt-01640,2,3,pTxU9eEjlvI
yt-01641,0,1,aSUTgiZiN0M
yt-01642,1,2,KS9reJk4bpI
yt-01643,1,2,ZOUSjqTH1xk
yt-01644,1,2,GpvZBbJpzv0
yt-01645,0,1,zihBB8A8jko
yt-01646,2,3,qh85fT3ARe8
yt-01648,2,3,J9e-b-mek9A
yt-01649,1,2,WF3-SFM7_SI
yt-01650,2,4,b3QBfxONl3g
yt-01651,2,3,nytpJhM15Ps
yt-01652,2,3,WaH9UCAc1E8
yt-01654,2,3,VsgMLKTKOhU
yt-01655,0,1,lQIz8m1hTsc
yt-01656,2,3,iDEkoRzN0T0
yt-01657,1,2,iZNVMF4KziE
yt-01658,2,3,0s0PZqI_BOo
yt-01659,0,1,ck5LkCxYGCw
yt-01660,1,2,dKbIu0s94a8
yt-01661,0,1,hyNXMVrypRI
yt-01665,0,1,ZucKXDJ5Ceg
yt-01666,1,2,BhibsdO1EOk
yt-01668,0,1,zrDffY1O0Q4
yt-01669,2,3,245tJt9MIgU
yt-01670,0,1,mrP57aTLa7E
yt-01671,0,1,Bgnb6AMnZOU
yt-01674,1,2,QY7n-06brwI
yt-01675,2,3,m0_SMiOecko
yt-01677,1,2,ZZ5oqJMmJQM
yt-01678,2,3,P7BwzwS2oio
yt-01679,2,3,aVRANmm4TEQ
yt-01681,2,3,4fFOseQnx2E
yt-01682,2,3,4m_jvmSRt3Q
yt-01683,0,1,_ysU6Kt-bTE
yt-01684,2,3,VkuFXSGqxe8
yt-01685,2,4,Y4OwOx_tzZ0
yt-01686,0,1,Uf7z-AMlND0
yt-01687,2,3,GoOvzK7qYag
yt-01688,2,3,YPpG81wc6BU
yt-01689,2,3,yLV4MyNTSvo
yt-01690,0,1,j7rC4gcqyfM
yt-01691,2,3,TfgdwInk4l4
yt-01693,2,3,1RR2DRRF7fI
yt-01695,1,2,HAA9JBWd3Ls
yt-01696,0,0,P3K_JvwZq3g
yt-01697,1,2,NlhVcLA0LNI
yt-01698,1,2,IRObFMbFOIU
yt-01699,0,1,AmKAk1yNA1E
yt-01700,0,1,8qWFCf7Ab7Y
yt-01701,0,0,novideo-1701
yt-01702,1,2,t16W8hH9hqY
yt-01703,2,3,Xa_f12_f5YU
yt-01705,2,4,riVLNtl3Cjs
yt-01706,2,3,novideo-1706
yt-01707,2,3,NIK-pSXcLDE
yt-01708,0,1,ge-2TG1MFDE
yt-01709,2,3,-HHOOoGC1NQ
yt-01710,2,3,YoD3GqU9HJQ
yt-01711,2,3,dabaN23Ip6U
yt-01712,2,3,CIy0z09ED8E
yt-01713,2,4,kVkNxHDa-1Q
yt-01714,0,1,vFxYQCXZqnY
yt-01715,1,2,Uk-AH5zgnOw
yt-01716,0,1,GGV-LRGn8w0
yt-01717,2,3,3Qwtpxh25fM
yt-01720,0,1,tlbUIhSrTJA
yt-01721,2,3,IbNMuIDeHAM
yt-01722,2,3,tAHK6E03ORo
yt-01724,0,1,euydimYmnpw
yt-01726,0,1,lZJ5okn5ayI
yt-01727,2,3,PLCR4rhl9Rw
yt-01728,1,2,Q1xrr1efk9Y
yt-01730,2,3,DSbgJUhUn2I
yt-01731,1,2,QM8qycG4z2c
yt-01732,1,2,ibxQj6B2-6w
yt-01733,0,0,TRIK9SsBJDs
yt-01734,0,1,oZN2Ni9yXB4
yt-01735,2,3,wZHsioc2Zwk
yt-01736,0,1,ver0hobnvxg
yt-01737,2,3,ojpnXYy6jps
yt-01738,2,3,Bp3yeibMgQ4
yt-01739,2,3,HppG6EYJ7SI
yt-01741,2,3,QY7n-06brwI
yt-01742,0,1,novideo-1742
yt-01743,0,1,YykM5rC0AXk
yt-01745,0,1,FRQZzJvBwyw
yt-01746,0,1,xWu0AseEO1s
yt-01747,2,3,IyJl_ESLiJA
yt-01748,1,2,I_-eZtcdtgE
yt-01749,0,1,OqzFco2vOMU
yt-01750,2,3,C41NWw9WtX0
yt-01751,2,3,J9e-b-mek9A
yt-01752,1,2,9fl_HU3qcbE
yt-01753,1,2,euydimYmnpw
yt-01754,1,2,2pOo1MGJ6mc
yt-01756,2,3,U0Osi50DmTw
yt-01758,2,3,unB18Si-rwg
yt-01759,1,2,vcCoyEl_tpw
yt-01760,2,4,L2ievKIPbJk
yt-01761,1,2,LUf9Or4SGKY
yt-01763,0,1,8GSsz-FjPas
yt-01764,0,1,WVci7AQmZ1I
yt-01765,2,3,5XJU5pu352I
yt-01766,0,1,atAhxO-O_rA
yt-01767,1,2,fzQSr9zTB4U
yt-01768,2,3,8CklEfc4L6I
yt-01769,1,2,t3Q8Haoiv6g
yt-01770,2,3,ZOUSjqTH1xk
yt-01771,2,3,F9MctqJgJVk
yt-01773,0,1,kac4ZqJvjDM
yt-01774,0,1,FwYKwTBddxc
yt-01775,2,4,R0UE1gZEgEg
yt-01776,0,1,sYcgRT4n_FQ
yt-01777,0,1,LKQUIWy1qCU
yt-01778,1,2,4SRr1wqCn_s
yt-01779,2,3,4bBtJo5-m0Y
yt-01782,0,1,VkuFXSGqxe8
yt-01783,2,3,m0_SMiOecko
yt-01784,0,1,7o7snunQon0
yt-01785,0,1,LDot13OEkxw
yt-01786,2,3,haKCo6RsZws
yt-01787,1,2,OfL-IOLWe1g
yt-01789,1,2,5Vn8pPRiJIg
yt-01790,2,3,ifjhUtUrZNE
yt-01791,0,1,tODX17NVR-o
yt-01793,0,1,zTWaXO4gEcs
yt-01795,0,1,yY7oLOTHmKE
yt-01797,0,1,AS9bzGDVsX0
yt-01799,0,0,d8bkz1u1AjY
yt-01800,1,2,o0xbhlphYTw
yt-01801,2,4,7hMfGlt-AfU
yt-01803,2,3,DrLKtYWWUyk
yt-01804,2,3,TeYFrJ8x-Xs
yt-01805,2,3,8UH6G1LnXR8
yt-01806,0,1,zGw5h0yiQtU
yt-01809,1,2,kCdw5APt1Bo
yt-01810,0,1,8GSsz-FjPas
yt-01811,2,3,9hABSMgOZZQ
yt-01812,1,2,q4Z-yyj7u4Y
yt-01816,2,3,ICLWKeTEPcU
yt-01817,1,2,BGWLFGgZ9IQ
yt-01818,0,1,SjBG8p6snGg
yt-01819,2,3,wiMQDQGyLKs
yt-01820,0,1,YtFjKh5J9nI
yt-01821,2,3,KeLtaHQCM6A
yt-01822,0,1,pQfv1SL8ZyA
yt-01823,0,1,qpRyDwqjB8w
yt-01824,1,2,3DRIfOkS_7M
yt-01825,0,1,clMCo6tblTM
yt-01826,1,2,uIUxY4vPUJk
yt-01828,0,1,JeTkNc1jPv0
yt-01829,1,2,Uk-AH5zgnOw
yt-01830,0,1,ySqcW7RD1nU
yt-01831,2,3,qh85fT3ARe8
yt-01832,1,2,RP6Key8CWhM
yt-01833,2,3,4CP0OVFOh6o
yt-01834,1,2,6zw2pf1552g
yt-01836,1,2,BtNBhnz1hBM
yt-01838,2,4,wjA7VEw9Bx0
yt-01839,0,0,KeZHrBkQXSg
yt-01841,1,2,8p7FIUTswoU
yt-01842,2,3,1VTLzDSRNCE
yt-01843,2,3,GwLZOGucABA
yt-01844,1,2,yTtDQNEYwBI
yt-01846,0,1,DMaO5PcQ-Mg
yt-01847,2,3,y9UtWHfG31U
yt-01848,0,0,H1Qdp9ocIAo
yt-01849,0,1,HGPUHza9fAQ
yt-01850,0,1,_R6xV9uDyXE
yt-01851,0,1,RnEiqCtr7Jc
yt-01852,2,3,wEboNyJtRsE
yt-01854,2,3,fVD5_HuVsww
yt-01855,2,3,vI_2J-bJKbc
yt-01856,0,0,r5r0l-VLos0
yt-01857,2,3,1VTLzDSRNCE
yt-01858,0,1,D1LILHuw2lU
yt-01859,0,1,vpoVEhc2Xgk
yt-01860,2,3,UzGH6-cJJnY
yt-01861,1,2,yLSpIBtQlpE
yt-01862,2,3,iBIKcoUeDYI
yt-01863,2,4,C_1VjcKhQM8
yt-01865,2,3,yLV4MyNTSvo
yt-01866,2,3,1VTLzDSRNCE
yt-01868,2,3,MCRlYg2l4Jg
yt-01869,2,3,fOVOhlSkWMA
yt-01870,2,3,dmB8zyVTamc
yt-01871,1,2,cRynh1rh1mM
yt-01872,2,3,DClLbX9hOqU
yt-01874,2,3,iWpp9d57i8w
yt-01875,1,2,CwxAadXk3qA
yt-01876,0,1,xmAg_IltcK4
yt-01879,2,3,pXeOtkaIxgU
yt-01880,2,3,s7liAzBShdU
yt-01881,0,1,Da6ljj6yT0U
yt-01882,2,3,dyDMHEeeaUw
yt-01883,2,4,d2xjsCHotic
yt-01886,1,2,t1ERJuJUuyM
yt-01887,2,3,ekOdWMhbdh0
yt-01888,2,3,erNKleMRuAE
yt-01890,1,2,y9UtWHfG31U
yt-01891,2,3,Fz0Pnfi5Bss
yt-01892,0,0,fwYZBXBlmsM
yt-01894,0,1,1K3I6N25RN4
yt-01895,2,3,tJy_cAmf5pQ
yt-01896,0,1,u7Pl_OdxcKA
yt-01897,2,3,L2ievKIPbJk
yt-01898,0,1,aTz6zBQld0M
yt-01900,0,1,m2970UXJTDQ
yt-01902,2,3,2zXh1XqNU64
yt-01905,2,3,qPw-VFxzyJY
yt-01906,2,4,0adDCIPFUX4
yt-01907,0,1,6Z5yn3Aro68
yt-01908,1,2,Br02-X3E330
yt-01909,1,2,B_1ivaUfegM
yt-01910,2,4,vpoVEhc2Xgk
yt-01911,2,3,J2SRVokb3IA
yt-01912,0,1,6PAyvTq4Ahc
yt-01913,2,3,djxffx3Jtqk
yt-01914,1,2,mX6B5TdJm-w
yt-01915,1,2,SGmHjavi56Y
yt-01916,1,2,ORl4TvqJgus
yt-01917,1,2,bDE6a5k-iHQ
yt-01919,0,1,IvZS9GW_C9s
yt-01920,2,3,0bcZz-y57uQ
yt-01921,2,3,gHk3mTgBAGI
yt-01922,0,1,novideo-1922
yt-01924,2,3,b_x9tMcie0g
yt-01925,2,3,novideo-1925
yt-01926,2,4,VQrOMvikMlo
yt-01927,1,2,oA3lSKxewMM
yt-01928,1,2,7CYSxJXMsfM
yt-01929,2,3,pW5_xvWRegs
yt-01931,2,3,VtzEidIuvQ8
yt-01932,2,3,ZOUSjqTH1xk
yt-01933,1,2,qsGYSz6EOqE
yt-01934,1,2,Poy35rRTf3Y
yt-01935,1,2,CS9ZfchId8Y
yt-01937,0,0,TGK8rvrFqq8
yt-01938,2,3,akilZzY50sk
yt-01939,1,2,9gfnWe1Zx1c
yt-01940,0,1,Abq4vNaZH-w
yt-01941,0,1,p4PZHMHpzl0
yt-01942,2,3,QiDfg_RMraw
yt-01943,2,3,7uAqhAl1GwM
yt-01944,2,3,GwFVHbs2l1s
yt-01945,0,1,k-_pA5XgHI8
yt-01946,0,1,K3b5Q9M8tJc
yt-01947,0,1,-lHd2tHJ10k
yt-01948,2,3,ktwETEMGT6k
yt-01949,1,2,pXeOtkaIxgU
yt-01950,2,3,shc4A5SupfU
yt-01951,2,3,m0_SMiOecko
yt-01952,2,4,VkuFXSGqxe8
yt-01953,2,3,8vlAPKP2Ddo
yt-01954,2,3,OVlJczrBw0k
yt-01955,2,3,mtOVL0hJFu8
yt-01956,2,4,Iykno64pNHI
yt-01957,0,1,5A1w6krpovw
yt-01958,0,1,J6C5Qe7WHbg
yt-01959,2,3,bKOoHWWcQXs
yt-01960,0,1,hknQZ1PXpRg
yt-01961,1,2,pRerRF3DE_w
yt-01962,2,3,v7o4j-bq524
yt-01963,0,1,_g13IRB82Ac
yt-01964,0,1,FOpupYYMuvE
yt-01965,2,3,novideo-1965
yt-01967,0,0,YD3OakzpBLc
yt-01968,2,3,rpTTAy-t988
yt-01969,0,1,0n5VgU_cw6c
yt-01970,0,1,yVd1zKglliw
yt-01971,1,2,__BeH8xh7y0
yt-01972,1,2,ykTwKZ0XXzI
yt-01973,1,2,YoD3GqU9HJQ
yt-01974,2,3,dYfGYirFV6M
yt-01975,2,3,fYXfRVrPU2E
yt-01976,2,3,Ci3Sfkw8-O0
yt-01977,1,2,xk5jUWlygLc
yt-01978,2,3,_wUW1tKmVZA
yt-01979,0,1,mHg4Wat0bdc
yt-01980,2,4,iBMRSv8ZNTE
yt-01981,2,3,oqhzw42jS38
yt-01982,2,4,s6tPCpvtq9U
yt-01983,0,0,bxu9Gg0jVRE
yt-01984,2,3,sX5ORTz9SAo
yt-01985,2,3,2Dv0IBFwmn4
yt-01986,1,2,LGp3Mpcdl9o
yt-01987,2,3,iMzfzY21KRM
yt-01988,2,3,AgY41RfBfVA
yt-01989,0,1,76zHukv5Tro
yt-01990,2,3,m0_SMiOecko
yt-01992,1,2,novideo-1992
yt-01993,0,1,dEx5nt79JAg
yt-01994,1,2,XHqFoc0Gpk0
yt-01995,2,3,DC05VUtSHmA
yt-01996,2,3,mtpYY8cwTFs
yt-01998,0,1,8uJe2WQYzEY
yt-01999,0,1,9XvlHN0UPbk
yt-02000,0,1,DSeio2-sBPc
yt-02004,2,3,qQnuHBMOrn4
yt-02007,0,1,JijC3ygOdPc
yt-02008,2,3,YoD3GqU9HJQ
yt-02009,2,4,TEc0hbzEt70
yt-02012,2,3,J9e-b-mek9A
yt-02013,0,1,qmraiz5g5AM
yt-02014,1,2,X7fl-jN24j0
yt-02015,0,1,7kCc4g8vT1I
yt-02020,2,3,SP6RUF__Xc0
yt-02021,0,1,SH3-06sI77A
yt-02023,0,1,novideo-2023
yt-02024,1,2,ROkG3HBWQ20
yt-02026,0,1,HF47s3u55WY
yt-02027,0,1,jADwXMzKEok
yt-02029,0,1,lZJ5okn5ayI
yt-02031,2,3,novideo-2031
yt-02032,2,3,1RR2DRRF7fI
yt-02033,2,3,qXgXIHB2a5o
yt-02034,2,3,IeSXMofYCbk
yt-02036,2,3,5MFMC7A56cs
yt-02037,1,2,Jbz1ZgOqm7c
yt-02038,0,1,9TmO9LA0c0U
yt-02040,1,2,05z5FqrvUAU
yt-02041,0,1,Vc0_-xK0ywc
yt-02042,1,2,uPiH-1xCJaM
yt-02044,1,2,pfosjKrEnQU
yt-02045,2,3,s0nuKKa7Lv0
yt-02047,2,3,NG6_1jvxOmk
yt-02048,0,1,_F3jrHk5QzM
yt-02049,2,3,bOMp3FbQ8aw
yt-02050,0,1,tQQlBWoP2o8
yt-02051,0,1,AjS-IVDf110
yt-02052,1,2,tAHK6E03ORo
yt-02053,2,3,novideo-2053
yt-02054,1,2,n7SABpul19A
yt-02055,1,2,oBnco4d3WcI
yt-02058,0,1,63-uuYTref0
yt-02059,0,1,MCHXpAwxMlM
yt-02060,2,3,vSqyfLiJMNE
yt-02061,0,1,xbwQhMvvJ6s
yt-02062,0,1,PxlzYF1fdsU
yt-02064,2,3,dabaN23Ip6U
yt-02065,2,3,dN2YtmNIJUM
yt-02066,0,1,t27sZz1Ifks
yt-02067,0,0,3sa6H0xBZfU
yt-02069,1,2,-VH2Xbe7mvI
yt-02070,0,1,H0bKUYV7g44
yt-02071,1,2,ekOdWMhbdh0
yt-02072,0,1,rSlpeFsOsds
yt-02073,2,3,tU-xvqS-MB0
yt-02074,0,1,DC05VUtSHmA
yt-02075,2,3,0Pn7RSW2ZyU
yt-02076,2,3,FKvOVLd3uyc
yt-02077,1,2,RRvUFB4ddvs
yt-02079,0,1,YVJjs0uBrVc
yt-02080,2,3,mZhm1zQ_RQg
yt-02081,2,3,laLIidriPrs
yt-02082,0,1,wOtdtp3kP98
yt-02083,2,3,ZOUSjqTH1xk
yt-02084,2,3,DC05VUtSHmA
yt-02085,0,1,novideo-2085
yt-02086,0,1,td4VFyTDeqo
yt-02087,0,1,QJrkEkSjR-A
yt-02089,0,1,qmraiz5g5AM
yt-02090,0,0,ZC_XTMSqePE
yt-02091,0,1,WKG4MVQepZE
yt-02092,2,3,CHUtmFmbYiY
yt-02093,2,3,5J4LmndFhfY
yt-02094,2,3,ers85k9s6u4
yt-02096,2,4,WjovWkldUdw
yt-02097,0,1,KdgSw94DlVk
yt-02101,2,3,e0Nz6S4z5Hw
yt-02102,0,1,BZKi4RQq-BY
yt-02103,1,2,m0_SMiOecko
yt-02106,2,3,R46aQe7TazI
yt-02108,0,1,tuqPFKF5NJo
yt-02109,1,2,1veitumiKwc
yt-02110,2,3,TXDff6oLYoY
yt-02111,0,0,6AS14_JjIQ4
yt-02113,2,3,jUPQnSe3Vb4
yt-02115,1,2,FvvH9uMMPFc
yt-02117,0,1,n8fRShduCTk
yt-02118,2,3,Mg_AUGwRZM8
yt-02119,1,2,2ONrZdlvE5g
yt-02120,2,3,pUxPErIi_rs
yt-02121,1,2,IHjCD-q6bMw
yt-02122,2,3,1VRlsD09id8
yt-02124,2,3,wlpodmhAZ70
yt-02125,0,1,3yhmC1TpKxs
yt-02126,0,1,FTfi8RMSbbw
yt-02127,0,1,k4VurHbhoyM
yt-02128,2,3,OMQLXHJhhYs
yt-02129,1,2,TPvK7MUAl7M
yt-02130,2,3,PH_8xiKFBxk
yt-02131,1,2,TCnCKoxTCx8
yt-02132,1,2,qoKJ9DM31s8
yt-02133,1,2,Fpo_OmFwiBA
yt-02136,0,1,s0xGshEViq0
yt-02137,2,3,y9UtWHfG31U
yt-02139,1,2,awG7q2XUhU8
yt-02140,2,3,hmp4ZVhgm8o
yt-02141,2,3,FOfPzuEc_Xk
yt-02142,2,3,1VTLzDSRNCE
yt-02143,2,4,QOSO4FyGRJA
yt-02144,0,1,QHCj3oHrxEs
yt-02145,0,1,n2sOjhStEVo
yt-02148,0,1,s22YOY_PDzw
yt-02150,1,2,Br02-X3E330
yt-02152,2,3,novideo-2152
yt-02153,2,4,_brvqi3w99Q
yt-02154,2,3,Gz9czYlpAN0
yt-02156,2,3,a2R29Br5rpk
yt-02158,2,3,9rAOLO6aZAM
yt-02159,2,4,Iykno64pNHI
yt-02161,1,2,Odfb22wk7Dc
yt-02164,2,4,hNbNkY8oEVk
yt-02165,1,2,v1t0U_G42jY
yt-02166,2,3,6TAHX-LwliU
yt-02167,1,2,tENdVriyYD0
yt-02168,1,2,Br02-X3E330
yt-02169,1,2,oZN2Ni9yXB4
yt-02170,0,1,yb1idf4q3x4
yt-02171,0,1,M9W9zk014rY
yt-02172,2,3,Dx1ynbOsMZ0
yt-02173,1,2,OC0Rd7Mh2S0
yt-02174,1,2,MJJYgZFTjso
yt-02175,2,3,_JWElztTpMs
yt-02176,0,1,VUt4-B7kODE
yt-02177,1,2,hsDM4lvdE2w
yt-02178,2,3,k9hI5L5rMSY
yt-02179,1,2,novideo-2179
yt-02181,2,3,OO8hfzFaZdE
yt-02183,1,2,NIEAfvKRuls
yt-02184,1,2,iWpp9d57i8w
yt-02186,1,2,4cJMwO8ANpg
yt-02187,0,1,guGV-Mhb6vk
yt-02188,2,3,qKahoohkUpM
yt-02190,2,3,BxAXIxZqN6A
yt-02191,2,3,8avnAFLzih4
yt-02193,1,2,I4uqFUpfcMQ
yt-02194,1,2,novideo-2194
yt-02195,0,1,-pFbqjo7X_c
yt-02196,2,4,JeFaQd2fq-8
yt-02197,1,2,3Ajl17mXkS0
yt-02199,2,4,DSbgJUhUn2I
yt-02200,0,1,6brbFbsmdb4
yt-02201,1,2,O_JXOXLVx8o
yt-02202,0,1,XdkYUOeS9yI
yt-02203,1,2,novideo-2203
yt-02204,0,1,cz1XwN18Ktg
yt-02205,2,3,4POpR3PFISk
yt-02206,1,2,SPTOhjRvtNc
yt-02207,2,3,qh85fT3ARe8
yt-02208,2,3,yxjcbhFx2-U
yt-02209,2,3,6mhlN0VdTmY
yt-02210,2,3,fxCY4rWFEGI
yt-02211,1,2,AuJRZS7bStI
yt-02212,2,3,qMAeQeZDgqA
yt-02213,0,1,wXAGdDamwPI
yt-02214,0,1,0KTvivthHAA
yt-02215,0,1,vpoVEhc2Xgk
yt-02218,0,1,lUS_HgeRbSw
yt-02219,1,2,4zGVM98wlT0
yt-02221,0,1,wSkIvvwO4zg
yt-02222,2,3,vaaF-j0-xfM
yt-02223,2,3,j84zsPtsDnU
yt-02224,2,3,Ow6ziRz1ltE
yt-02226,1,2,fKoS95zpevY
yt-02227,2,3,eGmqWAIgqoE
yt-02228,2,3,uCPkx7vX6ek
yt-02230,2,3,C3z79NQUX28
yt-02231,2,3,GbCJp2HqDJ4
yt-02232,1,2,7p19bwWMats
yt-02233,1,2,r3fcKHraqqk
yt-02234,2,3,jE2A55tf_YY
yt-02235,2,3,RN0zNNH89h8
yt-02236,0,1,uc_NhoIGwyU
yt-02237,0,1,9lij1A_f1cQ
yt-02238,1,2,WOdUJoLRfSc
yt-02239,0,1,vpoVEhc2Xgk
yt-02240,0,1,UNyyd6eZNJU
yt-02242,2,3,y3FWQuK8ftw
yt-02243,1,2,ls6IbacKL28
yt-02244,2,4,rBrUSGgnn80
yt-02245,1,2,jk3ppAAaT6s
yt-02246,2,3,fZAgIUH2DMs
yt-02247,0,1,tQQlBWoP2o8
yt-02248,0,1,PvW8lMLYEnI
yt-02249,2,3,kHPwpDDL-Co
yt-02250,0,1,3GmQ9qS08uw
yt-02251,1,2,sYcgRT4n_FQ
yt-02253,2,3,unB18Si-rwg
yt-02255,1,2,87YSAS3LJlw
yt-02256,1,2,v3Mn_pzh3VE
yt-02257,2,3,8UH6G1LnXR8
yt-02258,2,3,OhQXv414rPc
yt-02259,0,1,abf7_2tpbT8
yt-02260,2,3,bo_fxshRQqs
yt-02261,2,3,ouJ-kbF5Wog
yt-02262,0,1,XIWewaoNLx4
yt-02263,2,3,sNIokf-BPus
yt-02264,1,2,IJKrEsyXzR0
yt-02266,0,1,TCYnyAQ2LwY
yt-02267,2,3,Y-9478ZSuAk
yt-02269,0,1,4-6_NqsrVoE
yt-02270,2,3,ONfMmSNXUzc
yt-02271,0,1,oEo09Ac5hMQ
yt-02274,0,1,rW1eGZ12ybg
yt-02276,2,3,SCZgcsa-97U
yt-02277,2,3,gMip5cdQl3U
yt-02279,2,3,YjeyMwInRLY
yt-02280,2,4,XYumIVMLbmc
yt-02283,2,3,pXeOtkaIxgU
yt-02284,1,2,ZlW7lcf54nI
yt-02285,2,3,d2uXiXX5RxE
yt-02286,2,4,ZOUSjqTH1xk
yt-02288,2,3,bOFh6vvX_Bk
yt-02289,2,3,VzGTWSZuckc
yt-02290,0,1,4uQAawcpwY0
yt-02291,1,2,novideo-2291
yt-02292,2,3,W0QhNV_inds
yt-02293,1,2,ZlW7lcf54nI
yt-02294,2,3,TfgdwInk4l4
yt-02295,0,1,3YviTmY4XcQ
yt-02296,2,3,chnQ9l3vuHI
yt-02297,0,0,PtY0ZCCYl-E
yt-02298,0,1,_vQc3-omWds
yt-02299,1,2,yni-Rl_gvHo
yt-02300,0,1,Ga3LZToe2Ss
yt-02301,0,1,xKoNx08RIFM
yt-02302,0,1,9UU9GWMClb0
yt-02303,0,1,JVNY5NJTyFs
yt-02304,0,1,96J-PnnWQpY
yt-02305,2,3,d2mChWd2Br0
yt-02306,1,2,yF_nq-1x-so
yt-02307,1,2,Bkc9zpGB9PI
yt-02309,2,3,ZE0SWTfC8cg
yt-02310,1,2,y_hy8DfxDsw
yt-02312,0,1,dh6eXutPBUQ
yt-02313,1,2,vD7CLQo2svI
yt-02315,1,2,m_UINbVe6K4
yt-02318,2,3,H0bKUYV7g44
yt-02320,1,2,VVcRQstniqE
yt-02322,1,2,yZqP0g3yoqs
yt-02323,2,3,0l154Fz-9-g
yt-02324,0,1,fn4eih72BL0
yt-02325,2,4,IyoZBHfRydM
yt-02326,2,3,_zg4pI-Qndc
yt-02327,0,1,M5xlR0ibU9Y
yt-02328,2,3,mZhm1zQ_RQg
yt-02329,1,2,5v7r26uWu4M
yt-02330,0,1,_MubXG7AAbs
yt-02331,2,3,XL_43s0TMPE
yt-02332,0,1,jisHlHyGxlY
yt-02333,0,0,66yY8ym53MM
yt-02334,0,1,DN8Y5hq8qro
yt-02335,1,2,sQyRncaXTKw
yt-02337,0,1,PoMuUj0IY4s
yt-02339,1,2,Slna0CJysHs
yt-02340,2,3,WOdUJoLRfSc
yt-02341,2,3,zhngeBSdLpc
yt-02342,0,1,iiecJYp-QuI
yt-02344,1,2,DC05VUtSHmA
yt-02345,0,1,nKn1YZmEEKo
yt-02346,2,3,7e8IgUrLmDM
yt-02348,2,3,gc6LX9aGLtc
yt-02349,1,2,EUYHr118iPc
yt-02350,2,3,m0_SMiOecko
yt-02351,0,0,9KOMrYH6yJI
yt-02353,1,2,5RnscnAPNms
yt-02354,0,0,_Rc_AyZ8TqA
yt-02355,0,1,2NxO8yPiiPk
yt-02356,0,1,8hDS0H0wesU
yt-02357,2,3,x8LscwBB2z4
yt-02359,0,1,0IUPr4zLkAY
yt-02360,0,1,pUaKWh5uVYA
yt-02361,1,2,Na5HfzaQq9Q
yt-02362,0,1,k4VurHbhoyM
yt-02363,2,3,m0_SMiOecko
yt-02364,2,3,z06yWPNs5SE
yt-02367,2,4,D2MQ_f5NZRw
yt-02370,2,4,H7EFBFU0xDM
yt-02371,2,3,cD1ewmnSKoQ
yt-02372,1,2,j8zJm63fU8o
yt-02373,1,2,-UFH1sLavQI
yt-02374,2,3,yZZtTbVFQSg
yt-02375,2,3,miyR7b0h7Eo
yt-02377,1,2,u7QfPnPvLhs
yt-02378,0,1,WUly3DjmNsI
yt-02379,0,1,FOfPzuEc_Xk
yt-02380,0,1,novideo-2380
yt-02381,1,2,-89x2GMwAXQ
yt-02383,2,4,Tjxwc8YDXO4
yt-02384,2,3,Gi6lzegB1ck
yt-02385,0,1,pzTgsdFxN68
yt-02387,1,2,TQAqQMktKNI
yt-02389,2,3,bjHBKNbElBk
yt-02390,2,4,vpoVEhc2Xgk
yt-02391,0,1,9Px4-RwfzbY
yt-02393,1,2,IRObFMbFOIU
yt-02394,0,1,1-LZVeFZ6kE
yt-02395,2,3,2Tqys5Plma8
yt-02397,0,1,OUdkJZ24Xfg
yt-02398,2,3,RP6Key8CWhM
yt-02399,0,1,ATWAlBNnBUk
yt-02400,1,2,udeyypQDi5w
yt-02402,0,1,UWZa9JjNcMI
yt-02403,2,3,petbI3v0fWk
yt-02404,2,4,rmD8WkX_TtA
yt-02406,0,1,CWgX1XGKDpk
yt-02407,0,1,ESrZ8FRQzbY
yt-02409,0,1,OXFeOMb2Z9g
yt-02410,0,0,Abq4vNaZH-w
yt-02411,0,1,pXeOtkaIxgU
yt-02412,2,4,CpfGUSeLGF0
yt-02414,0,1,BxIMN2e6jYc
yt-02415,2,3,novideo-2415
yt-02417,0,0,aO7D8vwY_u8
yt-02418,2,3,YoD3GqU9HJQ
yt-02419,2,3,6EfHYn45yek
yt-02420,0,1,vGFPU2SUPFM
yt-02422,2,3,tAHK6E03ORo
yt-02423,0,0,4x4xOr7bCpU
yt-02424,0,1,QyyEhXGKQrc
yt-02425,2,3,eKogL9pVKKo
yt-02427,0,1,nsWxi7wnV04
yt-02428,1,2,ZZ5oqJMmJQM
yt-02429,2,3,m0_SMiOecko
yt-02430,2,3,Sox8CAYui5A
yt-02431,0,1,lvKaNRxa55c
yt-02433,0,1,SDqZYV_p7xI
yt-02434,0,1,Tzva1tSEUMU
yt-02435,2,3,Rg9jY4y6lrk
yt-02436,2,3,LJDxqnJksc0
yt-02437,0,1,sY4kfafLR1k
yt-02438,0,1,EHRDz3U8jHQ
yt-02443,2,3,Yq0EiGZrFlU
yt-02445,2,3,gFiZZxSlHXA
yt-02447,0,1,sRgpFbM2kzs
yt-02448,0,1,aMvugC9VVjk
yt-02449,2,4,wJbhkoOCFy4
yt-02451,2,3,qKahoohkUpM
yt-02452,2,3,VkuFXSGqxe8
yt-02453,0,1,tGOc-6Q3sRw
yt-02454,1,2,9TmO9LA0c0U
yt-02457,2,3,K8_ukQCDh3Q
yt-02458,2,3,HBrz8Z2DhHI
yt-02459,2,3,D28Kn4WZujI
yt-02460,2,3,vpoVEhc2Xgk
yt-02464,0,1,PrzxO1PXzic
yt-02465,0,1,tNqB59WBAZs
yt-02466,2,3,AdoHh0KlG-o
yt-02467,1,2,-8Ao1Y8kEO8
yt-02468,2,3,novideo-2468
yt-02469,0,1,PGoAK3zUX6U
yt-02470,2,3,tm3SnDw9xqI
yt-02471,2,3,n7SABpul19A
yt-02472,0,1,8_68bX9Tm3A
yt-02475,1,2,m0_SMiOecko
yt-02477,2,3,TqFKT7f1GP4
yt-02478,2,4,_wUW1tKmVZA
yt-02479,1,2,j2Rc22LDuiA
yt-02480,2,4,0g2mFq4gDUw
yt-02481,2,3,TfWZD310XWc
yt-02482,2,3,7uzK-ZdEPnk
yt-02483,0,1,ommtsiMnEr4
yt-02484,2,3,m0_SMiOecko
yt-02485,2,3,oH7z3Opvs2M
yt-02486,1,2,egtJSytEjNU
yt-02489,0,1,DK-L1hS6Iy4
yt-02492,0,1,9Mo6Spt2sy4
yt-02494,1,2,6jxrF6EB-PA
yt-02495,2,3,rnuLRj6WOg8
yt-02496,0,1,AxaIZ36B4C4
yt-02497,2,3,ZOUSjqTH1xk
yt-02498,2,3,DC05VUtSHmA
yt-02500,2,3,h4UMYASh0xw
yt-02501,2,3,_IeRb7S4BCE
yt-02502,2,3,H7EFBFU0xDM
yt-02503,0,1,qpGHlrNOrRU
yt-02505,2,3,lRoiTEPXlVU
yt-02506,0,1,YoD3GqU9HJQ
yt-02507,2,3,-HHOOoGC1NQ
yt-02509,2,3,Shh2KueF9Y8
yt-02510,2,3,dPPgumaP92M
yt-02511,0,1,o8-4eE2YgDw
yt-02513,0,0,eivvYSLBvr8
yt-02514,1,2,7CYSxJXMsfM
yt-02515,1,2,SV9ZgPtPVHo
yt-02516,0,1,VkuFXSGqxe8
yt-02517,2,3,PQxjRx4Ud20
yt-02518,1,2,novideo-2518
yt-02519,2,3,qMAeQeZDgqA
yt-02520,0,1,rOaV0ZD8BpA
yt-02521,2,3,novideo-2521
yt-02522,0,1,2Rk4lSAyuJQ
yt-02523,1,2,0ezoU6AcZKA
yt-02524,0,0,OOOhBmWQiy8
yt-02525,2,3,MEbQaysavtU
yt-02526,0,1,6ZuNwK6kdmg
yt-02527,0,1,CFTyyxTabmE
yt-02528,2,3,DEnvEi-XLkE
yt-02529,1,2,YVKks1IX1LI
yt-02530,0,1,PxlzYF1fdsU
yt-02531,2,3,9hmhPF0bj9I
yt-02535,2,3,K6ey_5APvHw
yt-02536,2,3,W5rronlf0VY
yt-02537,2,3,USdc9yKcDWw
yt-02538,0,1,HP3GqZXm4jM
yt-02539,0,1,5Fd8OxSbi_E
yt-02540,2,3,unB18Si-rwg
yt-02541,0,1,oBpWbr2eHhg
yt-02542,1,2,goG7eF5wm-Q
yt-02543,1,2,SehPGgmabxs
yt-02544,2,3,NwCeg1jqh2Y
yt-02547,2,3,IJ9vVLJA0Zw
yt-02548,2,3,vpoVEhc2Xgk
yt-02550,2,3,unB18Si-rwg
yt-02551,2,3,Zu90jlvKgYo
yt-02552,2,3,hQ5cK0eYsbU
yt-02553,1,2,UBAY26elr-w
yt-02554,2,3,Ep61tpBLF_k
yt-02558,1,2,UWqvIEKGs1k
yt-02559,2,3,CKtqa_JEhkQ
yt-02560,2,3,m0_SMiOecko
yt-02561,0,1,XE3o-WbGDOk
yt-02564,2,3,142H3lq7_RQ
yt-02565,2,3,qt4rVgyr1Rg
yt-02566,2,3,x33QiE_pRRs
yt-02567,1,2,OO4n5Iyp0zI
yt-02568,0,1,7lCh9iD3XJg
yt-02569,1,2,zSySWTDtdNc
yt-02570,0,1,K8QtAVB4aY0
yt-02571,0,1,Abq4vNaZH-w
yt-02572,0,1,J8-WfWo4_3U
yt-02573,0,1,1SAtwjFfn5c
yt-02574,2,3,b_x9tMcie0g
yt-02575,0,1,5HlIsEUUqJQ
yt-02576,1,2,ROkG3HBWQ20
yt-02577,2,4,C3z79NQUX28
yt-02578,2,3,EVbonS4tUXE
yt-02579,0,1,gw1xsL2_Qp4
yt-02580,2,3,DSbgJUhUn2I
yt-02581,0,1,CUtYc6Z64uI
yt-02582,1,2,KNxMufcFNws
yt-02583,2,3,_zg4pI-Qndc
yt-02585,0,1,DN8Y5hq8qro
yt-02586,0,1,oZN2Ni9yXB4
yt-02587,2,3,P77UiR1vj9Y
yt-02588,0,1,_4ZmClHBK0w
yt-02589,2,3,hyNXMVrypRI
yt-02590,2,3,qKahoohkUpM
yt-02591,1,2,RZojVaCbAAI
yt-02593,0,1,jvv-67ONtzo
yt-02594,0,0,dY8FuV0G5bs
yt-02595,2,4,GOXdhI7RF3o
yt-02596,2,3,DSbgJUhUn2I
yt-02597,2,3,1VRlsD09id8
yt-02598,0,0,Q35vQalYuRA
yt-02599,2,3,_uPjqtGxgPE
yt-02600,0,1,NyhBk023L4A
yt-02602,0,1,novideo-2602
yt-02603,2,3,JW6BOvFuhkQ
yt-02604,1,2,FzZ_CKfYph4
yt-02605,2,3,CFTyyxTabmE
yt-02606,2,3,_jRSb6tAKTQ
yt-02607,1,2,HZwUiCDQu64
yt-02609,1,2,NWaRM1VFxDQ
yt-02610,2,3,fDQzKexcRuo
yt-02611,1,2,hTcoCeBQZlk
yt-02612,2,3,pXeOtkaIxgU
yt-02613,0,1,EsOgyP7ZuV4
yt-02614,2,3,PLCR4rhl9Rw
yt-02615,0,1,DN8Y5hq8qro
yt-02616,0,1,wY2fu7M5Jy8
yt-02618,2,3,I2Oh9b2bd4U
yt-02619,2,4,zS8XbFF9IXY
yt-02620,0,1,novideo-2620
yt-02621,1,2,-mi8F_TA32k
yt-02622,1,2,ihB-K5_SkcA
yt-02623,0,1,fUlKvLL07og
yt-02624,0,1,0n5VgU_cw6c
yt-02625,0,1,G1q8ZuC0M8Q
yt-02626,2,3,fQwGeUpxSFE
yt-02627,1,2,A2J5-qGgKqs
yt-02628,2,3,tAgEJhpAhSs
yt-02629,1,2,H5WZyDQmS40
yt-02630,0,1,g3SPb9zpIeI
yt-02631,2,4,pPxJSWbJrtw
yt-02632,0,1,xYFR5YJ5gv0
yt-02633,2,4,y-eH5oo7BP0
yt-02634,0,1,m0_SMiOecko
yt-02635,2,3,8qWFCf7Ab7Y
yt-02636,0,1,oFNn17o2tnA
yt-02637,2,3,6mDzX7C12bk
yt-02638,0,1,NxvVRdRqR5s
yt-02639,2,3,SuE-8xfeeeQ
yt-02640,0,1,rW1eGZ12ybg
yt-02641,0,1,vpsGmGhqzWI
yt-02643,0,1,921o5dhjI5w
yt-02644,2,4,sN1143Jldkg
yt-02645,1,2,z0Xh_BZHecI
yt-02647,1,2,jySollzaT78
yt-02648,2,3,a2R29Br5rpk
yt-02649,0,1,fCSwPXx0SzE
yt-02650,2,3,p522K4lYI3Q
yt-02651,0,1,zYHt41bnMoE
yt-02652,2,3,AjmXvrI620Q
yt-02653,2,3,fZAgIUH2DMs
yt-02655,2,3,21B7Ah6LWbA
yt-02656,1,2,itYhNXc1sU8
yt-02658,1,2,s2w0X6aL1Do
yt-02659,2,4,NOLlv4cEsu4
yt-02660,1,2,s0nuKKa7Lv0
yt-02661,0,1,C3z79NQUX28
yt-02662,1,2,SumdPWdA8Kg
yt-02663,2,3,d3-ZO8viWdI
yt-02664,1,2,bsjjD3J8lvw
yt-02666,1,2,oWLdpEsqkXM
yt-02667,2,4,huaVhsK3cEs
yt-02668,0,1,s9_m1BAoC50
yt-02669,1,2,NlTyo6aHL2k
yt-02670,0,1,gCqyFGK6Kp4
yt-02672,2,3,PHt74nKN0HU
yt-02673,2,3,Yq0EiGZrFlU
yt-02674,0,1,9KOMrYH6yJI
yt-02675,2,3,MNXtFjIApPg
yt-02676,1,2,N6TY2PqEa6Q
yt-02677,0,0,laLIidriPrs
yt-02678,0,0,4ctrrpoFW0Y
yt-02679,2,3,J9e-b-mek9A
yt-02680,0,1,f3f_HO5egPA
yt-02681,2,3,roB6y6pEUoU
yt-02682,2,3,qwSV1Iku8jw
yt-02683,0,1,K6LEgrLoP5w
yt-02685,1,2,JGDdMxxSEiw
yt-02687,1,2,CBVGd8NfMxk
yt-02688,1,2,vJv2MpQSeWg
yt-02692,0,1,Ur1Mkk__OKw
yt-02693,2,3,PkLeE7ksifI
yt-02695,2,4,bBIduwa6jR4
yt-02696,2,3,uSyQ2_lhuvI
yt-02697,0,1,eOzZWv8hBr8
yt-02698,0,1,VNFL3tnHd6s
yt-02699,1,2,m0_SMiOecko
yt-02700,2,3,QyyEhXGKQrc
yt-02701,1,2,GbbHs2mvcAQ
yt-02702,1,2,FM8dg8dQ46Y
yt-02704,1,2,IS_CW2QDneQ
yt-02705,0,1,DC05VUtSHmA
yt-02706,1,2,XLQYUKvQO7Q
yt-02709,1,2,57P4muPJrLQ
yt-02710,2,3,4WrHocm3Yow
yt-02712,1,2,ZE0SWTfC8cg
yt-02713,0,1,9GslDD2Zqm4
yt-02714,0,1,GooTesfDbFA
yt-02715,0,1,agd4Qx8tuLA
yt-02717,1,2,Yp8uPRER_rM
yt-02718,1,2,VkuFXSGqxe8
yt-02721,0,1,CiAMHa9ta_M
yt-02722,2,3,8UH6G1LnXR8
yt-02723,1,2,kAZ420QmuA8
yt-02724,1,2,d8RL5aLoYrU
yt-02725,0,1,8nnrrUraIjw
yt-02727,0,1,qZXtvknKFjo
yt-02728,2,3,ZOUSjqTH1xk
yt-02730,2,3,ycOWu_WDDEg
yt-02731,2,3,vyoI35HXA6c
yt-02732,1,2,LJDxqnJksc0
yt-02733,0,1,guGV-Mhb6vk
yt-02734,0,1,4fow5lC2lHE
yt-02735,1,2,aEUszOz2_5w
yt-02736,0,1,uLUeArIfuxQ
yt-02737,2,3,6mDzX7C12bk
yt-02738,1,2,9Vtvif4YH4A
yt-02739,2,3,xk5jUWlygLc
yt-02740,1,2,novideo-2740
yt-02741,0,1,7A1oeUkTKps
yt-02742,2,3,dSdKszt_ohw
yt-02743,2,3,Ia4RNWhq9K0
yt-02744,1,2,KfElZVbDyKE
yt-02745,0,1,zMC35ophoAs
yt-02746,2,3,yrzGb7hnUc8
yt-02747,0,1,bAgF2XRDY2I
yt-02748,1,2,3Mc-qENl4rg
yt-02749,0,1,G2uUFMSR_Nw
yt-02750,2,3,hURR5xNEy9g
yt-02751,1,2,SGmHjavi56Y
yt-02752,2,3,LcUSIKVjXng
yt-02753,2,3,Zra_bxXVBqk
yt-02755,2,3,8qWFCf7Ab7Y
yt-02756,2,3,mBNb_qiLIQc
yt-02757,0,1,vWD9nT-m-tI
yt-02758,1,2,x6QDSYgZUqk
yt-02759,1,2,KfPfxB50rfI
yt-02760,0,1,ZOUSjqTH1xk
yt-02762,0,1,hiUANxZBtjM
yt-02764,2,3,245tJt9MIgU
yt-02765,0,1,vtGeqZ3dKeI
yt-02766,2,3,y9UtWHfG31U
yt-02768,1,2,kHPHjZQ6KSE
yt-02770,2,3,vgkn63kS89c
yt-02772,2,3,X-TQm74cHRU
yt-02773,2,3,9nQPBECsu6k
yt-02774,2,3,ubWoy6ZvIG8
yt-02775,2,4,5_ZzO4c4bGE
yt-02776,1,2,oIyZuN-pgVw
yt-02779,2,4,26j9hwLQHxk
yt-02780,0,1,MZ83ItfdvnA
yt-02781,0,1,Nm7vOZu1vz8
yt-02782,2,3,JeFaQd2fq-8
yt-02783,2,3,novideo-2783
yt-02784,2,3,c03XetxgJEQ
yt-02785,2,3,GMCwvJFn1iY
yt-02787,0,1,aylIV5KeZ4I
yt-02788,1,2,qlA7BsljdG0
yt-02789,1,2,1VTLzDSRNCE
yt-02790,1,2,FuZVA3s7b1c
yt-02791,0,1,yT_bSUGVTJw
yt-02793,2,4,ZOUSjqTH1xk
yt-02795,1,2,Khv8MWrL99g
yt-02796,0,1,uRbjPF-1Udo
yt-02798,2,3,DqTClMAbWGw
yt-02799,2,3,i-nXNRK62xo
yt-02800,0,1,WgBoQYwsU8o
yt-02801,1,2,aCU1lgliARs
yt-02802,0,1,novideo-2802
yt-02803,0,1,SlbMxA5JqsM
yt-02804,0,1,qVHRQuearVc
yt-02805,0,1,qlEtbq_Q6cs
yt-02806,1,2,J370H_ZEafk
yt-02807,1,2,HrFVeChgWzo
yt-02808,0,1,N7dMYBGhLv0
yt-02809,0,0,Cmd3HjEOURQ
yt-02810,1,2,zVrqE8pUr38
yt-02811,0,1,ukG1jokpE8A
yt-02812,2,3,StEbUmobvwo
yt-02813,0,1,pPEkjWBdqxA
yt-02814,2,3,V_ixYuyqKQ4
yt-02815,2,4,VTNyWzq3kj8
yt-02816,2,4,YoD3GqU9HJQ
yt-02817,0,0,2PbxFVZDAwc
yt-02818,1,2,VkuFXSGqxe8
yt-02819,0,1,YTls32sMehk
yt-02821,2,3,nH6aJeWGH2U
yt-02822,2,3,Flf3NxG-46o
yt-02823,1,2,novideo-2823
yt-02824,2,3,DSbgJUhUn2I
yt-02826,0,1,Toktzim84yU
yt-02827,2,4,m0_SMiOecko
yt-02828,2,3,gh_Yqe0g3eA
yt-02829,2,3,yTnHjR_HyMA
yt-02830,1,2,1y2IvCXZhts
yt-02831,2,3,q5-EofrK89U
yt-02833,0,1,Kr-CFrRPDpg
yt-02834,0,1,H5WZyDQmS40
yt-02835,2,3,4NQFwvuWOFs
yt-02837,1,2,xU9PbqgBuV8
yt-02838,2,3,WfshEpeYqSo
yt-02839,2,3,wgf3805nCag
yt-02840,2,3,72eD7O5iKP8
yt-02841,2,3,241V466pLo0
yt-02843,2,3,jOFElUa3gWo
yt-02844,0,1,SL6EgMQeM2s
yt-02845,1,2,_wUW1tKmVZA
yt-02848,0,1,VGZ4L9WAI6Q
yt-02849,1,2,tn6KVVwJtgI
yt-02850,2,3,07C1KJrlTPk
yt-02851,1,2,XcBPzd1sGv8
yt-02852,0,1,jBdmVowp6V4
yt-02853,2,3,WfshEpeYqSo
yt-02856,0,1,XLb9fujOmyI
yt-02857,0,1,1VTLzDSRNCE
yt-02858,0,1,oBOJBcCTMfQ
yt-02859,0,1,yXX3GsGc8Rw
yt-02862,1,2,wK5OF_L4Vss
yt-02863,1,2,rgQ5jmW90fc
yt-02865,2,4,aCiMR8BC6yc
yt-02866,2,3,d3-ZO8viWdI
yt-02869,0,1,EtW5YiB8zws
yt-02872,0,1,qi9--vPEPPs
yt-02873,2,4,e2yEVPxpwTU
yt-02874,0,1,VGctO5rW-yo
yt-02875,1,2,RRvUFB4ddvs
yt-02876,2,3,j84zsPtsDnU
yt-02877,1,2,Na5HfzaQq9Q
yt-02878,0,1,N6b9YnAnXs8
yt-02879,2,3,SZ8J4ObVgK8
yt-02880,1,2,BTbMW6nbR-0
yt-02881,2,3,SptDgI0RDC0
yt-02882,0,1,Conk1HPHvjU
yt-02884,2,4,novideo-2884
yt-02885,0,1,wbm9gWyUH54
yt-02886,0,1,vWD9nT-m-tI
yt-02887,0,1,5Wd1EhBvCgg
yt-02888,0,1,zeW2-ruEfso
yt-02889,2,3,m0_SMiOecko
yt-02890,2,4,c-RIm4-wFK0
yt-02891,2,3,k0NbnlUxniI
yt-02892,2,3,EaL25qeMTWg
yt-02893,2,3,m0_SMiOecko
yt-02894,2,3,UmK5Qe6GvYo
yt-02895,0,1,uSZC7-wNRHU
yt-02896,2,4,58frGISFQUE
yt-02897,2,3,HyXYwx9AHHI
yt-02899,2,3,gL1eFLq5KDM
yt-02900,2,3,v7zlnATufOw
yt-02901,0,1,-9ZB5cm3t54
yt-02902,1,2,DvTbjFIIa_A
yt-02903,1,2,QokMrwVKzZY
yt-02905,2,3,Ia4RNWhq9K0
yt-02907,0,1,9Me1v1rMx_U
yt-02908,1,2,TAXouqxkBSs
yt-02909,1,2,GHQptrUAHPs
yt-02910,2,3,5Zt-bUk5Pfk
yt-02912,1,2,YFM8Axmv-jc
yt-02913,0,1,LedH57XKUpw
yt-02914,2,4,qCDCkdNJk8I
yt-02915,2,3,DycGCnStUIY
yt-02916,1,2,uqbJrVvRj-g
yt-02917,0,1,Y75S3K2qeo0
yt-02918,2,4,8UH6G1LnXR8
yt-02919,0,0,aTz6zBQld0M
yt-02920,2,4,Jw6l11taw1I
yt-02922,0,1,a_5YMuXvXVI
yt-02923,0,1,1CbhgAL44Gk
yt-02924,2,3,m0_SMiOecko
yt-02925,1,2,2jysaWqxYuw
yt-02927,2,3,dj2o5QYAHIY
yt-02928,2,3,9gGc3-cGYBA
yt-02929,2,3,JH5qHfBPZcE
yt-02931,0,1,b8HgcMF81Xo
yt-02933,0,1,hjqnf07iarA
yt-02934,1,2,W93B7cSaKLg
yt-02935,1,2,vgsDMcaGTu0
yt-02936,2,3,g8J8ngc0kVU
yt-02937,2,3,WfshEpeYqSo
yt-02938,2,4,ZHmX53NjPf0
yt-02939,0,1,geU3E5-OIXI
yt-02940,2,3,xnC7dnggm4g
yt-02941,2,3,_QDX1gi3AAw
yt-02942,2,3,Edh5ni2JVns
yt-02943,1,2,j2uhTjJMS_E
yt-02944,0,1,FR0f40WtJMA
yt-02945,2,3,fy3NwX-04_c
yt-02946,1,2,mvSle93NmYM
yt-02948,0,1,novideo-2948
yt-02949,2,3,eZjkZjDKBAc
yt-02950,2,3,Q2D5QrbsXMM
yt-02955,0,1,yGOPcZ4BWMA
yt-02956,1,2,q76_w4QwriE
yt-02957,0,1,gj3ZkPZx4Ag
yt-02958,1,2,JH5qHfBPZcE
yt-02959,2,3,LJDxqnJksc0
yt-02960,2,4,IfEQvQya5E0
yt-02961,2,3,Ia4RNWhq9K0
yt-02962,0,1,Xg9hF50AsS0
yt-02963,2,3,0wVT8R9v0DM
yt-02964,1,2,O_-e5eN1ZtY
yt-02965,0,1,xK6IbZVLfqs
yt-02966,2,3,Ecm6PDggSjY
yt-02968,1,2,RQWL1m55C58
yt-02970,0,1,FSbspfDziVU
yt-02972,1,2,xWu0AseEO1s
yt-02973,2,3,_2jC_JV4eF0
yt-02974,2,3,WBJFf8WZ5XY
yt-02975,2,3,uK-MGDE2dE4
yt-02977,2,3,kTdexcqUPQw
yt-02978,2,3,1VTLzDSRNCE
yt-02979,2,3,vsdLVZ5-KD8
yt-02981,2,4,RP6Key8CWhM
yt-02982,0,1,X3vHAP4XJW4
yt-02984,2,3,JA2Nfbe41hY
yt-02985,0,1,_9CO4EiS0qc
yt-02987,0,1,qSewJTbNyWg
yt-02988,1,2,Mg_AUGwRZM8
yt-02989,0,1,nBLe8KUoXYM
yt-02990,0,1,Fqwo7V_45kI
yt-02991,0,1,pGgrG-_-To8
yt-02993,0,1,-VDjG0yKBls
yt-02995,0,0,GflkKwirTjU
yt-02999,0,1,EHbxxhnjI4E
yt-03000,0,1,clTFpGUtAGY
yt-03001,0,1,0Bh9MKnnDQU
yt-03002,2,4,m0_SMiOecko
yt-03003,2,3,smswglTiOGQ
yt-03004,1,2,w2lab0zQRlg
yt-03005,0,1,LedH57XKUpw
yt-03006,0,1,4lqLScgbQzI
yt-03007,0,1,NwCeg1jqh2Y
yt-03008,0,1,kXYEmWHtNVA
yt-03009,1,2,N4Ux8E_REwo
yt-03010,2,3,tw0yv1hQ33o
yt-03011,0,1,7K5vpXQgE2o
yt-03012,0,1,Rg9jY4y6lrk
yt-03013,0,1,2c4VjHtC0xo
yt-03014,1,2,row8p5K3p9w
yt-03015,0,0,OuQXqDuayTU
yt-03016,1,2,vaaF-j0-xfM
yt-03017,2,3,oZ1hvGNm7h8
yt-03018,2,3,yL76f9B0VEY
yt-03019,2,3,IPFMpmnoSlE
yt-03020,1,2,pXeOtkaIxgU
yt-03022,1,2,ywdkzZxMsrI
yt-03023,0,1,eOzZWv8hBr8
yt-03024,0,1,PxA5U_EOXNY
yt-03026,1,2,nkE6M85fay0
yt-03027,0,1,0IUPr4zLkAY
yt-03028,0,1,VkuFXSGqxe8
yt-03029,2,3,UbJQAcRy9gE
yt-03031,2,3,A5AqrSTQffo
yt-03032,0,1,AiqRFV7ayCA
yt-03033,0,1,ugnBwa6OaHw
yt-03034,0,1,R6Z9Pqt2P0Q
yt-03035,2,4,Ep61tpBLF_k
yt-03036,2,3,MhEQyO4-2o4
yt-03037,1,2,HWYb9da4iv4
yt-03038,2,3,bEmmLhg2D5k
yt-03039,2,3,6UEUMCbn86U
yt-03040,0,1,AEC_C-nJ_OM
yt-03041,0,1,FlzbuWZl-Tk
yt-03042,2,3,ic6VpRHuiTQ
yt-03043,1,2,QyyEhXGKQrc
yt-03045,1,2,ZZ5oqJMmJQM
yt-03049,0,1,XcNXSJgzmLo
yt-03050,1,2,9utN5GDDg44
yt-03051,1,2,xcH3d0w9Xxw
yt-03052,0,0,L8s4OkGHZ_g
yt-03053,1,2,exPfwMYpUuc
yt-03054,2,3,TTdcnBWG7TI
yt-03056,0,1,oHibNbmAZ8w
yt-03057,0,1,6Wh4iSKSN_E
yt-03060,2,3,g1UhspNtUiQ
yt-03061,0,1,mPQuhb-8_28
yt-03062,0,1,188SQ0R8NyQ
yt-03063,0,0,45H6cB4dVOM
yt-03064,2,3,Nm8on_ZzXQc
yt-03065,2,3,r2eR2sZAXsU
yt-03066,2,3,Zzy8wGIm2_4
yt-03067,0,1,novideo-3067
yt-03068,2,3,8j2Y9OOLTxs
yt-03069,1,2,o1cioGCRYLA
yt-03070,2,3,m0_SMiOecko
yt-03071,0,1,oZM-eS27zo4
yt-03072,0,0,SWfHhLfDCQ0
yt-03074,2,3,A4eKIepGAzg
yt-03075,2,3,euydimYmnpw
yt-03076,1,2,MhEQyO4-2o4
yt-03077,2,3,RwyP5iuao0c
yt-03078,1,2,PSDZRrtFYn4
yt-03079,1,2,ZZ-FWVyPYAA
yt-03080,1,2,OSTJ3dLENTA
yt-03081,2,3,4m_jvmSRt3Q
yt-03084,0,1,c6UEsxQe7Fw
yt-03086,2,3,unB18Si-rwg
yt-03089,0,1,0BD7lSI5CAM
yt-03091,2,3,26jqkLdEKl8
yt-03092,0,1,NxypeHZMIGQ
yt-03093,1,2,KCdaNBLw-h4
yt-03094,2,3,ZlW7lcf54nI
yt-03097,2,3,id3-1yMuAp0
yt-03098,2,3,AxaIZ36B4C4
yt-03099,1,2,tel7sSoMpsA
yt-03100,2,3,XErrxuzFDn0
yt-03102,2,3,6R5MR4zgQMs
yt-03103,2,3,CVt3UBCUirg
yt-03104,2,3,EaL25qeMTWg
yt-03105,2,3,EsOgyP7ZuV4
yt-03106,0,1,2uwUqElmSUo
yt-03107,2,4,1caGrSFdJv0
yt-03108,2,3,DycGCnStUIY
yt-03109,0,1,KD0uwOI5RZc
yt-03110,0,1,oBOJBcCTMfQ
yt-03111,1,2,iQWxWa2ZtTU
yt-03112,2,3,4Iwrb3RNcwI
yt-03113,2,3,pb4qYO7o8wA
yt-03114,2,3,qh85fT3ARe8
yt-03117,2,3,Plg9P8sBAYE
yt-03118,0,1,6DK_WfAkpkk
yt-03119,1,2,JTMwxYScWMo
yt-03120,2,4,5xw7ZOBeE98
yt-03121,0,0,qSLc6Mktapc
yt-03122,2,3,Y3T20pSx4C0
yt-03123,1,2,yzN-pRrle0o
yt-03124,2,3,aI27czC8Wno
yt-03126,1,2,etwuSD6yu1o
yt-03127,2,3,Zu90jlvKgYo
yt-03128,0,1,QtcUTc44jvE
yt-03129,0,1,-VWrqKzVXDw
yt-03130,2,3,_F_JlDNGoi0
yt-03131,1,2,FqfaM7yKapo
yt-03132,0,0,3SSh-E4zWA0
yt-03133,2,3,ONfMmSNXUzc
yt-03134,0,0,0tQkK6CUM8I
yt-03135,2,3,yb0CUfwl7Ik
yt-03136,1,2,lCOqNH2QJC0
yt-03137,0,0,qt4rVgyr1Rg
yt-03138,2,3,YdVPy-RxV78
yt-03139,0,1,H5WZyDQmS40
yt-03140,2,3,J9e-b-mek9A
yt-03141,2,3,thMmnixzi4c
yt-03142,0,1,czCmCeRzpfQ
yt-03143,2,3,wF0BFR24WLo
yt-03145,2,3,1VTLzDSRNCE
yt-03146,2,4,uii27n4cvIA
yt-03147,2,3,m0_SMiOecko
yt-03148,2,3,m1L1JDJwzng
yt-03149,1,2,t16W8hH9hqY
yt-03150,2,3,RP6Key8CWhM
yt-03151,0,1,P9Nf8IWiFgA
yt-03152,2,3,_dUZFMj71nw
yt-03154,2,3,tIOafZXciF8
yt-03155,0,0,ny4v-VEU9dg
yt-03156,2,3,sMiFs6imFCs
yt-03158,1,2,yni-Rl_gvHo
yt-03162,0,1,hylVDuoRW6M
yt-03163,1,2,s274dj97BW4
yt-03164,0,1,WLvNduYzKgc
yt-03165,1,2,xudo1vw3oOk
yt-03166,1,2,SnOV9NemvWo
yt-03167,1,2,qGKAHFvdYT8
yt-03168,1,2,5Fk8d2uRcR8
yt-03169,1,2,tODX17NVR-o
yt-03170,1,2,novideo-3170
yt-03171,2,4,L2t6vjOIZ6o
yt-03172,0,1,9Me1v1rMx_U
yt-03173,1,2,ImF5JPp-hFs
yt-03174,1,2,JA2Nfbe41hY
yt-03175,0,1,Yivt3hV0A2c
yt-03176,0,1,hGmpL9FLVnk
yt-03177,2,3,UBAY26elr-w
yt-03178,1,2,o_2GPAVrMjQ
yt-03179,2,3,JM4qiojD0mE
yt-03180,0,1,EgFL3XZ1kmM
yt-03181,2,3,AJmY56CxSk8
yt-03182,1,2,_zg4pI-Qndc
yt-03183,1,2,6cQ32ElcIlg
yt-03184,2,4,Eifv1zrQF3A
yt-03185,1,2,El4tbtiElJk
yt-03186,1,2,WfshEpeYqSo
yt-03187,2,3,IyoZBHfRydM
yt-03188,1,2,BGWLFGgZ9IQ
yt-03189,2,3,JVNY5NJTyFs
yt-03191,2,3,8UH6G1LnXR8
yt-03194,2,4,NQ4sX6jJ_54
yt-03195,2,3,SH3-06sI77A
yt-03196,0,1,1XRVcZ3IePo
yt-03198,2,3,vpoVEhc2Xgk
yt-03199,2,3,EA-pVOEVzoI
yt-03200,2,4,04Hc7WTfF8w
yt-03202,0,1,gtimkgoSlGg
yt-03204,2,3,vpoVEhc2Xgk
yt-03205,0,0,5PSgss-08nE
yt-03207,1,2,cvkxCSHjuXs
yt-03208,1,2,PwsyBi25uJs
yt-03209,0,1,HzPcZzozhO0
yt-03210,2,3,J7_-oVm5njU
yt-03212,1,2,4ciKOhIamew
yt-03214,2,3,EVkNVlV3c_Y
yt-03215,2,3,UnezKUzg2yM
yt-03216,2,3,5-dRwmUGcRk
yt-03217,1,2,J9e-b-mek9A
yt-03218,0,1,novideo-3218
yt-03219,0,1,bZAjeSUFiEE
yt-03220,0,1,BRK9IeT0oY4
yt-03221,2,3,N-DHnXAU8hc
yt-03222,1,2,_moaFavugN0
yt-03223,2,3,novideo-3223
yt-03224,1,2,m0_SMiOecko
yt-03225,2,3,aUmRiEhOjBE
yt-03226,1,2,MXf7VTZEhbk
yt-03228,2,3,J9e-b-mek9A
yt-03229,2,3,m0_SMiOecko
yt-03230,0,1,wAsnyWHRsTc
yt-03231,1,2,VtL7oFWjT3c
yt-03232,0,1,MJJYgZFTjso
yt-03234,1,2,pv7cJKKAIzA
yt-03235,1,2,UmwGQqjnSCs
yt-03236,1,2,rSlpeFsOsds
yt-03238,2,3,ge6w_dEJL8w
yt-03241,0,1,xjvIW7D3xtU
yt-03242,2,3,vpoVEhc2Xgk
yt-03243,2,3,ZOUSjqTH1xk
yt-03245,0,1,10N1DGtcWf8
yt-03246,1,2,IwDoNLKJ-jE
yt-03248,0,1,FWVEDwfqJjQ
yt-03249,0,1,rW1eGZ12ybg
yt-03252,2,3,FTKDwF3JyXo
yt-03255,1,2,RIbdMa-fCyY
yt-03256,2,3,qB6Bd8nMMqI
yt-03257,2,3,l7R7A89tRMI
yt-03258,0,0,3-RDBxuBJgo
yt-03260,1,2,mD_D1JArYZE
yt-03261,2,3,H6_W36DpGM0
yt-03263,1,2,maJ1_k75cCA
yt-03264,1,2,j2Rc22LDuiA
yt-03265,0,1,i5Kybh7ZtEs
yt-03267,1,2,t3Q8Haoiv6g
yt-03268,0,0,7FXVFkHBNd8
yt-03269,2,3,E0Etc7QGBoQ
yt-03270,2,3,m0_SMiOecko
yt-03271,0,1,2bNwxKw2ghQ
yt-03272,2,3,MuEPeBW_ib4
yt-03273,2,4,4pgJgf5TNcA
yt-03274,1,2,Nwj5tU2Ikio
yt-03275,0,1,cc_xR2mcuKQ
yt-03276,2,3,aMJ41xb_nk4
yt-03277,2,3,b_x9tMcie0g
yt-03278,2,3,nijTweiRP-M
yt-03281,1,2,A4eKIepGAzg
yt-03282,0,1,ovqEPByBoF4
yt-03283,0,1,qsLMFeH7jyQ
yt-03284,2,3,Y-6dOXDBflA
yt-03285,1,2,P9_OJEvDy60
yt-03287,0,1,tjWTPwPbr1g
yt-03288,2,4,biLd7JJb71Q
yt-03289,0,0,vcCoyEl_tpw
yt-03290,2,3,XgHRpThvZR8
yt-03291,0,1,SH3SF5OUaJA
yt-03292,2,3,AMK7Qgctj1I
yt-03294,2,3,ONfMmSNXUzc
yt-03296,2,4,Nwj5tU2Ikio
yt-03297,0,1,sWyxny53BsM
yt-03298,0,1,5iXBdLkD-4Y
yt-03299,0,1,auv0_8Gofd4
yt-03300,0,1,YXhtTgh-igs
yt-03301,1,2,eMbfRqLQPyA
yt-03303,0,1,novideo-3303
yt-03304,0,0,novideo-3304
yt-03305,0,1,GNgJrDWxiL4
yt-03306,0,1,gc6LX9aGLtc
yt-03307,0,1,suYJw7vkEyc
yt-03308,1,2,tMFYPR9s_n0
yt-03310,0,1,V5ikkzkm07U
yt-03311,2,3,6HEHJKemZtA
yt-03312,0,1,xWu0AseEO1s
yt-03313,0,1,YbgQIbFis_w
yt-03314,0,1,tuqPFKF5NJo
yt-03317,2,4,yypLKij21-Y
yt-03318,0,1,nC1tRuGwKt0
yt-03319,2,3,0hsHP29VbO8
yt-03320,2,3,S5gIbCyi0ek
yt-03322,0,1,BJn518mAMBc
yt-03325,0,0,3hO5ckTrfGE
yt-03326,1,2,nZA8mmrTOYo
yt-03327,1,2,_HEzGrVcdE0
yt-03328,0,0,9Vs4_IFDAeY
yt-03329,0,1,dwsrcpKVFeI
yt-03330,0,1,c0iP96eKztY
yt-03331,1,2,novideo-3331
yt-03332,1,2,pgRg8O98mvU
yt-03333,0,1,0soKH32Y1mQ
yt-03336,2,4,rt3Hdy8WTA4
yt-03337,0,1,QwRRMzL1ub8
yt-03341,0,1,hm3saqzhpOM
yt-03342,1,2,EDWijIbFugU
yt-03343,2,3,yrzGb7hnUc8
yt-03344,2,3,BtcOAIrHZbw
yt-03345,2,4,Dy1tJJc9C04
yt-03347,1,2,vcCoyEl_tpw
yt-03349,0,1,qpGHlrNOrRU
yt-03351,1,2,0GbJfrrqY9E
yt-03354,2,4,MKpg2oFp2aM
yt-03356,2,3,XY9GhLNm37g
yt-03357,2,3,DC05VUtSHmA
yt-03358,2,3,BABRe53fna4
yt-03359,1,2,rZJT646i4TY
yt-03360,0,0,RP3Nesgaz6I
yt-03361,2,4,26MdaMNsf6c
yt-03362,0,1,AAL1oOELC0Q
yt-03363,2,3,wfjaDEq8ugg
yt-03365,2,3,SA4ajNuxygg
yt-03366,2,3,4y-riLcoGqc
yt-03367,1,2,IiqzmE8qg-s
yt-03368,0,1,8PjZLkD7H6I
yt-03369,2,3,UBAY26elr-w
yt-03371,2,3,g1UhspNtUiQ
yt-03372,0,1,Dkv62Jg99Fk
yt-03373,2,4,_JWElztTpMs
yt-03374,0,1,novideo-3374
yt-03375,2,3,yL76f9B0VEY
yt-03377,2,3,IdSPi8AhoCg
yt-03378,1,2,9KOMrYH6yJI
yt-03379,1,2,Ah_P6_QVVSw
yt-03380,2,3,gc6LX9aGLtc
yt-03381,2,3,sX5ORTz9SAo
yt-03382,2,3,EJN_E9vXLJo
yt-03383,2,3,6hoJ81zZ5tM
yt-03384,2,3,XXZXqV_4UQU
yt-03385,0,1,novideo-3385
yt-03386,1,2,l3ggcJEsQ48
yt-03387,1,2,lXvo5vZ4jH8
yt-03388,1,2,vaEq_Ybh7E4
yt-03389,0,1,cJ48xI4JXww
yt-03390,2,3,S3Q_7jiRDaU
yt-03391,1,2,QAJ5KpuVX-g
yt-03392,2,4,_FoIY4MdolE
yt-03393,2,3,9gGc3-cGYBA
yt-03394,1,2,pXeOtkaIxgU
yt-03395,2,3,7yPksM8YQl8
yt-03396,0,1,CND2zexr0wk
yt-03398,2,3,bBIduwa6jR4
yt-03399,2,3,U_R8n-5Ep3A
yt-03400,2,3,y-eH5oo7BP0
yt-03401,2,3,4bBtJo5-m0Y
yt-03402,0,1,k6XIcYHqfmY
yt-03404,2,3,sIpop6Hg810
yt-03405,2,3,TRXd7A4IAcI
yt-03406,1,2,t36UFQm30qg
yt-03407,2,3,Pqrkl3NVFvY
yt-03408,2,3,qpGHlrNOrRU
yt-03410,2,4,novideo-3410
yt-03411,0,1,ag_BGcBo03M
yt-03412,2,4,HY0idThSipM
yt-03413,0,1,h5ezf_8MtHw
yt-03414,1,2,m0_SMiOecko
yt-03415,2,3,m0_SMiOecko
yt-03416,0,1,t61xAQKU3uM
yt-03417,2,3,7Da_SjY06cM
yt-03418,0,1,novideo-3418
yt-03419,2,3,m0_SMiOecko
yt-03420,2,3,vLaZV3QhmlU
yt-03421,0,1,novideo-3421
yt-03422,0,1,0IUPr4zLkAY
yt-03423,0,1,5uX4k3DM_Xg
yt-03424,2,4,Y4OwOx_tzZ0
yt-03425,0,1,l-7XGhfRI7o
yt-03426,1,2,hjqnf07iarA
yt-03427,0,1,vqZ92trVpBc
yt-03428,0,1,ykF6ZTfkt28
yt-03430,1,2,OdIi7tpBefM
yt-03431,0,0,2HzJPJJU7oU
yt-03433,2,3,MhEQyO4-2o4
yt-03435,0,1,tUweW0iZXGY
yt-03436,0,1,novideo-3436
yt-03437,2,3,VkuFXSGqxe8
yt-03438,2,3,xudo1vw3oOk
yt-03439,0,1,novideo-3439
yt-03440,2,3,VkuFXSGqxe8
yt-03442,1,2,XJbM4qqTbK0
yt-03443,2,3,SHxSvfVeRY8
yt-03444,0,0,0IUPr4zLkAY
yt-03445,2,3,xUwaC8Jw7tA
yt-03446,2,3,YhqN51brpf0
yt-03447,2,3,Abq4vNaZH-w
yt-03448,0,1,OZw0ddU1IlI
yt-03450,0,1,b64t-8Mhu9k
yt-03451,1,2,kXYEmWHtNVA
yt-03452,2,4,8dX_a_EFbtg
yt-03453,0,1,zCn40WsTqSs
yt-03454,0,1,_jEguERgMQE
yt-03455,0,1,novideo-3455
yt-03456,2,3,LQJ8a0qKeoo
yt-03457,1,2,MbZJ1zJSxoY
yt-03458,0,1,W8uNOoeqlz4
yt-03460,2,3,rL_AtASNDO4
yt-03461,2,4,2bOsGFoRtsg
yt-03462,0,0,36O2jC0fMz8
yt-03464,1,2,fE0w8cJxt8Y
yt-03466,2,3,ONfMmSNXUzc
yt-03467,1,2,yqOZ74mR-gI
yt-03469,0,1,novideo-3469
yt-03470,2,3,MJJYgZFTjso
yt-03471,0,1,bFHIGZmrY54
yt-03472,0,1,W4yKf3iP-S4
yt-03473,1,2,WwZF2TUy-tc
yt-03474,2,3,HM5BUqIugV8
yt-03475,2,3,6K0qqR-yEz8
yt-03476,1,2,PKctTa8M8ys
yt-03477,0,1,novideo-3477
yt-03478,1,2,RQWL1m55C58
yt-03480,2,3,9yi9kqNKq0c
yt-03481,1,2,ejPRQ37seqk
yt-03483,0,1,L0IOIeZCgMo
yt-03484,2,3,8j2Y9OOLTxs
yt-03485,0,1,tuqPFKF5NJo
yt-03486,1,2,i5Kybh7ZtEs
yt-03488,0,1,fzQSr9zTB4U
yt-03489,1,2,PH_8xiKFBxk
yt-03492,2,3,VkuFXSGqxe8
yt-03493,1,2,RmzfyQmxgw0
yt-03494,0,1,7if5B5zG6yI
yt-03495,1,2,M6v2eNVjJrQ
yt-03498,2,3,j5kazzt5s6k
yt-03499,2,3,td7xp1OLSOM
yt-03500,1,2,pHDoT3lspFU
yt-03501,1,2,sT8yDQusyQg
yt-03503,0,1,H16MhPGItkQ
yt-03507,0,1,DC05VUtSHmA
yt-03508,1,2,qAoMIMeh7ns
yt-03509,2,3,7aDG6Vu9U0M
yt-03510,1,2,7Oc8-eclkrY
yt-03511,0,1,novideo-3511
yt-03512,2,3,YOuvHd9OHRo
yt-03513,1,2,7PhlHnn5IGc
yt-03514,0,0,k_bbtO_LjmE
yt-03515,1,2,yJRiLZfWwx8
yt-03516,0,1,jqKgybIp3rU
yt-03517,0,1,0DfGu79PTsA
yt-03518,2,3,urZ2GjYqpBk
yt-03520,0,1,novideo-3520
yt-03521,0,1,k3DPUB1oX7w
yt-03522,0,0,novideo-3522
yt-03525,2,3,5XJU5pu352I
yt-03526,1,2,j_z2EbOX9dg
yt-03527,2,4,DC05VUtSHmA
yt-03529,2,4,TFq-OiKMTJg
yt-03531,2,4,VkuFXSGqxe8
yt-03532,1,2,W74yA-FMcN4
yt-03533,0,1,U2h_n0ph8Pw
yt-03534,2,3,vTPFSwH5E4c
yt-03535,1,2,i5Kybh7ZtEs
yt-03537,0,0,0IUPr4zLkAY
yt-03539,0,1,euydimYmnpw
yt-03540,1,2,-XO-lemdGPc
yt-03541,0,1,9TmO9LA0c0U
yt-03542,0,1,9hmhPF0bj9I
yt-03543,0,1,AxaIZ36B4C4
yt-03546,0,1,DPQ6Ss3Y_4w
yt-03547,0,1,Dn46MxQwBgs
yt-03549,2,3,tAHK6E03ORo
yt-03551,0,1,5RnscnAPNms
yt-03552,2,3,142H3lq7_RQ
yt-03553,0,1,ZL6-nQZwjSo
yt-03554,2,3,YS5e5OxkiVE
yt-03556,0,1,udeyypQDi5w
yt-03557,2,3,Plg9P8sBAYE
yt-03558,1,2,CUtYc6Z64uI
yt-03559,0,1,INgFRp5kB4s
yt-03563,1,2,v7o4j-bq524
yt-03565,1,2,y_hy8DfxDsw
yt-03566,1,2,Az372BakWkQ
yt-03567,2,3,dYBUHBF-yLo
yt-03568,1,2,2J9NeQq9PRk
yt-03569,1,2,JyZe2zffXzI
yt-03570,0,1,m0_SMiOecko
yt-03571,0,0,fDNJv2YIEdc
yt-03572,2,3,NK-EG-bxX18
yt-03573,2,3,xk5jUWlygLc
yt-03574,0,1,2INqo3FsXHg
yt-03575,2,3,m0_SMiOecko
yt-03576,0,1,pmEaO4tVeqg
yt-03577,2,3,XVQSDZZ1Vw0
yt-03578,2,3,pXeOtkaIxgU
yt-03580,0,1,Xw4FyKUpWs8
yt-03581,1,2,3sa6H0xBZfU
yt-03582,0,1,dlOrfyqGmyA
yt-03583,1,2,o8-4eE2YgDw
yt-03586,1,2,B-S-uuiwd_U
yt-03587,2,3,bzVbKa1FlSY
yt-03588,1,2,kl4JUnveHJI
yt-03589,1,2,tBPS51iIEG4
yt-03590,1,2,e62P8v53Qsk
yt-03591,0,1,75rjPTsmahk
yt-03592,2,3,yK3jcCaZHKI
yt-03593,1,2,NBMO0qbprFo
yt-03594,2,3,-WEHiitOt8I
yt-03595,2,3,pb4qYO7o8wA
yt-03596,2,3,V0Va_HxkKps
yt-03597,1,2,Iykno64pNHI
yt-03598,2,3,5D1U9KuGYX8
yt-03599,1,2,qKahoohkUpM
yt-03600,0,1,N6bsc9QjMa8
yt-03602,2,3,Awi5YLCzRzk
yt-03603,2,3,9Vbuuf0YQFw
yt-03604,2,3,Z9k5dWX3Vlc
yt-03605,2,3,xk5jUWlygLc
yt-03606,0,1,Suex0bSJJCI
yt-03607,0,0,jBdmVowp6V4
yt-03608,2,3,petbI3v0fWk
yt-03609,1,2,AxaIZ36B4C4
yt-03610,1,2,HwW4n6ZAXpc
yt-03611,2,3,Sy8QnjqLRm0
yt-03612,0,1,M71Efgq-q8s
yt-03613,1,2,PkLeE7ksifI
yt-03614,0,1,novideo-3614
yt-03616,1,2,BECxWiDoTJg
yt-03617,1,2,yqOZ74mR-gI
yt-03618,2,3,Nwj5tU2Ikio
yt-03619,0,1,lQIz8m1hTsc
yt-03622,2,4,va2aP-SuYLM
yt-03623,0,1,ABnjxb1X2Lg
yt-03625,0,1,DK-L1hS6Iy4
yt-03626,2,3,muJLEqk-osk
yt-03627,2,4,ps_o_c9NRZs
yt-03628,2,3,GOSidjCBPKs
yt-03630,1,2,AWaVBHp21mI
yt-03631,2,3,qd_89eVn3Es
yt-03633,2,3,WLpzIsjsNUo
yt-03634,0,0,XdkYUOeS9yI
yt-03636,1,2,FO2EiKvzFuA
yt-03638,2,3,A2BOIUsUGFM
yt-03639,2,3,vgkn63kS89c
yt-03640,1,2,_wUW1tKmVZA
yt-03642,0,1,rEcHrPe5zDQ
yt-03643,2,3,uW1sL5Ao-Nk
yt-03644,1,2,zNbXVau3rTs
yt-03645,2,3,NUXEQaYRLwA
yt-03646,0,1,oA3lSKxewMM
yt-03647,0,1,tNqB59WBAZs
yt-03648,2,3,sPm622SMX4Y
yt-03649,1,2,hIgKVEyGjEA
yt-03650,2,3,m0_SMiOecko
yt-03651,0,1,MyB614iZ6mQ
yt-03652,0,1,JhnW0wBDtnA
yt-03653,2,3,AR1gw7RI4m8
yt-03655,2,3,Da6ljj6yT0U
yt-03656,0,0,kgD-Dp0idhY
yt-03657,0,1,NQ4sX6jJ_54
yt-03658,1,2,DUo_iaFuJl0
yt-03660,1,2,GgOOdZ-h1U0
yt-03661,1,2,rPKFM8tGQaE
yt-03662,2,4,x56_pH5OCkU
yt-03663,2,3,P051rbLjttY
yt-03665,0,1,fang8hcttl8
yt-03666,0,1,HvqZL7IH6Xk
yt-03668,2,3,JhjrJCq32aI
yt-03669,2,3,lxc8Z9kejo4
yt-03670,1,2,ipVrYSoKybA
yt-03672,2,3,g1UhspNtUiQ
yt-03673,1,2,1oQ-7Q4rtqY
yt-03674,1,2,tAHK6E03ORo
yt-03675,0,1,0IUPr4zLkAY
yt-03676,0,1,iW0mhZyi-Tg
yt-03677,0,1,3sa6H0xBZfU
yt-03678,2,3,tAHK6E03ORo
yt-03679,2,3,Yq0EiGZrFlU
yt-03680,2,3,DG2AL1gToMk
yt-03682,2,3,AmKAk1yNA1E
yt-03683,0,1,tBtLIFDmozM
yt-03687,2,3,h-p2bTSLEDo
yt-03688,2,3,NY3X_6i4eME
yt-03689,1,2,Kqvavu_Xwyc
yt-03691,0,1,QmfvaL9RgkE
yt-03692,2,4,MyB614iZ6mQ
yt-03693,2,4,Q--WQtY0F0o
yt-03694,0,1,HgBY2XxM8l4
yt-03695,2,3,BTbMW6nbR-0
yt-03696,2,3,86PRU2XXSi8
yt-03698,0,1,BWm4v9q-6DU
yt-03699,2,3,85ZFsVmGXHI
yt-03700,1,2,w0kC3cQ1Wx8
yt-03701,2,3,C82v_eoFmX8
yt-03702,0,1,novideo-3702
yt-03703,0,1,q76aDtVdKpI
yt-03704,2,3,vJv2MpQSeWg
yt-03705,2,3,mxQiAhEjYEo
yt-03708,2,3,Xx1Uqc41MUs
yt-03710,2,3,1RR2DRRF7fI
yt-03711,1,2,VKxgq285QYM
yt-03712,0,1,TSvJsvd1Tew
yt-03713,1,2,Zjh7BwROQCY
yt-03714,0,1,novideo-3714
yt-03715,1,2,DcYW0GoIcA0
yt-03716,2,3,2SXRzhOMXEs
yt-03718,2,3,VkuFXSGqxe8
yt-03720,1,2,0a7QF9j61Es
yt-03721,0,1,RQWL1m55C58
yt-03722,0,1,novideo-3722
yt-03723,1,2,tQQlBWoP2o8
yt-03725,2,3,xqB04aEkphc
yt-03726,2,4,xcH3d0w9Xxw
yt-03728,2,4,DC05VUtSHmA
yt-03730,1,2,jWuCtumkcIk
yt-03731,2,3,Gz9czYlpAN0
yt-03734,0,1,lQIz8m1hTsc
yt-03735,0,1,9XuKEuF7vKE
yt-03736,2,3,8aldzOH9_FA
yt-03737,0,1,o7V5yOCttmc
yt-03739,0,1,oToEANVRkCw
yt-03741,2,3,iqB4zhRUKuk
yt-03742,2,3,Maig7HKdlJ0
yt-03743,1,2,NZdOe16SBT4
yt-03744,1,2,EWk5YQhoF3k
yt-03745,1,2,UCJPIZrDmgk
yt-03746,2,3,frpGiIWQIBo
yt-03747,0,1,O4FxK90P6fU
yt-03748,0,1,qcFU3KGNuVo
yt-03749,1,2,lxc8Z9kejo4
yt-03750,2,3,ROPJbdR_o2E
yt-03751,1,2,vt9Qz5RcIR0
yt-03752,0,1,cBElxl_X0D8
yt-03753,2,3,liqBn_KH9OE
yt-03754,2,3,avzqXJYe0bs
yt-03755,0,1,m33DP7I2yok
yt-03756,2,4,PkLeE7ksifI
yt-03757,1,2,jxUrc0c01vA
yt-03758,0,0,pXeOtkaIxgU
yt-03759,2,3,bvm5RaSZrL0
yt-03760,2,3,DH-qZx_54G4
yt-03762,1,2,0dpCN1MbuUo
yt-03763,1,2,pXeOtkaIxgU
yt-03765,0,1,Y4lTDBEr0BM
yt-03766,0,1,novideo-3766
yt-03767,1,2,sBcv58DvnTc
yt-03768,2,3,_FNIfB5FSno
yt-03769,2,3,novideo-3769
yt-03770,0,1,BN-sgMgnIAk
yt-03772,1,2,PSDZRrtFYn4
yt-03773,0,1,bxX9jV6tA24
yt-03774,2,3,C3z79NQUX28
yt-03775,0,0,novideo-3775
yt-03777,2,3,1YZ5yFrk090
yt-03779,2,3,J5e-YUg0qYg
yt-03781,2,3,ac79nxOth8M
yt-03783,2,3,QJuB219TeCM
yt-03784,0,1,9TmO9LA0c0U
yt-03785,2,3,vpoVEhc2Xgk
yt-03787,0,1,oHibNbmAZ8w
yt-03788,2,3,ZZ5oqJMmJQM
yt-03792,1,2,unB18Si-rwg
yt-03793,2,3,dMWM_J1G9Tk
yt-03795,2,3,YXoRSDCbxYU
yt-03798,0,0,ZCVctDNm3f8
yt-03800,1,2,k3DPUB1oX7w
yt-03801,1,2,ybMPcUZgfD4
yt-03802,2,3,6L7vNXKDFQU
yt-03803,2,3,q9JyAPormlk
yt-03804,1,2,NLgu0wcTCd4
yt-03807,1,2,FIJwkne06Ks
yt-03808,2,4,6EeZ_LcNzA4
yt-03809,0,0,yuhO8zdMs8A
yt-03810,0,1,aCe2Kl-rNXU
yt-03811,1,2,VjWuczjBmRo
yt-03812,2,3,m0_SMiOecko
yt-03813,2,3,tm3SnDw9xqI
yt-03814,1,2,NVdZatWeaOU
yt-03815,1,2,KD_seGGMQng
yt-03816,2,3,yHNSkqg1xfg
yt-03817,0,1,AYn-F3OKTwA
yt-03818,2,3,m0_SMiOecko
yt-03819,2,3,fE0w8cJxt8Y
yt-03820,0,1,y-eH5oo7BP0
yt-03821,2,3,ZpdO5U2e9Z0
yt-03823,1,2,ZOUSjqTH1xk
yt-03824,2,3,aMJ41xb_nk4
yt-03825,1,2,lXvo5vZ4jH8
yt-03827,2,3,Pe0SmG6Rzj0
yt-03828,2,3,CVt3UBCUirg
yt-03829,0,1,ZS4_w1xK3OE
yt-03830,2,3,M8oIdtPTqJk
yt-03834,2,4,PCFpZ0u_fyM
yt-03835,2,3,qMG3BDlmtwI
yt-03837,2,3,8UH6G1LnXR8
yt-03838,0,1,74A7-OztFQ8
yt-03839,2,3,WSUcy_sh2Bg
yt-03840,2,3,uCPkx7vX6ek
yt-03841,0,0,vhMsCpu2z9o
yt-03842,0,1,tJbx31WXc7g
yt-03843,0,1,4zH0qHe93uw
yt-03844,2,3,6ZOmuWWomSI
yt-03845,0,1,KeZHrBkQXSg
yt-03846,0,0,d9rnYFKjwCg
yt-03847,2,3,XqHiYYr_0tw
yt-03848,2,3,aFCICT5KKiE
yt-03849,1,2,yTYmeWlHW30
yt-03850,0,1,TfMHrqF6SGA
yt-03851,0,1,Gm2yg0tYXf8
yt-03852,1,2,kAqt5fECzbA
yt-03853,2,3,SGX6aguU5QM
yt-03854,2,3,Da6ljj6yT0U
yt-03856,2,3,R2hODjYQFgg
yt-03857,0,1,xheY6WxWHPI
yt-03858,2,3,Ia4RNWhq9K0
yt-03859,2,3,5wjtrINkBgQ
yt-03860,0,1,TbAi7nzodow
yt-03861,0,1,HyXYwx9AHHI
yt-03863,2,3,dnkLb4eP2SM
yt-03864,0,1,DuWIzek-Bcc
yt-03865,0,1,8wqNVO1OK8I
yt-03866,2,3,5GzHAVc6vF0
yt-03867,2,3,01GNILSJFgk
yt-03868,0,1,OVpQGCu15O4
yt-03869,1,2,rrFyMSB_4GA
yt-03870,0,1,QmfvaL9RgkE
yt-03871,0,1,uJPe8Y7UO4o
yt-03872,1,2,hm6QOQiB-l4
yt-03873,0,1,A8ntvmEYlIU
yt-03874,0,1,3hsJ0hCLx5o
yt-03875,1,2,jUPQnSe3Vb4
yt-03876,1,2,EI-pWcT_6yA
yt-03877,1,2,HUTbAtHEVMk
yt-03878,1,2,OE6uOvkgMD4
yt-03879,2,3,1FrqdfjJewQ
yt-03884,0,1,xYFR5YJ5gv0
yt-03885,2,3,cLZ8YtQ0d-U
yt-03887,0,1,Aznn0lCRK30
yt-03888,1,2,DcYW0GoIcA0
yt-03889,2,3,Ksmma5XN-QI
yt-03890,2,4,FNzEJuVv3qU
yt-03892,1,2,ELjb13CCagI
yt-03894,2,3,63-uuYTref0
yt-03895,0,1,SA4ajNuxygg
yt-03896,0,1,Lv8lEtbzz8A
yt-03897,2,3,S6xa3PGZLaU
yt-03898,2,3,xcs6zZmScR0
yt-03899,0,1,12MuVSi2jZQ
yt-03900,2,4,_zBTDA5JvQM
yt-03901,2,3,HHuKvDTumv8
yt-03902,1,2,H7Cri5RHo2I
yt-03903,0,1,xYFR5YJ5gv0
yt-03904,1,2,cbRkSzFq_O8
yt-03905,2,3,yHn4vDXa8LY
yt-03906,0,1,RWIaXZOwZ_A
yt-03907,0,0,EH0c0m_BWws
yt-03908,2,4,rn3gcCgylwE
yt-03909,2,3,L7cl8usQ1qQ
yt-03910,2,3,3lsVLTZIvps
yt-03911,2,3,hDhM7LeEFt4
yt-03912,1,2,9gGc3-cGYBA
yt-03913,2,3,1VRlsD09id8
yt-03914,0,1,u-bm8axFQQI
yt-03915,2,3,WOdUJoLRfSc
yt-03916,1,2,VkuFXSGqxe8
yt-03917,2,3,quy3fnHhdr8
yt-03918,0,1,bCQE-nZfpjQ
yt-03919,0,1,mG0HMSKPPsY
yt-03920,2,3,novideo-3920
yt-03921,2,3,-O3oDvpuC2c
yt-03922,1,2,pYLu9Gd4FJQ
yt-03923,0,1,6u7B_yIiDb4
yt-03924,2,3,kx0qfQ0_0u8
yt-03925,2,3,sXuskB0pRvY
yt-03926,0,1,KdgSw94DlVk
yt-03929,0,1,IiCkjBhT-AU
yt-03930,1,2,LQgrdwHgN5U
yt-03931,2,3,jvv-67ONtzo
yt-03932,0,1,rOaV0ZD8BpA
yt-03933,1,2,X7fl-jN24j0
yt-03934,1,2,0Hmid399P4Y
yt-03936,2,3,wRb6nE1sJRY
yt-03937,1,2,dklZHCybF1s
yt-03938,2,3,IRObFMbFOIU
yt-03939,1,2,rfCW4VIdKOo
yt-03940,0,1,Y9I41Agh38I
yt-03941,1,2,oovkl4VWd5s
yt-03943,2,3,JVNY5NJTyFs
yt-03944,0,1,hAgmN5X4ZqU
yt-03945,2,3,jCD7Kw9oxGU
yt-03946,0,1,bAw0buPDiYg
yt-03947,2,3,DC05VUtSHmA
yt-03948,2,3,0NfArkRDato
yt-03949,2,3,SGmHjavi56Y
yt-03950,2,3,8qWFCf7Ab7Y
yt-03951,0,1,xudo1vw3oOk
yt-03952,2,3,Eq7_o0ICFRM
yt-03953,0,1,yeYnFONy144
yt-03954,0,1,O4q9kufC8Xc
yt-03955,1,2,7bRoiuc27w8
yt-03956,0,1,F85faLwfcBI
yt-03957,0,0,M331-XKx49U
yt-03958,2,3,vDe4czvr2MI
yt-03960,2,3,RP6Key8CWhM
yt-03961,2,3,SaowleioZkA
yt-03963,0,1,7A1oeUkTKps
yt-03964,1,2,Pe0SmG6Rzj0
yt-03965,0,1,9aXFA0HywDc
yt-03966,2,3,LMSUeH3laGY
yt-03968,2,3,6m69n_Aa7PI
yt-03970,1,2,RnEiqCtr7Jc
yt-03971,0,1,8CklEfc4L6I
yt-03972,2,3,HrL5oCB7Kl4
yt-03973,1,2,Aj15i4Mbr-8
yt-03974,0,1,G2Cto08tkHs
yt-03975,0,1,dhfV1KJQ054
yt-03977,2,3,sScJZ2iiuek
yt-03979,2,3,SsSbu02eIIQ
yt-03980,2,3,fYNJhlxW4qE
yt-03981,0,1,IiYkb1IhAEg
yt-03982,0,1,NQDNyRInMXw
yt-03983,2,3,gzXMnlrrLHY
yt-03984,1,2,dYBUHBF-yLo
yt-03985,2,3,RbkVuJqb_YQ
yt-03986,2,3,KwO1Fnd8O9c
yt-03988,1,2,aAO9if0CCZQ
yt-03989,1,2,VyEYNrcOD-0
yt-03990,0,0,C3z79NQUX28
yt-03992,1,2,3LKLpoyrI4g
yt-03994,0,1,aCE9WpOrA_U
yt-03995,2,3,r1rfPqN3I_Y
yt-03996,0,1,J9e-b-mek9A
yt-03997,1,2,Ac56O3rXWfc
yt-03998,2,3,tAHK6E03ORo
yt-03999,0,1,W93B7cSaKLg
yt-04000,2,3,ewqz_E6edNE
yt-04002,0,0,8cnhmXyC7bY
yt-04003,1,2,rpy-F_ORuPw
yt-04004,1,2,VkuFXSGqxe8
yt-04005,0,1,qCuvZN6HPBA
yt-04007,2,3,1D7JSRbalds
yt-04008,2,4,T8I_s_plpjE
yt-04009,0,1,ac8_fPJ9sAg
yt-04010,2,3,4n2K1GP-pF8
yt-04011,1,2,9sIDFreM6nk
yt-04012,2,3,jOFElUa3gWo
yt-04014,0,1,lJtc7SO8rWE
yt-04015,2,3,UkoxjiQIt24
yt-04016,0,1,IfSxM20TD1A
yt-04017,0,1,OeC7hGYJy7Q
yt-04018,1,2,hIyUCqJqGqI
yt-04019,0,1,JI4yW3AUjbc
yt-04020,0,0,RnEiqCtr7Jc
yt-04021,2,3,mY3QMn-dqk4
yt-04023,0,1,k9hI5L5rMSY
yt-04024,1,2,l8xUFhkVwIM
yt-04026,1,2,5_ZzO4c4bGE
yt-04027,0,1,OBhlSaU2zP4
yt-04028,0,1,5RnscnAPNms
yt-04029,0,1,NWYSsAv7Qxo
yt-04030,1,2,K_0zDNwYUwU
yt-04032,0,1,Awsz5BTudHc
yt-04033,2,3,w6guCkiebEM
yt-04036,2,3,7KceEguEvDI
yt-04037,0,1,bgI0r1-k9Rc
yt-04038,0,1,aEHQ0wMdy1c
yt-04040,0,1,cF7El7ayVqk
yt-04041,2,3,JCOiZtAvwso
yt-04042,2,3,QQJaOVpdARo
yt-04045,0,1,bCqOkRyotAk
yt-04048,0,1,P5oex7WCoAU
yt-04049,0,1,wAsnyWHRsTc
yt-04050,0,0,6-KgPPx3uwI
yt-04051,1,2,m0_SMiOecko
yt-04052,0,1,novideo-4052
yt-04053,1,2,sepI2oMcbsM
yt-04054,2,3,DC05VUtSHmA
yt-04055,2,3,8UH6G1LnXR8
yt-04056,2,3,qh85fT3ARe8
yt-04057,2,3,novideo-4057
yt-04058,2,4,ktwETEMGT6k
yt-04059,2,3,YD3OakzpBLc
yt-04060,2,3,novideo-4060
yt-04061,2,4,RN0zNNH89h8
yt-04062,0,1,aRIbMkaOgfw
yt-04063,1,2,uz_xva-uKPE
yt-04064,2,3,HtqyzjEuwlE
yt-04065,2,3,m0_SMiOecko
yt-04066,1,2,linvXAI_qnM
yt-04070,2,3,38WpQsCVJno
yt-04071,2,4,TSpAbmVPYzo
yt-04072,2,3,u55V9qR_fXM
yt-04073,0,1,m641bDQHYq4
yt-04074,2,3,ugXs4xW8zNI
yt-04075,2,3,852q17z1D-A
yt-04076,1,2,0NfArkRDato
yt-04077,0,1,Xkf6Ele_A_0
yt-04078,1,2,lJtc7SO8rWE
yt-04080,2,3,9coKy-Eyx8g
yt-04081,2,3,USwl_PZPKPg
yt-04083,2,3,-Yk0fAiJb8I
yt-04085,0,1,q_e0FCKzEJM
yt-04086,0,1,ISNVijJKmNU
yt-04088,2,3,wJbhkoOCFy4
yt-04089,0,1,cJ48xI4JXww
yt-04090,0,1,tw8hyUaSezc
yt-04093,0,1,exXMeMHS3yw
yt-04094,0,1,NG6_1jvxOmk
yt-04095,1,2,87YSAS3LJlw
yt-04096,0,1,cpFnYFbMY7Q
yt-04098,2,3,0adDCIPFUX4
yt-04099,2,3,SjBG8p6snGg
yt-04100,1,2,XYumIVMLbmc
yt-04101,0,1,novideo-4101
yt-04102,2,3,IvZS9GW_C9s
yt-04104,2,3,bD9j0MK87Rs
yt-04105,0,1,y-eH5oo7BP0
yt-04106,2,3,hsJzQiNWgrM
yt-04107,1,2,R5S1F3ACke4
yt-04108,2,3,CFTyyxTabmE
yt-04109,2,3,1amSL0WIS-Y
yt-04110,2,3,v7zlnATufOw
yt-04111,0,1,_v1aS-jyG-M
yt-04113,0,1,novideo-4113
yt-04114,1,2,ByQvcDGPtQI
yt-04115,0,1,novideo-4115
yt-04116,0,1,Nc_NEeq488c
yt-04117,2,3,FQPh15SpcXM
yt-04118,0,1,HyXYwx9AHHI
yt-04121,1,2,ytitID15C9w
yt-04122,0,1,o5pmP2qGl0Y
yt-04123,0,0,NvxUqsMgL1Y
yt-04125,0,0,RqQ0YJRMJLM
yt-04126,2,3,6xpOaUf1LEI
yt-04127,2,3,8SL8KgYvlCI
yt-04128,2,3,cGbfNOojvzY
yt-04130,2,3,HM5BUqIugV8
yt-04131,0,0,coiezdLS08o
yt-04133,2,3,0v8GCvfryqA
yt-04134,0,1,1gCjeEnE5Tg
yt-04135,1,2,Pe0SmG6Rzj0
yt-04136,2,3,vI1P16MO6IM
yt-04138,2,3,aEUszOz2_5w
yt-04140,2,3,HHuKvDTumv8
yt-04141,0,1,FA9_NaDLa0M
yt-04142,2,3,MwRj5xgxhgo
yt-04143,0,1,nKn1YZmEEKo
yt-04144,2,3,W93B7cSaKLg
yt-04145,2,3,KdgSw94DlVk
yt-04149,1,2,diXakIUiMOA
yt-04150,2,3,k2BZWzTuKeM
yt-04152,2,3,TTaNrX9v4oQ
yt-04154,0,1,HVRSTPFuUyA
yt-04155,2,4,roB6y6pEUoU
yt-04156,0,1,IXlUxLf3H8I
yt-04158,2,3,QOSO4FyGRJA
yt-04159,0,1,Nyt1Q0QNpq8
yt-04161,1,2,ons_C3JSysY
yt-04162,2,3,-bpXntcewrU
yt-04163,0,1,v4RiM8y89og
yt-04164,0,1,aDyxKxeFG0Y
yt-04167,1,2,leKD8pdCuaw
yt-04168,2,3,BI8Yrx03eag
yt-04169,2,3,DC05VUtSHmA
yt-04170,1,2,qhN9VD2AdB4
yt-04172,2,3,uK-MGDE2dE4
yt-04173,0,1,_46CzJJudnc
yt-04174,2,3,zmDi7rQ5LEc
yt-04175,2,3,DV5zCjjKLZg
yt-04176,0,1,JxcjRSccrU0
yt-04177,2,3,NQ4sX6jJ_54
yt-04178,0,1,bd7bSJEBk94
yt-04179,0,1,rWyeHuMbGrg
yt-04180,0,0,t3Q8Haoiv6g
yt-04181,2,3,l5gNpa_QekA
yt-04182,0,1,gCPZg-3h89o
yt-04183,2,3,VkuFXSGqxe8
yt-04184,2,4,1VTLzDSRNCE
yt-04185,2,3,dmVgjZbYWsA
yt-04186,0,1,9wltaqoWqB8
yt-04187,2,3,jrYHT3PqgUw
yt-04188,2,3,zhngeBSdLpc
yt-04189,1,2,EMLzsksedW4
yt-04190,1,2,1VTLzDSRNCE
yt-04191,0,1,5RnscnAPNms
yt-04193,2,3,t0bPU_ns7aE
yt-04195,0,0,mII5n4W9j-U
yt-04197,2,3,a4EYVev0bx0
yt-04198,2,3,a4EYVev0bx0
yt-04199,2,3,putg0H-9a54
yt-04200,2,3,6ZnTJEStBZU
yt-04201,0,1,d6ZV7O-4oyc
yt-04203,1,2,-aqz-8_Felw
yt-04207,2,3,-s8gQ6Cegd8
yt-04208,1,2,Ni9t1uBzbMc
yt-04209,0,0,t_-O1grAqYE
yt-04210,0,1,Xv96izCPxus
yt-04211,2,3,fiCgTL2bVeY
yt-04212,2,3,lounYQ5WELM
yt-04213,2,3,rSlpeFsOsds
yt-04214,2,3,riENg1uz4IU
yt-04215,1,2,qR7kYDHNihs
yt-04216,2,3,IvZS9GW_C9s
yt-04217,0,1,LOlljl8Vq8U
yt-04219,0,1,K6ey_5APvHw
yt-04220,2,3,zFT6n4o2ycw
yt-04221,0,1,tWSAeOxCdI8
yt-04222,0,1,LofkkHUKCmA
yt-04224,1,2,vTPFSwH5E4c
yt-04226,2,3,NQ4sX6jJ_54
yt-04227,1,2,WfshEpeYqSo
yt-04228,0,1,8j2Y9OOLTxs
yt-04229,0,1,RDGuNzyn4Uk
yt-04231,0,1,FyWtzmH05k4
yt-04232,2,3,H0bKUYV7g44
yt-04233,0,1,QABcwbmN8Ms
yt-04234,2,4,1veitumiKwc
yt-04235,0,1,2TT6quG-ekw
yt-04236,2,3,u1MnApNpV3c
yt-04238,0,1,Ds6SU58V7J8
yt-04241,0,1,ibgDJFxbXLg
yt-04243,2,3,0aqfE0BVd1Q
yt-04246,2,3,_dssD9jj7Os
yt-04248,2,3,HJ2VIULp20M
yt-04249,0,1,VLWKtPD_lm4
yt-04252,2,3,Y3T20pSx4C0
yt-04253,1,2,wcVwi6-j6M4
yt-04254,1,2,uNDoiokVsWk
yt-04255,1,2,_2Dy4vTAbnY
yt-04256,2,3,-AVpfcE3F3E
yt-04257,2,3,U-noHTSE1ro
yt-04258,0,1,novideo-4258
yt-04259,0,1,wsljbtjkvhY
yt-04260,0,1,737pOSulycM
yt-04261,2,3,soIntPwzxr4
yt-04262,1,2,ZS4_w1xK3OE
yt-04263,2,3,Ep61tpBLF_k
yt-04264,2,4,tAHK6E03ORo
yt-04265,0,1,f2bmR4e1v18
yt-04266,0,1,_3hM5GUW29A
yt-04267,1,2,0tYTvthMPXA
yt-04268,2,3,5MFMC7A56cs
yt-04269,2,3,zxLJd-1liF0
yt-04270,0,1,utJiZ-vkuXA
yt-04271,0,1,NsbBcPpWtKw
yt-04272,2,3,hmp4ZVhgm8o
yt-04273,0,1,Ivmqh-coLFg
yt-04274,1,2,f4UardYZzME
yt-04275,2,3,JCOiZtAvwso
yt-04276,2,3,yLV4MyNTSvo
yt-04277,0,1,y2tkxhVww4M
yt-04278,1,2,mZhm1zQ_RQg
yt-04279,1,2,NVdZatWeaOU
yt-04280,1,2,VX24pMefwkU
yt-04281,2,3,tAHK6E03ORo
yt-04282,2,4,novideo-4282
yt-04284,2,3,Ia4RNWhq9K0
yt-04285,0,1,_F_JlDNGoi0
yt-04286,2,3,v9D3PKmtfYA
yt-04287,2,3,ccAEc-V8Uws
yt-04288,1,2,BtNBhnz1hBM
yt-04290,0,0,C3z79NQUX28
yt-04292,2,3,pb4qYO7o8wA
yt-04293,2,3,wWq__Nm4gCg
yt-04294,0,1,ZS4_w1xK3OE
yt-04295,2,3,OPMfL-ovQ5o
yt-04296,2,3,HtqyzjEuwlE
yt-04297,0,1,gzxnzsif2iE
yt-04298,2,3,d9zOE9hZTQs
yt-04299,2,3,qKahoohkUpM
yt-04300,0,1,-khAumUXhVM
yt-04301,2,3,5Fd8OxSbi_E
yt-04302,2,4,tAHK6E03ORo
yt-04303,2,3,Ze3GNzjlmkE
yt-04304,0,1,MXEDcJpiQdc
yt-04305,1,2,8qWFCf7Ab7Y
yt-04306,2,3,BObJiy5noaM
yt-04307,1,2,VkuFXSGqxe8
yt-04308,0,1,3hO5ckTrfGE
yt-04309,1,2,I_jFzc1wZAc
yt-04311,0,1,Q35vQalYuRA
yt-04312,2,3,mZhm1zQ_RQg
yt-04313,0,1,ID4V-kixEzI
yt-04314,0,0,M0CK91nhS-0
yt-04316,1,2,WG7IBlJVvh4
yt-04317,0,1,9Vs4_IFDAeY
yt-04318,1,2,ZpqJgmftaTg
yt-04320,0,1,aOAEI7eRzUQ
yt-04321,2,3,ea3onPEdDe8
yt-04322,0,1,ELjb13CCagI
yt-04323,2,3,uSoCsnemx-U
yt-04324,0,1,gGIkgTG8FBk
yt-04325,0,1,V1xrTDHu4KY
yt-04327,0,1,Uia2SUzkmFw
yt-04328,2,4,BFuz4UsYRVo
yt-04329,2,3,G2Cto08tkHs
yt-04331,2,3,PCFpZ0u_fyM
yt-04332,0,0,luGt1EKUmEQ
yt-04333,2,3,HM5BUqIugV8
yt-04334,2,3,bu344PNf8wI
yt-04338,0,1,1VTLzDSRNCE
yt-04339,0,1,Aexm2diDfYw
yt-04340,0,1,D_o2CaLlz8A
yt-04341,1,2,CnzKqAHXVFM
yt-04342,0,1,Y75S3K2qeo0
yt-04343,1,2,88n111DbKn8
yt-04345,2,3,gQp701glets
yt-04346,1,2,FO_FoDL_HGs
yt-04347,0,1,1CbhgAL44Gk
yt-04348,2,3,XdJXrpQc5uw
yt-04350,2,3,m0_SMiOecko
yt-04351,0,1,dOCVlfrjSis
yt-04352,0,1,GNgJrDWxiL4
yt-04353,0,1,0IUPr4zLkAY
yt-04354,2,3,IRObFMbFOIU
yt-04355,2,3,IRObFMbFOIU
yt-04356,2,3,qh85fT3ARe8
yt-04357,1,2,5EjS7gY5cBg
yt-04358,2,3,2owJ4Q51Yek
yt-04359,1,2,ReejhPZfYmw
yt-04360,0,1,1ArEBIAu8xc
yt-04361,0,1,m0_SMiOecko
yt-04362,0,1,K8_ukQCDh3Q
yt-04364,2,3,tAHK6E03ORo
yt-04365,1,2,4ooq3XLiFxs
yt-04366,1,2,plObD0VOFis
yt-04367,2,3,pNbpijn86ec
yt-04369,1,2,B04mQuuRBDc
yt-04370,0,1,1gCjeEnE5Tg
yt-04371,0,1,eZAAfbhwcQU
yt-04372,0,1,ZgJW1KlSzrg
yt-04373,0,1,x3Orw54l_0c
yt-04374,2,3,fE0w8cJxt8Y
yt-04375,1,2,PSDZRrtFYn4
yt-04376,0,1,MfJ75ixwnUc
yt-04377,2,4,tAQvRSNa18I
yt-04378,0,1,qpGHlrNOrRU
yt-04379,1,2,voc_NpPJRDI
yt-04380,0,1,aGL0H4HyotM
yt-04381,0,1,r2qBtNrhvJc
yt-04382,0,1,ZSYM7iJA4b4
yt-04383,0,1,Abq4vNaZH-w
yt-04384,2,3,Dq479jFBMuw
yt-04385,0,1,IAb3PNtxLxc
yt-04387,2,3,8ofYPwlsIn0
yt-04389,2,3,ilsSBu6D5mQ
yt-04390,2,3,s0DE-etJxFA
yt-04392,0,1,EDH5TMcB4Ec
yt-04393,2,3,y9UtWHfG31U
yt-04394,0,1,JZxXYjHhDJQ
yt-04395,2,3,yL76f9B0VEY
yt-04396,0,1,5XOuslL7MRc
yt-04398,1,2,FuZVA3s7b1c
yt-04399,1,2,bVV09TAhGQc
yt-04400,2,3,5fm957tt1rw
yt-04401,0,1,hEOpSXxiSyY
yt-04402,2,3,kjeJHxXNeXI
yt-04403,2,3,4x4xOr7bCpU
yt-04404,2,3,H3KhRSf8lls
yt-04405,0,1,novideo-4405
yt-04406,2,3,x8oojlwR2Rc
yt-04407,0,1,lZWv4H73DI8
yt-04408,0,1,1NlMsq2Qmjw
yt-04409,0,1,VkuFXSGqxe8
yt-04410,2,3,wH-aOw0aHHI
yt-04413,0,1,xUIS-cDc6gE
yt-04414,0,1,novideo-4414
yt-04415,1,2,suibKgFNx5A
yt-04416,0,1,RJtCS_JPMmo
yt-04417,1,2,Poy35rRTf3Y
yt-04419,0,1,novideo-4419
yt-04420,2,3,novideo-4420
yt-04422,0,1,xwquU-4IGLU
yt-04423,1,2,Y4OwOx_tzZ0
yt-04425,2,3,_G3YdfbNtY8
yt-04426,0,0,DK-L1hS6Iy4
yt-04427,0,1,r9Ljy8xMrRc
yt-04428,0,1,H0bKUYV7g44
yt-04429,2,3,ASyntR0UuDE
yt-04431,1,2,lxc8Z9kejo4
yt-04432,1,2,IsFcwBpo8f4
yt-04434,2,3,J9e-b-mek9A
yt-04435,2,3,VTNyWzq3kj8
yt-04438,2,4,Ma60BMXLe7s
yt-04441,2,3,wXAGdDamwPI
yt-04443,2,3,Eq8Ic1fZqMc
yt-04444,2,4,9O9vlqjVIyU
yt-04445,2,3,FuZVA3s7b1c
yt-04446,1,2,RP6Key8CWhM
yt-04447,0,0,aDQMVR97QGk
yt-04448,0,1,Alhk_1APDi4
yt-04449,2,3,TYoPLy7D7WI
yt-04450,0,1,9yi9kqNKq0c
yt-04454,2,3,J9e-b-mek9A
yt-04455,2,3,fyiTUhc1XOA
yt-04460,2,3,KbyuZZJxiP0
yt-04461,2,3,Nd6tmEo-aHs
yt-04464,2,3,I5pLLeWFheA
yt-04465,1,2,P--ucT_Joqw
yt-04466,0,1,_gAU7JcQO6k
yt-04468,2,3,l8z4Kcasy70
yt-04469,0,1,zXVV9hXcVP8
yt-04470,1,2,K32RQt-mEmA
yt-04471,1,2,gbEIOp9fZX0
yt-04472,0,1,NxypeHZMIGQ
yt-04473,1,2,pqinvobBwRQ
yt-04474,0,0,y-eH5oo7BP0
yt-04475,1,2,2Dv0IBFwmn4
yt-04477,0,1,uRFP_2R1xlU
yt-04478,2,3,v7o4j-bq524
yt-04479,1,2,Abq4vNaZH-w
yt-04480,2,3,UHN5B8ohLZo
yt-04481,0,1,alCRe7s35i0
yt-04482,2,3,xUrVmT2363U
yt-04483,2,3,2xXhXan72Gs
yt-04486,1,2,5HmcNcKSnbk
yt-04487,0,1,nxoxUzPbHbY
yt-04489,0,1,lfX4pwhAfD8
yt-04490,2,3,XkDCQ5fQNVo
yt-04491,1,2,VtdmU9UK1Pk
yt-04492,2,3,ZSw4nXr-Nwg
yt-04496,2,3,i6mCYc_24Qw
yt-04498,2,3,8qWFCf7Ab7Y
yt-04499,0,1,teS7GwIzNP0
yt-04500,0,1,k0NbnlUxniI
yt-04502,2,3,I81Qrs7zIgg
yt-04503,2,3,pkseu5q2vnU
yt-04504,0,1,W0Ck5vtj7fw
yt-04505,2,3,FM8dg8dQ46Y
yt-04506,2,3,AIuuzkfxvio
yt-04507,2,3,r1INpBvRoPc
yt-04508,2,3,yLV4MyNTSvo
yt-04509,2,3,Lr-ybn0qmEc
yt-04511,0,1,3iCJd3WqyvM
yt-04512,0,1,FuZVA3s7b1c
yt-04513,1,2,RRvUFB4ddvs
yt-04514,0,1,6mTNQzPtSU8
yt-04516,1,2,r5IUTk6QLYU
yt-04517,0,1,s5SIP1PQu38
yt-04519,1,2,rysufXzqcIs
yt-04520,1,2,15r8clnxSDs
yt-04521,2,3,m0_SMiOecko
yt-04522,1,2,ketQg9CpX8Y
yt-04523,2,3,muJLEqk-osk
yt-04525,0,1,hhJF6FNv53w
yt-04526,0,1,-2OaO9sIo4o
yt-04527,2,3,x20GdQUk4mo
yt-04528,0,1,IAL2_tPlunU
yt-04530,1,2,LDsW1fXxvrM
yt-04531,0,1,OfD_CDCLn4c
yt-04532,1,2,J9heByVXUBc
yt-04533,1,2,BVc9kPBWOG0
yt-04534,1,2,0Bh9MKnnDQU
yt-04535,2,3,qmraiz5g5AM
yt-04537,2,3,Uk-AH5zgnOw
yt-04538,0,0,9TmO9LA0c0U
yt-04539,0,1,t27sZz1Ifks
yt-04540,1,2,jPJpLQzzbSQ
yt-04541,2,3,C3z79NQUX28
yt-04542,2,3,LJBYbMSc8dk
yt-04543,1,2,LJDxqnJksc0
yt-04544,2,4,BCHDTcTNbag
yt-04545,0,1,1CbhgAL44Gk
yt-04546,1,2,FyWtzmH05k4
yt-04547,2,3,_nGtH-JQV5w
yt-04548,0,1,bTz9okKE-NU
yt-04549,1,2,qsncg10fKIM
yt-04550,2,3,FTKDwF3JyXo
yt-04551,1,2,P49zOa5-pB4
yt-04552,2,3,NJKaYAJmTpA
yt-04553,2,3,8qWFCf7Ab7Y
yt-04554,0,1,9FMxPk9gzQE
yt-04555,0,1,he5KrEXE12g
yt-04556,2,3,1veitumiKwc
yt-04557,0,1,hYZrqTMueCI
yt-04558,2,4,u4n7GLHhuN0
yt-04559,2,3,BABRe53fna4
yt-04560,2,3,ZOUSjqTH1xk
yt-04561,2,3,FHfD3jeY2Ws
yt-04562,2,3,Ia4RNWhq9K0
yt-04564,2,3,XY9GhLNm37g
yt-04565,2,3,_JlbMSEnB6I
yt-04566,0,1,M_WNKbzj-84
yt-04567,2,3,1y2IvCXZhts
yt-04568,0,1,NLgu0wcTCd4
yt-04569,2,3,J9e-b-mek9A
yt-04570,0,1,DK-L1hS6Iy4
yt-04571,2,3,w2mEM_VPaZQ
yt-04573,1,2,KykPRW4y8jE
yt-04574,0,1,Ma60BMXLe7s
yt-04576,0,1,sk1_i-3gGiE
yt-04577,0,0,dapK2TiM_Rg
yt-04578,2,3,hXVvknE1IO8
yt-04580,2,3,CiAMHa9ta_M
yt-04581,0,1,m0_SMiOecko
yt-04584,0,1,Oi4D9FaWyeY
yt-04585,0,1,k-_pA5XgHI8
yt-04586,2,3,PTX5hCdGGpc
yt-04587,1,2,5VC2bvjPTcU
yt-04590,1,2,uu2zRlPidNk
yt-04591,0,1,X2PwLvu-Y9w
yt-04593,0,1,3V9U7PGI4UE
yt-04594,2,3,8UH6G1LnXR8
yt-04596,2,3,3FCJhXdYV84
yt-04597,0,1,novideo-4597
yt-04598,2,3,Tnw86705kOM
yt-04599,2,3,42RfSrDw2WI
yt-04600,1,2,OVlJczrBw0k
yt-04601,2,3,TfgdwInk4l4
yt-04603,2,3,B-zaLvhYxEc
yt-04604,0,1,9TmO9LA0c0U
yt-04605,0,1,E7wCds9ogtc
yt-04606,0,1,0gafYXgVQcY
yt-04607,0,0,P8x636PRwrg
yt-04608,1,2,P8-kxc4L8_o
yt-04609,1,2,ZLiLL6S_eeQ
yt-04610,2,3,5-t9a2sb8_Q
yt-04611,2,3,jOASMPYiJy8
yt-04612,2,3,F-ni1DFtdr8
yt-04613,2,3,Eifv1zrQF3A
yt-04614,1,2,G0N9f8Lmphs
yt-04615,2,3,R-EbqYmh0OY
yt-04617,2,3,HLjrryEFAws
yt-04618,1,2,4Dgh-YtAMOw
yt-04619,2,3,8UH6G1LnXR8
yt-04621,1,2,n9m-7DScMFo
yt-04623,0,1,WSUcy_sh2Bg
yt-04624,0,0,jlbG6ktQwt4
yt-04625,2,3,53LyRClbD40
yt-04626,2,3,1kpbCN848L8
yt-04628,0,1,teS7GwIzNP0
yt-04630,2,3,pb4qYO7o8wA
yt-04631,2,3,nHlMTLzam8Q
yt-04632,0,1,y50IumvSk38
yt-04634,2,3,GU2cMCU1cvU
yt-04635,0,1,EEN5X6bBtQc
yt-04637,0,1,X3SndDjuf7s
yt-04638,0,1,fzQSr9zTB4U
yt-04639,0,0,wzci83jjI8M
yt-04642,0,1,RzXgg5vpyWk
yt-04643,0,1,bLuzHfbpres
yt-04644,2,4,mnM5nQMO680
yt-04645,1,2,7-PhMFl-K8Q
yt-04646,2,3,DC05VUtSHmA
yt-04647,1,2,QAD6BiFD6dg
yt-04648,0,1,yO31zdoFQ7U
yt-04649,1,2,m0_SMiOecko
yt-04650,0,1,RP6Key8CWhM
yt-04651,2,3,HblNpnupClY
yt-04652,0,1,OhrX7At2UAs
yt-04653,0,1,GCdTWyocEsY
yt-04654,0,1,pgVGiDUIfe8
yt-04655,2,3,w-QQcCoS5C0
yt-04657,1,2,CCdRLdqaO4I
yt-04658,0,1,AM1nJs4DHAk
yt-04659,1,2,L9JyjFe4VVQ
yt-04660,2,4,voydZ694twc
yt-04661,2,3,l-Qm54H8oJQ
yt-04663,2,3,RRcxfUu8v5Y
yt-04664,1,2,Poy35rRTf3Y
yt-04666,1,2,uCPkx7vX6ek
yt-04667,0,1,-VWrqKzVXDw
yt-04668,0,1,h9oZAf8e2zE
yt-04669,2,3,-AVpfcE3F3E
yt-04670,2,3,OCvF8vGQQfw
yt-04671,0,1,linvXAI_qnM
yt-04672,2,3,HIIXouQoRys
yt-04673,2,3,3hmetCPdy3w
yt-04674,2,3,9yiM1Ipj6Eg
yt-04675,0,1,zeQFTskMi_w
yt-04676,1,2,FvvH9uMMPFc
yt-04677,2,3,JDHRxHGqH0Q
yt-04678,0,1,Bbk3YiIBFho
yt-04679,2,3,5ORRb2T1M7Y
yt-04681,0,1,a3JY9mWX00M
yt-04682,2,3,Ygd-Q0TVzFM
yt-04683,0,1,Qii8ytp5BpI
yt-04684,0,1,Xz7pOIpNqT0
yt-04685,0,1,439EHKYXHvQ
yt-04687,2,3,m0_SMiOecko
yt-04688,2,3,F5y63dTcjak
yt-04689,1,2,WykaK4dULpc
yt-04690,2,3,dPPgumaP92M
yt-04691,0,1,uzYdEkQzyaw
yt-04692,1,2,Ulm3psXZo3I
yt-04693,0,1,m0_SMiOecko
yt-04694,2,3,Plg9P8sBAYE
yt-04695,1,2,xzMglSKEb-g
yt-04696,2,3,qUiOE9gNXYM
yt-04697,1,2,SSbiYaxgL8U
yt-04698,1,2,pX17EhxhN74
yt-04700,2,3,3okKhqMnD2g
yt-04703,2,3,CFTyyxTabmE
yt-04704,2,3,RnEiqCtr7Jc
yt-04705,2,4,pXeOtkaIxgU
yt-04706,2,3,y-eH5oo7BP0
yt-04707,2,3,CZYks3pUD6A
yt-04708,0,0,Rc0ZGv58hnw
yt-04709,0,1,EJN_E9vXLJo
yt-04710,2,3,NyXYVgT3Z0Y
yt-04712,2,3,pXeOtkaIxgU
yt-04713,0,1,6-KgPPx3uwI
yt-04714,2,3,BFsvp5H9BH8
yt-04715,1,2,6ZOmuWWomSI
yt-04716,2,3,87-suVfGLyE
yt-04717,1,2,vI1P16MO6IM
yt-04718,0,1,novideo-4718
yt-04719,0,1,he5KrEXE12g
yt-04720,2,3,245tJt9MIgU
yt-04722,2,3,m0_SMiOecko
yt-04725,2,3,s0nuKKa7Lv0
yt-04726,0,1,HO04mm0QkKo
yt-04727,2,3,bOFh6vvX_Bk
yt-04730,2,3,E4B5TUpYhKc
yt-04731,0,1,kso5F6b8GwU
yt-04732,0,1,EWTFiNVvjO8
yt-04735,0,1,xwquU-4IGLU
yt-04736,0,1,Y75S3K2qeo0
yt-04737,1,2,XsxxjO-d3W4
yt-04738,0,1,yL76f9B0VEY
yt-04739,2,3,_zg4pI-Qndc
yt-04740,2,3,nyc3QgMmclU
yt-04741,0,1,NLgu0wcTCd4
yt-04743,0,1,QquXYHla7lg
yt-04744,0,1,8tR0YQxyjdI
yt-04745,0,1,2Dv0IBFwmn4
yt-04746,2,3,-c39jDfC2W8
yt-04747,2,3,ZS0queQni3Q
yt-04748,1,2,Niufe61hvmk
yt-04749,0,1,H0bKUYV7g44
yt-04750,2,3,w2mEM_VPaZQ
yt-04751,1,2,57P4muPJrLQ
yt-04752,0,0,UgAD2hx0fs8
yt-04753,2,3,9-KYS28cUJE
yt-04754,1,2,unB18Si-rwg
yt-04755,1,2,-_p544IMzow
yt-04756,1,2,FM8dg8dQ46Y
yt-04757,2,3,Wphshy27vSk
yt-04758,2,3,U11jqX7ZYyk
yt-04760,2,3,wJBZ0cZmeqI
yt-04761,0,1,37Mv_9tSZA8
yt-04764,0,0,_yxScFRr57U
yt-04765,0,0,g1o2LKfaQQI
yt-04766,2,3,HY0idThSipM
yt-04767,1,2,6mhlN0VdTmY
yt-04768,1,2,1X-5XVgN5Jw
yt-04769,2,3,yTnHjR_HyMA
yt-04770,2,3,uSyQ2_lhuvI
yt-04771,1,2,5v7r26uWu4M
yt-04772,1,2,HtqyzjEuwlE
yt-04773,2,3,N1gmF_eMXb0
yt-04775,2,4,PH_8xiKFBxk
yt-04776,1,2,3jhea1aHxgI
yt-04777,0,1,zvaSTDWMFWE
yt-04779,1,2,MWq3SPpxEQQ
yt-04780,0,1,NwCeg1jqh2Y
yt-04781,0,0,cCJi_9GV44c
yt-04782,2,3,YoD3GqU9HJQ
yt-04784,0,1,5VvpisAPdAg
yt-04785,1,2,AvQbXuLmNkc
yt-04786,1,2,N7dMYBGhLv0
yt-04787,0,1,lEDAfEtKjhE
yt-04788,0,0,clTFpGUtAGY
yt-04789,2,3,pg0UltA-O5E
yt-04790,1,2,oZN2Ni9yXB4
yt-04791,0,1,RllOvVuC0JM
yt-04792,2,3,wm5K9vdqfBk
yt-04793,0,1,iRaRHa2T4iQ
yt-04794,2,3,Y3T20pSx4C0
yt-04795,1,2,Abq4vNaZH-w
yt-04796,2,3,l8xUFhkVwIM
yt-04798,2,3,34ygxF4_SW8
yt-04799,0,1,2Rk4lSAyuJQ
yt-04800,2,3,P-ytAd5DvD8
yt-04801,0,1,_-sXeX9ntsM
yt-04802,2,3,C3z79NQUX28
yt-04803,2,3,FOfPzuEc_Xk
yt-04804,1,2,H0jIiPBBvCo
yt-04805,1,2,tVMgJiubI4k
yt-04806,2,3,EwiMLHfwePg
yt-04807,0,1,uJRq7aISZdo
yt-04808,0,0,oCoBJx8AY-I
yt-04810,0,0,9KOMrYH6yJI
yt-04811,0,1,tUO0U4x942g
yt-04813,2,3,j84zsPtsDnU
yt-04814,2,3,UhFdcBIIrBk
yt-04815,0,1,-0ZEcyC0Cqw
yt-04816,2,3,1VTLzDSRNCE
yt-04817,1,2,dY2dzs1Y9WE
yt-04818,1,2,m9-51v7DZ9E
yt-04819,0,1,nU6VJisRkMI
yt-04820,2,3,1VTLzDSRNCE
yt-04821,0,1,HSnKRW7ffcY
yt-04823,2,3,J9e-b-mek9A
yt-04824,0,1,umdg4qrhL1o
yt-04825,0,1,K0xQwPkfzzo
yt-04826,2,3,yk4TUVgUHdg
yt-04827,1,2,tZRoFcDRcXI
yt-04828,1,2,e9KDcYLzKy0
yt-04829,1,2,zQiCkbGdrvE
yt-04830,2,3,jsM-JaVCSM0
yt-04831,0,1,_wUW1tKmVZA
yt-04832,2,3,8UH6G1LnXR8
yt-04833,0,1,FM8dg8dQ46Y
yt-04834,1,2,PbQEhJnZCi4
yt-04835,0,1,V_4TGyA8aHY
yt-04836,2,3,0m7gb6NFAvs
yt-04837,1,2,GEYybssV-k4
yt-04838,2,3,_FoIY4MdolE
yt-04839,1,2,1_Rbw47AtZI
yt-04840,2,3,r5IUTk6QLYU
yt-04841,0,1,kPv2IAsDh_A
yt-04842,1,2,O7Y7H-WgyMs
yt-04843,2,3,Pe0SmG6Rzj0
yt-04844,0,1,8nYINqVRUG0
yt-04845,1,2,koqhB94Zw-s
yt-04846,0,0,_NsDbBozNBA
yt-04847,1,2,xk5jUWlygLc
yt-04848,0,1,R5GuibemimM
yt-04849,1,2,1CIc6t7_6eY
yt-04851,1,2,ALmoBq5LXuU
yt-04852,1,2,FO2EiKvzFuA
yt-04853,1,2,BuzKJepbwBI
yt-04854,2,3,0s0PZqI_BOo
yt-04855,0,1,krvzNof0WF8
yt-04856,0,1,6Xta0UXNsLY
yt-04857,2,3,a2R29Br5rpk
yt-04858,2,3,m0_SMiOecko
yt-04859,0,1,A5AqrSTQffo
yt-04860,2,3,1KEJYiE1XpA
yt-04861,2,3,XHqFoc0Gpk0
yt-04862,0,0,VZSFaT_mkLM
yt-04865,1,2,fyotedVQ60w
yt-04866,1,2,ehZb1thSibo
yt-04867,0,0,v4RiM8y89og
yt-04868,2,3,loGPTVus2EU
yt-04869,1,2,pXeOtkaIxgU
yt-04871,2,3,1VRlsD09id8
yt-04873,1,2,JGDdMxxSEiw
yt-04874,0,0,s-D4wEVqPik
yt-04875,0,1,W03j4e9XroE
yt-04876,2,3,D-8WCKrxqGw
yt-04877,0,1,huyBbFAj4-M
yt-04879,0,1,XlsdWb09bjQ
yt-04880,1,2,V6Eti7LATys
yt-04881,0,1,H5WZyDQmS40
yt-04883,2,3,J9e-b-mek9A
yt-04884,0,1,IZA7R1swt18
yt-04885,1,2,RnQ4cm_H-xA
yt-04887,0,1,qeTQudbNfns
yt-04888,0,1,novideo-4888
yt-04889,1,2,yL76f9B0VEY
yt-04891,0,1,jWoIwIImxIY
yt-04893,0,1,kOQ5trC4BgY
yt-04894,0,0,QmfvaL9RgkE
yt-04897,2,3,RN0zNNH89h8
yt-04899,0,1,8cSotPScXwI
yt-04902,0,1,0NxHa_AUSJM
yt-04903,1,2,N3qXVVVDK9o
yt-04904,1,2,1caGrSFdJv0
yt-04905,2,3,MyB614iZ6mQ
yt-04906,2,3,o8-4eE2YgDw
yt-04907,0,1,Il6c0SozdgE
yt-04908,0,0,novideo-4908
yt-04909,0,1,novideo-4909
yt-04910,2,4,yypLKij21-Y
yt-04911,0,1,hAgmN5X4ZqU
yt-04912,0,1,CFTyyxTabmE
yt-04913,1,2,IvF9_TxAato
yt-04914,0,1,uzYdEkQzyaw
yt-04915,2,3,LUTETxEMltA
yt-04916,1,2,du5VMbZtK-c
yt-04917,2,3,3YcbOsuUUuA
yt-04920,1,2,VkuFXSGqxe8
yt-04921,0,1,zwwVFse75Is
yt-04923,0,1,Xgv2M5_IpCU
yt-04924,1,2,y_hy8DfxDsw
yt-04925,1,2,xxmBEiWYYPA
yt-04926,1,2,tUV5W1dF3Nw
yt-04927,2,3,PHt74nKN0HU
yt-04928,1,2,3qUsLgM_3aA
yt-04929,2,3,XGl4mWDiW8o
yt-04930,1,2,VUt4-B7kODE
yt-04931,2,3,novideo-4931
yt-04932,0,1,8j2Y9OOLTxs
yt-04933,1,2,l372eyy3Aoc
yt-04934,0,1,CFTyyxTabmE
yt-04935,0,1,tHszYICnxvI
yt-04936,1,2,qVrhqMG4rJM
yt-04937,2,3,m0_SMiOecko
yt-04938,0,1,jGhSyVgQ6uI
yt-04940,2,3,Y8UdhfZ9w5A
yt-04941,1,2,OVpQGCu15O4
yt-04942,0,1,ShfX7gK_pAw
yt-04943,0,1,DK-L1hS6Iy4
yt-04944,1,2,7ep1BGMJJZ8
yt-04945,0,1,unB18Si-rwg
yt-04946,2,3,2V-RBi8NDyc
yt-04947,0,1,b0139fTK3iY
yt-04948,2,4,Yq0EiGZrFlU
yt-04949,2,3,ERm2qBVX0_g
yt-04952,2,3,zpzxFFu8NNs
yt-04954,2,3,DKhXjmGU1io
yt-04955,1,2,kAEVdbe-kIs
yt-04956,1,2,7hMfGlt-AfU
yt-04957,1,2,_46CzJJudnc
yt-04958,0,1,mURdo7tzxe4
yt-04959,1,2,vpoVEhc2Xgk
yt-04960,0,0,OYook9RfrdY
yt-04961,0,1,Jw6l11taw1I
yt-04962,0,1,S6EAN3ZaXh8
yt-04963,0,1,Oi4D9FaWyeY
yt-04964,2,3,pXeOtkaIxgU
yt-04965,2,3,NxypeHZMIGQ
yt-04966,0,1,Wsybj-jrLIk
yt-04967,2,3,rkqU4DxnE8g
yt-04969,2,3,HyBxQ2huIlo
yt-04971,1,2,suibKgFNx5A
yt-04972,0,1,5WxZFYCpy54
yt-04973,2,3,v7zlnATufOw
yt-04974,0,1,ZS4_w1xK3OE
yt-04975,1,2,k_z_iSulTuU
yt-04977,0,1,tjWTPwPbr1g
yt-04978,2,4,jxJwOrNthzE
yt-04979,2,3,novideo-4979
yt-04980,1,2,VCFa9S-xJh8
yt-04981,1,2,HBBW3DSgEw4
yt-04982,1,2,uRFP_2R1xlU
yt-04983,2,3,YFM8Axmv-jc
yt-04984,0,1,8smDKTNhvbw
yt-04985,2,3,0VrZVZNR8oA
yt-04986,0,1,hm3saqzhpOM
yt-04987,2,3,pphIQIqfw88
yt-04988,1,2,R5GuibemimM
yt-04990,2,3,FgoQ99VuDCQ
yt-04991,0,1,Wr_530gpHEY
yt-04996,1,2,taNife0h1gg
yt-04998,0,1,u4luXKl63Vs
yt-04999,0,1,UhFdcBIIrBk
yt-05001,0,1,d6H4-FcmOsk
yt-05003,0,1,pm295vwWOa8
yt-05004,0,1,m-w5lta0JMY
yt-05005,1,2,3sJ9hxIKLVk
yt-05006,0,0,abf7_2tpbT8
yt-05007,0,1,Erun0iFoe-g
yt-05008,1,2,FNamTchpSJA
yt-05010,1,2,AkD944uT-lM
yt-05011,1,2,EA-pVOEVzoI
yt-05012,1,2,fq_62Og5EDw
yt-05013,1,2,8UH6G1LnXR8
yt-05014,2,3,6FSf4_-rAGA
yt-05016,0,1,RlICdcWmquo
yt-05017,2,3,uUkaepCvXVo
yt-05018,2,4,TsVIrjj_VW0
yt-05022,1,2,m0_SMiOecko
yt-05023,1,2,9VvAXdXiU6Q
yt-05024,2,3,UmHawxpL0xs
yt-05025,0,1,6TpKGCeSWGQ
yt-05026,0,1,HfhIN31JKuk
yt-05027,2,3,Q8c3UAxRUjQ
yt-05028,0,1,wzpxgL4vxR0
yt-05030,2,3,19J-hr046k0
yt-05031,2,3,y2tkxhVww4M
yt-05032,2,3,5XGo_fvaTEM
yt-05034,2,3,MCRlYg2l4Jg
yt-05035,0,1,PGVr3R6UzuY
yt-05036,0,1,7bRoiuc27w8
yt-05037,2,4,jg7iilmE82M
yt-05038,1,2,zSqX9Dq_Mxc
yt-05039,0,1,mURdo7tzxe4
yt-05041,2,3,dYBUHBF-yLo
yt-05043,2,3,SAwjGnGGTMg
yt-05044,0,1,FqfaM7yKapo
yt-05045,2,3,LDGyooZNX2c
yt-05046,2,3,nzs__ZbidrU
yt-05047,1,2,du5VMbZtK-c
yt-05048,1,2,BFkAoA7LLIc
yt-05049,1,2,sQ3zaKODtaU
yt-05050,0,1,bqODeY2yiVs
yt-05051,1,2,y_hy8DfxDsw
yt-05052,2,3,snPGQusf_M0
yt-05053,0,1,BvUSKnLQaWo
yt-05054,0,1,zrT4TWr15RE
yt-05055,0,1,v44fHcK3otk
yt-05056,0,1,7iI8Qv665mg
yt-05058,1,2,q11oZixMRY8
yt-05059,1,2,D-uZmr5IIXY
yt-05060,0,1,UCjhZ92hX8s
yt-05061,1,2,4udGUaa-PKs
yt-05063,1,2,t36UFQm30qg
yt-05064,1,2,novideo-5064
yt-05065,0,1,yWUiSwZuv9g
yt-05066,2,3,5ORRb2T1M7Y
yt-05067,2,3,MK5FiXdkOQM
yt-05068,2,3,6mhlN0VdTmY
yt-05069,2,3,hxdRSl5gufQ
yt-05070,0,1,7ucnwDU8uDQ
yt-05071,2,3,5_ZzO4c4bGE
yt-05072,1,2,wZu-10tbiCQ
yt-05073,0,1,HyXYwx9AHHI
yt-05074,0,1,DWIZW0p-QMQ
yt-05075,0,1,XLb9fujOmyI
yt-05076,2,3,BFuz4UsYRVo
yt-05079,0,1,xudo1vw3oOk
yt-05080,0,1,Hdm2eG3kW1k
yt-05082,0,0,_s3S-QUtGTM
yt-05083,0,0,FuZVA3s7b1c
yt-05084,0,0,ucpZJCB_6ug
yt-05085,1,2,WfshEpeYqSo
yt-05086,1,2,Hux1Rot8W2M
yt-05089,0,1,58frGISFQUE
yt-05090,2,3,Ia4RNWhq9K0
yt-05092,1,2,le-j-ZeGGhE
yt-05093,2,3,RffjlOYCPCM
yt-05094,1,2,HU3IEzXXD6c
yt-05095,0,1,5hoWPP_0uJc
yt-05096,0,1,lHM4fPRVS0s
yt-05097,0,1,8U6J1qBDkGM
yt-05098,0,1,kn9lEAZ0s-s
yt-05099,0,1,novideo-5099
yt-05101,2,3,g1UhspNtUiQ
yt-05102,2,3,DNmgyFcSeGg
yt-05103,0,1,edgGyRWDqko
yt-05104,0,1,Abq4vNaZH-w
yt-05105,0,1,F8PHudLQjuo
yt-05106,2,3,1g59gXc7OYA
yt-05108,0,1,dabaN23Ip6U
yt-05109,0,1,nAOy7C5XTjw
yt-05110,0,0,AxaIZ36B4C4
yt-05111,2,3,NW5ZrDYzJEI
yt-05113,1,2,0jXUuKCcTAQ
yt-05114,2,3,dYfGYirFV6M
yt-05115,0,1,lQFsIhMo2Zs
yt-05116,2,3,cl_ahNTnzV8
yt-05117,1,2,JIbDTblH_8Y
yt-05118,0,1,YCR4MI3gZAo
yt-05119,0,1,9TikPwkXYz4
yt-05120,0,1,lUtXwHT-Nbc
yt-05121,2,3,mbcEkJYW8Bo
yt-05123,0,1,pPfXu54nGDc
yt-05124,2,3,RzXgg5vpyWk
yt-05125,2,3,bTz9okKE-NU
yt-05126,2,3,WZJb-QoUUKo
yt-05127,0,1,l9mPU7P3raM
yt-05128,0,1,-HHOOoGC1NQ
yt-05130,1,2,oqhzw42jS38
yt-05131,2,4,_s4wWYeN57M
yt-05132,0,1,h_BtNJhCQ6M
yt-05133,2,3,KasDP_HMxcY
yt-05135,0,1,MCRlYg2l4Jg
yt-05136,2,3,JIigW7ae_Kw
yt-05137,0,1,Nu6612nPx34
yt-05138,0,1,u1MnApNpV3c
yt-05139,0,1,G2Cto08tkHs
yt-05140,0,1,rOaV0ZD8BpA
yt-05141,0,1,nr8pzRqh6jE
yt-05142,2,3,PffplHVm_t0
yt-05143,2,3,vpoVEhc2Xgk
yt-05144,1,2,NK-EG-bxX18
yt-05145,1,2,xOqQKxxb0J4
yt-05146,2,3,lS6882C0mQc
yt-05147,2,3,JCOiZtAvwso
yt-05148,1,2,6BKO1EsPxwM
yt-05149,2,3,0qSRnaW4PO8
yt-05150,0,1,6Wvx8mXBOkA
yt-05151,0,0,xakDlcDSwZs
yt-05152,2,3,PhbrX7K2GYg
yt-05154,1,2,xjvIW7D3xtU
yt-05155,1,2,xLRTltuiR50
yt-05156,1,2,ljKZ4QXJxec
yt-05158,2,3,VkuFXSGqxe8
yt-05159,2,3,IG5SWgcYRRA
yt-05160,1,2,Kc4GGo-2lLs
yt-05161,2,4,FJagwas5CuY
yt-05162,0,1,iBIKcoUeDYI
yt-05164,0,1,tDI67wCFdOw
yt-05165,2,3,-AVpfcE3F3E
yt-05168,2,3,wJbhkoOCFy4
yt-05169,2,4,Ia4RNWhq9K0
yt-05170,2,3,8Zrgtbf0ZpI
yt-05171,2,4,Gi6lzegB1ck
yt-05172,0,1,85ZFsVmGXHI
yt-05173,1,2,GPyd_DH7zBE
yt-05174,1,2,g844vfYjkLM
yt-05175,0,1,ya03sXcaT1w
yt-05176,2,4,sepI2oMcbsM
yt-05179,0,1,87eS-KyS9N0
yt-05180,1,2,O32WiS3BgnA
yt-05181,1,2,k0o7AkXqv1Y
yt-05183,0,1,F1sAgoAzAn4
yt-05184,0,1,xk5jUWlygLc
yt-05185,0,1,eGwpzq0hNYg
yt-05186,1,2,EIoL4NfAi3A
yt-05187,1,2,yQNhFeAdT5o
yt-05188,2,3,m0_SMiOecko
yt-05189,2,3,URWOakc0F40
yt-05191,0,1,_vQc3-omWds
yt-05192,0,1,sBcv58DvnTc
yt-05193,2,3,m0_SMiOecko
yt-05194,2,3,m6aGPJgfhNY
yt-05195,0,1,aIA4woCcjVw
yt-05196,2,3,Tnw86705kOM
yt-05197,1,2,MEbQaysavtU
yt-05198,1,2,auLy9e0ElV0
yt-05199,2,3,rR85UhfXWSQ
yt-05200,1,2,k8EFu2rRDa8
yt-05201,2,4,T2RfleNg7vQ
yt-05202,2,4,He1l5aNisMo
yt-05203,0,1,MwYatAqodsY
yt-05204,2,3,MCRlYg2l4Jg
yt-05205,2,3,euXOFwRkAqI
yt-05206,0,1,eYR_biRN_LY
yt-05207,1,2,lgbADhdrtQ8
yt-05208,2,3,LykotTtdTSQ
yt-05209,0,1,_TpklZJKDus
yt-05210,0,1,ZOUSjqTH1xk
yt-05212,2,3,hIyUCqJqGqI
yt-05213,1,2,9e4SzOy8bbQ
yt-05214,2,4,EI1KY1NMx3I
yt-05215,1,2,Abq4vNaZH-w
yt-05217,2,4,K7b7vGEr6CU
yt-05218,2,3,QtcUTc44jvE
yt-05220,0,1,Kftr-xiG-hw
yt-05221,0,1,8RlTehaIp4o
yt-05222,2,3,Rk-aLYI4cfg
yt-05223,2,3,sa2A4UsFprM
yt-05224,2,3,5MFMC7A56cs
yt-05226,1,2,HMhbTQXvTz0
yt-05227,2,3,5H3NuRl7Ppw
yt-05228,0,1,cF7El7ayVqk
yt-05229,0,1,q3ZmfnkywmY
yt-05230,1,2,54bYqxe6ZyM
yt-05231,1,2,0nBN2SoWvdI
yt-05232,2,3,Y3T20pSx4C0
yt-05233,0,1,vT7pKGCmA4w
yt-05234,1,2,h-byTuaK42M
yt-05235,0,1,HXp7UC0YPD0
yt-05236,0,1,7kCc4g8vT1I
yt-05237,0,1,A1-_4ulJuCk
yt-05238,0,1,HXxH7mRkVLM
yt-05240,2,3,G3C_bJ_XwHw
yt-05242,1,2,XDCPvgBb7Sw
yt-05243,0,1,9TmO9LA0c0U
yt-05244,0,1,9wltaqoWqB8
yt-05245,2,3,xcH3d0w9Xxw
yt-05246,2,3,FE0rzjjQYmI
yt-05247,0,1,FhMzIu_lOB4
yt-05248,0,1,gjxUk_-pywg
yt-05249,2,3,vda59x-HkBc
yt-05251,1,2,RzXgg5vpyWk
yt-05252,2,3,0s0PZqI_BOo
yt-05254,2,3,bUswGiwRrjM
yt-05256,0,1,8RS99tJi3qQ
yt-05257,1,2,o9f3p4HYNPc
yt-05258,2,3,tAHK6E03ORo
yt-05261,0,1,jgbzFxgNXZ8
yt-05262,2,3,UVwj3xZUaM4
yt-05263,0,1,rCLX54yRVt0
yt-05264,0,1,-yzD04Xpxv4
yt-05267,0,1,KeZHrBkQXSg
yt-05268,0,1,gVxE2r9BJ2U
yt-05269,2,3,g5wDjfwmohs
yt-05270,1,2,DyUJzJ7ED0E
yt-05272,0,1,9TmO9LA0c0U
yt-05274,2,3,cfP0cBKHXo0
yt-05275,2,3,i5Kybh7ZtEs
yt-05276,1,2,fwYZBXBlmsM
yt-05277,0,1,CmnLijwQC-4
yt-05279,0,1,KOvbTza65zk
yt-05280,0,1,lbii0kJ_EBY
yt-05281,2,3,novideo-5281
yt-05282,0,1,pqinvobBwRQ
yt-05284,1,2,VkuFXSGqxe8
yt-05285,0,1,8WpODPUBMxM
yt-05287,2,3,9fahTyWlf64
yt-05288,2,3,lfP2Pz_2iMM
yt-05292,2,3,IWEh6oySQAk
yt-05293,2,3,iPGvMvJWBGU
yt-05294,2,3,dIXf3NlecOo
yt-05296,1,2,sX5ORTz9SAo
yt-05297,0,1,w6mv_20HMnk
yt-05298,1,2,FYOyXuEtJkY
yt-05299,1,2,j84zsPtsDnU
yt-05300,0,0,H0bKUYV7g44
yt-05301,1,2,fDLoffUXezc
yt-05302,2,3,ljNg-ZFZJRg
yt-05303,2,3,h3EFevb9N6Y
yt-05304,0,1,06HSulZR5oc
yt-05305,2,3,LJDxqnJksc0
yt-05306,1,2,245tJt9MIgU
yt-05307,0,1,osGSUtIR5jU
yt-05309,0,0,z00wiPTGH9o
yt-05310,0,1,ejcU9qjs07I
yt-05312,2,3,_d_S0CHRQYk
yt-05313,2,3,m0_SMiOecko
yt-05314,0,1,tyEntLihn4E
yt-05315,1,2,rW1eGZ12ybg
yt-05316,0,0,0tYTvthMPXA
yt-05318,2,3,MAVS-JU9Go0
yt-05319,0,1,MF3X32kP7as
yt-05320,1,2,ovXkapVSGPI
yt-05321,0,1,J6C5Qe7WHbg
yt-05322,2,3,zwQFx19u8b0
yt-05324,1,2,rSlpeFsOsds
yt-05325,2,3,J9e-b-mek9A
yt-05326,0,1,URYu8gilAgo
yt-05327,1,2,VNFL3tnHd6s
yt-05328,1,2,BpNvIShIm3k
yt-05330,2,3,1YZ5yFrk090
yt-05332,2,4,qh85fT3ARe8
yt-05333,1,2,oKieT1EnPpw
yt-05334,2,3,dDQNAj62lZE
yt-05335,0,1,w0pRLvUzCHA
yt-05336,1,2,ueBx19_YN14
yt-05337,2,3,yK3jcCaZHKI
yt-05338,2,3,P051rbLjttY
yt-05340,2,4,I0fDsCgxAdQ
yt-05341,2,3,WfshEpeYqSo
yt-05342,1,2,y_hy8DfxDsw
yt-05343,2,3,JWbnm05ERqM
yt-05345,2,3,5i_X2SFHqDY
yt-05347,0,1,8eEkKf0YEQU
yt-05348,2,3,pkseu5q2vnU
yt-05350,0,1,hy_Ms6HZtHY
yt-05351,2,3,Mn5tGYFSb8w
yt-05352,2,3,PkLeE7ksifI
yt-05353,2,3,pXeOtkaIxgU
yt-05354,1,2,aUmRiEhOjBE
yt-05355,2,3,vp0bll5in78
yt-05356,0,1,FOpupYYMuvE
yt-05357,0,0,Nm8on_ZzXQc
yt-05358,1,2,VkuFXSGqxe8
yt-05359,0,1,BtvDCXYCsZU
yt-05361,1,2,rrIwGAWI7XI
yt-05362,1,2,7tnZtW7N2g4
yt-05363,2,3,8qWFCf7Ab7Y
yt-05365,0,1,TfWZD310XWc
yt-05366,2,3,IzGR6FIYTio
yt-05367,2,3,k2BZWzTuKeM
yt-05368,1,2,07C1KJrlTPk
yt-05369,0,1,9TmO9LA0c0U
yt-05370,0,1,ZuK4ACMjAGc
yt-05371,0,1,viETd50OZqU
yt-05372,0,1,RZitdrxhYPY
yt-05373,1,2,s2w0X6aL1Do
yt-05374,1,2,OhwD1UD-5Sw
yt-05375,0,1,_P34tYjZVCg
yt-05377,2,3,wO0gyA3wr0U
yt-05378,2,3,XYumIVMLbmc
yt-05379,1,2,o4MK7fUq3W8
yt-05380,1,2,8qWFCf7Ab7Y
yt-05381,0,1,JVEu36PKnfU
yt-05382,1,2,yoD6NIPfS_8
yt-05383,2,4,OhrX7At2UAs
yt-05384,2,3,BkVt02Z-8Hg
yt-05386,0,1,pdImt5Nc0yk
yt-05387,2,3,xCkjdAMMIsk
yt-05388,0,1,qpGHlrNOrRU
yt-05389,2,3,DC05VUtSHmA
yt-05390,0,1,OjmgNMFgqeM
yt-05392,2,3,yNuU2vm2784
yt-05393,0,1,zhyHyeWp8qM
yt-05394,0,1,bsPSjToLEvc
yt-05395,1,2,-VDjG0yKBls
yt-05396,1,2,Fpo_OmFwiBA
yt-05397,2,3,qGKAHFvdYT8
yt-05398,0,1,JpjqX1twB_w
yt-05399,1,2,ZRPyzCeztGI
yt-05400,2,3,QAtPYVJzeZ4
yt-05401,1,2,s6pRiWORI2I
yt-05402,0,1,xYFR5YJ5gv0
yt-05404,2,3,m0_SMiOecko
yt-05405,1,2,58frGISFQUE
yt-05406,1,2,yD8syjMXhyc
yt-05408,0,1,mURdo7tzxe4
yt-05409,2,3,m0_SMiOecko
yt-05410,0,1,k_7YNsNvvE8
yt-05411,1,2,X7fl-jN24j0
yt-05412,1,2,0NfArkRDato
yt-05413,2,3,novideo-5413
yt-05414,2,3,novideo-5414
yt-05415,0,1,laqhvGqGRxM
yt-05416,2,3,fulCCOU6joE
yt-05418,0,1,9GxGuzEmBk0
yt-05419,2,3,qimd3tMi0-I
yt-05420,2,3,KdgSw94DlVk
yt-05421,2,3,vpoVEhc2Xgk
yt-05422,1,2,pXeOtkaIxgU
yt-05423,2,3,HtqyzjEuwlE
yt-05425,2,3,ZsBmvBV_yFw
yt-05426,2,3,CCdRLdqaO4I
yt-05428,1,2,VZSFaT_mkLM
yt-05429,0,1,JYDdphFR3vs
yt-05430,2,3,yHNSkqg1xfg
yt-05435,0,0,novideo-5435
yt-05436,0,1,Mc3jS6HZdCg
yt-05437,2,3,Gr99c48-g3c
yt-05438,0,1,FuZVA3s7b1c
yt-05439,2,3,novideo-5439
yt-05440,1,2,bazjFCQKgEY
yt-05442,2,3,ejPRQ37seqk
yt-05443,0,1,QyyEhXGKQrc
yt-05444,0,1,4xinKr32qE4
yt-05445,2,3,mZhm1zQ_RQg
yt-05446,0,1,zWLspUJNFrI
yt-05447,0,0,1HWnE6kYLtw
yt-05448,0,1,PIUgPdIkFzc
yt-05449,0,1,amQJf4ypZ7M
yt-05450,0,1,vTPFSwH5E4c
yt-05451,0,1,OQwxDTBSBwE
yt-05452,0,1,JA2Nfbe41hY
yt-05453,0,1,fyotedVQ60w
yt-05454,2,3,1G4d_Sk25dg
yt-05456,2,3,lOfHTsy5g4Q
yt-05457,0,1,l9mPU7P3raM
yt-05458,2,3,TfgdwInk4l4
yt-05460,0,1,qUJn0lajN9I
yt-05461,0,1,wSOG2gEpxiM
yt-05462,2,4,d9zOE9hZTQs
yt-05464,2,3,2lTBkO_Npfo
yt-05465,1,2,xyyHgEgTExo
yt-05467,0,1,8WPN2N45pYI
yt-05469,0,1,jFrKRdtmTcY
yt-05470,1,2,Dn46MxQwBgs
yt-05472,2,3,pXeOtkaIxgU
yt-05475,1,2,BtNBhnz1hBM
yt-05476,2,3,vI1P16MO6IM
yt-05478,0,1,mURdo7tzxe4
yt-05479,2,3,Ep61tpBLF_k
yt-05480,2,4,6Wx3NpeNOgE
yt-05482,2,3,qt4rVgyr1Rg
yt-05483,2,3,Nm8on_ZzXQc
yt-05485,0,1,twIkQTMIoBc
yt-05486,2,3,07C1KJrlTPk
yt-05487,1,2,YO1jkcouJGg
yt-05489,0,1,oQRRuBV3-Do
yt-05493,2,3,6m69n_Aa7PI
yt-05494,0,1,y-eH5oo7BP0
yt-05495,0,1,1VRlsD09id8
yt-05496,0,1,pLnP1jiOrEc
yt-05497,0,1,wYfsB2mvrpQ
yt-05498,0,1,31S1IoauUjg
yt-05499,1,2,ysq0v4dB6X0
yt-05500,0,1,8c19IoH6ldI
yt-05502,1,2,Df4Mj2qkyy4
yt-05503,2,3,x9naNmKWG9o
yt-05504,0,1,mVxgFiA6eC8
yt-05505,2,3,AWQDO-BqtCo
yt-05506,1,2,D9VT5PAeaYY
yt-05507,0,1,76zHukv5Tro
yt-05508,0,1,DgRj9ko0h1o
yt-05509,2,3,8UH6G1LnXR8
yt-05510,1,2,1ZwZLRPXXGY
yt-05511,1,2,C3z79NQUX28
yt-05512,2,3,oqhzw42jS38
yt-05513,1,2,NQDNyRInMXw
yt-05514,2,3,BABRe53fna4
yt-05516,0,1,5pUcYpIyiOg
yt-05517,0,1,x6QDSYgZUqk
yt-05518,0,0,tWSAeOxCdI8
yt-05519,1,2,mD_D1JArYZE
yt-05520,2,3,1RR2DRRF7fI
yt-05522,0,1,CTnYhXZanlY
yt-05524,2,3,BObJiy5noaM
yt-05525,0,1,DK-L1hS6Iy4
yt-05527,1,2,bjSJuZFYleU
yt-05528,2,3,54Gi92YeEs4
yt-05530,2,3,hof4KDEExCk
yt-05534,1,2,-VWrqKzVXDw
yt-05535,1,2,9VGJLR1G8Ac
yt-05536,2,3,FNzEJuVv3qU
yt-05537,0,1,novideo-5537
yt-05538,0,1,GZG0DQRjUC8
yt-05539,0,1,auLy9e0ElV0
yt-05540,2,4,9nDAgz1euZk
yt-05541,2,3,t3Q8Haoiv6g
yt-05542,0,1,ZpqJgmftaTg
yt-05543,0,1,Xt396EA9TTU
yt-05544,2,3,novideo-5544
yt-05545,1,2,DClLbX9hOqU
yt-05546,1,2,hJlg8KdtYuI
yt-05547,1,2,9fahTyWlf64
yt-05548,2,3,aCE9WpOrA_U
yt-05549,1,2,Uko6GcLxw1c
yt-05550,0,0,KSTQm3X7V7Q
yt-05551,0,1,UINr0I5ucpM
yt-05552,0,1,Vnp5e9K0v14
yt-05553,0,1,nfaADx4pcX8
yt-05554,2,3,5HmcNcKSnbk
yt-05555,2,4,L8h8hAj9bWE
yt-05557,2,3,novideo-5557
yt-05558,0,1,k6XIcYHqfmY
yt-05559,2,3,Uc3qhhMauLA
yt-05560,2,3,mMZkf-v8SSQ
yt-05562,0,1,eJVmMbKfICA
yt-05563,0,1,zwwVFse75Is
yt-05564,2,4,v7o4j-bq524
yt-05565,2,3,BGWLFGgZ9IQ
yt-05566,1,2,FuZVA3s7b1c
yt-05567,1,2,LJBYbMSc8dk
yt-05568,1,2,22mC-1465mg
yt-05569,1,2,9XvlHN0UPbk
yt-05570,2,3,DC05VUtSHmA
yt-05571,1,2,PAbHSEitP4M
yt-05572,0,1,hAgmN5X4ZqU
yt-05573,2,3,-FzeRVd4B-Y
yt-05574,1,2,fE_gLKN61_8
yt-05577,2,3,8UH6G1LnXR8
yt-05579,1,2,JTMwxYScWMo
yt-05580,1,2,-ZzTl-igagU
yt-05582,2,3,DC05VUtSHmA
yt-05584,2,3,UBAY26elr-w
yt-05585,0,1,yL76f9B0VEY
yt-05586,2,4,Nyt1Q0QNpq8
yt-05587,1,2,rSlpeFsOsds
yt-05588,0,1,gjZPu42GrmA
yt-05589,2,3,PkLeE7ksifI
yt-05590,0,1,iBmj3OMLdJA
yt-05591,1,2,6AS14_JjIQ4
yt-05592,0,1,hBCCr6c7Lu4
yt-05593,2,3,BABRe53fna4
yt-05594,2,3,4UyfK_NgGUg
yt-05595,0,1,lq-STRyZvok
yt-05596,2,3,0NfArkRDato
yt-05597,2,3,lUNiHp-M9K4
yt-05598,0,1,9YOKva13MqQ
yt-05600,0,1,G6KHT5DdEIk
yt-05601,0,1,LT55cjmCvEM
yt-05603,0,1,ix3N9O0wSms
yt-05604,1,2,BtNBhnz1hBM
yt-05605,1,2,U9Ogs-mUhpQ
yt-05606,0,1,mK-PGh1HGQQ
yt-05608,0,1,fE0w8cJxt8Y
yt-05610,2,3,WAPIFqzSuUw
yt-05612,0,1,NSshvNZeVd0
yt-05613,0,1,wwGJJ4Yj3FA
yt-05615,2,3,mZhm1zQ_RQg
yt-05616,2,4,MSMOYIpZ4ls
yt-05618,2,3,Ma60BMXLe7s
yt-05619,1,2,VUkK0iBvrF8
yt-05620,1,2,GbCJp2HqDJ4
yt-05621,2,3,3RLLJbacMuA
yt-05622,2,3,7OIzJGq3jfY
yt-05624,0,0,qpGHlrNOrRU
yt-05625,1,2,v4uTdnQPzTI
yt-05626,2,3,v1Px4hB18UM
yt-05627,2,3,93u6sP1OcMA
yt-05628,2,3,vDe4czvr2MI
yt-05629,1,2,3kXpCmuHUMY
yt-05630,0,1,1nDHzWI_AUg
yt-05632,2,4,Rg9jY4y6lrk
yt-05633,2,3,QtcUTc44jvE
yt-05634,2,3,RN0zNNH89h8
yt-05635,2,3,BObJiy5noaM
yt-05636,2,3,LlxDEMjUfXQ
yt-05638,1,2,tAHK6E03ORo
yt-05639,2,3,LcUSIKVjXng
yt-05640,0,1,qt4rVgyr1Rg
yt-05641,2,3,w_mYJ-wansQ
yt-05642,0,1,BO8BvpZSisU
yt-05643,0,1,DSeio2-sBPc
yt-05644,0,1,QmpMlEol8TY
yt-05646,1,2,C2M4jnsJPq4
yt-05647,2,3,UvKk4-jpv0Y
yt-05648,0,1,7IFJ3b1NcvQ
yt-05649,2,3,_QjGMChHEQc
yt-05650,1,2,vcCoyEl_tpw
yt-05651,1,2,RM-SzdWC9go
yt-05652,1,2,ue8o8xc5atc
yt-05653,2,4,MmmpmTyBiAU
yt-05654,0,1,nEY7rdDT2nk
yt-05655,2,3,J9e-b-mek9A
yt-05656,2,3,Qm1uEhFS5Ac
yt-05657,1,2,RffjlOYCPCM
yt-05658,2,3,8UH6G1LnXR8
yt-05659,0,1,2w41HF8dLvI
yt-05661,0,1,L0qCqBvXB-s
yt-05662,0,1,_gZfnuQ-N8c
yt-05664,2,3,mR4mhT0psRs
yt-05665,1,2,ML3QKxPsxww
yt-05667,2,3,SVj168mGW-o
yt-05669,0,1,eI8Vguay810
yt-05670,1,2,jFrKRdtmTcY
yt-05671,0,1,uRFP_2R1xlU
yt-05672,1,2,V0Va_HxkKps
yt-05673,1,2,5RnscnAPNms
yt-05674,0,1,dJPcGklBOm4
yt-05675,1,2,aWUvU_0rmlg
yt-05676,0,0,mURdo7tzxe4
yt-05677,0,1,lQIz8m1hTsc
yt-05678,2,3,1RR2DRRF7fI
yt-05680,2,3,YoD3GqU9HJQ
yt-05681,0,1,9TmO9LA0c0U
yt-05682,2,3,BFuz4UsYRVo
yt-05683,1,2,PCFpZ0u_fyM
yt-05684,0,1,3RNAdBxn4GY
yt-05687,2,3,P7VzJjV9gVM
yt-05688,0,1,SCi6t-FW_So
yt-05690,2,3,mIrFlUbt6R0
yt-05691,2,3,sX5ORTz9SAo
yt-05692,2,3,uRiW3NRF2Ys
yt-05693,1,2,kW-OQeQjH2w
yt-05694,1,2,i5Kybh7ZtEs
yt-05696,0,1,7tW_u04Djqo
yt-05697,0,1,S_4ENsnwrw0
yt-05698,0,1,AMK7Qgctj1I
yt-05699,0,1,zPnCMPTzplQ
yt-05700,2,4,3Qwtpxh25fM
yt-05701,0,1,5MCBRjd-QaU
yt-05702,2,3,ROPJbdR_o2E
yt-05704,0,1,m2dEe3Na-w4
yt-05706,0,1,QmjMIHZLJfU
yt-05707,2,3,hYhKwSHU6d0
yt-05708,0,1,1G1zt-UkNxg
yt-05709,1,2,CiAMHa9ta_M
yt-05710,2,3,J9e-b-mek9A
yt-05711,2,3,ONfMmSNXUzc
yt-05712,2,4,Pe0SmG6Rzj0
yt-05714,2,3,01N0ijgE5cM
yt-05715,2,3,DNeUsrnWC1I
yt-05716,0,1,Nm8on_ZzXQc
yt-05717,0,1,3D6EmaSogzc
yt-05718,2,3,pY4yYLRINJ4
yt-05719,0,1,zYtSGXAxeag
yt-05720,1,2,uMaiaMMhTu4
yt-05721,2,3,dyDMHEeeaUw
yt-05722,1,2,ZJ6rIpLDJls
yt-05723,2,3,FTKDwF3JyXo
yt-05724,2,4,8UH6G1LnXR8
yt-05725,2,4,C41NWw9WtX0
yt-05726,2,4,lZJ5okn5ayI
yt-05727,2,3,m0_SMiOecko
yt-05729,0,1,2MoVwEn3Z74
yt-05730,0,1,8Rsq8AJZ71M
yt-05731,2,3,q11oZixMRY8
yt-05732,0,1,Tr-wVG1KtEo
yt-05733,0,1,Lt5qnf7x0iM
yt-05734,0,1,77c1_G66HpU
yt-05735,2,3,40ns51R4HwY
yt-05736,0,1,edOT2L0K0WQ
yt-05737,0,1,hsJzQiNWgrM
yt-05738,0,1,KQhj5Qz8hIo
yt-05739,1,2,u7Pl_OdxcKA
yt-05740,2,3,iUc6bMELMbg
yt-05741,2,4,dSdKszt_ohw
yt-05742,2,3,auv0_8Gofd4
yt-05743,0,1,vpoVEhc2Xgk
yt-05745,2,3,novideo-5745
yt-05746,2,3,Y3T20pSx4C0
yt-05747,1,2,C3z79NQUX28
yt-05749,1,2,4du7LcPK3JE
yt-05750,0,1,novideo-5750
yt-05752,2,3,t5RAJLLWggM
yt-05753,2,3,CaODYoZzBAw
yt-05754,0,1,Iti9RydZ8p4
yt-05757,1,2,GiYm13zmtAw
yt-05759,0,1,_QjGMChHEQc
yt-05760,2,3,GRFusZGdzOo
yt-05761,0,1,PBwETlfepho
yt-05762,2,3,lFNs0nLXXq8
yt-05763,2,3,GoOvzK7qYag
yt-05765,2,3,ScCunAYgrgE
yt-05768,2,3,s0nuKKa7Lv0
yt-05769,2,3,UKpExvEDGx8
yt-05770,2,3,OhrX7At2UAs
yt-05771,2,3,Y75S3K2qeo0
yt-05773,2,3,q35Fmcpzl50
yt-05774,0,1,Xg9hF50AsS0
yt-05776,2,3,7lNFoATfeZ4
yt-05777,2,3,I4K5cgTPlUA
yt-05778,2,3,_RJjGCDSNdk
yt-05779,2,3,qVf2CFXpVTU
yt-05780,0,1,6lpPPXW8uaQ
yt-05781,2,3,u-TgF7WA7l4
yt-05782,2,3,8qWFCf7Ab7Y
yt-05783,2,4,LbmOatgx-34
yt-05784,2,3,m0_SMiOecko
yt-05785,2,3,OVpQGCu15O4
yt-05786,0,1,fe-wnxi7fN8
yt-05787,2,3,k2BZWzTuKeM
yt-05789,0,1,R7vUGB8GEHU
yt-05790,0,0,bCQE-nZfpjQ
yt-05792,2,3,abVYw35n9D8
yt-05793,1,2,RFwt9E_ZGcc
yt-05795,1,2,qB6Bd8nMMqI
yt-05796,0,1,gUNBTgEuhYY
yt-05797,2,3,2v1f-toSFTw
yt-05799,0,1,LNK607qmtYw
yt-05800,2,3,MJJYgZFTjso
yt-05802,2,4,LcjA6z-5yj8
yt-05803,0,1,7W2bf1Zl5ik
yt-05804,2,3,k4VurHbhoyM
yt-05805,2,3,RQWL1m55C58
yt-05806,0,1,VYsFY8Y1q-Y
yt-05807,2,3,XPQRTvO8xTc
yt-05808,2,3,UhFdcBIIrBk
yt-05809,1,2,-Knz3Uiu4RI
yt-05810,1,2,1VTLzDSRNCE
yt-05811,0,1,onaEQFMRtUo
yt-05812,0,1,3Mn_sWTqMcc
yt-05813,0,1,yxzdGHrsLLY
yt-05814,0,1,m1p_3eQDGVQ
yt-05815,2,3,batWkH_5xso
yt-05816,0,1,kSFDu7qonAg
yt-05817,0,1,uT6TT5h9mSU
yt-05818,0,0,ocZwVYg0DnM
yt-05819,2,4,245tJt9MIgU
yt-05820,0,1,EDH5TMcB4Ec
yt-05821,0,1,vpoVEhc2Xgk
yt-05822,0,1,DC05VUtSHmA
yt-05823,2,3,eiVkCmwL9es
yt-05824,2,4,pXeOtkaIxgU
yt-05825,0,1,cCJi_9GV44c
yt-05826,1,2,QNxQ9tt5CGo
yt-05827,2,3,l8z4Kcasy70
yt-05829,0,1,-VDjG0yKBls
yt-05830,2,3,pXu9urbN6eA
yt-05831,0,1,rkyyIM3tag4
yt-05832,0,1,pELOicTPBSk
yt-05833,1,2,Fel2sraVSGs
yt-05834,0,1,w6mv_20HMnk
yt-05835,2,3,56w6MwFJ2Rk
yt-05837,1,2,giRCICOMwMY
yt-05838,0,1,3iCJd3WqyvM
yt-05839,0,1,0IUPr4zLkAY
yt-05840,1,2,ej6WLXuJqkY
yt-05841,2,3,TfgdwInk4l4
yt-05843,0,1,0IUPr4zLkAY
yt-05844,0,0,8Oxw_zX8XmY
yt-05845,2,3,C3z79NQUX28
yt-05847,2,3,m0_SMiOecko
yt-05849,1,2,JVNY5NJTyFs
yt-05850,0,1,1VTLzDSRNCE
yt-05851,0,1,kJLtFbdwGwQ
yt-05852,0,0,TM1VmKAh1HU
yt-05853,1,2,rxLbyuKanyQ
yt-05855,1,2,5PJ815MBXn0
yt-05856,2,3,U2sJbKl8P8s
yt-05857,0,1,qpGHlrNOrRU
yt-05858,1,2,cqhZMrQi2UM
yt-05859,2,3,92wST-C7Z5E
yt-05860,0,1,aNcg5nJZEG8
yt-05861,1,2,9u5Eh1fUxxc
yt-05862,0,1,F85faLwfcBI
yt-05863,1,2,Qg0Pd8bCARk
yt-05864,1,2,5UXGwEGW51A
yt-05866,0,1,RFiRCVMZbtA
yt-05867,1,2,6GToTDdN4FM
yt-05870,1,2,Uk-AH5zgnOw
yt-05872,0,1,-iTDh7Z9Yb8
yt-05873,2,3,novideo-5873
yt-05874,0,1,72ZZYxLv_L8
yt-05877,2,3,Tnw86705kOM
yt-05878,0,1,rOaV0ZD8BpA
yt-05879,0,1,LNK607qmtYw
yt-05880,1,2,-iEkQsMgjcU
yt-05881,2,3,g1UhspNtUiQ
yt-05882,1,2,oW9cXjAbZZc
yt-05883,0,1,qhhsr1QX9og
yt-05884,0,1,aRIbMkaOgfw
yt-05885,1,2,uCPkx7vX6ek
yt-05886,2,3,NQ4sX6jJ_54
yt-05887,2,4,P_2ONGBOEUM
yt-05889,2,3,ZboFCuFoZzw
yt-05890,2,3,TEc0hbzEt70
yt-05891,1,2,6u7B_yIiDb4
yt-05892,2,3,HiS4fwEN6Zo
yt-05893,1,2,rcHJ9QJkpuI
yt-05894,1,2,6oEYt_mW5Og
yt-05896,2,3,wJbhkoOCFy4
yt-05897,1,2,7ipnZNzo85o
yt-05899,1,2,YhQjS-S_OFU
yt-05900,1,2,twCgzl7eNeE
yt-05901,0,1,SEXrqSdtuU4
yt-05902,1,2,e2UhsI8Kzqo
yt-05904,2,3,uSyQ2_lhuvI
yt-05905,0,0,dOFQL-liask
yt-05907,0,1,2ldrfuj2iJs
yt-05908,2,3,C3z79NQUX28
yt-05909,2,4,fp3YpxUKQ5U
yt-05910,2,3,6Vfrl1VSvZY
yt-05911,1,2,8n0xzx7Ynfs
yt-05912,2,3,QEFy1gIGmhw
yt-05913,1,2,ZOUSjqTH1xk
yt-05914,0,1,yF_nq-1x-so
yt-05915,1,2,qITFN1adOvE
yt-05916,2,3,WWJukfmjJeE
yt-05917,0,1,1luT9X6Wluw
yt-05918,1,2,Eiu7OOTMWXk
yt-05919,0,1,SFLH8xFc9fg
yt-05921,2,3,Y6ro6NBnmu4
yt-05922,2,3,3aeJpHCTGMY
yt-05924,0,1,ZS4_w1xK3OE
yt-05925,2,3,GoHn_E8JFDo
yt-05927,1,2,6SrAzbub6IU
yt-05931,0,1,hPYeOGSXwyI
yt-05932,2,3,DcEsiGwcmrA
yt-05933,0,1,1YZ5yFrk090
yt-05935,2,3,Dr5zSI-8ZBg
yt-05936,0,1,b5liRL5OUTo
yt-05937,2,3,WSDUAR4h-YY
yt-05938,0,0,v_6t8e3aYEo
yt-05939,2,3,m0_SMiOecko
yt-05940,0,1,Y8S3fXlI6kI
yt-05941,0,1,rwvWuVCQaak
yt-05942,2,3,xk5jUWlygLc
yt-05943,1,2,t0oXOV1WmZY
yt-05944,1,2,Kd4PSNjdNHU
yt-05945,2,3,X7fl-jN24j0
yt-05947,1,2,JWm8nwsFT7o
yt-05948,0,1,HF47s3u55WY
yt-05950,2,3,Zf2BKIsEly0
yt-05951,1,2,d8uaERwK5nc
yt-05953,2,4,mvSle93NmYM
yt-05956,2,3,NUInfPRD1Oc
yt-05957,0,0,qAOpkXErt5M
yt-05958,1,2,L2ievKIPbJk
yt-05959,2,3,AlJGl-kAWD8
yt-05960,1,2,lKW-r5azFtQ
yt-05961,2,3,rpoIuKKdzv8
yt-05962,0,1,5-dRwmUGcRk
yt-05963,1,2,BABRe53fna4
yt-05964,2,3,FNzEJuVv3qU
yt-05966,0,1,sMiFs6imFCs
yt-05967,0,1,Xi_BwJ6T_3s
yt-05968,0,1,vpoVEhc2Xgk
yt-05969,1,2,4DAV0ZG2fNU
yt-05970,1,2,FhMzIu_lOB4
yt-05971,0,1,Xw4FyKUpWs8
yt-05973,2,3,qa4dR5F9TZU
yt-05974,2,3,7o7snunQon0
yt-05975,2,3,lMFRXYt12Fg
yt-05977,2,3,sX5ORTz9SAo
yt-05978,0,1,9FZQ0My-Wrg
yt-05979,0,1,FuZVA3s7b1c
yt-05980,2,3,hJlg8KdtYuI
yt-05982,2,4,jVVo3io5J3A
yt-05984,1,2,MVwMQIdEEls
yt-05985,1,2,2Dv0IBFwmn4
yt-05986,2,3,4s6tcpv0oNg
yt-05988,0,1,P051rbLjttY
yt-05989,2,3,CIA8gVBMF0g
yt-05990,0,1,novideo-5990
yt-05991,1,2,FIJwkne06Ks
yt-05992,2,3,_f1LmVLzvuc
yt-05993,0,1,l0WPigSz1tI
yt-05994,2,3,GT4S1fKUf4I
yt-05995,2,4,_6nCS7fmiO0
yt-05997,2,3,J4pY-9EZz-4
yt-05999,1,2,0LRIFBFCZ1o
yt-06001,0,1,aRIbMkaOgfw
yt-06002,2,3,vn53N8iocfs
yt-06003,2,3,PLCR4rhl9Rw
yt-06004,1,2,PvV3NIeB3G4
yt-06005,2,3,m0_SMiOecko
yt-06006,0,1,ZpqJgmftaTg
yt-06007,0,1,3SSh-E4zWA0
yt-06009,0,1,euydimYmnpw
yt-06010,0,1,H5h4ocfCQ2I
yt-06011,2,3,PLCR4rhl9Rw
yt-06012,2,3,9is1HZ6AmbA
yt-06013,0,1,CkYqQy0c3-I
yt-06014,1,2,va2aP-SuYLM
yt-06017,1,2,novideo-6017
yt-06018,0,1,rZJT646i4TY
yt-06019,0,1,LYBaBo-AJmI
yt-06020,0,1,uc_NhoIGwyU
yt-06021,1,2,gKz40oYeHwg
yt-06022,0,1,6i8YH3m2C2U
yt-06023,0,1,2sciJfD0EXw
yt-06024,2,3,BPDiy_EkMpk
yt-06025,2,4,m0_SMiOecko
yt-06026,1,2,kRnQyZ9s7Y8
yt-06029,1,2,m4EQeQRte84
yt-06030,2,3,cWcKj2ZGeGk
yt-06031,1,2,pxNYd-XxSWY
yt-06032,0,0,FuZVA3s7b1c
yt-06033,1,2,_QjGMChHEQc
yt-06034,2,3,1VRlsD09id8
yt-06035,1,2,OZRr2CKGAtA
yt-06036,2,3,vE8DbspdEkU
yt-06038,2,3,1fKkGhL7i4s
yt-06039,0,1,nlyovU2OOPM
yt-06040,1,2,8KJgt3P8vso
yt-06041,2,3,MJJYgZFTjso
yt-06042,2,3,yaVZap3THM4
yt-06043,2,3,rn3gcCgylwE
yt-06045,1,2,lDwCpVH2tC4
yt-06046,2,3,EUYHr118iPc
yt-06047,0,1,CWgX1XGKDpk
yt-06048,2,3,8JvVMTlUR1I
yt-06049,2,3,0rsgMpwMRrY
yt-06050,1,2,Te84MZ1xdrI
yt-06051,2,3,PkLeE7ksifI
yt-06053,1,2,teHzXPQIKoU
yt-06054,0,1,0BZplp3ITRA
yt-06055,0,1,xYFR5YJ5gv0
yt-06056,0,1,BZJZTGYcCqc
yt-06057,0,1,HyXYwx9AHHI
yt-06059,0,1,3sa6H0xBZfU
yt-06060,2,3,JiybeCMqmV0
yt-06061,2,3,js3AebN1HNo
yt-06062,0,1,MI7JtlpYViw
yt-06063,2,3,FNzEJuVv3qU
yt-06064,1,2,EsDT02aGzEU
yt-06065,1,2,IsBdqCaHfdI
yt-06066,1,2,yafuPWp8TRY
yt-06068,0,1,FuZVA3s7b1c
yt-06069,2,3,GaTfGKoQOdE
yt-06070,0,1,9af7B6oc3kw
yt-06071,1,2,5wjtrINkBgQ
yt-06072,2,3,os92seV9scg
yt-06073,1,2,CIE7lvwCJt8
yt-06074,1,2,IwDoNLKJ-jE
yt-06077,0,0,C3z79NQUX28
yt-06080,2,3,vJv2MpQSeWg
yt-06081,1,2,Br02-X3E330
yt-06084,2,4,u55V9qR_fXM
yt-06086,2,3,ktwETEMGT6k
yt-06087,2,3,4wo0IEJA280
yt-06088,2,3,ZlW7lcf54nI
yt-06089,0,1,vBN3vmMVH18
yt-06091,1,2,novideo-6091
yt-06092,2,3,zgUg4cK14l0
yt-06093,0,1,UU1Ou0PVz1Q
yt-06095,1,2,qKcZuLnACB8
yt-06098,2,3,0m7gb6NFAvs
yt-06099,0,1,4x9ll6i1Pdg
yt-06100,0,1,rW1eGZ12ybg
yt-06101,1,2,VX24pMefwkU
yt-06102,0,0,PRsOkvHVFog
yt-06103,2,3,ONfMmSNXUzc
yt-06104,0,1,H0bKUYV7g44
yt-06105,2,3,yRHyuX8UyLk
yt-06106,0,1,zpm4ecHp7Xo
yt-06108,1,2,T_hmRhcFkcw
yt-06109,1,2,1y2IvCXZhts
yt-06110,0,1,U5lQK2aKHeU
yt-06112,1,2,1aMdZeXOBIU
yt-06113,2,3,69xYOr3cEhE
yt-06114,0,1,aG4alVAbcI0
yt-06115,0,1,YdVPy-RxV78
yt-06116,2,3,5H3NuRl7Ppw
yt-06118,2,4,ovXkapVSGPI
yt-06119,2,3,5XJU5pu352I
yt-06120,0,1,OSA_emHHQTM
yt-06122,0,1,5Ik-m2DdYu8
yt-06123,0,1,3byYs-7q76Q
yt-06125,1,2,3fTo5rW8gy4
yt-06126,1,2,cbRkSzFq_O8
yt-06127,1,2,IsBdqCaHfdI
yt-06130,2,3,OhrX7At2UAs
yt-06131,2,3,MP1ykGzsRSU
yt-06132,2,3,1VTLzDSRNCE
yt-06134,1,2,H06hsvED2lQ
yt-06135,0,1,FC5GrQbgAz4
yt-06136,2,4,olSxd1mMkAQ
yt-06137,0,1,k-_pA5XgHI8
yt-06138,0,1,bBIduwa6jR4
yt-06139,0,1,-VWrqKzVXDw
yt-06140,1,2,_F_JlDNGoi0
yt-06141,0,1,vOSjhAkZeDw
yt-06142,1,2,TcpG0_mPHJM
yt-06144,2,3,gGIkgTG8FBk
yt-06146,2,4,ofBJzhukFaI
yt-06147,2,3,1y2IvCXZhts
yt-06148,1,2,F21nkk0jLKU
yt-06151,0,1,DK-L1hS6Iy4
yt-06153,0,1,hyNXMVrypRI
yt-06154,2,3,n0DDr0eLGeE
yt-06155,2,3,9gGc3-cGYBA
yt-06156,2,3,LJDxqnJksc0
yt-06157,1,2,MT-K8TSkxn0
yt-06158,2,3,novideo-6158
yt-06160,1,2,ByQvcDGPtQI
yt-06161,2,4,s0nuKKa7Lv0
yt-06162,1,2,QOQloiOpBgI
yt-06163,1,2,fulCCOU6joE
yt-06164,1,2,cscyvA-d0iQ
yt-06165,2,3,PH_8xiKFBxk
yt-06166,2,4,vvn1bov6oCw
yt-06168,0,1,bCqOkRyotAk
yt-06169,2,4,0g2mFq4gDUw
yt-06170,2,3,IJ9vVLJA0Zw
yt-06172,0,1,UDAiFdr_XlY
yt-06173,2,3,qMAeQeZDgqA
yt-06174,2,3,m0_SMiOecko
yt-06175,1,2,FuZVA3s7b1c
yt-06176,0,1,ZtcPwDecrqU
yt-06177,0,1,fXt3e9QWkyU
yt-06178,2,3,pDLJ3nrZ-PM
yt-06179,0,0,zaOiWaQPiHE
yt-06181,2,3,RP6Key8CWhM
yt-06182,2,3,u-TgF7WA7l4
yt-06183,0,1,Zu90jlvKgYo
yt-06184,1,2,wNQGhhkKtfg
yt-06185,2,4,m2dEe3Na-w4
yt-06186,2,4,MhEQyO4-2o4
yt-06187,1,2,iZA6KlBxAbw
yt-06188,1,2,CujB2UK1AsQ
yt-06189,2,3,hJxPdnboPhY
yt-06190,1,2,C2NQfX-Pjp4
yt-06191,1,2,7yPksM8YQl8
yt-06192,1,2,nXrMLsFX6ko
yt-06194,2,3,P3K_JvwZq3g
yt-06195,1,2,sa2A4UsFprM
yt-06196,2,3,njQ1T00qtYs
yt-06197,0,0,q76_w4QwriE
yt-06198,1,2,QzjIfXkG5oI
yt-06200,1,2,m0_SMiOecko
yt-06201,2,3,BYGZzs8uZhI
yt-06202,0,1,LDGyooZNX2c
yt-06203,2,3,-gkpK-zF0jo
yt-06204,2,3,Ubn-CKkx-GU
yt-06207,2,3,26j9hwLQHxk
yt-06208,0,0,3h6fbwVnYrc
yt-06209,2,3,qR4lnLBSybs
yt-06211,1,2,t36UFQm30qg
yt-06213,0,1,ALp6QjF3rZo
yt-06214,2,3,JVNY5NJTyFs
yt-06215,1,2,4SxEc5X2I6M
yt-06216,2,3,3QZm3rjYPPA
yt-06217,2,3,6rdB129029U
yt-06218,1,2,MnAHJSDVU1E
yt-06220,1,2,IfEQvQya5E0
yt-06222,0,1,mR4mhT0psRs
yt-06224,1,2,byfd3lZHehE
yt-06225,0,1,kgXAbSJYWgM
yt-06227,2,3,gzxnzsif2iE
yt-06228,2,3,k2BZWzTuKeM
yt-06231,2,3,NJAynZCKKbs
yt-06232,2,3,DG2AL1gToMk
yt-06233,2,3,UN7OsH_E0gU
yt-06235,1,2,OLHNtZxyX5s
yt-06236,0,1,wjkwoa74XyA
yt-06237,0,0,novideo-6237
yt-06240,0,1,3x59iIUGoj4
yt-06242,2,3,5XJU5pu352I
yt-06243,2,3,y5TUkE7XYFI
yt-06244,2,3,vpoVEhc2Xgk
yt-06247,0,1,novideo-6247
yt-06248,2,3,1VTLzDSRNCE
yt-06249,0,1,VmAXKMaVZns
yt-06251,0,1,PkO-8Yy8B_c
yt-06252,2,3,e6xXC3L7i2s
yt-06253,1,2,NDn1DoAdyh0
yt-06254,0,1,VNFL3tnHd6s
yt-06255,2,3,C_1VjcKhQM8
yt-06257,2,3,GF4UcHZBUgI
yt-06259,2,3,DN8Y5hq8qro
yt-06260,2,3,IcVpCeocy44
yt-06261,0,0,mHg4Wat0bdc
yt-06262,1,2,novideo-6262
yt-06263,2,3,YoD3GqU9HJQ
yt-06264,1,2,WpAgZF1WMM8
yt-06265,2,3,UwDMGQnnKDA
yt-06266,0,1,Ttc-3Yq_YEs
yt-06267,1,2,4x9ll6i1Pdg
yt-06268,0,1,pJU1Di2VCvw
yt-06269,2,3,_bNHYSjZeyA
yt-06270,2,3,IoRsoNGoI7E
yt-06271,2,3,teS7GwIzNP0
yt-06272,0,1,GFrF9TCHpFE
yt-06273,0,1,KEKpNR34Mo4
yt-06274,1,2,y3clAn_ROBE
yt-06275,0,1,egfCUyX2KQs
yt-06277,1,2,qAoMIMeh7ns
yt-06278,0,1,aSbKjur9Nzk
yt-06279,1,2,novideo-6279
yt-06280,0,1,novideo-6280
yt-06281,1,2,KhQJtiJUOso
yt-06282,0,1,tERSI-IjGpE
yt-06283,1,2,QmyfGy1RxA8
yt-06284,2,3,4q9YGVyD5MA
yt-06285,2,3,YH8Zpy8gjg4
yt-06286,0,1,ZpqJgmftaTg
yt-06287,0,1,Nd9Vv7hQCFc
yt-06289,2,3,J9e-b-mek9A
yt-06290,0,1,AcegBK1h4FQ
yt-06291,0,1,TM1VmKAh1HU
yt-06292,2,3,_0hb2U46nZE
yt-06294,2,4,novideo-6294
yt-06295,2,3,e3-0Le2ytZE
yt-06296,1,2,-VDjG0yKBls
yt-06297,1,2,xcH3d0w9Xxw
yt-06298,0,1,GVXSf2qFxA4
yt-06299,2,4,VNWCfMuahn4
yt-06300,0,0,Y90A5T_6bds
yt-06301,2,3,CKkrvYAuxYM
yt-06302,0,0,KeZHrBkQXSg
yt-06304,2,3,9hABSMgOZZQ
yt-06305,0,0,_6nCS7fmiO0
yt-06306,2,3,NboWrLZ2-HI
yt-06308,1,2,lXvo5vZ4jH8
yt-06309,2,3,CLZmk4SFRyA
yt-06310,0,1,3OJ0vV2zYQ0
yt-06311,2,3,yZ6EH6w15KY
yt-06312,0,1,novideo-6312
yt-06313,2,3,qh85fT3ARe8
yt-06314,2,3,okVx5pfS94E
yt-06315,2,3,TEc0hbzEt70
yt-06316,2,3,Xx1Uqc41MUs
yt-06319,0,1,J9e-b-mek9A
yt-06320,2,3,kKzQScAZ-rA
yt-06321,2,3,S_4ENsnwrw0
yt-06322,1,2,IRObFMbFOIU
yt-06323,2,3,novideo-6323
yt-06324,1,2,YissuUf5g18
yt-06325,0,1,7o7snunQon0
yt-06326,0,1,FrM3ZIK7ukM
yt-06327,2,3,YoD3GqU9HJQ
yt-06328,0,1,_QjGMChHEQc
yt-06330,2,3,8UH6G1LnXR8
yt-06332,0,1,1VTLzDSRNCE
yt-06333,2,3,abVYw35n9D8
yt-06334,0,1,sR3TJZnGpYU
yt-06335,2,3,f7_f4HnT1X0
yt-06336,0,1,3eoZ0H0DiKs
yt-06337,0,1,3DRIfOkS_7M
yt-06338,1,2,KinpZGThCaQ
yt-06339,0,1,EgFL3XZ1kmM
yt-06340,2,3,CVt3UBCUirg
yt-06341,0,1,3LQSbZt4V3A
yt-06342,0,1,3sa6H0xBZfU
yt-06344,1,2,qGKAHFvdYT8
yt-06345,0,1,P_PloaHWfoA
yt-06346,0,1,jgbzFxgNXZ8
yt-06348,2,3,W93B7cSaKLg
yt-06349,1,2,FxZGUeXl03M
yt-06350,2,3,Y3JNU7H6WEI
yt-06351,1,2,9KOMrYH6yJI
yt-06352,2,4,qSewJTbNyWg
yt-06353,1,2,vt9Qz5RcIR0
yt-06355,2,3,tvrf6xm3eNg
yt-06357,1,2,t36UFQm30qg
yt-06358,0,1,EHQzpgoiu6E
yt-06359,2,3,GHnf_LVEjuE
yt-06360,1,2,7Gv8u5B8Ru8
yt-06361,0,1,gzXMnlrrLHY
yt-06362,2,3,yLV4MyNTSvo
yt-06363,2,3,38-ahnQ2CKg
yt-06366,2,3,RfKoChpMEps
yt-06367,0,1,HSnKRW7ffcY
yt-06369,2,3,JVNY5NJTyFs
yt-06370,2,3,xxmBEiWYYPA
yt-06371,2,3,IgZs2l6qK4Q
yt-06373,2,4,V6BBTSa3arg
yt-06374,1,2,QQonS7dGJgA
yt-06375,2,3,VX24pMefwkU
yt-06376,0,1,Suex0bSJJCI
yt-06377,0,1,Xw4FyKUpWs8
yt-06378,2,4,-MXRUBM2-rQ
yt-06379,0,1,H0bKUYV7g44
yt-06380,0,1,ovqEPByBoF4
yt-06381,0,1,sQ3zaKODtaU
yt-06382,2,3,J4pY-9EZz-4
yt-06383,0,1,ZOUSjqTH1xk
yt-06384,0,1,a-JzFumFh9g
yt-06385,1,2,6UceUGMpKSI
yt-06387,2,3,zncfTyCzN3w
yt-06388,0,1,novideo-6388
yt-06389,2,3,Z7QTiWepKsE
yt-06390,0,1,sSCw0VTjBj4
yt-06392,2,3,p0y5M_yN8oA
yt-06394,0,1,XuqPR27oORw
yt-06395,0,1,3iCJd3WqyvM
yt-06396,2,3,dWtB-pKaYrw
yt-06399,2,3,rOmoIEBfecc
yt-06400,2,3,vG9N_JVSNDE
yt-06401,0,1,K2GRx01R8N4
yt-06402,1,2,QpIbaDqvjE0
yt-06403,1,2,T6hzXKNyXTU
yt-06404,1,2,tricdiW6ccI
yt-06405,0,1,iZN_hzqcYBo
yt-06406,0,1,2ckTjFoTSqI
yt-06407,0,1,q0CHu1hb1Cs
yt-06408,2,3,XvTW_9fBhfU
yt-06410,2,3,tqA8sNAPIYI
yt-06411,2,3,MvO5xi3CGm8
yt-06413,0,1,CLo_5MD8ElA
yt-06415,2,3,PH_8xiKFBxk
yt-06416,1,2,FIJwkne06Ks
yt-06418,0,1,o0YaPXYWHBE
yt-06419,0,1,Y0uQywyHFZQ
yt-06420,0,1,ixiKj4bnuHE
yt-06421,2,4,AFfnXihltiU
yt-06422,0,1,EK2kqQcZAII
yt-06423,2,3,GHzaMI--BC8
yt-06424,0,1,_pG2TxkaMwc
yt-06425,0,1,JkAMDnwS3JM
yt-06426,2,3,OhrX7At2UAs
yt-06427,0,1,uOq5ZwJPWhg
yt-06428,0,1,QedNqbokolo
yt-06429,0,1,IvZS9GW_C9s
yt-06433,2,3,yW_W_ydkqZ8
yt-06434,2,3,k2BZWzTuKeM
yt-06435,2,3,N39Ma8PU3B8
yt-06436,0,1,FqfaM7yKapo
yt-06437,2,3,3Z2EyqQZTBk
yt-06438,0,1,0gn0jISSgsk
yt-06439,2,3,PH_8xiKFBxk
yt-06440,0,1,KdgSw94DlVk
yt-06441,0,1,19J-hr046k0
yt-06443,1,2,2pOo1MGJ6mc
yt-06444,2,3,Kn9v5QrcXkM
yt-06446,2,3,aesWOJYZT40
yt-06447,2,3,jz_wRGRpd8k
yt-06450,0,0,JkAMDnwS3JM
yt-06451,0,1,lFI_duvOWfw
yt-06452,0,1,mURdo7tzxe4
yt-06454,1,2,b9gPs6V0RGs
yt-06455,2,3,EA-pVOEVzoI
yt-06456,2,3,XvT_n-62R0g
yt-06457,2,3,wlenxhWvNhs
yt-06458,2,3,HfhIN31JKuk
yt-06459,0,1,-EE9byDPm94
yt-06460,0,1,novideo-6460
yt-06461,1,2,gzxnzsif2iE
yt-06462,1,2,nGnJpX7b_R4
yt-06463,2,3,m0_SMiOecko
yt-06464,1,2,y2tkxhVww4M
yt-06465,1,2,439EHKYXHvQ
yt-06466,0,1,OLHNtZxyX5s
yt-06467,1,2,RnEiqCtr7Jc
yt-06468,1,2,85P_uOmz284
yt-06469,0,1,RRwliPnl7Rk
yt-06471,2,4,HvqZL7IH6Xk
yt-06472,2,3,0m7gb6NFAvs
yt-06473,2,3,r3IvHF1vUl0
yt-06474,2,3,CBVGd8NfMxk
yt-06475,2,3,keb0WQDppg8
yt-06476,2,3,l3DkgJzyp6s
yt-06477,1,2,hAmI6_Igygg
yt-06479,0,1,CWgX1XGKDpk
yt-06481,2,3,dYBUHBF-yLo
yt-06482,1,2,hDpu4lVNmmI
yt-06483,2,3,ICLWKeTEPcU
yt-06484,2,3,v_J-aRYrFEg
yt-06485,2,3,VkuFXSGqxe8
yt-06486,0,1,novideo-6486
yt-06487,0,1,2Dv0IBFwmn4
yt-06488,2,3,e3-0Le2ytZE
yt-06489,0,1,tuqPFKF5NJo
yt-06490,2,3,roB6y6pEUoU
yt-06492,2,3,-NsFGjpg2so
yt-06494,1,2,ONfMmSNXUzc
yt-06495,0,0,x7KZwqyomTA
yt-06496,2,3,DSbgJUhUn2I
yt-06497,0,1,HIIXouQoRys
yt-06498,2,3,novideo-6498
yt-06499,1,2,1veitumiKwc
yt-06501,0,1,novideo-6501
yt-06502,0,1,vn53N8iocfs
yt-06503,0,1,s92IgjIvdO0
yt-06504,1,2,1VTLzDSRNCE
yt-06505,2,3,_FNIfB5FSno
yt-06506,1,2,TolY-AIkpOE
yt-06507,1,2,9FTkKGSAk0s
yt-06508,2,3,zrvNBzfIgN4
yt-06509,0,1,sLm0BttDu2U
yt-06510,0,1,AMK7Qgctj1I
yt-06514,0,1,RllOvVuC0JM
yt-06515,2,3,L-N2LFBH2Jc
yt-06516,2,3,O7TekJCQIUA
yt-06517,1,2,NUXEQaYRLwA
yt-06519,0,1,kpzEMv0j3wI
yt-06520,1,2,xcYt1Z0UsUs
yt-06521,2,3,bdGT_96FlNA
yt-06524,0,1,W93B7cSaKLg
yt-06525,2,3,81Ir39n_K-A
yt-06526,2,3,BNC-EW-bYsA
yt-06527,2,3,v__TZW7fCtQ
yt-06528,2,4,0aqfE0BVd1Q
yt-06529,2,3,U9_HjntMOy8
yt-06530,2,3,qMAeQeZDgqA
yt-06532,0,0,0MMB8wums2k
yt-06533,1,2,Yq0EiGZrFlU
yt-06534,1,2,PNfdkQO4Scg
yt-06535,1,2,i5Kybh7ZtEs
yt-06536,0,1,bBIduwa6jR4
yt-06538,0,1,JxghM9sha5s
yt-06539,0,1,_sN5Jkuy0aE
yt-06540,0,1,novideo-6540
yt-06542,1,2,SsSbu02eIIQ
yt-06544,2,3,QtcUTc44jvE
yt-06545,2,3,LJDxqnJksc0
yt-06546,2,4,nRKoVI_csKs
yt-06547,2,3,4x4xOr7bCpU
yt-06548,2,3,Hh-ZzFFrxXk
yt-06549,2,3,0qNQWDLFv90
yt-06551,2,3,aSbKjur9Nzk
yt-06552,2,3,novideo-6552
yt-06553,2,3,33CppLBwBAk
yt-06554,1,2,BIBV5bM_nbo
yt-06555,0,1,YD3OakzpBLc
yt-06556,2,3,TFq-OiKMTJg
yt-06557,0,1,ljtBLNTbpZ0
yt-06558,0,1,CZPicCykhbk
yt-06559,2,4,Y4lTDBEr0BM
yt-06560,0,1,vHO06AjYvA4
yt-06561,1,2,l3DkgJzyp6s
yt-06562,2,3,ya03sXcaT1w
yt-06563,2,4,izjmMyE5mq8
yt-06564,2,3,yb0CUfwl7Ik
yt-06565,0,1,F85faLwfcBI
yt-06566,2,3,jVVo3io5J3A
yt-06568,2,3,-kpnV-dBNo0
yt-06570,2,3,oqhzw42jS38
yt-06571,0,0,XsydOX2tbEE
yt-06572,0,0,aCQMqP5Ko0I
yt-06573,1,2,Kqvavu_Xwyc
yt-06575,1,2,Fqwo7V_45kI
yt-06576,2,3,jVVo3io5J3A
yt-06577,1,2,ycOWu_WDDEg
yt-06578,0,1,BECxWiDoTJg
yt-06579,2,3,EELDpC4nY44
yt-06580,2,3,VtL7oFWjT3c
yt-06581,1,2,BLVDBtJOHyo
yt-06582,2,3,novideo-6582
yt-06583,0,1,h5jMbc24fiA
yt-06584,2,3,m0_SMiOecko
yt-06585,0,1,mz_o3Z27a4c
yt-06587,1,2,TXDff6oLYoY
yt-06588,2,3,RaBi6UVHpSE
yt-06589,2,3,DXfF9KQQxCQ
yt-06590,0,1,novideo-6590
yt-06591,2,3,wH-aOw0aHHI
yt-06594,2,3,TXDff6oLYoY
yt-06595,0,1,pmN_ZBeOYEo
yt-06596,2,3,u5JdfVatFF4
yt-06597,2,3,rt3Hdy8WTA4
yt-06598,0,1,9WrzrJ8rdf0
yt-06599,2,3,1FrqdfjJewQ
yt-06600,0,1,WNzVXReY9b0
yt-06601,0,1,ZS4_w1xK3OE
yt-06602,2,3,QLfX4FD7aiE
yt-06603,1,2,Br02-X3E330
yt-06604,0,1,8SBtMMDcebU
yt-06605,0,1,oQI4zSLci60
yt-06606,0,1,novideo-6606
yt-06607,2,3,HtqyzjEuwlE
yt-06608,2,4,PqoR7JoUUw4
yt-06611,1,2,I2Oh9b2bd4U
yt-06613,2,3,mHg4Wat0bdc
yt-06614,1,2,Se4C1m9Z2p4
yt-06615,1,2,xdf0A68TjNg
yt-06618,2,3,XcNXSJgzmLo
yt-06619,2,3,PwsyBi25uJs
yt-06620,2,3,mZhm1zQ_RQg
yt-06621,0,1,zKmaBkTtdvw
yt-06624,2,3,1dUj6AUvM0g
yt-06625,2,3,6d2CNCe5pok
yt-06626,0,1,pdZVdbe4Tn0
yt-06627,2,3,TPvK7MUAl7M
yt-06628,1,2,y_2blw-sShU
yt-06629,2,3,vTPFSwH5E4c
yt-06631,2,3,bWVH9Fnqg3Y
yt-06632,2,3,m0_SMiOecko
yt-06634,2,3,rY9LOYZr5Dg
yt-06635,0,1,rZJT646i4TY
yt-06636,2,4,tAHK6E03ORo
yt-06637,2,3,M2EuxbQls9E
yt-06638,1,2,OKbLObz_I4s
yt-06639,2,3,FP3WrKvLqb4
yt-06640,2,3,pXeOtkaIxgU
yt-06642,2,3,8_i10PwI-3A
yt-06643,2,3,tYNyDdPW59k
yt-06644,2,3,yypLKij21-Y
yt-06645,2,3,3-RDBxuBJgo
yt-06646,2,4,wAx7pesU_ac
yt-06649,2,3,a39LnRTx1DM
yt-06650,0,1,zTOMEmtYNEY
yt-06651,1,2,dOCVlfrjSis
yt-06652,2,3,7c4jQoiyLVU
yt-06653,0,1,MhEQyO4-2o4
yt-06654,2,3,Wkz_xwkUBYk
yt-06655,2,3,K8QtAVB4aY0
yt-06656,1,2,_1hwy7pmSwQ
yt-06657,0,0,novideo-6657
yt-06659,1,2,m0_SMiOecko
yt-06660,0,1,LWGLj89fteQ
yt-06661,0,1,6u7B_yIiDb4
yt-06662,1,2,KD_seGGMQng
yt-06663,2,3,rN4bnOg6Sl0
yt-06665,0,1,Eax6V6b4EMw
yt-06666,0,0,26yj_7OnOgE
yt-06667,0,1,m9wgPfpHreE
yt-06668,2,3,9ZyiZ97MNvc
yt-06669,0,0,DdTaiWTNa_E
yt-06670,0,1,lJtc7SO8rWE
yt-06672,2,3,99Y-F8zEb0s
yt-06676,2,3,vyoI35HXA6c
yt-06677,2,3,7hOI2sg67dg
yt-06682,1,2,eivvYSLBvr8
yt-06683,0,1,XdJXrpQc5uw
yt-06684,2,4,novideo-6684
yt-06685,0,1,VkuFXSGqxe8
yt-06686,0,0,rSlpeFsOsds
yt-06687,2,3,m0_SMiOecko
yt-06688,2,3,o7V2dbhZO4I
yt-06689,1,2,DDD63N8rCOo
yt-06690,2,3,bO1MWXrsu08
yt-06691,1,2,DWilN6bQJ9U
yt-06692,1,2,06HSulZR5oc
yt-06693,2,3,PkLeE7ksifI
yt-06695,2,3,LDGyooZNX2c
yt-06696,0,1,jBxaqIGa98Y
yt-06697,0,1,TmZ6_6fGOcg
yt-06698,1,2,yHNSkqg1xfg
yt-06699,2,3,Y5FnCh-NGGE
yt-06700,1,2,ZZb3jRkIc5M
yt-06701,2,3,tbPn5GgcMOY
yt-06704,0,1,UnezKUzg2yM
yt-06705,2,3,mZhm1zQ_RQg
yt-06706,2,3,U4vAdEMpwYs
yt-06707,1,2,xUump66_j1E
yt-06708,2,3,6fsDK-tiwgo
yt-06709,0,1,Y75S3K2qeo0
yt-06712,0,1,novideo-6712
yt-06713,0,1,AOYAAKAL120
yt-06714,0,1,novideo-6714
yt-06715,1,2,4qyKb1wig3A
yt-06716,2,3,Al1j8NDAjZk
yt-06717,0,1,0Yfn5VWbcFM
yt-06720,2,3,_JWElztTpMs
yt-06721,2,3,QsW2FTReo2w
yt-06722,0,0,tvkn6j0RPrw
yt-06723,1,2,wc6cCjwKTbc
yt-06724,1,2,DKnCq4ZHNIY
yt-06725,1,2,MQx-mtAI6qI
yt-06727,0,1,-GNhZklDf-Q
yt-06729,0,1,8WPN2N45pYI
yt-06731,2,3,HY0idThSipM
yt-06733,2,3,rwmxzQAEvI8
yt-06734,1,2,TCrN6bSbW9I
yt-06735,0,1,OTvF4GMtO4o
yt-06736,0,1,UN8yQjQGz6M
yt-06737,2,3,m0_SMiOecko
yt-06738,0,1,T_U2jcv6wXs
yt-06739,2,3,Nwj5tU2Ikio
yt-06742,0,1,fRvAlde7Q2c
yt-06743,0,1,TKIkqyri0R8
yt-06744,2,3,0qTFQ4zhLPE
yt-06745,2,3,1VRlsD09id8
yt-06746,0,1,m79UE8h1SAY
yt-06748,0,1,BLVDBtJOHyo
yt-06750,0,1,89OtctjaI1Q
yt-06753,0,1,3TSqX0s_znw
yt-06755,0,1,HttvrI_Td34
yt-06756,0,1,MAVS-JU9Go0
yt-06757,1,2,_jvlVlpK-Dk
yt-06758,0,1,5hoWPP_0uJc
yt-06759,2,3,EoliXTlgO00
yt-06760,0,1,yD86k6q9h4o
yt-06761,1,2,UBAY26elr-w
yt-06762,0,0,nEY7rdDT2nk
yt-06764,2,3,jvv-67ONtzo
yt-06766,2,3,novideo-6766
yt-06768,2,3,Te84MZ1xdrI
yt-06769,2,3,J9e-b-mek9A
yt-06770,0,1,k4VurHbhoyM
yt-06772,0,1,CZPicCykhbk
yt-06773,0,1,05z5FqrvUAU
yt-06774,0,1,1c_QGcOhM24
yt-06775,1,2,EaL25qeMTWg
yt-06776,2,3,Ep61tpBLF_k
yt-06779,0,0,C7lvWsgefy0
yt-06781,2,4,VJHc6uOZfks
yt-06782,2,3,nRJ-yQljcCY
yt-06783,2,4,XpLVpYtAvvo
yt-06784,0,1,_-sXeX9ntsM
yt-06786,1,2,gc6LX9aGLtc
yt-06787,2,3,0uiBjpWgHZc
yt-06789,2,3,2xXhXan72Gs
yt-06790,1,2,7_SPy32OU34
yt-06791,2,3,lOfHTsy5g4Q
yt-06792,1,2,qXhWC80735I
yt-06793,2,3,sbiPFy77PBg
yt-06794,2,3,FhVEyUy3pQU
yt-06795,0,1,laRe-CEs1tA
yt-06796,2,3,qsLMFeH7jyQ
yt-06798,2,4,o5kSp3pfPz4
yt-06800,2,3,yxmITgA-AI0
yt-06801,2,3,y_f-PDHNM_k
yt-06802,0,1,5ALBlRfMARc
yt-06803,2,3,5-dRwmUGcRk
yt-06804,2,3,diOkxTDJWgI
yt-06805,2,3,8UH6G1LnXR8
yt-06806,0,1,ytitID15C9w
yt-06807,0,1,EcqMscwfNAI
yt-06808,0,1,DPQ6Ss3Y_4w
yt-06809,1,2,rFZZBcCp2i8
yt-06810,2,3,NsLC3YbqZY0
yt-06811,1,2,zRZUOiKDNbM
yt-06812,1,2,-AVpfcE3F3E
yt-06813,0,1,fwhKf63ffgo
yt-06814,2,3,hsbl3e7ZPnM
yt-06815,1,2,i7Rs_V4zVD8
yt-06820,0,1,nfaADx4pcX8
yt-06821,2,3,1Ym_jsAdMa4
yt-06823,2,3,mtOVL0hJFu8
yt-06824,2,3,40ns51R4HwY
yt-06826,2,3,UD_XW3LVrXA
yt-06827,1,2,novideo-6827
yt-06828,2,4,bvUu0Rg90NQ
yt-06829,0,1,okyWKoKAYHQ
yt-06830,0,1,lZJ5okn5ayI
yt-06831,2,3,novideo-6831
yt-06832,1,2,AkfggTklE9w
yt-06833,2,3,o8-4eE2YgDw
yt-06834,0,1,P3_GgzAf8zY
yt-06835,1,2,PSDZRrtFYn4
yt-06836,1,2,ReejhPZfYmw
yt-06837,2,3,R47L8fm35oc
yt-06838,1,2,J2SRVokb3IA
yt-06839,2,3,DUyDLpjyP-I
yt-06840,0,1,VJHc6uOZfks
yt-06841,0,1,5CUlwxGHqG4
yt-06842,0,1,SC6vrqadXdU
yt-06843,2,3,uRFP_2R1xlU
yt-06844,0,1,nYQ6rqINX4k
yt-06845,1,2,SXYR4sGLvKs
yt-06846,2,3,F1sAgoAzAn4
yt-06847,1,2,rF6NyP3L-iI
yt-06848,2,3,novideo-6848
yt-06849,2,4,KDPxzre5v8Q
yt-06850,1,2,xYeH8fQQFoU
yt-06851,2,3,C3z79NQUX28
yt-06853,2,4,C3z79NQUX28
yt-06854,2,3,SH3-06sI77A
yt-06855,0,1,Y75S3K2qeo0
yt-06856,2,3,EFAHPeD6D8M
yt-06857,0,0,zwwVFse75Is
yt-06858,1,2,R2w32rm_-m8
yt-06859,1,2,qKahoohkUpM
yt-06860,1,2,8pMVKWUsa1o
yt-06861,2,3,E4JinWhJlP4
yt-06862,2,3,mBNb_qiLIQc
yt-06863,2,3,JeFaQd2fq-8
yt-06864,2,3,_AiRUUIS3TU
yt-06865,2,3,thMmnixzi4c
yt-06866,0,1,9DpsASVHA2E
yt-06867,1,2,fr2o1-3idrs
yt-06869,1,2,novideo-6869
yt-06870,0,1,dSZ1UUPsUXw
yt-06871,2,3,87YSAS3LJlw
yt-06872,1,2,7O8YxutDTzM
yt-06874,2,3,d9zOE9hZTQs
yt-06875,2,4,frpGiIWQIBo
yt-06877,2,3,8rnTWAXWkfM
yt-06878,2,3,9hABSMgOZZQ
yt-06879,2,3,nntYFfh3w80
yt-06880,0,1,ZpqJgmftaTg
yt-06881,2,3,IpZf2KRUofA
yt-06882,0,1,jQnNLrzoKMM
yt-06883,2,3,ji7vTE9M7P4
yt-06885,2,3,IfEQvQya5E0
yt-06886,2,3,CVt3UBCUirg
yt-06888,0,1,JEu2jhjTJ6w
yt-06889,1,2,rVI1A6Y8pBE
yt-06892,2,3,9cwvoRJvhX8
yt-06893,0,1,wbm9gWyUH54
yt-06894,0,1,KunGIYNuCTA
yt-06895,2,4,MhEQyO4-2o4
yt-06897,1,2,-HcWLnb6EJs
yt-06899,2,3,novideo-6899
yt-06900,2,3,lq-STRyZvok
yt-06901,1,2,y_hy8DfxDsw
yt-06902,1,2,ZOUSjqTH1xk
yt-06903,2,4,G3C_bJ_XwHw
yt-06904,1,2,Poy35rRTf3Y
yt-06905,0,1,bFyYp_SiIac
yt-06907,1,2,_4E8HOyqHEQ
yt-06908,1,2,mD_D1JArYZE
yt-06909,0,1,nRvjb4VG2K8
yt-06911,0,1,Y75S3K2qeo0
yt-06912,0,1,1G4d_Sk25dg
yt-06913,1,2,OLHNtZxyX5s
yt-06914,2,3,0zN9iDu8t_E
yt-06915,1,2,dOFQL-liask
yt-06916,2,3,xteTBe3m2OY
yt-06917,2,3,RR4GngFLZmo
yt-06918,0,1,RQWL1m55C58
yt-06919,2,3,m0_SMiOecko
yt-06920,2,3,uchDpS_XNKg
yt-06921,0,1,IsBdqCaHfdI
yt-06923,2,3,YFM8Axmv-jc
yt-06924,0,1,jXcy0F1Zsv8
yt-06926,2,3,miyR7b0h7Eo
yt-06927,2,3,novideo-6927
yt-06928,2,3,m0_SMiOecko
yt-06929,2,4,LbmOatgx-34
yt-06930,0,1,sk1_i-3gGiE
yt-06931,2,3,ECZGb6AYSAY
yt-06932,2,3,VkuFXSGqxe8
yt-06933,2,3,x56_pH5OCkU
yt-06934,1,2,R89Tp_qxG_I
yt-06936,2,3,7h5g7YH96dU
yt-06938,2,3,J9e-b-mek9A
yt-06939,2,3,dqGB48uCZgc
yt-06941,2,3,IDnjZzpYfHc
yt-06942,1,2,-Kxpv20_QOo
yt-06943,1,2,B-zaLvhYxEc
yt-06944,0,1,MV1Mczg4p9A
yt-06945,1,2,XYumIVMLbmc
yt-06946,0,1,miLVYyyjnzY
yt-06948,0,1,xDZXPzwyaWI
yt-06949,1,2,TM1VmKAh1HU
yt-06950,2,3,R-y9vScQCrg
yt-06951,2,3,UJ2IeurQuLM
yt-06952,2,3,mpctBlMg_hk
yt-06953,2,3,WAHG11mNBHg
yt-06954,2,3,Cqf61QlkeRs
yt-06955,1,2,zrT4TWr15RE
yt-06956,1,2,v1Px4hB18UM
yt-06957,2,4,dYBUHBF-yLo
yt-06958,2,3,Z9k5dWX3Vlc
yt-06963,0,1,5E1mEoRUgc8
yt-06964,1,2,AntlK8xpx_k
yt-06965,2,3,_FzanVSeiDw
yt-06966,2,3,4UyfK_NgGUg
yt-06968,0,1,unB18Si-rwg
yt-06969,2,3,NoR1CWkMIt4
yt-06970,0,1,tuqPFKF5NJo
yt-06971,1,2,pb4qYO7o8wA
yt-06972,0,1,rOaV0ZD8BpA
yt-06973,1,2,Y9C1ENJAshI
yt-06974,0,1,llpNi5QmvF4
yt-06976,0,1,9vhP079g8tE
yt-06977,2,3,8cAerMoXL5I
yt-06978,0,1,mQzOURgV-yA
yt-06979,2,3,novideo-6979
yt-06980,0,1,novideo-6980
yt-06981,0,1,4Iwrb3RNcwI
yt-06982,0,1,cpM8qY1pIVo
yt-06983,1,2,YXhtTgh-igs
yt-06986,1,2,0Y2mwEJ26N0
yt-06987,0,1,N9V-7TPtVzQ
yt-06988,1,2,S8GK7VAdk1Y
yt-06989,2,4,3KLFI81dR0A
yt-06990,0,1,nrepj2Jm93c
yt-06991,2,3,g-mVL3FVoVc
yt-06992,1,2,pXeOtkaIxgU
yt-06993,2,3,K3z_dEApmQA
yt-06994,0,1,_moaFavugN0
yt-06995,0,1,EXRLG-w49Js
yt-06996,0,1,YTWLP8FUDlc
yt-06997,2,4,upFsMCBvxNQ
yt-06998,0,1,novideo-6998
yt-07000,2,3,RP6Key8CWhM
yt-07001,1,2,cgoPtCjMKUs
yt-07003,1,2,aEHQ0wMdy1c
yt-07004,2,3,6dB3eZcHg5A
yt-07005,0,1,novideo-7005
yt-07007,2,3,SFPO2Ajo04A
yt-07008,0,1,RP6Key8CWhM
yt-07009,2,3,dN2YtmNIJUM
yt-07010,0,1,b8HgcMF81Xo
yt-07011,0,1,3UsxOwcPliE
yt-07012,0,1,N6b9YnAnXs8
yt-07013,1,2,GwFVHbs2l1s
yt-07014,2,3,PmjCh81hoMI
yt-07015,2,3,8UH6G1LnXR8
yt-07016,2,3,_jvlVlpK-Dk
yt-07017,0,1,Ct8Z_Kadi2U
yt-07018,2,3,D-8WCKrxqGw
yt-07019,2,3,qlEtbq_Q6cs
yt-07020,1,2,MCzC-brNAZA
yt-07021,2,3,i5Kybh7ZtEs
yt-07022,0,0,izjmMyE5mq8
yt-07023,0,1,HHuKvDTumv8
yt-07025,0,1,SPTOhjRvtNc
yt-07026,1,2,-WTqfVsiShA
yt-07027,2,3,novideo-7027
yt-07028,2,3,LlxDEMjUfXQ
yt-07029,2,3,t2idcrND5JI
yt-07030,1,2,Y8UdhfZ9w5A
yt-07031,1,2,novideo-7031
yt-07032,2,3,5H3NuRl7Ppw
yt-07033,2,3,t3Q8Haoiv6g
yt-07034,2,3,vcCoyEl_tpw
yt-07035,0,1,-VDjG0yKBls
yt-07036,0,1,3HQUM7GVonk
yt-07037,1,2,N7SkJpdIvMk
yt-07038,1,2,qldLVLSWIaU
yt-07039,0,1,novideo-7039
yt-07040,0,1,Js1l9UhrmIg
yt-07041,1,2,BABRe53fna4
yt-07042,0,1,kxo0dxG5-VQ
yt-07043,1,2,p55N2ICUJ8g
yt-07044,2,3,a2R29Br5rpk
yt-07045,1,2,fp3YpxUKQ5U
yt-07046,0,1,tuqPFKF5NJo
yt-07047,2,3,tWSAeOxCdI8
yt-07048,0,1,PrGvoZ-zsdU
yt-07049,1,2,novideo-7049
yt-07050,0,1,A2BOIUsUGFM
yt-07051,1,2,P7BwzwS2oio
yt-07052,0,1,4oLANg-lKX4
yt-07053,0,1,QY7n-06brwI
yt-07054,2,4,DTXrPVvpkMg
yt-07055,0,1,wGuNHrDGfvA
yt-07056,0,1,xudo1vw3oOk
yt-07057,2,3,ONfMmSNXUzc
yt-07058,1,2,ZOUSjqTH1xk
yt-07059,0,1,_QjGMChHEQc
yt-07060,1,2,xnHwkS95sWs
yt-07061,2,4,weOLWoBTWBs
yt-07062,0,0,vTPFSwH5E4c
yt-07063,2,3,j9eR6_q4y9Y
yt-07064,1,2,oPWPQBUkULY
yt-07066,0,1,UeWiev1a_00
yt-07067,0,1,RwyP5iuao0c
yt-07069,1,2,l_2GkYqRuXY
yt-07070,2,3,tAHK6E03ORo
yt-07071,2,4,6mhlN0VdTmY
yt-07072,0,1,f2l7cloYz7Q
yt-07074,0,1,_6nCS7fmiO0
yt-07075,0,1,novideo-7075
yt-07076,0,1,GvcCgoC0cns
yt-07077,0,1,Z9k5dWX3Vlc
yt-07078,1,2,kIPSW0NJSX0
yt-07079,1,2,9FZQ0My-Wrg
yt-07080,2,3,zYtSGXAxeag
yt-07081,2,3,gzXMnlrrLHY
yt-07084,1,2,0olpo87bAqM
yt-07085,0,1,lvKaNRxa55c
yt-07088,2,3,-LqiqsBJj24
yt-07089,2,3,5XEb5OyNN2c
yt-07090,2,3,bOFh6vvX_Bk
yt-07093,0,1,dWnm28TSaYU
yt-07094,0,1,tuqPFKF5NJo
yt-07095,0,1,pNBxmfedHtk
yt-07096,0,1,kdcKJJH7ggc
yt-07097,0,1,4FNPc8fcCqs
yt-07098,2,3,DC05VUtSHmA
yt-07099,0,1,JH5qHfBPZcE
yt-07100,0,1,9CzCwT8LYls
yt-07101,2,3,jOs3q1JA9hY
yt-07102,2,3,T8ZvsjVtIw8
yt-07104,2,3,Ia4RNWhq9K0
yt-07105,0,1,Rb-6VXD8yx8
yt-07106,2,3,_goemMphhzc
yt-07107,1,2,6mhlN0VdTmY
yt-07108,1,2,HJNPdJOrXaQ
yt-07109,2,3,vtcOQGJfARE
yt-07110,0,1,b3QBfxONl3g
yt-07111,2,3,_l_aiZT6kQ0
yt-07112,0,1,aep5x8G9CWw
yt-07113,1,2,D7ncq5sFfy8
yt-07117,0,0,UG9udBBGqwQ
yt-07119,0,1,nPTB_mDa78I
yt-07120,0,1,UWZa9JjNcMI
yt-07122,2,3,fn4eih72BL0
yt-07124,1,2,rc1_Cpx6RRg
yt-07125,0,1,NgSCGZeXifo
yt-07126,2,4,4m_jvmSRt3Q
yt-07127,0,0,IsBdqCaHfdI
yt-07129,0,0,9KOMrYH6yJI
yt-07130,2,3,P051rbLjttY
yt-07131,0,1,NxypeHZMIGQ
yt-07132,2,3,qMAeQeZDgqA
yt-07135,0,1,d3-ZO8viWdI
yt-07136,0,1,7zFG6XcXU2g
yt-07137,0,1,doe5c7Z0z_A
yt-07138,1,2,3LQSbZt4V3A
yt-07140,0,1,EVCpM-4KXQY
yt-07142,0,1,r2eR2sZAXsU
yt-07143,0,1,2ud206ssdTs
yt-07144,1,2,hkUxnZEIT2M
yt-07145,2,3,UKpExvEDGx8
yt-07146,2,3,dN2YtmNIJUM
yt-07147,0,1,Gj2U8m5-USk
yt-07148,0,1,UPZn3jm-_uM
yt-07149,0,1,Eax6V6b4EMw
yt-07150,2,3,a2q2-aFIOik
yt-07151,2,3,4x9ll6i1Pdg
yt-07152,0,1,unB18Si-rwg
yt-07153,2,3,RN0zNNH89h8
yt-07154,0,1,CXdYASzS2ns
yt-07155,0,1,63-uuYTref0
yt-07156,0,1,MoWVuut-KjA
yt-07157,1,2,BtvDCXYCsZU
yt-07158,2,3,iPGvMvJWBGU
yt-07159,2,3,pjbnL3s4RKU
yt-07160,2,3,VkuFXSGqxe8
yt-07163,2,3,ZADPseJdSf0
yt-07165,2,3,StEbUmobvwo
yt-07166,2,3,FM8dg8dQ46Y
yt-07167,0,1,mURdo7tzxe4
yt-07168,0,1,ulvfNt7O-Wg
yt-07169,2,3,dOCVlfrjSis
yt-07170,0,0,H0jIiPBBvCo
yt-07171,1,2,v1Px4hB18UM
yt-07172,1,2,BFuz4UsYRVo
yt-07174,2,3,DC05VUtSHmA
yt-07175,2,4,nsAJupnqCfA
yt-07176,2,3,hDIvjkTYQsw
yt-07177,0,1,gR09EkVRW8U
yt-07178,2,3,xyFvpYh1v9k
yt-07179,1,2,KOOXwIAbZkY
yt-07181,2,4,0H27dr5WNKc
yt-07182,1,2,wz1VGF_sUgA
yt-07183,0,1,HjvneWvFZLg
yt-07184,0,1,novideo-7184
yt-07185,2,3,Oi4D9FaWyeY
yt-07186,0,1,hI-C3yuzzsI
yt-07187,0,1,J3VtNC_Bj2s
yt-07188,2,3,C3z79NQUX28
yt-07190,2,3,J9e-b-mek9A
yt-07193,0,1,BS5LtBakePg
yt-07197,2,3,wdkkkxujOsc
yt-07199,1,2,ZeuLO-YK8UY
yt-07200,2,3,FP3WrKvLqb4
yt-07201,2,3,07C1KJrlTPk
yt-07202,1,2,2yfMZjey-Rs
yt-07204,0,1,y_hy8DfxDsw
yt-07205,2,3,GRFusZGdzOo
yt-07206,1,2,rGwiaiFVKYU
yt-07207,2,4,novideo-7207
yt-07208,2,3,unB18Si-rwg
yt-07209,1,2,I5pLLeWFheA
yt-07210,0,1,FuZVA3s7b1c
yt-07211,0,1,gKz40oYeHwg
yt-07213,0,1,nytpJhM15Ps
yt-07215,0,1,2WRuIPQ-iJI
yt-07216,0,1,FqfaM7yKapo
yt-07217,1,2,zhngeBSdLpc
yt-07218,2,4,0adDCIPFUX4
yt-07219,0,1,BS5LtBakePg
yt-07221,1,2,H06hsvED2lQ
yt-07222,0,1,bT_mxWGqgrQ
yt-07223,0,1,1jgtNfV1npE
yt-07224,2,3,NxypeHZMIGQ
yt-07225,2,4,lOfHTsy5g4Q
yt-07226,2,3,p2OHilQDZlU
yt-07227,1,2,kJtSvfeEEb4
yt-07229,0,1,unB18Si-rwg
yt-07230,1,2,wz1VGF_sUgA
yt-07233,0,1,yDs3Lvj0Yn8
yt-07234,1,2,DW6xk37d7Z8
yt-07235,2,3,pb4qYO7o8wA
yt-07236,2,4,RWUgFoKCHE4
yt-07237,0,1,d4P-AANUDuM
yt-07239,0,1,-1H0d_AxlME
yt-07240,0,1,p6zjbR1xCNY
yt-07241,0,1,5nVKYjsyMK4
yt-07242,2,3,J9e-b-mek9A
yt-07243,0,1,ntv0IOLjeIc
yt-07244,0,1,novideo-7244
yt-07245,1,2,FTKDwF3JyXo
yt-07246,0,1,h7to-hnAcaY
yt-07249,2,3,h-p2bTSLEDo
yt-07250,0,1,OfL-IOLWe1g
yt-07251,1,2,crxMMjAcugo
yt-07254,2,3,1VTLzDSRNCE
yt-07255,1,2,ZOUSjqTH1xk
yt-07256,2,4,xW9E9epD8sg
yt-07257,0,1,DK-L1hS6Iy4
yt-07258,1,2,unB18Si-rwg
yt-07259,2,3,Ph6o1i95zDc
yt-07260,2,3,J2SRVokb3IA
yt-07261,2,3,6OvoxTiRo8U
yt-07262,2,3,DC05VUtSHmA
yt-07263,1,2,SeF9s9tELQI
yt-07264,0,1,wo7f1HPC1z8
yt-07265,2,3,55fU6BbKKT0
yt-07267,0,1,jjtii_Pe6gA
yt-07268,2,3,53LyRClbD40
yt-07271,1,2,cu5YVG-q0_E
yt-07274,1,2,m8uS-uA_rzQ
yt-07276,0,1,S5eCMFJVsS8
yt-07277,0,1,BFsvp5H9BH8
yt-07278,1,2,gPiSTcvsaNw
yt-07280,1,2,xtPyitXx0jA
yt-07281,2,3,Ia4RNWhq9K0
yt-07282,1,2,Me7k__T0-Ik
yt-07283,0,1,zQiCkbGdrvE
yt-07284,0,1,GNgJrDWxiL4
yt-07285,2,3,M6gildqxbhI
yt-07286,2,3,SzrJ54z59Cs
yt-07287,0,1,vAUXMks7XIE
yt-07288,1,2,TXCHclBPCqk
yt-07289,2,3,wAdyQQUVNjY
yt-07290,2,3,uK-MGDE2dE4
yt-07292,2,3,FcKoOn5eHS0
yt-07293,1,2,huaVhsK3cEs
yt-07294,0,1,K3z_dEApmQA
yt-07295,0,1,pXeOtkaIxgU
yt-07296,2,3,-1rnXkLbPK8
yt-07297,1,2,KlcNe8lto4U
yt-07298,0,0,K3A1zTTSLcE
yt-07299,0,1,llajvN5jswI
yt-07300,2,3,O_-e5eN1ZtY
yt-07301,2,3,pzTgsdFxN68
yt-07302,2,3,0ENfuRQSFTs
yt-07303,2,3,xFyG3KZ5zBY
yt-07304,0,1,unB18Si-rwg
yt-07305,2,3,ZhPiWybyCQI
yt-07307,0,1,2wkLV1UvNyk
yt-07308,0,1,nEoZ3J74Y3k
yt-07311,0,1,9XvlHN0UPbk
yt-07312,2,3,C3z79NQUX28
yt-07313,2,3,2CxwMhMdpz4
yt-07314,1,2,PLCR4rhl9Rw
yt-07315,0,1,EkhNlAG9fAI
yt-07317,0,1,W93B7cSaKLg
yt-07318,0,1,RoT3_pUi2mM
yt-07319,2,3,IwfAlAlHzMM
yt-07320,0,1,Kge9ck9THuc
yt-07322,2,3,_vRTkZJ98PA
yt-07323,2,3,KfMjonAEbAc
yt-07324,1,2,8ovNXtyXEQA
yt-07325,1,2,FM8dg8dQ46Y
yt-07326,1,2,O_-e5eN1ZtY
yt-07327,0,1,UgAD2hx0fs8
yt-07328,0,1,1ePvmwBcCKc
yt-07329,2,3,MfJ75ixwnUc
yt-07330,2,3,_G3XsjVXgHs
yt-07331,2,3,d_eZ4O5HiMQ
yt-07332,0,0,UgAD2hx0fs8
yt-07334,0,1,HYfPZnL3-GY
yt-07335,2,3,-VWrqKzVXDw
yt-07337,0,1,KOVYdaWkHuA
yt-07338,2,3,SjBG8p6snGg
yt-07339,2,3,dWtB-pKaYrw
yt-07340,0,0,ABnjxb1X2Lg
yt-07342,0,0,jPIVomnaYX8
yt-07343,0,1,BFsvp5H9BH8
yt-07344,2,3,rpy-F_ORuPw
yt-07345,0,1,Cmd3HjEOURQ
yt-07346,2,3,fKoS95zpevY
yt-07347,1,2,6mDzX7C12bk
yt-07348,0,1,VxP5XcvKWPg
yt-07349,2,3,s0nuKKa7Lv0
yt-07350,2,3,D5r4tXQWM2g
yt-07351,0,1,UvKk4-jpv0Y
yt-07353,2,3,MCRlYg2l4Jg
yt-07354,0,1,acV_rRKETO0
yt-07356,2,3,m0_SMiOecko
yt-07357,2,3,Y3T20pSx4C0
yt-07358,0,1,xgSJrjE-tlc
yt-07361,0,0,-cDZrTW2LdM
yt-07362,2,3,NUXEQaYRLwA
yt-07363,1,2,W__dKqu5oOc
yt-07365,0,0,novideo-7365
yt-07366,2,3,tuqPFKF5NJo
yt-07367,0,1,-y-Xei7M6PQ
yt-07368,1,2,_Ye-akTTRzc
yt-07369,1,2,2pOo1MGJ6mc
yt-07370,1,2,_9fZSAcyNQ0
yt-07371,0,0,9TmO9LA0c0U
yt-07373,1,2,nFsU9NcrZ4U
yt-07374,2,3,B2ZeTOm_sMA
yt-07376,2,3,RN0zNNH89h8
yt-07377,0,0,8S0wMH15ayE
yt-07378,2,3,p8cVW_YZ4A4
yt-07380,1,2,wwGJJ4Yj3FA
yt-07382,0,1,k9U33LfuhcM
yt-07383,2,3,wwmhOSLhqpQ
yt-07384,1,2,fm_0ainjUE8
yt-07385,0,1,4K7uha5N4Wk
yt-07388,0,1,yZqP0g3yoqs
yt-07389,1,2,yb0CUfwl7Ik
yt-07391,0,1,7noNaVVvIxk
yt-07392,0,1,0JrwiWATqhg
yt-07393,0,1,jXcy0F1Zsv8
yt-07394,2,3,novideo-7394
yt-07395,2,3,novideo-7395
yt-07397,2,3,2WcRLhptd90
yt-07398,0,0,wfjaDEq8ugg
yt-07399,2,3,Da6ljj6yT0U
yt-07400,2,4,rn3gcCgylwE
yt-07401,1,2,6K0qqR-yEz8
yt-07402,2,3,YD3OakzpBLc
yt-07403,0,1,DCBoLg9jpsA
yt-07404,2,3,m0_SMiOecko
yt-07405,1,2,9yiM1Ipj6Eg
yt-07406,1,2,lZJ5okn5ayI
yt-07407,0,1,tQQlBWoP2o8
yt-07408,1,2,n5_UDu3FwFo
yt-07409,2,3,vTPFSwH5E4c
yt-07411,0,1,S2sYiJIT2G8
yt-07412,0,1,gzxnzsif2iE
yt-07413,0,1,r8GokHCTllM
yt-07416,1,2,SzrJ54z59Cs
yt-07417,2,3,zJgt-WbE7oc
yt-07419,0,1,ugnBwa6OaHw
yt-07421,2,3,Fpo_OmFwiBA
yt-07423,1,2,sX5ORTz9SAo
yt-07425,1,2,P_PloaHWfoA
yt-07426,0,1,novideo-7426
yt-07428,0,0,EYEv0NjBZsM
yt-07431,1,2,9FZQ0My-Wrg
yt-07432,2,3,vMLVr4RJBiA
yt-07433,1,2,_9fZSAcyNQ0
yt-07434,0,1,ZOUSjqTH1xk
yt-07435,2,3,SPdZFxOIXdk
yt-07436,0,1,g_9glsbTv_M
yt-07438,2,3,ovXkapVSGPI
yt-07439,0,1,1xZwp1H5hNc
yt-07440,1,2,uqOx5GbwdoM
yt-07441,0,1,Js1l9UhrmIg
yt-07442,0,1,hTCALnq49yI
yt-07444,0,0,PTX5hCdGGpc
yt-07446,1,2,PzdjkH2et6Y
yt-07447,0,1,s0W0w2jeb18
yt-07448,2,3,IfocyeSWoRo
yt-07449,1,2,pNbpijn86ec
yt-07450,1,2,ZpqJgmftaTg
yt-07453,2,3,novideo-7453
yt-07454,2,4,CWk1-t6ccyQ
yt-07456,2,4,j84zsPtsDnU
yt-07457,1,2,Nm8on_ZzXQc
yt-07459,0,1,ERUZo-m4V2U
yt-07460,1,2,FqfaM7yKapo
yt-07461,2,3,h3AnOlPumhk
yt-07462,1,2,BTpqR3KDXO4
yt-07463,2,3,cgpVgZF1qk4
yt-07464,1,2,hUfkQthRND8
yt-07465,2,3,LJDxqnJksc0
yt-07467,2,3,aIA4woCcjVw
yt-07468,1,2,novideo-7468
yt-07469,1,2,LLGGtj1qIBs
yt-07470,2,3,4NmmJxuf3g8
yt-07471,1,2,sX5ORTz9SAo
yt-07472,1,2,cAxekYyTGAI
yt-07473,0,1,VkuFXSGqxe8
yt-07474,0,1,fxhaUisusOM
yt-07475,0,0,T_h21T1MZVo
yt-07477,0,1,LG401aBnG8M
yt-07479,0,1,W2K-9lNTuYM
yt-07481,0,1,9KOMrYH6yJI
yt-07482,1,2,ixzhtJskW6c
yt-07483,0,1,nMCuI938c7A
yt-07485,2,3,WfshEpeYqSo
yt-07486,0,1,fCd1YnitMNU
yt-07488,1,2,yTnHjR_HyMA
yt-07489,2,3,HiluMcXB79I
yt-07490,0,1,h1bsS2doX_M
yt-07491,2,3,WFGOcuKHrm4
yt-07492,2,3,vaWlpX3duaU
yt-07495,0,1,tuqPFKF5NJo
yt-07496,0,1,HSnKRW7ffcY
yt-07497,0,0,qpGHlrNOrRU
yt-07499,1,2,6-hnCvWos6M
yt-07500,2,3,sX5ORTz9SAo
yt-07503,1,2,PmjCh81hoMI
yt-07504,2,3,AZ8fwLiIshI
yt-07505,1,2,VNFL3tnHd6s
yt-07506,0,1,8H_wPFED5bI
yt-07507,1,2,WOdUJoLRfSc
yt-07509,2,3,UeuyX3AGVS0
yt-07511,0,1,8j2Y9OOLTxs
yt-07512,1,2,9XvlHN0UPbk
yt-07513,1,2,m0_SMiOecko
yt-07515,2,3,novideo-7515
yt-07516,0,1,j4GZTjfECM0
yt-07517,1,2,ZZ5oqJMmJQM
yt-07520,1,2,8z-yaNav_ls
yt-07521,0,1,uQoyXY0k8yk
yt-07522,0,1,dN2YtmNIJUM
yt-07523,2,3,DEpUbqyxDbw
yt-07524,2,3,TeYFrJ8x-Xs
yt-07525,2,3,StEbUmobvwo
yt-07526,2,3,nZA8mmrTOYo
yt-07527,1,2,pb4qYO7o8wA
yt-07528,0,1,1bmHfss_cg8
yt-07529,0,1,ytTLlBvu1GU
yt-07530,1,2,GfMym551Ews
yt-07531,1,2,hScyl_ItHIw
yt-07532,2,3,DC05VUtSHmA
yt-07533,1,2,8Dk1FIo6a-w
yt-07534,2,3,KbyuZZJxiP0
yt-07536,0,1,-jzu56Ye18k
yt-07537,0,1,b8L4B2ie_D0
yt-07538,2,3,MMWHS5fe-XU
yt-07539,2,3,jFDkhoj2HjA
yt-07540,0,1,crxMMjAcugo
yt-07541,1,2,ZmtLWCT_qGE
yt-07543,0,1,WCpKtlkGOuY
yt-07546,0,1,36O2jC0fMz8
yt-07547,0,1,m0_SMiOecko
yt-07548,2,3,21B7Ah6LWbA
yt-07549,2,3,BFuz4UsYRVo
yt-07550,2,3,I5pLLeWFheA
yt-07551,2,3,hYY_cOIuE0U
yt-07552,0,1,fn4eih72BL0
yt-07553,2,3,DvTbjFIIa_A
yt-07555,2,3,IJRE7B1JE4c
yt-07556,2,3,WOdUJoLRfSc
yt-07557,2,3,bjnOEES09OY
yt-07558,1,2,TcAKOwaV8Cw
yt-07560,1,2,JD0ffz_OdHE
yt-07561,0,1,D28Kn4WZujI
yt-07562,2,3,vkV4PS2Tx-w
yt-07563,1,2,Nr-cs4dM2zg
yt-07564,0,1,7E-h4GZQhDU
yt-07565,0,1,P2cQty2XFsM
yt-07566,2,3,WdSkD7w2jSg
yt-07567,1,2,R3xohDQOw3s
yt-07568,2,3,VkuFXSGqxe8
yt-07570,0,1,hhPnE28AXf8
yt-07571,1,2,rLtvg2Asg_o
yt-07572,2,3,zPImrSpHEB4
yt-07575,2,3,eHTYAg9mpRI
yt-07576,0,0,Q5U3r6GAVtE
yt-07577,0,1,2_JZVM_jFJM
yt-07578,0,1,oKieT1EnPpw
yt-07580,0,1,Dmgehd7tB2U
yt-07581,1,2,qmraiz5g5AM
yt-07582,1,2,BABRe53fna4
yt-07585,0,1,JA2Nfbe41hY
yt-07586,2,3,fulCCOU6joE
yt-07587,2,3,j84zsPtsDnU
yt-07588,2,3,r1IMf2ncHkw
yt-07590,2,3,J78uVKsLN1g
yt-07591,0,1,JN4Tb80wqxM
yt-07592,1,2,zNiHU-640jk
yt-07593,2,3,novideo-7593
yt-07595,0,1,eGSP9HekvRE
yt-07596,0,1,NsbBcPpWtKw
yt-07600,2,3,58frGISFQUE
yt-07601,2,3,_RYdv365F-8
yt-07602,0,1,xYFR5YJ5gv0
yt-07603,0,0,d6ZV7O-4oyc
yt-07604,2,3,9ZyiZ97MNvc
yt-07606,2,3,-G_CjdQZgf0
yt-07609,1,2,H0bKUYV7g44
yt-07610,0,1,ne-n8yc4HlU
yt-07611,1,2,cbRkSzFq_O8
yt-07612,1,2,9XvlHN0UPbk
yt-07613,0,1,Yq0EiGZrFlU
yt-07614,1,2,bEmth44pj6k
yt-07615,2,3,WfshEpeYqSo
yt-07616,2,3,U5dXl8CBcMI
yt-07618,0,1,RWIaXZOwZ_A
yt-07619,0,1,t3Q8Haoiv6g
yt-07621,0,1,1YSdMWWl-Sg
yt-07622,2,3,veTHjVCaugU
yt-07623,2,3,sN2JGohpdAg
yt-07624,2,3,PCFpZ0u_fyM
yt-07625,0,1,EgBy01DJTBs
yt-07627,2,3,VkuFXSGqxe8
yt-07628,0,1,Iu4aISLXwUg
yt-07629,0,1,8m1QZqfnwCg
yt-07630,2,3,bC9mdQE_6tw
yt-07631,1,2,q11oZixMRY8
yt-07632,2,3,9I9ZkuW-w50
yt-07633,2,3,rjkCzq4cpZU
yt-07634,2,3,0qSRnaW4PO8
yt-07635,2,3,novideo-7635
yt-07637,2,4,Ku1VllsV2yg
yt-07640,0,1,k-1XRVJ0BI4
yt-07641,2,3,Nm8on_ZzXQc
yt-07643,0,1,YD3OakzpBLc
yt-07645,0,1,_kBt-B3CTHY
yt-07646,0,1,lb-dx1vU3vU
yt-07647,2,3,R5f00nmec-g
yt-07648,2,3,8CklEfc4L6I
yt-07649,0,1,zhyHyeWp8qM
yt-07650,0,0,F85faLwfcBI
yt-07651,2,3,KR49SATapVQ
yt-07652,2,3,J9e-b-mek9A
yt-07653,2,3,G3cOtJ-Kmjc
yt-07654,0,1,lpcZUVgQEOg
yt-07655,1,2,LlxDEMjUfXQ
yt-07656,2,3,CFTyyxTabmE
yt-07658,2,3,GRsQOzKNbRY
yt-07659,0,1,novideo-7659
yt-07660,0,1,tVVxX1vBOX4
yt-07663,2,3,TujT5qsdbkk
yt-07664,0,1,FaiKg3pVhBw
yt-07665,2,3,oZN2Ni9yXB4
yt-07666,2,3,v2AoX8wqcig
yt-07668,2,3,uRbjPF-1Udo
yt-07669,1,2,izjmMyE5mq8
yt-07670,2,3,s9FKQeuxiP4
yt-07671,2,4,yTnHjR_HyMA
yt-07673,2,3,novideo-7673
yt-07674,2,3,cfP0cBKHXo0
yt-07675,0,1,5Vn8pPRiJIg
yt-07677,2,3,uRiW3NRF2Ys
yt-07678,2,3,qUiOE9gNXYM
yt-07680,0,1,l8xUFhkVwIM
yt-07681,0,1,kjPhh5bOH3M
yt-07682,2,3,zYfrMo8uHMQ
yt-07683,0,1,EQwF8dpGbww
yt-07684,1,2,uu2zRlPidNk
yt-07685,2,3,zZ495vb8gHg
yt-07687,0,1,HpcXaibsNuQ
yt-07688,2,3,UKpExvEDGx8
yt-07689,0,1,z0RBVdDts3k
yt-07690,0,1,XH4R8ToaPaM
yt-07692,1,2,ICLWKeTEPcU
yt-07693,1,2,euydimYmnpw
yt-07694,0,0,P0ZECEyMOHI
yt-07695,2,3,hmp4ZVhgm8o
yt-07698,0,1,2ZwLSnX3Ce8
yt-07699,2,3,u7Pl_OdxcKA
yt-07701,2,3,JVNY5NJTyFs
yt-07702,1,2,pjxS6XXK4Zw
yt-07704,2,4,ZfG5fz918W8
yt-07705,2,3,e3PtPOkNj6A
yt-07706,1,2,wZjdgFAU0Mk
yt-07707,2,3,4NDa3GWTPoo
yt-07708,0,1,G2Cto08tkHs
yt-07711,1,2,_Ye-akTTRzc
yt-07713,2,3,1amSL0WIS-Y
yt-07714,2,3,N7dMYBGhLv0
yt-07715,0,0,4WjmHeDBQKc
yt-07716,2,3,Rj1kjiwE_qM
yt-07718,2,3,MhEQyO4-2o4
yt-07720,1,2,JCOiZtAvwso
yt-07721,0,1,xyFvpYh1v9k
yt-07722,0,1,YtFjKh5J9nI
yt-07724,0,1,CFTyyxTabmE
yt-07725,0,1,gc6LX9aGLtc
yt-07726,2,3,F9MctqJgJVk
yt-07727,0,1,9GxGuzEmBk0
yt-07728,0,1,pXeOtkaIxgU
yt-07729,2,3,3okKhqMnD2g
yt-07730,2,3,QdVUPTXDK-0
yt-07731,2,3,_uPjqtGxgPE
yt-07732,2,3,C3W6Ep3ZLpY
yt-07733,2,4,D_yfTY1kXF4
yt-07735,2,3,RN0zNNH89h8
yt-07736,2,4,JeFaQd2fq-8
yt-07737,1,2,-IeCUhemJXs
yt-07738,1,2,068pNst6-e4
yt-07739,2,3,t36UFQm30qg
yt-07740,1,2,i5Kybh7ZtEs
yt-07743,1,2,-WEHiitOt8I
yt-07744,2,4,8UH6G1LnXR8
yt-07745,0,1,sZgbTEpm7XA
yt-07746,2,3,XY9GhLNm37g
yt-07749,2,3,rAK377CYgcg
yt-07751,2,3,b3QBfxONl3g
yt-07752,1,2,9ZyiZ97MNvc
yt-07754,2,3,e3-0Le2ytZE
yt-07755,2,3,s2w0X6aL1Do
yt-07756,2,3,Fpo_OmFwiBA
yt-07757,2,4,fOVOhlSkWMA
yt-07758,0,1,blCSl6aTdz4
yt-07759,2,3,NyfWXDbJ7nw
yt-07760,0,1,G1q8ZuC0M8Q
yt-07761,1,2,NnTCmXXZmLk
yt-07763,2,3,8UH6G1LnXR8
yt-07764,0,1,yldVVkRKhxc
yt-07765,2,3,1KZNiZnHQ_Q
yt-07766,2,3,JqEoOucZhDk
yt-07767,1,2,fE0w8cJxt8Y
yt-07768,1,2,ZlDY-HGy25U
yt-07770,0,1,Sj5ikdOtRJk
yt-07771,1,2,miQKrEJhEFE
yt-07773,1,2,3D6EmaSogzc
yt-07774,0,0,_WheySgo7Lg
yt-07775,2,3,OhrX7At2UAs
yt-07776,2,3,WwVLCiwxcsM
yt-07778,2,3,DycGCnStUIY
yt-07779,1,2,5PNnHHT0E6Q
yt-07781,0,1,Y36NvkJGaMU
yt-07782,2,3,PCFpZ0u_fyM
yt-07783,2,3,hNbNkY8oEVk
yt-07784,2,3,Xv0xwQDL0yM
yt-07785,1,2,hxdRSl5gufQ
yt-07786,0,1,Zygs3c0CVOg
yt-07787,0,1,Kge9ck9THuc
yt-07788,2,3,bSsoNOO8-fI
yt-07789,1,2,ODoROLRgZgc
yt-07790,1,2,j84zsPtsDnU
yt-07791,2,3,sepI2oMcbsM
yt-07792,1,2,1WvjQ8o1itE
yt-07793,0,1,0IUPr4zLkAY
yt-07794,1,2,dYBUHBF-yLo
yt-07795,0,0,nQPZr6BdaVM
yt-07796,1,2,_tZA5mrRG5k
yt-07797,2,4,Ku1VllsV2yg
yt-07798,2,3,m0_SMiOecko
yt-07799,2,3,vI1P16MO6IM
yt-07800,0,1,nuM1Gq4EuLk
yt-07801,0,1,eLlwWJHSE64
yt-07802,2,4,_F_JlDNGoi0
yt-07804,0,1,novideo-7804
yt-07805,2,3,Cp4jZ0KjgiM
yt-07806,2,3,Xkd4aqMhvRA
yt-07807,2,3,VkuFXSGqxe8
yt-07808,2,3,SGmHjavi56Y
yt-07809,0,1,RQWL1m55C58
yt-07810,2,3,hKOEs66hdKk
yt-07811,1,2,-p4k30TTF2U
yt-07812,2,3,6PrtHoMxABg
yt-07813,2,3,7Oc8-eclkrY
yt-07814,1,2,77TQoGa33Ek
yt-07815,2,3,Aexm2diDfYw
yt-07816,2,3,UGR2BCGFxMo
yt-07817,2,3,RKulsZSqjhQ
yt-07818,0,1,CdweHE2suvA
yt-07819,2,3,YoD3GqU9HJQ
yt-07820,2,3,pXeOtkaIxgU
yt-07821,0,1,mQzOURgV-yA
yt-07822,0,1,K4_2B63eRJw
yt-07823,1,2,y_hy8DfxDsw
yt-07824,2,3,P1amCSIPKF8
yt-07825,0,1,ilsSBu6D5mQ
yt-07828,0,1,euydimYmnpw
yt-07830,2,3,-R6IBaRrBRM
yt-07833,2,3,HJjaseDFEZA
yt-07834,2,3,m0_SMiOecko
yt-07836,1,2,3FCJhXdYV84
yt-07837,2,3,novideo-7837
yt-07839,1,2,8jm1Fpp-8W8
yt-07840,2,3,PY00zzXnajw
yt-07841,2,3,yypLKij21-Y
yt-07843,2,4,6K0qqR-yEz8
yt-07844,2,3,38-ahnQ2CKg
yt-07845,2,3,U4P55eg0m5o
yt-07846,1,2,P4GR1p-Yev8
yt-07848,2,3,cMLgQvn-BUc
yt-07851,2,3,PHt74nKN0HU
yt-07852,2,3,Wj8eEve9EqA
yt-07854,0,1,BsPPc08Pxwk
yt-07856,0,0,qpGHlrNOrRU
yt-07857,2,3,1VTLzDSRNCE
yt-07858,0,1,bKqFNUarNFo
yt-07859,0,1,rZJT646i4TY
yt-07860,2,4,lxdup1bcUR0
yt-07861,1,2,tENdVriyYD0
yt-07862,2,3,tm3SnDw9xqI
yt-07863,0,1,f_dimX6lv5Y
yt-07864,2,3,9Qmg7AvIY7I
yt-07865,2,3,4EDh57xIObY
yt-07867,0,1,lZUv2RoazCg
yt-07868,2,3,s8I5jegN9TE
yt-07869,0,1,F85faLwfcBI
yt-07872,2,3,xyFvpYh1v9k
yt-07873,1,2,NWaRM1VFxDQ
yt-07874,2,3,8NnNPaubuNw
yt-07876,1,2,UzCSv6AV-UQ
yt-07878,0,1,vwq2KKkA1oI
yt-07879,2,3,AZ8fwLiIshI
yt-07880,2,3,Pe0SmG6Rzj0
yt-07881,0,1,jFrKRdtmTcY
yt-07882,0,1,GemLwiSZ5Po
yt-07883,0,1,yrzGb7hnUc8
yt-07884,2,3,zQiCkbGdrvE
yt-07885,2,3,zYO2g2G5qh8
yt-07886,0,0,0uBQOW3Fmns
yt-07887,2,3,0Hmid399P4Y
yt-07889,2,3,QyyEhXGKQrc
yt-07890,1,2,AVSr29gn1Uk
yt-07891,2,3,1XRVcZ3IePo
yt-07892,0,0,URYu8gilAgo
yt-07893,2,3,-NsM4fBolRo
yt-07894,1,2,-6zy7UiVjaw
yt-07895,2,3,o-klRa1czi4
yt-07896,0,0,xmft7BE-b2E
yt-07897,1,2,nomrKU1-IHQ
yt-07898,2,3,BUyIhZIpf5k
yt-07899,2,3,oTaEUiHBhCk
yt-07901,0,1,jrVknoTp0Ro
yt-07902,2,3,qh85fT3ARe8
yt-07903,1,2,ebYPx89GbHA
yt-07905,1,2,72JQHbCpalg
yt-07906,2,3,aH1o9CDsS5Q
yt-07908,1,2,FLdLJm5y3ZQ
yt-07911,0,1,mhySXh9xEuI
yt-07912,2,3,UCJPIZrDmgk
yt-07913,2,3,1rei_oUiwwk
yt-07914,0,1,WSUcy_sh2Bg
yt-07915,0,1,isaWzqolN44
yt-07916,0,1,wOTm_vZ40T4
yt-07917,0,1,2tkWEZYLUHs
yt-07918,1,2,l8xUFhkVwIM
yt-07919,1,2,SLR2vFb-DBw
yt-07920,2,4,tAHK6E03ORo
yt-07921,0,1,novideo-7921
yt-07922,0,1,_TpklZJKDus
yt-07924,0,1,5EVLhedloIQ
yt-07925,2,3,DC05VUtSHmA
yt-07926,2,3,Z9k5dWX3Vlc
yt-07927,2,3,Y3T20pSx4C0
yt-07928,0,1,3LxyKQ-3vxE
yt-07929,2,3,DQ2GFstYKms
yt-07930,2,3,w1Nj3fLSrk8
yt-07931,2,3,8UH6G1LnXR8
yt-07932,0,1,Ma9wxNfR4WE
yt-07934,2,3,Brusqy_dKUg
yt-07935,1,2,5Zt-bUk5Pfk
yt-07936,2,3,UYlMVjEElQo
yt-07937,0,1,Of43L-Xj3g0
yt-07938,1,2,7CYSxJXMsfM
yt-07940,1,2,ux0B5RcGEWY
yt-07941,1,2,8Onktbb6acM
yt-07942,0,1,x0V3Ckhlz0w
yt-07943,2,3,xCkjdAMMIsk
yt-07947,0,1,0k5ZQRDvLe4
yt-07949,0,0,novideo-7949
yt-07950,0,1,LGDWeThCxh8
yt-07952,2,3,dvQTv6Vg0KI
yt-07954,0,1,btrzODCnxOg
yt-07955,0,1,KHclGBt8L6Q
yt-07956,2,3,HjpOIiUJLX0
yt-07957,1,2,SC6vrqadXdU
yt-07960,2,3,_nGtH-JQV5w
yt-07961,2,4,BhDzgZmnYOA
yt-07962,2,3,MMRjgEVjo5Q
yt-07963,1,2,lq-STRyZvok
yt-07964,1,2,jBtVCHYDbWw
yt-07967,1,2,k-_pA5XgHI8
yt-07968,0,1,Wio2JCY4WCk
yt-07969,2,3,5iFHtwUUYoE
yt-07971,0,0,KJG0Ojv2I_o
yt-07972,0,1,skXZ2QFKIDE
yt-07974,0,1,NLgu0wcTCd4
yt-07975,2,3,cgJJ6XSf5qs
yt-07977,0,1,0IUPr4zLkAY
yt-07978,1,2,852q17z1D-A
yt-07979,0,1,UO8vu84SIok
yt-07980,0,1,zwwVFse75Is
yt-07981,1,2,qw2gSJ4oKmc
yt-07982,1,2,XGL4F-2uOXU
yt-07983,2,3,8tR0YQxyjdI
yt-07984,2,3,oZ1hvGNm7h8
yt-07987,0,1,9TmO9LA0c0U
yt-07988,0,1,9ypeQVS2XLk
yt-07989,2,3,7_SPy32OU34
yt-07990,0,1,Yqt8wJfwsis
yt-07991,0,1,Wsybj-jrLIk
yt-07992,2,3,C3z79NQUX28
yt-07993,2,3,Eq8Ic1fZqMc
yt-07995,0,0,novideo-7995
yt-07996,0,1,Nyt1Q0QNpq8
yt-07997,0,1,dSdKszt_ohw
yt-07998,0,1,JfNQxI8rv28
yt-07999,2,3,Ka5B815hZ0g
yt-08000,2,3,87YSAS3LJlw
yt-08001,2,3,sX5ORTz9SAo
yt-08002,1,2,vI1P16MO6IM
yt-08006,0,1,1veitumiKwc
yt-08008,0,1,3n-mMIKFr1U
yt-08009,0,1,jP3nJAWG15Q
yt-08010,1,2,Xg9hF50AsS0
yt-08012,2,3,roB6y6pEUoU
yt-08013,2,3,7hMfGlt-AfU
yt-08014,0,1,QR-NmTg4HjI
yt-08015,2,3,ejPRQ37seqk
yt-08016,1,2,DA_xGSuVBZM
yt-08017,1,2,J4To4iGm-Xg
yt-08018,0,1,K8F29h6fPSA
yt-08019,0,1,74A7-OztFQ8
yt-08020,0,1,me9UmUy40YY
yt-08021,1,2,jHZm_Sozorc
yt-08022,2,3,4q9YGVyD5MA
yt-08024,2,3,SGX6aguU5QM
yt-08025,1,2,miyR7b0h7Eo
yt-08026,0,1,lXvo5vZ4jH8
yt-08028,0,1,hEOpSXxiSyY
yt-08029,1,2,4lI0Hr85olI
yt-08031,0,1,FD1tFafLma8
yt-08032,1,2,v48J9_0L0o0
yt-08033,0,1,d2xjsCHotic
yt-08034,2,3,_2Dy4vTAbnY
yt-08035,0,1,Li25SFvZofU
yt-08037,0,1,HrL5oCB7Kl4
yt-08038,2,3,hbFvpI4rafI
yt-08040,0,1,CZdClt-_xjQ
yt-08041,2,3,g1UhspNtUiQ
yt-08042,2,3,VkuFXSGqxe8
yt-08043,2,3,qGUzlCiW9dw
yt-08044,2,3,LRJgjcKPWcw
yt-08046,1,2,Pe0SmG6Rzj0
yt-08047,0,1,8y9HZSnVVzE
yt-08048,2,3,tEXGzlOiz88
yt-08049,1,2,LDGyooZNX2c
yt-08050,2,3,jCCwe2E3JAQ
yt-08051,1,2,IzMnCv_lPxI
yt-08052,0,1,RQWL1m55C58
yt-08054,1,2,AnGxTWjmXkA
yt-08055,1,2,AxaIZ36B4C4
yt-08056,1,2,Q8c3UAxRUjQ
yt-08057,2,3,tf1Tl4Q_660
yt-08058,1,2,5TWVlB4mYZM
yt-08059,1,2,jrVknoTp0Ro
yt-08060,0,1,Eifv1zrQF3A
yt-08061,0,1,ppVa-oUquhI
yt-08062,0,1,Y75S3K2qeo0
yt-08063,0,0,mzr_bC4IZC0
yt-08065,0,1,novideo-8065
yt-08066,2,3,nqUzEDp6wFM
yt-08068,0,1,_C-ZeqEVoxo
yt-08069,0,1,r9Ljy8xMrRc
yt-08071,0,1,oqfNS3nk_J4
yt-08072,2,3,ilsSBu6D5mQ
yt-08073,2,3,1gCjeEnE5Tg
yt-08074,2,3,v4RiM8y89og
yt-08075,2,3,uCPkx7vX6ek
yt-08077,2,3,VkuFXSGqxe8
yt-08078,1,2,mADQeIr8Y_0
yt-08079,2,3,CVt3UBCUirg
yt-08080,1,2,aEHQ0wMdy1c
yt-08081,2,3,Zu90jlvKgYo
yt-08083,2,3,Tt4b41FP9RU
yt-08084,1,2,KQoufpALmCI
yt-08085,0,1,nMAQhl-0Tyg
yt-08086,0,1,jaklqSNMo3I
yt-08087,2,3,8YqBHMHc5A4
yt-08088,0,1,BWm4v9q-6DU
yt-08089,0,0,hBtfgqgrFEc
yt-08090,1,2,0VHdlG-cyA4
yt-08091,2,4,BA9w6KYWkyo
yt-08092,0,1,5TBEXbYetaU
yt-08093,0,1,KOXIrIUMB0Q
yt-08094,2,3,Bp3yeibMgQ4
yt-08095,1,2,xcH3d0w9Xxw
yt-08097,0,0,AwKhGlrBS-I
yt-08098,2,3,9KOMrYH6yJI
yt-08100,0,1,ge6w_dEJL8w
yt-08101,2,3,MCRlYg2l4Jg
yt-08102,0,1,dfoAtnGm3LE
yt-08103,2,3,tAHK6E03ORo
yt-08104,0,1,xW9E9epD8sg
yt-08105,2,3,dYBUHBF-yLo
yt-08106,1,2,pXeOtkaIxgU
yt-08108,1,2,vI1P16MO6IM
yt-08110,1,2,zW-pZG1k0Nw
yt-08112,0,1,g7xg-RfYf80
yt-08113,0,1,JbSWwk9373U
yt-08115,0,1,DbUUX3uaOe8
yt-08116,0,1,2hB7nn5Wk0M
yt-08117,2,3,CFTyyxTabmE
yt-08118,2,3,FM8dg8dQ46Y
yt-08119,0,1,DWilN6bQJ9U
yt-08120,0,1,wwGJJ4Yj3FA
yt-08122,2,3,1_vBI50Hiig
yt-08124,2,3,G2uUFMSR_Nw
yt-08125,0,1,GfGjrTTxyoM
yt-08126,2,3,UBAY26elr-w
yt-08127,0,1,TjaUeA8C86c
yt-08128,2,3,pb4qYO7o8wA
yt-08129,2,3,ZVaXjmh8lRE
yt-08131,0,1,HeTm2y5FgHo
yt-08132,1,2,gRNv7yTFj_A
yt-08133,1,2,vpoVEhc2Xgk
yt-08134,0,1,xyJjHmz_UHc
yt-08135,2,3,1PoqHjv88rY
yt-08136,2,4,novideo-8136
yt-08137,2,3,XHqFoc0Gpk0
yt-08138,1,2,gc6LX9aGLtc
yt-08139,2,3,NSDIBZpDMxA
yt-08140,0,1,Uw5sSk-ZkYY
yt-08141,2,3,m42K68YsyVk
yt-08142,0,1,I7kaR-7b6iI
yt-08146,1,2,hnuQCtjdXfs
yt-08147,1,2,7Im42EYdnvg
yt-08148,2,3,vpoVEhc2Xgk
yt-08149,0,1,iPGvMvJWBGU
yt-08151,2,3,FLi-5kZ8zRY
yt-08152,2,3,ppVa-oUquhI
yt-08153,1,2,nkE6M85fay0
yt-08154,2,3,qEIssm3hRSA
yt-08155,2,3,mxQiAhEjYEo
yt-08156,0,1,Wsybj-jrLIk
yt-08157,2,4,SH3-06sI77A
yt-08158,2,3,f1Oo0dBNgik
yt-08159,1,2,7CYSxJXMsfM
yt-08160,1,2,-xOnyJ-2bLM
yt-08161,2,3,xVuggFk1hWM
yt-08162,1,2,PLCR4rhl9Rw
yt-08164,0,1,9bd64aBJs08
yt-08165,0,1,novideo-8165
yt-08166,0,1,a0q1R8adOEs
yt-08168,2,4,v-0zcUrNBXc
yt-08169,0,1,GGV-LRGn8w0
yt-08170,1,2,KbyuZZJxiP0
yt-08171,2,3,swpDpcP6bIM
yt-08172,2,3,hmp4ZVhgm8o
yt-08173,1,2,NK-EG-bxX18
yt-08174,1,2,Y75S3K2qeo0
yt-08175,2,3,c2sAHq4uV7Y
yt-08176,2,3,HrL5oCB7Kl4
yt-08177,2,3,J7_-oVm5njU
yt-08179,0,1,zhyHyeWp8qM
yt-08180,2,3,xcs6zZmScR0
yt-08181,2,3,C3z79NQUX28
yt-08182,2,3,sX5ORTz9SAo
yt-08183,0,1,1J6dWBo56u4
yt-08185,0,1,FuZVA3s7b1c
yt-08186,1,2,azjSdb--7dQ
yt-08188,0,0,wry4-XPuN6M
yt-08189,0,1,NpSAv-NLIok
yt-08191,1,2,_wUW1tKmVZA
yt-08192,2,3,pXeOtkaIxgU
yt-08193,0,1,9gGc3-cGYBA
yt-08194,0,1,Xjx4NrLQWW0
yt-08196,0,0,zwwVFse75Is
yt-08198,2,3,gHg7pDXS8vc
yt-08200,0,1,IUaFEcAh_kc
yt-08202,0,1,T5lbFpTBOS8
yt-08204,0,1,wj5zRqjD8Fg
yt-08206,0,1,lbQgFOHsmdc
yt-08208,0,1,bBIduwa6jR4
yt-08209,0,1,npu1sASOflU
yt-08210,0,1,0Y2mwEJ26N0
yt-08211,2,3,tAHK6E03ORo
yt-08212,0,1,EXbw7FBaGDQ
yt-08213,0,0,8j2Y9OOLTxs
yt-08214,2,3,tAHK6E03ORo
yt-08215,2,3,s0nuKKa7Lv0
yt-08216,2,3,AxaIZ36B4C4
yt-08217,0,1,MHzu6n9s_so
yt-08218,2,3,iaJN_IyMndk
yt-08219,2,3,_6nCS7fmiO0
yt-08222,1,2,40ns51R4HwY
yt-08224,2,3,LDGyooZNX2c
yt-08225,2,3,DC05VUtSHmA
yt-08226,0,1,novideo-8226
yt-08227,1,2,hKWSW2JvkJ0
yt-08229,0,1,Ol4WwWUXJmI
yt-08230,0,1,hu2Dt5ksXfg
yt-08231,0,1,hu2Dt5ksXfg
yt-08232,0,1,s2okgyh0xCU
yt-08233,1,2,C2NQfX-Pjp4
yt-08234,1,2,SsSbu02eIIQ
yt-08235,0,1,DJ6vddaZHXA
yt-08236,0,1,6YPUyE_svZE
yt-08237,2,3,bPacmZWJrBM
yt-08238,0,1,zwwVFse75Is
yt-08240,1,2,_00PNeVGiZU
yt-08241,0,1,O6Uq655SKTw
yt-08242,0,1,Yqt8wJfwsis
yt-08243,2,3,Hl3Bg0grAwY
yt-08244,1,2,_00PNeVGiZU
yt-08246,2,4,YoD3GqU9HJQ
yt-08247,2,3,VlF9CpZPKLI
yt-08250,2,3,6GXHhSzoZZU
yt-08252,2,3,1VTLzDSRNCE
yt-08253,0,1,FuZVA3s7b1c
yt-08254,1,2,pXeOtkaIxgU
yt-08255,1,2,ezG4FkUZ1u0
yt-08256,2,3,xcH3d0w9Xxw
yt-08257,0,1,Nh1uGGzMqJU
yt-08258,0,1,CFTyyxTabmE
yt-08259,0,1,eOdS_joghKw
yt-08260,2,4,yZZtTbVFQSg
yt-08261,2,3,__BeH8xh7y0
yt-08262,2,3,X_PAY1WOfFU
yt-08263,1,2,4NQFwvuWOFs
yt-08265,0,1,OWEyvbfVQq8
yt-08266,0,1,A21R6eoF80k
yt-08269,0,1,IdtvHdm_saI
yt-08271,0,0,hBCCr6c7Lu4
yt-08273,0,1,RQWL1m55C58
yt-08279,0,1,o98IhweLeN8
yt-08280,2,3,04Hc7WTfF8w
yt-08281,1,2,WSDUAR4h-YY
yt-08282,2,3,m0_SMiOecko
yt-08283,2,3,8UH6G1LnXR8
yt-08284,2,3,Jh4tpeTceSg
yt-08285,0,1,1YZ5yFrk090
yt-08286,1,2,IlLmOc2tjSw
yt-08287,0,1,8KG2PUc5VKg
yt-08288,2,3,HrL5oCB7Kl4
yt-08290,2,3,GFkzAz-YNsU
yt-08294,2,3,g1UhspNtUiQ
yt-08295,1,2,Xi_BwJ6T_3s
yt-08296,0,1,AS9bzGDVsX0
yt-08297,0,1,DfOtovCaiRA
yt-08298,1,2,bP8A9ptzWY0
yt-08300,0,1,OOseF5E2kqo
yt-08301,0,1,xPoMhOcScZY
yt-08302,2,3,ZOUSjqTH1xk
yt-08303,0,0,fI8qJbtELPY
yt-08304,2,3,A1pw0c4sr3I
yt-08305,2,3,RnEiqCtr7Jc
yt-08306,1,2,3aeJpHCTGMY
yt-08307,0,1,unB18Si-rwg
yt-08308,2,3,7pdagiR3I6g
yt-08309,1,2,xNIkqv0OF3U
yt-08310,2,3,JH5qHfBPZcE
yt-08311,1,2,snoRR_VwZ1o
yt-08313,0,1,v3aXbokFl-c
yt-08314,1,2,UvKk4-jpv0Y
yt-08315,0,1,9TmO9LA0c0U
yt-08316,2,4,YqK5pHYjXIw
yt-08317,1,2,LykotTtdTSQ
yt-08318,0,1,atRq2PnKWmA
yt-08320,0,0,Ky2IFBQJICg
yt-08322,2,3,lpcZUVgQEOg
yt-08323,0,1,1VTLzDSRNCE
yt-08324,0,1,rBaO2Z2q7x0
yt-08325,1,2,jX9arXV3ccE
yt-08326,0,1,TyhowxXIiZI
yt-08328,2,3,tACriEk-83k
yt-08329,0,1,ucpZJCB_6ug
yt-08330,2,3,_46CzJJudnc
yt-08331,2,3,F21nkk0jLKU
yt-08332,1,2,GNgJrDWxiL4
yt-08333,0,1,QfeR7w5BSIk
yt-08336,2,3,UNyyd6eZNJU
yt-08337,1,2,JCOiZtAvwso
yt-08338,0,1,qlnDt0HMcuQ
yt-08339,0,1,novideo-8339
yt-08340,0,1,YXhtTgh-igs
yt-08341,1,2,OeYVzY0L4Kg
yt-08342,0,1,u5JdfVatFF4
yt-08343,0,1,nuphKDPbnbo
yt-08344,2,3,pRerRF3DE_w
yt-08347,2,3,C3z79NQUX28
yt-08348,2,3,beyF_duOE-w
yt-08349,1,2,hsDM4lvdE2w
yt-08350,1,2,TM1VmKAh1HU
yt-08351,2,4,zuWOq541bog
yt-08352,2,3,_YGUCiJTz3c
yt-08353,2,3,M9vZqigAjfc
yt-08354,0,0,SlbMxA5JqsM
yt-08357,0,1,WsHwwCoyC94
yt-08358,2,3,Fr3raI8unhA
yt-08359,0,1,0B0hG-LIgMY
yt-08361,2,3,bWVH9Fnqg3Y
yt-08362,0,1,CaODYoZzBAw
yt-08363,0,1,O3yYh5dyWlQ
yt-08364,1,2,qAZ3DV66aS8
yt-08366,1,2,pe50HWMGMq0
yt-08367,2,3,qMAeQeZDgqA
yt-08368,2,3,WfshEpeYqSo
yt-08369,2,3,SsSbu02eIIQ
yt-08370,2,3,hmp4ZVhgm8o
yt-08371,0,1,1Vi2FJ4H3MM
yt-08372,2,3,yL76f9B0VEY
yt-08373,0,1,ikjRfEOWS4k
yt-08375,0,1,xYFR5YJ5gv0
yt-08376,1,2,64WZqyIdPUs
yt-08378,0,1,tVVxX1vBOX4
yt-08379,2,4,FITxd-OUnZs
yt-08380,2,3,JVNY5NJTyFs
yt-08381,1,2,VwoFa22UMlU
yt-08382,1,2,Niufe61hvmk
yt-08383,1,2,S9fwSllDrmY
yt-08384,1,2,HyXYwx9AHHI
yt-08386,0,1,qpGHlrNOrRU
yt-08387,0,1,oPUqSdbQfhI
yt-08388,0,1,CWgX1XGKDpk
yt-08389,2,3,PSRA_ntnLfs
yt-08391,0,1,kJp5hRj3JpI
yt-08392,0,1,hYlLjR8TXMg
yt-08393,0,1,Abq4vNaZH-w
yt-08394,2,3,vI1P16MO6IM
yt-08395,2,4,novideo-8395
yt-08396,0,1,9TmO9LA0c0U
yt-08397,1,2,O-ijRtnIW3I
yt-08398,0,1,YOuvHd9OHRo
yt-08400,2,3,xW9E9epD8sg
yt-08401,0,1,spr-TFz0fis
yt-08402,1,2,gLmemI5o62A
yt-08403,1,2,7DKmQM4qde0
yt-08404,0,1,e1Uqw-tE6nU
yt-08405,1,2,SOWsUZozSuQ
yt-08406,1,2,Iykno64pNHI
yt-08407,2,3,M7_xKTcfHEc
yt-08408,0,1,8nYINqVRUG0
yt-08410,2,3,bD9j0MK87Rs
yt-08411,2,3,SN9M_vyE4IY
yt-08412,2,3,9hmhPF0bj9I
yt-08414,1,2,qAoMIMeh7ns
yt-08415,0,1,zFDXs2-_-RM
yt-08416,0,1,uZcrc1IAiV0
yt-08417,2,3,-jFZnfprZXo
yt-08418,1,2,vI1P16MO6IM
yt-08419,0,0,pXeOtkaIxgU
yt-08420,0,1,0NjppfLG1zs
yt-08422,2,3,Y-6dOXDBflA
yt-08424,0,1,O0btx0F03AQ
yt-08426,2,3,b3QBfxONl3g
yt-08427,0,1,nfaADx4pcX8
yt-08428,2,3,1KZNiZnHQ_Q
yt-08429,2,4,O_-e5eN1ZtY
yt-08430,0,1,3aeJpHCTGMY
yt-08431,0,1,i2F5mYkm0MU
yt-08432,2,3,m0_SMiOecko
yt-08433,0,1,K-5FbzD1FNk
yt-08434,1,2,diOkxTDJWgI
yt-08435,2,3,_FoIY4MdolE
yt-08436,0,1,-xi8IqnX5iU
yt-08437,1,2,pCrVW9lK73I
yt-08438,0,1,_Z5WazHATR8
yt-08439,0,0,T5mBV_fQ9kc
yt-08440,1,2,GOOVURXXlaI
yt-08441,2,4,JPn6Qoaa-R8
yt-08443,1,2,KeZHrBkQXSg
yt-08445,2,3,S2sYiJIT2G8
yt-08447,2,3,Y3T20pSx4C0
yt-08448,0,0,Awi5YLCzRzk
yt-08449,0,1,-BK_OEyGS-4
yt-08450,2,3,SDgcPAwaVPU
yt-08451,2,3,QokMrwVKzZY
yt-08453,0,1,URYu8gilAgo
yt-08454,0,0,q8CDkPWnH_g
yt-08455,0,1,qEIssm3hRSA
yt-08456,0,1,r2qBtNrhvJc
yt-08457,2,3,YFM8Axmv-jc
yt-08459,2,3,9hABSMgOZZQ
yt-08461,2,3,0qTFQ4zhLPE
yt-08462,0,1,Nm8on_ZzXQc
yt-08463,0,1,5yrJD3OqzYM
yt-08465,0,1,e2SSCFs-blk
yt-08466,2,3,pS1A_285v6s
yt-08467,2,3,rSlpeFsOsds
yt-08469,0,1,1gfJwckIttY
yt-08470,1,2,1AqAmoMfAZs
yt-08471,2,3,b_x9tMcie0g
yt-08472,1,2,mraw40532V8
yt-08473,0,1,TM1VmKAh1HU
yt-08475,0,1,DN8Y5hq8qro
yt-08476,2,3,Y3T20pSx4C0
yt-08477,2,3,YoD3GqU9HJQ
yt-08478,0,1,v2lzxIHt9pY
yt-08479,1,2,986ZY6x-3Q0
yt-08480,0,1,Y36NvkJGaMU
yt-08481,2,3,9CJqr-wRKFM
yt-08482,2,3,odrKf9R6ELk
yt-08484,2,3,IyoZBHfRydM
yt-08485,1,2,G2JWmYEVYPs
yt-08487,1,2,cbRkSzFq_O8
yt-08489,2,3,ZOUSjqTH1xk
yt-08490,2,3,siImY7HJtjA
yt-08491,1,2,mD_D1JArYZE
yt-08494,0,1,0gafYXgVQcY
yt-08495,2,3,GgOOdZ-h1U0
yt-08496,1,2,0uBQOW3Fmns
yt-08499,0,1,QQwQ90T1rjE
yt-08500,1,2,5WCU6XSzff0
yt-08501,2,3,5gseQXpmaUQ
yt-08502,1,2,rZJT646i4TY
yt-08503,2,3,YoD3GqU9HJQ
yt-08504,0,1,yyD5pQs7poo
yt-08505,0,1,IxkKf0_LJ94
yt-08506,1,2,KExJ6oyPtTw
yt-08507,2,3,qh85fT3ARe8
yt-08508,2,3,CBVGd8NfMxk
yt-08509,2,3,0BOXn9eB8WA
yt-08510,0,1,J-s4kZzexCA
yt-08511,2,3,T1jWC8z3Gig
yt-08512,2,3,1VRlsD09id8
yt-08513,0,1,ZpqJgmftaTg
yt-08514,1,2,p0wWGBxwRtI
yt-08515,0,1,H0bKUYV7g44
yt-08516,2,3,2ICRTt7MYrg
yt-08518,1,2,5kC0fBuzc-s
yt-08520,2,3,ltuMxeyriWw
yt-08521,0,1,__DWkfavs-g
yt-08522,2,4,m0_SMiOecko
yt-08523,0,1,OMQLXHJhhYs
yt-08524,1,2,GLWtH980Y78
yt-08525,0,1,N4HM40JED6c
yt-08526,2,3,8qWFCf7Ab7Y
yt-08527,0,1,f2bmR4e1v18
yt-08528,0,1,XfuXoBA9H4E
yt-08529,0,1,KvEzctr8B_c
yt-08530,2,3,tAHK6E03ORo
yt-08532,2,3,kTw116NJXIs
yt-08533,2,3,JruRKOKSPk0
yt-08534,1,2,C3z79NQUX28
yt-08535,2,3,ywdkzZxMsrI
yt-08536,0,1,uu2zRlPidNk
yt-08537,2,3,nytpJhM15Ps
yt-08538,2,3,C3z79NQUX28
yt-08539,1,2,PyUhE-tlB4M
yt-08540,0,1,YseAe6TS7AI
yt-08541,2,3,unB18Si-rwg
yt-08542,1,2,W93B7cSaKLg
yt-08543,0,1,s0W0w2jeb18
yt-08544,0,0,pCabfVMypvU
yt-08545,0,1,lXxblx0e9Ys
yt-08546,0,1,W93B7cSaKLg
yt-08547,2,3,DC05VUtSHmA
yt-08549,1,2,pnLqT9WavrY
yt-08550,1,2,jwQ18qOv83k
yt-08551,2,4,izjmMyE5mq8
yt-08552,2,3,e2pmfYaGgrY
yt-08554,1,2,b0RG5j5G6RE
yt-08555,2,3,lXvo5vZ4jH8
yt-08556,0,1,yLSpIBtQlpE
yt-08557,2,3,oZN2Ni9yXB4
yt-08558,2,3,P051rbLjttY
yt-08559,2,3,Sx1JUWGer2I
yt-08560,0,1,AwasJ-1il_M
yt-08561,0,1,ycMdrIw1dxc
yt-08563,1,2,BLX7sTQqkYA
yt-08566,0,1,8ukFem8rvks
yt-08567,2,3,P051rbLjttY
yt-08569,2,4,ZhsMvGJ_Y2E
yt-08570,2,3,XgHEzi81Lo4
yt-08571,2,3,grqxlQPhCt0
yt-08572,0,1,ERUZo-m4V2U
yt-08573,0,1,LlxDEMjUfXQ
yt-08574,0,1,novideo-8574
yt-08575,1,2,MJJYgZFTjso
yt-08576,1,2,3_c7v9OfPKo
yt-08577,2,4,Ql0KOeSWQzw
yt-08579,1,2,8BLqIzq9EGM
yt-08580,2,4,Y3T20pSx4C0
yt-08581,0,1,I--mpV8DzmQ
yt-08582,1,2,novideo-8582
yt-08583,2,3,Fr3raI8unhA
yt-08584,0,1,9TmO9LA0c0U
yt-08585,2,3,g1UhspNtUiQ
yt-08586,2,3,J9e-b-mek9A
yt-08588,2,3,fSHZ8-EMmXI
yt-08590,2,3,NsbBcPpWtKw
yt-08591,1,2,d_eZ4O5HiMQ
yt-08593,1,2,z1I_pwn-alo
yt-08594,1,2,WgBoQYwsU8o
yt-08595,2,3,k_q2JEHJj0g
yt-08597,1,2,p2OHilQDZlU
yt-08598,2,3,x7MbioSF7-A
yt-08599,0,1,RQWL1m55C58
yt-08600,0,1,IZA7R1swt18
yt-08601,2,3,StEbUmobvwo
yt-08602,0,1,hyNXMVrypRI
yt-08603,0,1,245tJt9MIgU
yt-08605,2,3,EsyZ4kUz4Xc
yt-08607,0,1,Abq4vNaZH-w
yt-08608,2,3,vpoVEhc2Xgk
yt-08609,2,3,8qWFCf7Ab7Y
yt-08610,1,2,wYG2rJssd0Q
yt-08611,1,2,n13nuq1wAAo
yt-08612,2,3,me8YfXCwYTM
yt-08613,0,1,0ZMDvmD1WYc
yt-08614,2,3,D_1A8r1iIFs
yt-08616,0,1,ct64U3orVec
yt-08617,0,1,5Fd8OxSbi_E
yt-08618,0,1,v4RiM8y89og
yt-08620,2,3,TEc0hbzEt70
yt-08621,2,3,t3Q8Haoiv6g
yt-08622,0,1,kGDHcJIIzXQ
yt-08623,0,1,BIsFDQXWaQg
yt-08624,2,3,yeqeOY-dFKY
yt-08625,0,1,novideo-8625
yt-08627,0,0,LpC8tcThs6g
yt-08628,0,1,DfVHyNpNeyQ
yt-08630,0,0,KJG0Ojv2I_o
yt-08631,1,2,A0rHbGZG6sA
yt-08632,2,3,novideo-8632
yt-08633,1,2,NQTZz3xP9f4
yt-08635,1,2,novideo-8635
yt-08637,1,2,odnvmjcAVcI
yt-08638,2,3,b3QBfxONl3g
yt-08639,0,1,lZJ5okn5ayI
yt-08640,2,3,yNuU2vm2784
yt-08642,2,3,bUswGiwRrjM
yt-08643,1,2,rrXL-rNYtsY
yt-08645,1,2,VLi8ugndTT4
yt-08646,2,3,bgI0r1-k9Rc
yt-08647,2,3,vI1P16MO6IM
yt-08648,2,3,aUMhQauUd-c
yt-08649,2,3,8qWFCf7Ab7Y
yt-08650,0,1,bCqOkRyotAk
yt-08652,0,1,PxlzYF1fdsU
yt-08653,2,3,pXeOtkaIxgU
yt-08654,0,1,VdRnz8oV9Yw
yt-08656,0,1,7kCc4g8vT1I
yt-08657,2,3,m0_SMiOecko
yt-08658,0,1,blFZ04Uad64
yt-08661,0,1,FOpupYYMuvE
yt-08662,2,3,QABcwbmN8Ms
yt-08664,0,1,JWm8nwsFT7o
yt-08665,0,1,_QjGMChHEQc
yt-08667,1,2,FI8PXN4HSpk
yt-08668,0,1,zTOMEmtYNEY
yt-08669,0,0,BT9D1phDhjQ
yt-08670,1,2,z0HvlRm5NN8
yt-08671,2,3,3RLLJbacMuA
yt-08672,2,3,akqH01FIZGo
yt-08673,2,3,novideo-8673
yt-08675,1,2,9u5Eh1fUxxc
yt-08676,0,1,FuO6szkPJrE
yt-08677,0,1,vqZ92trVpBc
yt-08678,2,3,novideo-8678
yt-08679,2,3,_zg4pI-Qndc
yt-08680,1,2,IyoZBHfRydM
yt-08681,1,2,ZZ5oqJMmJQM
yt-08682,1,2,arWLeNd1xho
yt-08683,1,2,xk5jUWlygLc
yt-08684,2,3,JO38S5SCjDM
yt-08685,2,3,yhB7-tAAeDE
yt-08686,1,2,FyWtzmH05k4
yt-08687,2,3,HtqyzjEuwlE
yt-08688,2,3,IyoZBHfRydM
yt-08689,2,3,D-8WCKrxqGw
yt-08690,2,3,TXDff6oLYoY
yt-08692,0,1,FqfaM7yKapo
yt-08693,2,3,jvE8btgaS9c
yt-08694,0,1,prwUIsvZcp4
yt-08696,1,2,rL_AtASNDO4
yt-08697,2,3,IopY0bHRzg0
yt-08698,0,1,zJgt-WbE7oc
yt-08700,0,1,fEcG4LWPlAg
yt-08701,2,3,tAHK6E03ORo
yt-08702,0,1,dLc7utF95-8
yt-08703,1,2,novideo-8703
yt-08704,1,2,pfT-IKKr2Yg
yt-08705,0,0,DN8Y5hq8qro
yt-08706,0,1,s5DeqGwuXi8
yt-08708,1,2,m-w5lta0JMY
yt-08709,2,3,k0NbnlUxniI
yt-08710,2,3,W0hZX112z4g
yt-08711,1,2,3-RDBxuBJgo
yt-08712,0,1,HSnKRW7ffcY
yt-08714,1,2,rPqC0EycUQ8
yt-08716,0,1,D6wey9oDuuw
yt-08720,2,3,PhbrX7K2GYg
yt-08721,0,0,yo96-jc12p4
yt-08722,0,1,isaWzqolN44
yt-08723,0,1,nQLxxLRJ_jw
yt-08724,1,2,hFz8QIR550k
yt-08726,1,2,1oQ-7Q4rtqY
yt-08727,2,3,v7zlnATufOw
yt-08728,2,3,TeYFrJ8x-Xs
yt-08729,0,0,mURdo7tzxe4
yt-08730,0,1,H7Cri5RHo2I
yt-08731,0,1,ibLQO0Aq-zU
yt-08732,1,2,_G3YdfbNtY8
yt-08733,2,3,9nQPBECsu6k
yt-08734,0,1,tTPDomBbYpU
yt-08735,1,2,6hNDmIh4BQU
yt-08736,2,3,NwCeg1jqh2Y
yt-08737,2,3,JH9o21FUzGw
yt-08738,0,1,tuqPFKF5NJo
yt-08740,2,3,wRb6nE1sJRY
yt-08742,2,3,GDBcC-qBtg0
yt-08743,2,3,JCOiZtAvwso
yt-08744,2,3,J9e-b-mek9A
yt-08745,2,3,novideo-8745
yt-08746,1,2,_yjULHRbUBc
yt-08747,2,3,-HHOOoGC1NQ
yt-08748,1,2,Y0CIfmf6Gx0
yt-08749,2,3,pvEUpDkjpbE
yt-08751,2,3,vh0Aqkru-yw
yt-08752,2,3,DC05VUtSHmA
yt-08753,2,3,BMcLITSKtYg
yt-08754,2,3,HQ7hPimhj3w
yt-08755,2,3,novideo-8755
yt-08756,0,1,w_7htNGWw7c
yt-08758,2,3,H0jIiPBBvCo
yt-08759,2,3,yxmITgA-AI0
yt-08760,0,1,7xu37ddN3Qk
yt-08761,2,4,C16vV2VV-RY
yt-08762,0,1,3iCJd3WqyvM
yt-08763,2,3,rR85UhfXWSQ
yt-08764,0,1,ilsSBu6D5mQ
yt-08765,2,3,FNzEJuVv3qU
yt-08766,0,1,-shPG--27D0
yt-08768,1,2,lZJ5okn5ayI
yt-08769,2,3,iy1F0N1-EeA
yt-08770,2,3,1oQ-7Q4rtqY
yt-08772,0,1,rOaV0ZD8BpA
yt-08773,2,3,lMSJr89kc3c
yt-08774,2,3,wXAGdDamwPI
yt-08775,2,3,IyoZBHfRydM
yt-08776,0,1,nfaADx4pcX8
yt-08777,1,2,Cy2r7T7sVLU
yt-08778,1,2,RRvUFB4ddvs
yt-08782,2,3,Fr3raI8unhA
yt-08783,2,3,hGlg4TBQvZ4
yt-08784,1,2,HTwW7rhCuuc
yt-08785,2,3,MSZGa0bWhh8
yt-08786,0,1,AxaIZ36B4C4
yt-08789,0,0,pCrVW9lK73I
yt-08790,1,2,xXgrrXPu4BA
yt-08792,1,2,OTwfIXaXIu8
yt-08793,2,3,rBrUSGgnn80
yt-08794,2,3,LJDxqnJksc0
yt-08796,0,0,FupdJSoFPeI
yt-08799,2,3,v9D3PKmtfYA
yt-08800,0,1,40ns51R4HwY
yt-08801,0,1,CCLgRdS2B6E
yt-08802,0,1,-tyMZSMKDgU
yt-08803,2,3,_FoIY4MdolE
yt-08804,2,3,9hABSMgOZZQ
yt-08805,1,2,hxdRSl5gufQ
yt-08806,1,2,aCQMqP5Ko0I
yt-08807,2,3,NG6_1jvxOmk
yt-08808,2,4,P_C3vVG6D6M
yt-08809,0,1,k-_pA5XgHI8
yt-08810,0,1,ohbrAdnfCbc
yt-08811,1,2,Jmm_IoBJ78Q
yt-08812,2,3,QFmkDY-LQXg
yt-08814,1,2,QnvvZSwIqZQ
yt-08816,2,4,V0Va_HxkKps
yt-08818,1,2,xmVf6kr_DBY
yt-08819,2,3,vpoVEhc2Xgk
yt-08820,2,3,PCFpZ0u_fyM
yt-08821,0,0,DN8Y5hq8qro
yt-08822,0,1,VY4ubby56yE
yt-08823,2,3,1h45BKvaxN0
yt-08824,1,2,B4umhlDCOyk
yt-08825,0,1,2IfQi59Z6xQ
yt-08826,0,1,A5AqrSTQffo
yt-08827,1,2,e9o2HkJy-3s
yt-08828,1,2,-gkhRF5d6aU
yt-08829,2,3,pXeOtkaIxgU
yt-08830,2,3,FO2EiKvzFuA
yt-08832,2,3,Tt4b41FP9RU
yt-08833,2,3,PkLeE7ksifI
yt-08834,1,2,cF7El7ayVqk
yt-08835,2,3,PbQEhJnZCi4
yt-08836,0,1,eY8HvwkRH6s
yt-08838,2,3,7oS3_ePIMJ0
yt-08839,2,3,X_PAY1WOfFU
yt-08840,2,3,aMJ41xb_nk4
yt-08841,2,3,8qWFCf7Ab7Y
yt-08843,2,3,xX7fCDt8KOY
yt-08844,1,2,npu1sASOflU
yt-08845,0,1,sPHq4wDJW8w
yt-08846,0,0,novideo-8846
yt-08849,2,3,rMDYpDPFbw8
yt-08850,0,0,wF0BFR24WLo
yt-08851,2,3,85eJ_hATGpo
yt-08853,2,3,J9e-b-mek9A
yt-08854,2,3,pXeOtkaIxgU
yt-08855,2,3,ktwETEMGT6k
yt-08856,0,1,V__eiXm15IQ
yt-08857,1,2,V0Va_HxkKps
yt-08858,2,3,8UH6G1LnXR8
yt-08859,1,2,uu2zRlPidNk
yt-08860,0,1,unB18Si-rwg
yt-08861,1,2,9VGJLR1G8Ac
yt-08862,1,2,81fwg9bPrEU
yt-08863,2,3,mbcEkJYW8Bo
yt-08864,2,3,QY7n-06brwI
yt-08865,0,1,novideo-8865
yt-08866,2,3,YDaPeHVWCkc
yt-08868,2,4,novideo-8868
yt-08869,0,1,dwsrcpKVFeI
yt-08870,2,3,aCE9WpOrA_U
yt-08871,0,1,K8QtAVB4aY0
yt-08872,0,1,mhySXh9xEuI
yt-08873,1,2,WKzyBHVcIYU
yt-08874,0,1,-qT0Jj7waRU
yt-08876,2,3,8SL8KgYvlCI
yt-08877,2,3,bCqOkRyotAk
yt-08878,0,1,ZZ5oqJMmJQM
yt-08879,2,4,gTQVM9iKbNU
yt-08880,0,1,LNK607qmtYw
yt-08882,2,4,m0_SMiOecko
yt-08883,2,3,9YgsoBdHfig
yt-08884,0,1,Fqwo7V_45kI
yt-08886,2,4,NsLC3YbqZY0
yt-08887,0,1,sopvQ1SiFnI
yt-08888,2,3,-xOnyJ-2bLM
yt-08889,2,3,m0_SMiOecko
yt-08890,0,1,xNAyCs4OT9Q
yt-08892,1,2,vJv2MpQSeWg
yt-08893,2,3,iSSgA99NjI0
yt-08894,2,3,DOelDoxu76c
yt-08896,2,3,R5f00nmec-g
yt-08897,2,3,Gku6a422w9M
yt-08898,2,3,Gi6lzegB1ck
yt-08899,2,3,vpoVEhc2Xgk
yt-08900,0,1,B5s_JYfpF98
yt-08901,2,3,ICLWKeTEPcU
yt-08903,2,3,NTOHUJ3i3x4
yt-08904,0,1,qyN_pRhBXEc
yt-08905,0,1,Abq4vNaZH-w
yt-08906,1,2,novideo-8906
yt-08909,1,2,0XQLpy6bHAc
yt-08910,0,1,hj-M5lR-NCc
yt-08911,0,1,Uko6GcLxw1c
yt-08913,2,3,8PjZLkD7H6I
yt-08914,0,1,mURdo7tzxe4
yt-08915,1,2,pPEkjWBdqxA
yt-08916,2,3,qUiOE9gNXYM
yt-08917,1,2,8eEkKf0YEQU
yt-08918,2,3,EsD74iHOG1o
yt-08919,1,2,iZN_hzqcYBo
yt-08920,2,3,QmfvaL9RgkE
yt-08922,2,3,_zBTDA5JvQM
yt-08923,1,2,-7oHeEU2Sbo
yt-08924,2,3,Hibmxii6s3U
yt-08926,1,2,IjyH-MvF1tQ
yt-08927,2,3,xk5jUWlygLc
yt-08929,1,2,_meH_tg8UwM
yt-08930,1,2,1ZtM6HxZle4
yt-08931,2,3,w_l0c65LRyk
yt-08932,1,2,wVudEpwqDrE
yt-08934,2,3,_IeRb7S4BCE
yt-08935,2,3,rt1E_PnNpYI
yt-08938,0,1,BtyK4iSLAKE
yt-08939,0,1,JqEoOucZhDk
yt-08940,2,3,yLV4MyNTSvo
yt-08941,0,1,UkHnjlHhoVo
yt-08944,0,1,t16W8hH9hqY
yt-08945,1,2,RCbIKqukIAU
yt-08946,1,2,9nofHhZDN2k
yt-08949,2,3,2lTBkO_Npfo
yt-08950,0,1,GIDokClD9Uk
yt-08951,2,3,mzRJlJulUW4
yt-08952,2,3,VCnWZl4hQBs
yt-08953,0,1,iZN_hzqcYBo
yt-08954,2,3,7CYSxJXMsfM
yt-08956,2,3,I5pLLeWFheA
yt-08957,0,1,m6aGPJgfhNY
yt-08958,2,3,yZ6EH6w15KY
yt-08959,2,3,xivu81EIMds
yt-08960,0,1,RIBEZaBR1dw
yt-08962,1,2,novideo-8962
yt-08963,0,1,DFWl2lnHNLg
yt-08966,2,4,mPRO4nFVwy8
yt-08967,1,2,FuZVA3s7b1c
yt-08968,0,1,bqIlnE4fHgM
yt-08969,0,1,OSBkMFQAbdI
yt-08971,2,3,5MFMC7A56cs
yt-08972,0,0,QoATEY1bmlU
yt-08973,2,3,HM5BUqIugV8
yt-08974,0,1,Dc1-k9lVg1c
yt-08977,1,2,FuIo-E78wU8
yt-08979,1,2,lkZmzXIdUH0
yt-08980,0,1,mBpexfDHgBA
yt-08982,1,2,pobZRgWN3v0
yt-08983,0,1,8YGpGFiGZR4
yt-08984,0,1,C3z79NQUX28
yt-08985,2,3,uCPkx7vX6ek
yt-08986,2,4,SFLG6xdxvkU
yt-08988,2,3,OhrX7At2UAs
yt-08989,2,3,yLV4MyNTSvo
yt-08991,1,2,KAGocv4ABu8
yt-08992,1,2,PZ7MmCGR8Ak
yt-08993,2,4,pGeK5W2xV60
yt-08995,2,3,PCFpZ0u_fyM
yt-08996,2,3,53LyRClbD40
yt-08997,1,2,KypJFso0XQc
yt-08998,2,3,zR2RRg-Fytw
yt-08999,1,2,FuZVA3s7b1c
yt-09000,2,3,yZ6LIIUXLSY
yt-09001,2,3,YQ6JEpBh-eU
yt-09002,2,3,novideo-9002
yt-09003,0,1,YE8rOlu0hmk
yt-09005,0,1,Jt4N25HjrsY
yt-09008,2,3,ZhPiWybyCQI
yt-09009,0,1,G7dPhjAhgLs
yt-09010,1,2,NTl1K1C8VQ8
yt-09011,0,1,3lUc_Hq97hg
yt-09012,2,3,8qWFCf7Ab7Y
yt-09014,2,4,J9e-b-mek9A
yt-09015,0,1,_-sXeX9ntsM
yt-09016,2,3,9hABSMgOZZQ
yt-09017,2,3,uW1sL5Ao-Nk
yt-09018,1,2,DK-L1hS6Iy4
yt-09019,0,0,aY51yGM8L_4
yt-09020,0,1,19J-hr046k0
yt-09021,2,3,HJjaseDFEZA
yt-09022,0,1,zrT4TWr15RE
yt-09024,2,3,DpXE6lDi2Z4
yt-09027,2,3,mB9VFz0KVRM
yt-09028,0,1,cOEtflc-yZU
yt-09029,2,3,1VTLzDSRNCE
yt-09030,2,3,ywdkzZxMsrI
yt-09033,0,1,QAtPYVJzeZ4
yt-09036,2,3,NEfwzFxy-0M
yt-09037,1,2,PhEhD0Hxmqs
yt-09038,1,2,fWpkBY4oZPk
yt-09039,2,3,novideo-9039
yt-09040,1,2,egOcWOpgSXI
yt-09041,1,2,-f4RrrxGKWI
yt-09042,2,3,Jk9wVqK-23Y
yt-09043,1,2,ZuK4ACMjAGc
yt-09045,1,2,P8-kxc4L8_o
yt-09046,0,1,BfcJTxjVlMU
yt-09047,2,3,0UKtvWHJDd4
yt-09048,1,2,zTOMEmtYNEY
yt-09049,2,3,9rFdzGJPfso
yt-09050,2,3,Cudtdz-6G90
yt-09051,2,3,a2R29Br5rpk
yt-09052,2,3,i8XwPWlCHuA
yt-09053,0,1,rTjF397Ww00
yt-09054,2,3,eT5d7ovHKIk
yt-09055,1,2,ZhPiWybyCQI
yt-09056,2,3,VQRoA9oYtek
yt-09058,0,1,8cnhmXyC7bY
yt-09059,0,1,3NOGwQ_OfvM
yt-09061,1,2,FCCcr65E6FA
yt-09062,0,1,zMC35ophoAs
yt-09064,0,1,lUNiHp-M9K4
yt-09065,2,3,xFF10HI0oTg
yt-09066,2,3,mZhm1zQ_RQg
yt-09067,2,4,ZOUSjqTH1xk
yt-09068,0,1,ClW60fg2M4g
yt-09069,2,3,lGo1PkCLEks
yt-09070,0,1,AxaIZ36B4C4
yt-09071,2,3,pG5OnPQ9gfY
yt-09072,2,3,QLfX4FD7aiE
yt-09073,2,3,yL76f9B0VEY
yt-09074,0,1,dLc7utF95-8
yt-09075,0,1,lvTBdyoNLM0
yt-09076,0,1,SDqZYV_p7xI
yt-09077,1,2,_aGxJyawBSQ
yt-09078,1,2,2Bb1u7tGAUM
yt-09079,1,2,G0O3xtSz2_M
yt-09080,1,2,kQVnUfsamjc
yt-09081,0,1,s_3K1GsOl8c
yt-09082,2,4,ROkG3HBWQ20
yt-09083,2,3,CSsniMlZ0So
yt-09084,0,1,rOaV0ZD8BpA
yt-09085,0,1,3DHoBRZ9nDs
yt-09086,0,1,lZJ5okn5ayI
yt-09087,2,3,ktwETEMGT6k
yt-09088,1,2,L_AFTitu_6I
yt-09089,0,1,rTjF397Ww00
yt-09092,0,1,FyWtzmH05k4
yt-09093,2,3,g1UhspNtUiQ
yt-09095,1,2,wCEvfjypvOg
yt-09096,2,3,WOdUJoLRfSc
yt-09097,2,3,wpJYXYilIcs
yt-09098,2,3,VkuFXSGqxe8
yt-09099,2,3,8qWFCf7Ab7Y
yt-09100,2,3,DC05VUtSHmA
yt-09101,2,4,Yq0EiGZrFlU
yt-09102,2,3,ktwETEMGT6k
yt-09103,2,3,KSLI6LazPd8
yt-09104,1,2,1ZwZLRPXXGY
yt-09105,2,3,yxmITgA-AI0
yt-09107,2,3,aEHQ0wMdy1c
yt-09109,2,3,novideo-9109
yt-09111,0,1,lYqlZbG7u6c
yt-09112,1,2,LX8uxJOhhnE
yt-09113,2,3,Tnw86705kOM
yt-09114,0,0,qf7Qgrk-Lwg
yt-09115,0,1,DBj1ET7-S1Y
yt-09117,2,3,uu2zRlPidNk
yt-09118,0,1,Ho4pbT__VVE
yt-09119,0,0,novideo-9119
yt-09120,2,3,t0oXOV1WmZY
yt-09121,2,4,Nwj5tU2Ikio
yt-09122,1,2,d6ZV7O-4oyc
yt-09125,0,0,Wsybj-jrLIk
yt-09126,2,3,bOMp3FbQ8aw
yt-09128,2,3,TeYFrJ8x-Xs
yt-09129,2,3,m0_SMiOecko
yt-09130,1,2,novideo-9130
yt-09132,0,1,ERUZo-m4V2U
yt-09133,0,1,0VhhN-vV_nU
yt-09134,0,1,J5LKs-fYAug
yt-09135,0,0,VQOIXrF0gCQ
yt-09136,2,3,TEc0hbzEt70
yt-09137,1,2,X-k5261mn40
yt-09138,0,1,7l7pnO_Rim8
yt-09139,2,3,PMpmRb07Foc
yt-09140,0,1,jNuN8udIVX8
yt-09141,0,1,qz2N5JFoL8E
yt-09142,0,1,0NjppfLG1zs
yt-09143,2,3,ymWjpRM6Q0c
yt-09144,1,2,TEc0hbzEt70
yt-09146,0,1,Ni1_-B6ayuA
yt-09147,0,1,anxqcS8rGWc
yt-09148,0,0,KdgSw94DlVk
yt-09149,1,2,Nwj5tU2Ikio
yt-09150,1,2,kWOgnCGaqz4
yt-09151,0,1,ZZ5oqJMmJQM
yt-09155,0,1,0qTFQ4zhLPE
yt-09156,2,3,tAHK6E03ORo
yt-09158,2,3,_zg4pI-Qndc
yt-09161,2,3,QDZFjDdZ_5E
yt-09165,0,1,WD5HrfQ1HPw
yt-09166,0,1,2SbW9z14Wck
yt-09167,2,3,1VTLzDSRNCE
yt-09168,2,3,novideo-9168
yt-09169,1,2,FeFHDA-XaZA
yt-09170,0,1,rnIz7k95rxw
yt-09172,2,3,_0hb2U46nZE
yt-09173,2,3,5i_X2SFHqDY
yt-09174,1,2,OhQXv414rPc
yt-09175,1,2,-nIPEGHScwc
yt-09177,2,3,TeYFrJ8x-Xs
yt-09179,1,2,PCFpZ0u_fyM
yt-09180,2,3,QLfX4FD7aiE
yt-09181,0,1,UxgQVZl7P0w
yt-09183,2,4,RzeRFisLCMs
yt-09184,0,1,8_TixUcU9GU
yt-09185,0,0,dUsiK6fJoGM
yt-09186,2,3,PkiiCHBiM6s
yt-09187,0,1,n_JweqpyQfk
yt-09188,1,2,ml8CNLDp4ZU
yt-09189,1,2,x2xxDSlKDwU
yt-09191,0,1,qmraiz5g5AM
yt-09193,2,3,82LKKFnFXEg
yt-09194,2,3,exXMeMHS3yw
yt-09195,2,3,VX24pMefwkU
yt-09196,0,1,H0bKUYV7g44
yt-09197,2,3,psbeydkQAR8
yt-09198,2,4,YD3OakzpBLc
yt-09200,2,3,q11oZixMRY8
yt-09201,2,3,MhEQyO4-2o4
yt-09203,2,3,BB-JtRfzijs
yt-09204,2,3,bOFh6vvX_Bk
yt-09205,2,3,J9e-b-mek9A
yt-09206,1,2,MAVS-JU9Go0
yt-09207,0,1,3MP64IwSzG4
yt-09208,2,3,5_ZzO4c4bGE
yt-09211,1,2,uof_OqNmCsc
yt-09212,2,3,CZYks3pUD6A
yt-09213,0,1,Jlkt7FTB4zI
yt-09214,2,3,o98IhweLeN8
yt-09215,0,1,RwDlrHI0z10
yt-09216,2,3,novideo-9216
yt-09217,0,0,novideo-9217
yt-09218,2,3,oA3lSKxewMM
yt-09220,2,3,qt4rVgyr1Rg
yt-09222,2,3,vpoVEhc2Xgk
yt-09223,0,1,9e7l347DduU
yt-09224,0,1,uJRq7aISZdo
yt-09225,0,1,7ucnwDU8uDQ
yt-09226,0,1,RwDlrHI0z10
yt-09227,0,1,JxqC3IlgDR4
yt-09228,0,1,bd7bSJEBk94
yt-09229,1,2,Tnw86705kOM
yt-09231,1,2,g1UhspNtUiQ
yt-09232,0,1,XoWjS1znGEA
yt-09233,1,2,NlTyo6aHL2k
yt-09234,0,1,iZN_hzqcYBo
yt-09235,1,2,0uTkpD8_goo
yt-09236,1,2,y-eH5oo7BP0
yt-09237,2,3,P051rbLjttY
yt-09238,0,1,nEWMowr4nNg
yt-09240,2,3,GRFusZGdzOo
yt-09241,2,4,NGar4FR0xTk
yt-09242,0,1,7c2SrRP7HBw
yt-09243,1,2,BABRe53fna4
yt-09244,2,3,h7fitFBcLCE
yt-09247,0,1,IK8sXuSDBDo
yt-09248,0,1,Q5U3r6GAVtE
yt-09249,2,3,novideo-9249
yt-09251,2,3,QehqN_exOgc
yt-09252,0,1,cCJi_9GV44c
yt-09253,2,3,ywdkzZxMsrI
yt-09254,2,3,DaR0nHDhh9Y
yt-09255,1,2,gRlTK-FBtbQ
yt-09257,1,2,k0NbnlUxniI
yt-09258,2,4,72ZZYxLv_L8
yt-09259,0,1,9YOKva13MqQ
yt-09260,2,3,Sx1JUWGer2I
yt-09261,2,3,28tDLGowz5I
yt-09262,2,3,xCkjdAMMIsk
yt-09264,2,4,qsEOTORpUIY
yt-09265,1,2,A1XfmP5DQaw
yt-09266,1,2,Dknnm0oEJtA
yt-09268,2,4,qB6Bd8nMMqI
yt-09269,2,3,Nm8on_ZzXQc
yt-09271,2,3,gMip5cdQl3U
yt-09272,2,3,0VHdlG-cyA4
yt-09273,1,2,yL76f9B0VEY
yt-09274,2,3,XcBPzd1sGv8
yt-09275,0,1,F85faLwfcBI
yt-09276,2,3,ac8_fPJ9sAg
yt-09277,0,1,jFrKRdtmTcY
yt-09278,1,2,07C1KJrlTPk
yt-09279,2,3,4Xbil9dkZaI
yt-09280,2,3,b3QBfxONl3g
yt-09281,0,1,S87cJyALzqA
yt-09282,1,2,8SL8KgYvlCI
yt-09283,1,2,lXvo5vZ4jH8
yt-09284,0,1,OjZBwa-Ngt0
yt-09286,2,3,i0_0q8vEAAI
yt-09287,2,3,U2h_n0ph8Pw
yt-09289,0,1,0ZmsaOgigG0
yt-09290,1,2,iDb9YO6YeXw
yt-09291,2,3,nyc3QgMmclU
yt-09292,0,0,36O2jC0fMz8
yt-09294,2,3,shRpOw7-gYo
yt-09296,0,1,uDolWO-hDS8
yt-09297,0,1,novideo-9297
yt-09298,0,1,OJEOAeL_kMU
yt-09299,2,4,VkuFXSGqxe8
yt-09300,0,1,EgFL3XZ1kmM
yt-09301,2,3,lXvo5vZ4jH8
yt-09302,2,4,StEbUmobvwo
yt-09303,2,3,lq6dW5T-iN8
yt-09304,0,1,NQF8IcOBv1M
yt-09305,2,3,IEAQmD6ZAQo
yt-09306,0,1,euydimYmnpw
yt-09307,1,2,90bvLSaIpYc
yt-09308,2,3,m6gU7dtOQ8A
yt-09310,2,3,Ia4RNWhq9K0
yt-09311,2,3,m0_SMiOecko
yt-09312,2,3,Lu-_tN__zso
yt-09313,2,3,AZVPZuHvuRw
yt-09315,0,1,nyrKuICnA4c
yt-09316,0,1,4NQFwvuWOFs
yt-09317,0,1,nRcpRf1vj9E
yt-09318,0,1,42762ood6N4
yt-09319,0,1,ebYPx89GbHA
yt-09320,2,3,novideo-9320
yt-09322,2,3,TJ2cS0XxGto
yt-09323,2,3,7_SPy32OU34
yt-09324,2,3,pKFULe6Mm38
yt-09325,0,1,S8GK7VAdk1Y
yt-09326,0,1,yrzGb7hnUc8
yt-09327,1,2,_4E8HOyqHEQ
yt-09329,2,3,s0wX_2mRKz8
yt-09330,2,3,8Cbob2QoFgw
yt-09331,2,3,4rw_6Ap3dRY
yt-09332,1,2,MJJYgZFTjso
yt-09334,2,3,A2OistDuZVU
yt-09335,2,3,xW9E9epD8sg
yt-09336,1,2,ZPac6-XPFQ0
yt-09337,2,3,i1OQ0lBW1do
yt-09338,2,3,6QYy1fC_f-Y
yt-09340,2,3,-ANgTHPqjFc
yt-09341,2,3,mDeoBp8JNbo
yt-09342,2,3,3qUsLgM_3aA
yt-09343,2,3,TCrN6bSbW9I
yt-09344,0,1,AQyzkCSBh_A
yt-09345,1,2,OxTH4sqaUto
yt-09346,0,1,KGb_d94uEfE
yt-09348,0,1,XsmEUYIjrcY
yt-09349,0,1,4WjmHeDBQKc
yt-09351,2,3,QpIbaDqvjE0
yt-09354,2,3,V0Va_HxkKps
yt-09356,2,4,9gGc3-cGYBA
yt-09357,1,2,Q7GArmuNtb0
yt-09358,2,3,o7fyj_ZGagk
yt-09359,2,4,riXHBNky8Q4
yt-09361,2,3,pXeOtkaIxgU
yt-09362,2,3,KgxcQl51qQc
yt-09363,1,2,ZOUSjqTH1xk
yt-09364,1,2,zJE9NdRVv8E
yt-09365,0,1,novideo-9365
yt-09366,0,1,Fv4SOWO0dc4
yt-09368,0,1,OJEEgn_S8Y4
yt-09369,2,4,gSW_QRLHWWc
yt-09370,2,3,WfshEpeYqSo
yt-09372,2,3,82neVAiu9pk
yt-09373,1,2,novideo-9373
yt-09374,1,2,8UH6G1LnXR8
yt-09375,1,2,jFqqr8QAh7M
yt-09376,1,2,X7fl-jN24j0
yt-09377,1,2,-ILy3qmBmu8
yt-09380,0,0,DSbgJUhUn2I
yt-09382,1,2,tAHK6E03ORo
yt-09383,2,3,RUMX46W_-AI
yt-09385,2,4,l0dXBW82v6c
yt-09386,1,2,drafXGmakqc
yt-09388,1,2,_wUW1tKmVZA
yt-09389,1,2,GceG3HakyFo
yt-09390,0,1,gaNSCTdpNv8
yt-09392,2,3,erazHdPBzqQ
yt-09393,2,4,Rf5T8HjnGBo
yt-09394,0,1,unB18Si-rwg
yt-09395,1,2,LWYRcYtGWEQ
yt-09396,0,1,vrdv6x6y3Iw
yt-09397,1,2,XeYZZsmBnFg
yt-09398,0,1,uRFP_2R1xlU
yt-09400,1,2,XSR_RHsn70E
yt-09401,1,2,1ruFmpGub0E
yt-09403,0,1,Y3mDcxzCa8M
yt-09404,1,2,V_4TGyA8aHY
yt-09406,0,1,eEpdZUoQ0oI
yt-09409,1,2,_cQa43SMBjo
yt-09410,2,3,8_68bX9Tm3A
yt-09411,0,1,ZZ5oqJMmJQM
yt-09412,2,3,TkeYdZQF3yc
yt-09413,1,2,53QBFdQGGUQ
yt-09414,2,3,Ku1VllsV2yg
yt-09415,1,2,PUUyDL56FRc
yt-09416,1,2,-g7cACeX15I
yt-09417,1,2,EjhGqKqL25U
yt-09420,0,1,PgFmpMs5t8Y
yt-09421,2,3,B-zaLvhYxEc
yt-09423,1,2,m0_SMiOecko
yt-09425,0,1,qyE7ahUQMFk
yt-09427,2,3,o5pmP2qGl0Y
yt-09428,0,1,k3Ur6UYHHdo
yt-09429,0,1,qcFU3KGNuVo
yt-09431,0,1,9fST9veuDyw
yt-09432,1,2,yF_nq-1x-so
yt-09433,0,1,uJRq7aISZdo
yt-09434,0,1,9I0eFi2GYvY
yt-09436,0,1,pUWyUUVfkOc
yt-09437,0,1,iHqG7h29gfo
yt-09438,0,0,fEcG4LWPlAg
yt-09439,2,3,m0_SMiOecko
yt-09440,2,3,yypLKij21-Y
yt-09441,0,1,5c9NeHOjHD8
yt-09442,2,3,PjBNMbI6-sk
yt-09443,2,3,OhrX7At2UAs
yt-09444,1,2,m0_SMiOecko
yt-09446,2,3,U46un3z29No
yt-09447,0,1,n8oT4aVd5Fg
yt-09448,0,1,HxKLQVUU-rg
yt-09449,2,3,m0_SMiOecko
yt-09450,0,1,lNxpRA-0mpQ
yt-09454,2,3,72eD7O5iKP8
yt-09455,0,1,YxuyNjOPTz8
yt-09456,2,3,b_r-5dSZcfQ
yt-09457,1,2,Poy35rRTf3Y
yt-09458,1,2,gXKgV0GnCtE
yt-09459,0,1,frzrLYNL9RM
yt-09461,2,4,8UH6G1LnXR8
yt-09462,1,2,z6KdyZxuYag
yt-09463,2,3,uSyQ2_lhuvI
yt-09465,0,1,2bOsGFoRtsg
yt-09466,2,3,kUJR16MU2tg
yt-09467,2,3,dj2o5QYAHIY
yt-09468,0,1,xcS6zvIYOnM
yt-09470,0,0,xBIYakuTVkU
yt-09471,0,0,fQ7P3lT27vQ
yt-09472,1,2,TRfXeOg6FWo
yt-09473,0,1,XVHVYaZQcb0
yt-09474,1,2,LDGyooZNX2c
yt-09476,2,3,zq1lcB7yVWk
yt-09479,2,3,Cy2r7T7sVLU
yt-09480,2,3,wJHiR4vLoEs
yt-09481,2,3,9gGc3-cGYBA
yt-09484,1,2,v8Ho-gGrTK4
yt-09485,1,2,F21nkk0jLKU
yt-09486,2,4,vpoVEhc2Xgk
yt-09487,2,3,C3z79NQUX28
yt-09489,2,3,8cAerMoXL5I
yt-09490,2,3,pqinvobBwRQ
yt-09491,2,3,HyXYwx9AHHI
yt-09492,2,3,WJ-WXzhAeFM
yt-09493,0,1,4K7uha5N4Wk
yt-09494,0,1,unB18Si-rwg
yt-09495,2,3,y3IiPNIHPDE
yt-09496,1,2,5v7r26uWu4M
yt-09497,0,1,O5xUIGh7mEA
yt-09499,0,1,nKn1YZmEEKo
yt-09500,2,4,dYfGYirFV6M
yt-09503,1,2,_FoIY4MdolE
yt-09504,0,1,lb-dx1vU3vU
yt-09505,2,3,8qWFCf7Ab7Y
yt-09506,1,2,vpoVEhc2Xgk
yt-09507,0,1,ERm2qBVX0_g
yt-09508,2,3,zhngeBSdLpc
yt-09509,2,3,m0_SMiOecko
yt-09510,2,3,8UH6G1LnXR8
yt-09512,2,3,GRFusZGdzOo
yt-09513,2,3,a2R29Br5rpk
yt-09514,1,2,unB18Si-rwg
yt-09515,1,2,AlfWWFHtw_I
yt-09516,2,3,6Wx3NpeNOgE
yt-09518,2,3,9yiM1Ipj6Eg
yt-09519,2,4,yE9GifwnuqI
yt-09520,2,3,QCSR6ETBoXA
yt-09523,0,1,dOFQL-liask
yt-09526,0,1,IsBdqCaHfdI
yt-09527,2,4,1XsoS45Vfow
yt-09528,2,3,yypLKij21-Y
yt-09529,1,2,6YPUyE_svZE
yt-09530,2,3,p522K4lYI3Q
yt-09531,0,1,tAFprRXw658
yt-09533,0,1,p0ObcY1QntE
yt-09536,2,3,qTvLAElb5PI
yt-09537,0,1,9W9XTI3voXE
yt-09539,2,3,FQOKaRzlQQI
yt-09540,2,3,WfshEpeYqSo
yt-09541,2,3,FV6t3FktgBY
yt-09543,0,1,RwyP5iuao0c
yt-09544,0,1,yLSpIBtQlpE
yt-09545,0,1,he5KrEXE12g
yt-09546,2,3,3L8baN4Cwx0
yt-09548,2,3,nLB0e9ISrOA
yt-09549,0,1,Xgv2M5_IpCU
yt-09551,0,1,novideo-9551
yt-09552,0,1,74A7-OztFQ8
yt-09553,0,1,ttdUBsKCPRU
yt-09554,2,3,xW9E9epD8sg
yt-09555,1,2,m0_SMiOecko
yt-09556,0,1,jBxaqIGa98Y
yt-09557,0,1,0tQkK6CUM8I
yt-09559,0,1,-VDjG0yKBls
yt-09560,0,1,Xf0qiwN5xX4
yt-09563,1,2,iJOGs-wscbk
yt-09564,2,3,MEbQaysavtU
yt-09565,1,2,e0ljbb5t1-c
yt-09566,0,1,hMupfvwZOoM
yt-09567,2,4,tAHK6E03ORo
yt-09568,1,2,53LyRClbD40
yt-09569,2,3,4VsVdNzS1rA
yt-09570,0,1,6G9tIFEkJ8w
yt-09571,0,1,0Y2mwEJ26N0
yt-09573,2,3,7tzRU1bp5AU
yt-09575,2,3,KWJ4JmTNkdA
yt-09576,0,0,llajvN5jswI
yt-09577,1,2,4hDzFpAdgSk
yt-09578,1,2,-o8uo8FZyGc
yt-09579,1,2,Jt1xu-WuGvA
yt-09583,1,2,hqyI0oV0FuM
yt-09584,1,2,uGEJhF86pg4
yt-09585,2,3,GbXDSAzdoso
yt-09586,1,2,KlcNe8lto4U
yt-09587,1,2,hhPnE28AXf8
yt-09588,2,3,ue8o8xc5atc
yt-09589,0,1,Ho4pbT__VVE
yt-09590,2,3,uCPkx7vX6ek
yt-09591,0,1,LcfLbSJpeU4
yt-09592,2,3,LcUSIKVjXng
yt-09593,1,2,Nwj5tU2Ikio
yt-09594,2,3,tAHK6E03ORo
yt-09596,1,2,F_LArDU8RQI
yt-09597,2,4,HJjaseDFEZA
yt-09598,2,3,tAHK6E03ORo
yt-09600,0,0,HbRRr3AICtw
yt-09601,2,3,m0_SMiOecko
yt-09602,0,1,ZZ5oqJMmJQM
yt-09603,0,1,cO7S4FNr5zQ
yt-09604,2,3,8iqo0GAswlo
yt-09605,2,3,EbmrtJ7YtTo
yt-09606,0,1,sSsE-qrxCG8
yt-09607,2,4,V0Va_HxkKps
yt-09608,0,1,Abq4vNaZH-w
yt-09610,0,1,hTCALnq49yI
yt-09612,2,3,p2OHilQDZlU
yt-09613,2,3,241V466pLo0
yt-09614,0,1,IdtHkKOF0WU
yt-09616,2,3,J9e-b-mek9A
yt-09617,2,3,t8bntB1c-Oo
yt-09618,0,1,gw1xsL2_Qp4
yt-09619,0,1,1G5ehGFwiR4
yt-09620,1,2,tSS77BUQuNo
yt-09621,0,1,OPmP3T23j7A
yt-09622,2,3,Ia4RNWhq9K0
yt-09624,2,3,SGX6aguU5QM
yt-09625,2,3,C3z79NQUX28
yt-09626,0,1,-xi8IqnX5iU
yt-09627,2,4,DSbgJUhUn2I
yt-09628,0,1,W93B7cSaKLg
yt-09629,0,1,tTi6KkCDDpk
yt-09631,2,4,v7o4j-bq524
yt-09632,0,1,tAHK6E03ORo
yt-09633,1,2,4om-EALgAfE
yt-09634,2,3,zTOMEmtYNEY
yt-09636,0,0,hUfkQthRND8
yt-09637,2,3,U9_HjntMOy8
yt-09641,0,1,ysk2ARRV1Xc
yt-09643,2,3,iWpp9d57i8w
yt-09644,0,1,ZiEOmIX5pXg
yt-09645,2,3,J-3IOWMMrzs
yt-09647,0,1,0EJ2xLWO5Ng
yt-09648,0,1,D28Kn4WZujI
yt-09649,2,3,J64LU1L6k5A
yt-09650,0,1,aPO21XfGCjU
yt-09652,0,1,Y75S3K2qeo0
yt-09653,0,1,uzYdEkQzyaw
yt-09654,1,2,h-byTuaK42M
yt-09655,2,3,BFuz4UsYRVo
yt-09656,0,1,eRPq7dxcq3c
yt-09657,1,2,OhrX7At2UAs
yt-09658,1,2,D-uZmr5IIXY
yt-09660,2,3,novideo-9660
yt-09661,0,1,Cmd3HjEOURQ
yt-09663,0,1,U3BkckpaHYw
yt-09664,0,1,b46YRFxdbSM
yt-09665,2,3,qsvOGk7rxcE
yt-09666,2,3,rBrUSGgnn80
yt-09668,0,1,pXeOtkaIxgU
yt-09669,2,3,RN0zNNH89h8
yt-09670,0,0,novideo-9670
yt-09672,2,3,K4dMphLxl08
yt-09673,0,1,W74yA-FMcN4
yt-09674,1,2,DC05VUtSHmA
yt-09675,0,1,IK4OvuGTFoI
yt-09677,0,1,rSlpeFsOsds
yt-09679,2,3,DC05VUtSHmA
yt-09680,1,2,3CH5U-KkI78
yt-09682,2,3,PH_8xiKFBxk
yt-09683,0,1,WW8BIIlIt60
yt-09684,1,2,xwquU-4IGLU
yt-09685,2,3,LJDxqnJksc0
yt-09686,1,2,DaesgxOrpiI
yt-09687,1,2,LxMGCCijEfA
yt-09690,2,4,bD9j0MK87Rs
yt-09691,1,2,I0vQJ0wjcQI
yt-09693,0,0,VUybfYlkXXk
yt-09694,0,1,5RnscnAPNms
yt-09695,2,3,wJbhkoOCFy4
yt-09696,2,3,HppG6EYJ7SI
yt-09697,2,4,m0_SMiOecko
yt-09700,2,3,08eIy2Y9Jjs
yt-09701,2,3,FG4Cg9fyctg
yt-09702,0,1,WJwFHPg2gss
yt-09703,1,2,US4wcfgMP1I
yt-09704,2,3,rxAmEpyvMeI
yt-09705,2,3,yTnHjR_HyMA
yt-09706,2,4,_uPjqtGxgPE
yt-09707,0,1,unB18Si-rwg
yt-09708,0,1,CFTyyxTabmE
yt-09709,1,2,hBCCr6c7Lu4
yt-09710,0,1,ny9vXQUqo3o
yt-09711,0,1,3QhEltLl1ow
yt-09712,1,2,rnIz7k95rxw
yt-09714,2,3,9oE2bhIQs0w
yt-09715,0,1,6PAyvTq4Ahc
yt-09716,2,3,5cmXXsN5ykc
yt-09717,1,2,UNMGXmJZqYQ
yt-09718,1,2,g-mVL3FVoVc
yt-09722,0,1,JSTHsPJUeNM
yt-09723,1,2,3yukAMcGuYA
yt-09724,1,2,0cxo5idZuMY
yt-09725,0,1,JOxFsQAiT3A
yt-09726,1,2,OVlJczrBw0k
yt-09727,2,3,72NF1dTm55s
yt-09728,2,3,MWtI0n85a-Q
yt-09729,2,3,1VTLzDSRNCE
yt-09730,0,1,YYvLBm8oadQ
yt-09732,0,1,MCRlYg2l4Jg
yt-09734,2,3,_UEqQsV9G4I
yt-09735,2,3,245tJt9MIgU
yt-09736,2,3,A21R6eoF80k
yt-09737,0,1,va2aP-SuYLM
yt-09738,1,2,dY2dzs1Y9WE
yt-09739,2,3,JH5qHfBPZcE
yt-09740,1,2,vlCY_xhCoQQ
yt-09741,2,3,AuLO07sguK0
yt-09745,2,3,1VTLzDSRNCE
yt-09747,0,1,6HvvgTXHVes
yt-09749,1,2,novideo-9749
yt-09750,0,1,WAvuM5idEn0
yt-09751,2,3,UKpExvEDGx8
yt-09752,0,1,D_o2CaLlz8A
yt-09753,0,1,aEHQ0wMdy1c
yt-09754,0,1,vwSmSG3wLUU
yt-09755,2,3,BFsvp5H9BH8
yt-09757,1,2,oNspc5tj-NY
yt-09758,2,3,MFcNIgqcIhY
yt-09759,2,3,EZmh5D4uZRo
yt-09760,2,3,WD5HrfQ1HPw
yt-09761,2,3,YoD3GqU9HJQ
yt-09762,1,2,eYLg8Q1ku08
yt-09763,2,3,m0_SMiOecko
yt-09764,0,1,BZKi4RQq-BY
yt-09766,2,4,Y3T20pSx4C0
yt-09767,1,2,9XvlHN0UPbk
yt-09769,2,3,eYHu-5UoU7w
yt-09770,0,1,ASyntR0UuDE
yt-09772,0,1,2MoVwEn3Z74
yt-09773,2,3,e68mjRKKe2Q
yt-09775,1,2,ifE4Xi-M6xQ
yt-09776,1,2,novideo-9776
yt-09777,2,3,9R9ysNEAKxs
yt-09778,0,0,BFuz4UsYRVo
yt-09779,1,2,_vPmeMis11Q
yt-09780,0,1,aTz6zBQld0M
yt-09781,1,2,NmfhmV3vkP8
yt-09782,0,1,9YOKva13MqQ
yt-09783,0,1,rTjF397Ww00
yt-09784,0,1,plaa-1Z8qFs
yt-09785,2,3,y_hy8DfxDsw
yt-09786,2,4,VxH9lihEcnM
yt-09789,2,3,MCRlYg2l4Jg
yt-09790,2,4,yLV4MyNTSvo
yt-09791,2,3,QOUKr3ytN4I
yt-09792,2,3,tPcFaopRAN8
yt-09793,0,1,P49zOa5-pB4
yt-09794,0,0,pEIaMIeq-Zg
yt-09795,0,1,fxCY4rWFEGI
yt-09798,0,1,rOaV0ZD8BpA
yt-09799,0,1,pXeOtkaIxgU
yt-09800,0,1,EdKJ2MArvnU
yt-09801,1,2,5avp0RiGpjk
yt-09802,0,1,FuZVA3s7b1c
yt-09803,1,2,novideo-9803
yt-09804,2,3,tAHK6E03ORo
yt-09805,0,1,KdgSw94DlVk
yt-09806,0,1,ok4ZHdGmN6M
yt-09808,0,0,uU8VrMY_P4A
yt-09810,1,2,tb2IfKjZxhs
yt-09811,2,3,TfgdwInk4l4
yt-09813,1,2,1y2IvCXZhts
yt-09814,2,3,m0_SMiOecko
yt-09815,2,3,m0_SMiOecko
yt-09816,0,1,novideo-9816
yt-09817,2,3,mbcEkJYW8Bo
yt-09818,0,1,0tQkK6CUM8I
yt-09819,1,2,t8LKmvuoDlo
yt-09820,2,3,Mg_AUGwRZM8
yt-09821,2,3,2oD25DxU6z4
yt-09822,0,1,4CM7vPAVwpA
yt-09823,2,3,Nm8on_ZzXQc
yt-09824,0,1,FuZVA3s7b1c
yt-09825,0,0,YXhtTgh-igs
yt-09826,2,3,r0TQoNUfz8o
yt-09828,0,1,CA78v5_uojc
yt-09829,1,2,NvtMPKELmxY
yt-09830,1,2,EqaTFT5ABRU
yt-09831,0,1,Wr_530gpHEY
yt-09832,2,3,_zg4pI-Qndc
yt-09833,0,1,8cAerMoXL5I
yt-09834,2,3,UBAY26elr-w
yt-09835,0,1,IsfTp6VbT_g
yt-09836,1,2,XmoVBGBnqe4
yt-09837,2,3,epwXjvLUr7E
yt-09838,2,3,_zg4pI-Qndc
yt-09839,1,2,2xtgy2NBpHE
yt-09840,2,4,YoD3GqU9HJQ
yt-09841,0,1,mhySXh9xEuI
yt-09842,2,3,hmp4ZVhgm8o
yt-09843,2,4,h4UMYASh0xw
yt-09844,1,2,hBCCr6c7Lu4
yt-09846,0,1,-ld_NWySErk
yt-09847,0,1,euydimYmnpw
yt-09848,0,1,FqfaM7yKapo
yt-09849,2,3,P-TodyNn0c4
yt-09851,0,1,PMpmRb07Foc
yt-09852,2,4,iOYfokJSehk
yt-09853,1,2,mD_D1JArYZE
yt-09854,2,3,5-dRwmUGcRk
yt-09855,0,1,7rY3vXb1CKk
yt-09856,0,1,57cs8k4MZC0
yt-09857,0,1,3atNhqd4R3Y
yt-09858,0,1,zPixiY-Qchg
yt-09859,1,2,PFmIWs8vw10
yt-09861,0,1,novideo-9861
yt-09862,2,3,oKBNGHNR41U
yt-09863,2,3,MtiIRnZq-qA
yt-09864,2,3,HtqyzjEuwlE
yt-09865,2,3,A_P9bbZpau8
yt-09866,1,2,GRFusZGdzOo
yt-09867,0,1,dhfV1KJQ054
yt-09868,2,4,J9e-b-mek9A
yt-09869,1,2,PSDZRrtFYn4
yt-09871,2,3,J0i404eAi-Y
yt-09872,1,2,lMNCNYbtQC4
yt-09873,2,3,06xNp4aikiA
yt-09875,2,4,58frGISFQUE
yt-09876,0,1,GMCwvJFn1iY
yt-09877,1,2,IwDoNLKJ-jE
yt-09878,0,0,V-_Zbi-aP2I
yt-09879,2,3,zhyHyeWp8qM
yt-09880,1,2,mraw40532V8
yt-09881,0,1,cCJi_9GV44c
yt-09882,1,2,PSDZRrtFYn4
yt-09883,2,3,ZcFV_rJDa7s
yt-09884,0,1,QIbKkXoy6z8
yt-09885,0,1,m0_SMiOecko
yt-09886,2,3,Q_BsKRzYE_w
yt-09887,0,1,75LHMTGf44o
yt-09888,0,1,novideo-9888
yt-09889,2,3,yypLKij21-Y
yt-09890,0,1,UgAD2hx0fs8
yt-09892,0,1,oKieT1EnPpw
yt-09894,0,0,yDE8Lonz3Fg
yt-09895,1,2,gqGrJJk_k-s
yt-09896,2,3,yLV4MyNTSvo
yt-09897,2,3,-o8uo8FZyGc
yt-09899,0,1,ppVa-oUquhI
yt-09900,0,1,7e8IgUrLmDM
yt-09901,0,1,novideo-9901
yt-09902,1,2,LWuOVOMolLc
yt-09903,2,4,bgI0r1-k9Rc
yt-09904,1,2,ROPJbdR_o2E
yt-09905,1,2,mB6bbWtr9vA
yt-09906,2,3,iWezHLFql8w
yt-09907,0,1,4kF4MGc-HW4
yt-09908,2,4,F9MctqJgJVk
yt-09910,0,1,vpoVEhc2Xgk
yt-09911,2,3,S_4ENsnwrw0
yt-09912,0,1,s-l6-QvWCJ0
yt-09913,0,1,FuZVA3s7b1c
yt-09915,1,2,1y2IvCXZhts
yt-09917,0,1,tWSAeOxCdI8
yt-09918,1,2,qAoMIMeh7ns
yt-09919,0,1,BWm4v9q-6DU
yt-09920,0,1,OuyhqLPVtBI
yt-09921,0,1,Glyscpj8Wgs
yt-09922,1,2,npu1sASOflU
yt-09924,0,1,lEqBINjDxpg
yt-09926,2,3,9lhbNE0P3UQ
yt-09927,0,1,qPw-VFxzyJY
yt-09929,0,1,zwWX2CPiYfs
yt-09930,2,3,_bNHYSjZeyA
yt-09931,1,2,aF9u2I98T78
yt-09932,1,2,vA98rMnBKNQ
yt-09933,1,2,xjvIW7D3xtU
yt-09934,2,4,nyc3QgMmclU
yt-09935,1,2,3s8cWuit09s
yt-09936,2,3,MMRjgEVjo5Q
yt-09937,1,2,HlWr0KxtfwM
yt-09938,2,3,-84sUAaXsrw
yt-09939,1,2,HHuKvDTumv8
yt-09940,0,1,m3-7TJ-AZQk
yt-09941,2,3,NUXEQaYRLwA
yt-09944,2,3,mZhm1zQ_RQg
yt-09945,2,3,sQ3zaKODtaU
yt-09946,1,2,Rc0ZGv58hnw
yt-09947,2,3,Z9k5dWX3Vlc
yt-09948,2,3,DN8Y5hq8qro
yt-09950,2,3,bTz9okKE-NU
yt-09951,0,1,-V1Lx8awqog
yt-09952,0,1,MMRjgEVjo5Q
yt-09953,0,1,PkLeE7ksifI
yt-09954,1,2,FQjR7AiDV9o
yt-09955,1,2,TqPzuyAnaFs
yt-09956,2,3,gEHGUAunThI
yt-09957,2,3,tAHK6E03ORo
yt-09960,2,3,AZ8fwLiIshI
yt-09961,2,3,DKnCq4ZHNIY
yt-09963,0,1,xNAyCs4OT9Q
yt-09965,0,1,rOaV0ZD8BpA
yt-09969,2,3,dYBUHBF-yLo
yt-09970,1,2,YXhtTgh-igs
yt-09971,0,1,2ksaHjWupn8
yt-09972,2,3,uI7UMerWSqg
yt-09973,2,3,qPw-VFxzyJY
yt-09974,1,2,A4eKIepGAzg
yt-09975,0,1,oKieT1EnPpw
yt-09977,0,1,gc6LX9aGLtc
yt-09979,2,3,I5pLLeWFheA
yt-09980,1,2,lq6dW5T-iN8
yt-09981,2,3,novideo-9981
yt-09982,2,4,-AVpfcE3F3E
yt-09983,1,2,l0dXBW82v6c
yt-09984,2,3,p2OHilQDZlU
yt-09985,2,3,XY9GhLNm37g
yt-09986,0,0,4lqLScgbQzI
yt-09987,0,1,lGf7kijzEQY
yt-09988,1,2,De1kASWAUlY
yt-09990,2,3,TEc0hbzEt70
yt-09991,1,2,m0_SMiOecko
yt-09993,0,1,1pqaShLk9xM
yt-09994,2,3,_jvlVlpK-Dk
yt-09995,1,2,m0_SMiOecko
yt-09996,0,1,N_OG-Mz1TBk
yt-09998,0,1,k4VurHbhoyM
yt-09999,1,2,nNW5JJk_Jms
yt-10004,1,2,5N36qqOeN6E
yt-10005,2,3,pzTgsdFxN68
yt-10006,0,1,jHaA28qLf8I
yt-10007,0,1,cJuLKDhUbV0
yt-10008,0,1,zmDi7rQ5LEc
yt-10009,0,0,-UiJi6Z2oB0
yt-10010,0,1,0DhcEIBaZHA
yt-10011,2,4,s0nuKKa7Lv0
yt-10012,0,1,ZoCZ1CoBbgI
yt-10014,2,3,tAHK6E03ORo
yt-10015,0,1,_lI0xoJwoEk
yt-10016,1,2,9dKtMy2Xajk
yt-10017,2,3,Pe0SmG6Rzj0
yt-10020,1,2,QAtPYVJzeZ4
yt-10021,1,2,38WpQsCVJno
yt-10023,2,3,36O2jC0fMz8
yt-10025,0,1,XZfrEAmFXbU
yt-10026,0,1,8CklEfc4L6I
yt-10027,2,3,OMQLXHJhhYs
yt-10028,2,3,DKnCq4ZHNIY
yt-10029,2,3,CEvDTQJ71_I
yt-10030,2,3,7o4deSI588Y
yt-10032,2,3,EGYCVyKncus
yt-10033,1,2,cAxekYyTGAI
yt-10034,0,1,gItnZSmdDgA
yt-10035,1,2,92EYq_UoAcc
yt-10037,2,4,4wo0IEJA280
yt-10038,0,1,fzQSr9zTB4U
yt-10039,1,2,vATtqBtqioY
yt-10041,0,1,pALT8MaNV9Y
yt-10042,2,3,6GToTDdN4FM
yt-10043,1,2,kWdmzvLjozE
yt-10044,0,0,3rXa-9_q1Ds
yt-10045,1,2,shzzki9NGeY
yt-10047,0,1,6TAHX-LwliU
yt-10048,2,3,ZOUSjqTH1xk
yt-10049,2,3,-AVpfcE3F3E
yt-10050,2,4,DXVycGqNQeE
yt-10051,0,1,novideo-10051
yt-10052,0,1,es3GHpgtrgg
yt-10053,2,3,X3vHAP4XJW4
yt-10054,0,1,_yxScFRr57U
yt-10055,0,1,QekTonVhb0U
yt-10056,0,1,UDusLHN1HDE
yt-10057,2,3,dYBUHBF-yLo
yt-10058,2,3,Kmbb1rWnULY
yt-10059,2,3,aY51yGM8L_4
yt-10060,2,3,PLCR4rhl9Rw
yt-10062,0,1,qpGHlrNOrRU
yt-10063,2,3,novideo-10063
yt-10065,2,3,novideo-10065
yt-10066,1,2,2B3rLbAONOk
yt-10068,1,2,ue8o8xc5atc
yt-10069,2,3,JGDdMxxSEiw
yt-10070,1,2,DcYW0GoIcA0
yt-10071,2,3,novideo-10071
yt-10072,2,3,w2mEM_VPaZQ
yt-10073,0,0,c2RbsT11UCI
yt-10074,1,2,ZE0SWTfC8cg
yt-10075,0,1,2-1do3AZYeM
yt-10076,1,2,yF_nq-1x-so
yt-10077,0,0,0C1cezfi30c
yt-10078,2,3,8z-yaNav_ls
yt-10080,1,2,C3z79NQUX28
yt-10081,1,2,DLuR5FytxEs
yt-10082,2,3,novideo-10082
yt-10083,2,3,JVNY5NJTyFs
yt-10084,2,3,RRCYUtzAZus
yt-10086,2,3,SH3-06sI77A
yt-10087,2,3,K4dMphLxl08
yt-10088,0,1,xlciEfqSzNc
yt-10089,2,3,BFeSH0O2PuM
yt-10090,0,1,tQQlBWoP2o8
yt-10093,0,1,5I741kY5ibE
yt-10094,0,1,cCJi_9GV44c
yt-10095,0,1,FupdJSoFPeI
yt-10096,1,2,j7UZFRVzl0Y
yt-10097,0,1,qTSbONErtIM
yt-10098,1,2,vpoVEhc2Xgk
yt-10099,1,2,lZSuDQVeFBE
yt-10100,2,3,7OIzJGq3jfY
yt-10101,0,1,LyPHarXiPkE
yt-10103,1,2,lXvo5vZ4jH8
yt-10105,2,3,sEelBLZa3k0
yt-10106,1,2,JphhEppbg8k
yt-10107,0,1,0IUPr4zLkAY
yt-10108,2,3,IzGR6FIYTio
yt-10109,1,2,4lqLScgbQzI
yt-10110,2,3,c1RSQC9QBf0
yt-10111,1,2,K_N5amXGnL0
yt-10112,2,3,FNzEJuVv3qU
yt-10113,2,3,m0_SMiOecko
yt-10114,2,3,IsBdqCaHfdI
yt-10115,1,2,8-bDTTm3vuE
yt-10116,0,1,l36WsJPxItw
yt-10117,1,2,YoD3GqU9HJQ
yt-10118,2,3,392A6LfCogo
yt-10119,2,3,b_x9tMcie0g
yt-10120,2,3,NfFY4towC1Q
yt-10121,2,3,iW0mhZyi-Tg
yt-10122,2,3,ypZMdZri7Co
yt-10123,1,2,ywdkzZxMsrI
yt-10125,2,4,ONfMmSNXUzc
yt-10129,0,1,8GF_8mDgWoA
yt-10130,2,3,nZA8mmrTOYo
yt-10131,0,1,AxaIZ36B4C4
yt-10132,1,2,Fzr8_MSxL8c
yt-10133,2,3,53LyRClbD40
yt-10135,2,3,c-RIm4-wFK0
yt-10136,0,1,bmEL2BR1Kc8
yt-10137,0,1,_x4BZ6oBJKI
yt-10138,0,1,Hi2ecuu7xSo
yt-10140,0,1,1DoS-tHKT3A
yt-10142,1,2,YNjNrqxOkAo
yt-10143,0,1,Y75S3K2qeo0
yt-10144,2,4,lbkxLbZtPUY
yt-10145,0,1,6CljvA6u2bQ
yt-10146,0,1,4x9ll6i1Pdg
yt-10148,0,1,KQ1V-vXRwQ0
yt-10149,0,1,oZ1hvGNm7h8
yt-10150,0,1,DZU7tqpc1Ag
yt-10151,2,3,yrzGb7hnUc8
yt-10152,2,3,PSRA_ntnLfs
yt-10153,1,2,3wflvPM1ivs
yt-10154,1,2,EFYJpL2odrM
yt-10155,2,3,CAHK-yJnxRk
yt-10156,0,1,rOaV0ZD8BpA
yt-10157,0,0,novideo-10157
yt-10159,0,1,M4ErqTwlbKg
yt-10160,0,1,oA8DBId7KLY
yt-10162,0,1,mPQuhb-8_28
yt-10163,2,4,rY9LOYZr5Dg
yt-10164,2,3,_FoIY4MdolE
yt-10166,2,3,5CPVcwvQYVU
yt-10167,1,2,novideo-10167
yt-10168,2,3,jPjoZKnx-J8
yt-10169,2,3,novideo-10169
yt-10171,2,3,aI27czC8Wno
yt-10173,2,3,-R6IBaRrBRM
yt-10174,2,3,H0bKUYV7g44
yt-10175,2,3,v8fS6RbGNuc
yt-10177,1,2,A21R6eoF80k
yt-10179,0,1,unB18Si-rwg
yt-10180,2,3,9899lgbOE7c
yt-10181,2,3,p522K4lYI3Q
yt-10182,1,2,jBdmVowp6V4
yt-10183,1,2,ehqHGcnS448
yt-10184,2,3,JVNY5NJTyFs
yt-10188,0,1,68kslqXsPe4
yt-10191,1,2,luvgr8mhGYs
yt-10193,0,1,CUtYc6Z64uI
yt-10195,2,3,Wsybj-jrLIk
yt-10197,2,3,FA9_NaDLa0M
yt-10199,1,2,q9JyAPormlk
yt-10200,0,1,wDWr8NhtDWM
yt-10201,0,1,7vxOfG2NZVo
yt-10202,1,2,W5rronlf0VY
yt-10203,0,1,9qfr0H7iN8Q
yt-10205,0,1,gDa5-kJfUio
yt-10207,0,1,wAsnyWHRsTc
yt-10209,1,2,HYF_DV-OemE
yt-10210,2,3,pXdKUWlLH0g
yt-10212,1,2,5MFMC7A56cs
yt-10213,1,2,Z9k5dWX3Vlc
yt-10214,1,2,hX393xZ2JKU
yt-10215,2,3,d2mChWd2Br0
yt-10216,0,1,tuqPFKF5NJo
yt-10217,1,2,J_7ZEDx1jzA
yt-10218,0,1,HL6bQtOxXcs
yt-10219,0,1,-5T9cwWm1C4
yt-10220,2,3,-R6IBaRrBRM
yt-10221,0,1,uXH2bkQmS4c
yt-10222,2,3,ioSjfCuVnvs
yt-10223,2,3,1XLPf4hV_ek
yt-10224,1,2,he5KrEXE12g
yt-10225,1,2,W93B7cSaKLg
yt-10227,2,3,J8-WfWo4_3U
yt-10228,0,1,YD3OakzpBLc
yt-10229,2,3,tAHK6E03ORo
yt-10230,1,2,exPfwMYpUuc
yt-10231,1,2,tEe9oDrnXMI
yt-10232,2,3,F9MctqJgJVk
yt-10233,2,3,CZJjKSLzfIo
yt-10234,0,1,zwwVFse75Is
yt-10235,0,1,bYQbf0kJE9o
yt-10236,2,3,ZOUSjqTH1xk
yt-10238,2,3,ZSw4nXr-Nwg
yt-10239,2,3,IJRE7B1JE4c
yt-10240,1,2,ZS4_w1xK3OE
yt-10241,0,1,-hiqct8xQcM
yt-10242,1,2,7kCc4g8vT1I
yt-10243,1,2,MJJYgZFTjso
yt-10245,0,1,FHracgmfi0E
yt-10246,0,1,GU5EaAekZCw
yt-10247,2,3,5blAFhpDtlo
yt-10248,2,3,vl1eECXnRS4
yt-10249,0,1,gS0zKlFFmIM
yt-10250,0,1,Yq0EiGZrFlU
yt-10251,2,3,Y4BMmviHCsM
yt-10252,0,1,uc_NhoIGwyU
yt-10253,0,1,zwwVFse75Is
yt-10254,2,3,ICLWKeTEPcU
yt-10256,1,2,_wI_-54K_pA
yt-10258,2,3,Kr-CFrRPDpg
yt-10259,2,4,TEc0hbzEt70
yt-10260,1,2,51fFLlND0bY
yt-10261,1,2,YF_L0vW3RaQ
yt-10262,0,1,vqZ92trVpBc
yt-10263,2,3,novideo-10263
yt-10264,2,3,69xYOr3cEhE
yt-10266,0,1,RQWL1m55C58
yt-10267,1,2,TXYKsAEJIgw
yt-10268,1,2,87YSAS3LJlw
yt-10269,1,2,u8T5MP8gM7o
yt-10271,1,2,uuQTht6jhCs
yt-10272,0,1,KaTVeOsIdCs
yt-10273,0,1,Toktzim84yU
yt-10274,1,2,p5G3TLEtTDg
yt-10275,2,4,YQChHjnyouU
yt-10276,2,3,ZpqJgmftaTg
yt-10277,1,2,89OtctjaI1Q
yt-10278,0,1,yldVVkRKhxc
yt-10279,1,2,FegNHPRjtoU
yt-10280,2,3,EA-pVOEVzoI
yt-10281,0,1,onaEQFMRtUo
yt-10282,2,3,wz1VGF_sUgA
yt-10284,0,1,2wkLV1UvNyk
yt-10286,2,3,u2ErbLyUK3c
yt-10287,1,2,8UH6G1LnXR8
yt-10288,0,1,IZA7R1swt18
yt-10289,0,1,YD3OakzpBLc
yt-10290,1,2,MvO1JCrLoRg
yt-10292,2,4,VkuFXSGqxe8
yt-10294,0,0,FuZVA3s7b1c
yt-10295,1,2,HZGmuIAu0v0
yt-10296,1,2,vA98rMnBKNQ
yt-10297,1,2,BUyIhZIpf5k
yt-10299,0,1,iPGvMvJWBGU
yt-10300,1,2,fOVOhlSkWMA
yt-10301,0,1,8r1AzZUN984
yt-10302,2,3,m0_SMiOecko
yt-10303,1,2,1y2IvCXZhts
yt-10305,0,1,Y75S3K2qeo0
yt-10306,2,3,w2pumQgoKiI
yt-10308,1,2,lLoN77KOTJw
yt-10309,0,1,VKOtkjJDuIQ
yt-10311,2,3,iRmZXzKS6e4
yt-10313,2,3,B-9JGc_rvXg
yt-10314,2,4,QnGzWLdlXJ4
yt-10315,2,3,aWhUmTwnQqA
yt-10316,1,2,24Z7BuAc-0Y
yt-10317,0,1,R6Z9Pqt2P0Q
yt-10318,2,3,j84zsPtsDnU
yt-10319,0,1,XFGrflQlTdA
yt-10320,2,3,d_eZ4O5HiMQ
yt-10321,0,1,gJ-H1sbgx1k
yt-10323,2,3,wWq__Nm4gCg
yt-10324,2,3,UGR2BCGFxMo
yt-10325,2,3,EA-pVOEVzoI
yt-10327,2,3,shzzki9NGeY
yt-10328,2,3,JC96J_ZsN1g
yt-10330,0,1,LUjK71eMr3U
yt-10332,2,3,lXvo5vZ4jH8
yt-10333,2,3,Jogt8ezJlx8
yt-10334,0,1,4RE9jkJIoCU
yt-10335,1,2,QtcUTc44jvE
yt-10336,2,3,DK-L1hS6Iy4
yt-10337,1,2,VHYX9mdoQEg
yt-10338,2,3,BenmwYiPn8U
yt-10340,0,1,e3-0Le2ytZE
yt-10341,1,2,ywdkzZxMsrI
yt-10342,0,1,yLSpIBtQlpE
yt-10343,2,3,rwvWuVCQaak
yt-10344,2,3,KExJ6oyPtTw
yt-10347,2,3,ikHgYsSQnZY
yt-10348,1,2,PNNi9Phj72I
yt-10349,1,2,_JlbMSEnB6I
yt-10350,0,1,vpoVEhc2Xgk
yt-10351,0,1,UDusLHN1HDE
yt-10354,0,1,3-RDBxuBJgo
yt-10355,0,1,GIcjXk4ie2w
yt-10356,2,3,Jbz1ZgOqm7c
yt-10357,0,1,dMWM_J1G9Tk
yt-10358,2,3,C3nUB38o2ts
yt-10359,2,3,lxc8Z9kejo4
yt-10360,2,3,h3EFevb9N6Y
yt-10361,0,1,DFWl2lnHNLg
yt-10362,2,4,mPRO4nFVwy8
yt-10366,1,2,KHXhp5DXWoo
yt-10367,1,2,SGsNYvmRTOE
yt-10368,2,3,s0DE-etJxFA
yt-10369,1,2,WrqzM6WEZ7s
yt-10371,0,1,bQ_DdYZ0zZE
yt-10372,2,3,MhEQyO4-2o4
yt-10373,0,1,R_rVLwpiuGo
yt-10374,1,2,_jvlVlpK-Dk
yt-10375,2,3,QCi_WGFUtg4
yt-10376,1,2,uzT8Ng3W2sk
yt-10377,2,3,Ku1VllsV2yg
yt-10378,0,1,Aznn0lCRK30
yt-10379,0,1,zDLtO3DIVDQ
yt-10380,0,1,hB_eRyb8Hfw
yt-10381,0,0,IiCkjBhT-AU
yt-10382,1,2,fE0w8cJxt8Y
yt-10384,2,3,xcH3d0w9Xxw
yt-10385,2,3,L2t6vjOIZ6o
yt-10386,1,2,novideo-10386
yt-10390,0,1,-aqz-8_Felw
yt-10391,0,1,9KBagECmcjg
yt-10393,0,0,FaHlI8yoKms
yt-10394,0,1,Abq4vNaZH-w
yt-10395,1,2,ZOUSjqTH1xk
yt-10396,2,4,JimPNAu7xDk
yt-10398,2,4,yypLKij21-Y
yt-10399,2,3,1g59gXc7OYA
yt-10400,0,1,f05hvxf80_o
yt-10401,1,2,PvV3NIeB3G4
yt-10402,1,2,rVsDuNHwyk8
yt-10403,2,3,QAtPYVJzeZ4
yt-10404,2,3,ZOUSjqTH1xk
yt-10405,0,1,Fy5b1JNLdEo
yt-10407,2,3,fOVOhlSkWMA
yt-10410,0,1,gN0qrg1YtIM
yt-10411,1,2,hhMS5to_JGA
yt-10412,2,3,PHt74nKN0HU
yt-10413,1,2,hmr6-FSv2R4
yt-10414,1,2,Iwtp0xJjRng
yt-10415,1,2,yhs1Y0YLjmk
yt-10417,0,1,Y75S3K2qeo0
yt-10418,0,1,mIegs_4t9Ko
yt-10419,1,2,2sHsfTdMBOA
yt-10420,0,0,YD3OakzpBLc
yt-10421,1,2,NfFY4towC1Q
yt-10422,1,2,UxUsX5crALk
yt-10423,0,1,0IoioOain7c
yt-10424,1,2,n7SABpul19A
yt-10425,1,2,_R7qxBsiZ-Q
yt-10426,1,2,fV1NZ7CVeF4
yt-10427,0,1,V9SFjd9kutU
yt-10428,1,2,JGDdMxxSEiw
yt-10430,1,2,cKQAGGl_qyg
yt-10431,0,1,3hO5ckTrfGE
yt-10432,1,2,QNxQ9tt5CGo
yt-10434,2,3,gHg7pDXS8vc
yt-10436,2,3,V77mBHwAgCI
yt-10437,0,0,_wSX3xJJKd4
yt-10438,1,2,3-RDBxuBJgo
yt-10439,0,1,mrVd5GGQ3aQ
yt-10440,1,2,xwquU-4IGLU
yt-10443,1,2,yqOZ74mR-gI
yt-10444,0,1,wjdSeBrvNY4
yt-10445,2,3,C3z79NQUX28
yt-10446,2,3,PkLeE7ksifI
yt-10447,0,1,fLpRYkEfDVc
yt-10448,2,3,v9D3PKmtfYA
yt-10449,2,3,LJBYbMSc8dk
yt-10450,1,2,6mDzX7C12bk
yt-10451,0,1,2MoVwEn3Z74
yt-10452,2,3,9lxQeHHlqzY
yt-10453,1,2,ZpqJgmftaTg
yt-10454,2,3,1VTLzDSRNCE
yt-10456,0,1,VBb1o9MtOjI
yt-10457,2,3,Al1j8NDAjZk
yt-10458,1,2,_WheySgo7Lg
yt-10460,0,1,RMMCiaj8Yik
yt-10461,0,1,qt4rVgyr1Rg
yt-10462,2,3,h3EFevb9N6Y
yt-10466,0,1,qpGHlrNOrRU
yt-10468,1,2,-R6IBaRrBRM
yt-10469,2,4,J0XesBE2Kwo
yt-10470,0,1,zQwBvqtIJ1w
yt-10471,2,3,WlXkeTfola8
yt-10472,1,2,EVcuZvEPIZ4
yt-10473,1,2,aNYWHzxX4fk
yt-10474,2,3,8UH6G1LnXR8
yt-10475,2,3,THUo_yvPZqk
yt-10477,1,2,o7bR9EJuQ04
yt-10478,0,1,_F_JlDNGoi0
yt-10479,0,1,FTKDwF3JyXo
yt-10480,2,3,odjIjCsTB_M
yt-10482,0,1,CFTyyxTabmE
yt-10484,1,2,abVYw35n9D8
yt-10485,1,2,GbXDSAzdoso
yt-10486,1,2,UBFCYDdVXnw
yt-10487,0,1,novideo-10487
yt-10488,2,3,JH5qHfBPZcE
yt-10489,0,1,FuZVA3s7b1c
yt-10490,2,3,5nY2oCxR3Cg
yt-10493,1,2,R2hODjYQFgg
yt-10496,0,1,r2qBtNrhvJc
yt-10497,0,1,4nPZtcbOTEE
yt-10498,0,1,nfaADx4pcX8
yt-10499,2,3,-hOhCsxml-Q
yt-10501,0,1,zhyHyeWp8qM
yt-10502,2,3,0s0PZqI_BOo
yt-10503,2,3,x7MbioSF7-A
yt-10504,2,3,Yq0EiGZrFlU
yt-10505,0,1,IJKrEsyXzR0
yt-10506,2,3,_cQa43SMBjo
yt-10508,2,3,ktwETEMGT6k
yt-10509,0,1,oA3lSKxewMM
yt-10510,1,2,XTLpFDsfvzk
yt-10511,1,2,8DL6S9zg_6A
yt-10512,0,1,ED8wUCe7O08
yt-10513,2,3,OXdJdRN4Opc
yt-10514,0,1,Va4T4oYjgSs
yt-10515,2,3,0CkZ4OoFnzE
yt-10516,0,1,v9QN-uOoD7c
yt-10518,0,1,XLb9fujOmyI
yt-10519,2,4,VTNyWzq3kj8
yt-10520,0,1,51n5Vpj3vlg
yt-10521,2,3,1y2IvCXZhts
yt-10522,0,1,Wr_530gpHEY
yt-10524,2,3,xteTBe3m2OY
yt-10525,0,1,-6zy7UiVjaw
yt-10526,0,1,9vALoBZH4e8
yt-10527,1,2,I5pLLeWFheA
yt-10528,2,4,shc4A5SupfU
yt-10529,2,3,_vzTKSFICZI
yt-10530,0,1,aMJ41xb_nk4
yt-10531,2,3,2pOo1MGJ6mc
yt-10532,2,3,m0_SMiOecko
yt-10533,2,3,m0_SMiOecko
yt-10535,0,0,ezm0CxMZ78w
yt-10536,2,3,m0_SMiOecko
yt-10537,2,3,1VRlsD09id8
yt-10538,2,3,0Bh9MKnnDQU
yt-10540,0,1,novideo-10540
yt-10541,0,1,nksc9D6T0eM
yt-10543,0,0,OVUpCmle414
yt-10544,2,3,FTKDwF3JyXo
yt-10545,2,3,tWWmISWfWTs
yt-10546,2,3,eHjuLnarkX4
yt-10547,2,3,BObJiy5noaM
yt-10549,1,2,HrL5oCB7Kl4
yt-10550,1,2,WceL3-PUXm0
yt-10551,2,3,7kCc4g8vT1I
yt-10552,2,4,unB18Si-rwg
yt-10553,0,1,Y3PZhoOXE2o
yt-10555,0,1,LpC8tcThs6g
yt-10556,2,3,1VTLzDSRNCE
yt-10557,2,3,CAC9Wh4XO9I
yt-10558,1,2,LG401aBnG8M
yt-10559,2,3,NwCeg1jqh2Y
yt-10561,1,2,GMCwvJFn1iY
yt-10564,2,4,NQ4sX6jJ_54
yt-10565,2,3,ywdkzZxMsrI
yt-10567,0,1,AIuuzkfxvio
yt-10568,2,3,lqOs6gOAaHE
yt-10569,1,2,sHoOplgaWWo
yt-10570,0,1,6G9tIFEkJ8w
yt-10571,2,3,VYbXpTEruVI
yt-10572,0,1,aDg0EwuqDJw
yt-10573,2,3,bOFh6vvX_Bk
yt-10574,1,2,w9DxgCS-N1U
yt-10577,2,4,RbjDEWptlck
yt-10578,1,2,5Fk8d2uRcR8
yt-10579,2,3,6mhlN0VdTmY
yt-10580,0,1,gSiKulYq6Mw
yt-10581,0,1,tAHK6E03ORo
yt-10582,0,1,dwsrcpKVFeI
yt-10584,0,1,Hck0YZK_Cng
yt-10585,1,2,Iip3qHQbfgE
yt-10586,0,1,kzPwCq8LRB4
yt-10587,0,1,iFM9b5FnG5k
yt-10588,2,3,bOMp3FbQ8aw
yt-10590,2,3,BObJiy5noaM
yt-10591,0,1,y-eH5oo7BP0
yt-10594,2,3,ZOUSjqTH1xk
yt-10598,2,3,vpoVEhc2Xgk
yt-10599,2,3,tAHK6E03ORo
yt-10601,2,3,RMtMThc8n1w
yt-10602,0,1,1UdaJLA1o-w
yt-10603,0,1,0VHdlG-cyA4
yt-10604,0,0,8W-1QlYqYQc
yt-10605,2,3,novideo-10605
yt-10607,0,1,0Y2mwEJ26N0
yt-10608,2,3,InzXIOm8ZEI
yt-10609,2,3,vaWlpX3duaU
yt-10610,2,3,SsBJjAg1SVA
yt-10611,1,2,r3G_W7G7zaQ
yt-10612,2,3,m0_SMiOecko
yt-10618,1,2,Ww7ttVTwDb8
yt-10619,1,2,Bp3yeibMgQ4
yt-10620,0,1,lpcZUVgQEOg
yt-10621,2,3,1FrqdfjJewQ
yt-10623,1,2,Sx1JUWGer2I
yt-10624,2,3,mURdo7tzxe4
yt-10625,1,2,g1UhspNtUiQ
yt-10626,2,3,V-nZDGMn4tA
yt-10627,2,3,BObJiy5noaM
yt-10630,2,3,Eu8ti1alg5E
yt-10631,1,2,qUwaIayRIqg
yt-10632,1,2,TEc0hbzEt70
yt-10633,0,1,5h-KAotVWTk
yt-10635,1,2,Bp3yeibMgQ4
yt-10636,2,3,hVj3sy74kHI
yt-10637,0,1,YD3OakzpBLc
yt-10638,2,4,in0apRGzCAY
yt-10639,0,0,74A7-OztFQ8
yt-10640,2,3,1-GEFep0atc
yt-10641,2,3,ArmFfieVzTI
yt-10642,2,3,pzSuYucC7M8
yt-10643,1,2,PIBlB81k8wk
yt-10644,0,1,FuZVA3s7b1c
yt-10645,2,3,hNbNkY8oEVk
yt-10646,0,1,LH7dW_EWXYc
yt-10647,0,0,novideo-10647
yt-10648,0,1,UgAD2hx0fs8
yt-10649,1,2,hb9LKl9Ppuk
yt-10650,2,3,novideo-10650
yt-10651,2,3,PNPmjYTGfpk
yt-10652,0,1,W7_jBZ1ogFU
yt-10653,2,3,DC05VUtSHmA
yt-10654,0,1,dyUKWm0u-ms
yt-10656,0,1,6JAN_8TSiPk
yt-10657,0,1,FuZVA3s7b1c
yt-10658,0,1,DIGy18Yu2eM
yt-10660,1,2,jy1O-kSgVQM
yt-10661,2,3,mZhm1zQ_RQg
yt-10662,1,2,crxMMjAcugo
yt-10663,2,3,1YZ5yFrk090
yt-10664,0,1,lFCyks6YvHQ
yt-10667,2,3,novideo-10667
yt-10668,2,3,2D95eLZYiPQ
yt-10669,0,1,RrfVBu2QIs8
yt-10670,2,4,VkuFXSGqxe8
yt-10671,1,2,N_xIpgtJ01w
yt-10672,0,1,ReejhPZfYmw
yt-10673,0,1,novideo-10673
yt-10674,2,4,O_-e5eN1ZtY
yt-10675,2,3,7fpDkNiz8LI
yt-10676,0,1,_y7Nqf3z_LA
yt-10677,2,4,rKgAAYXv5BM
yt-10678,1,2,vI1P16MO6IM
yt-10680,1,2,Cp4jZ0KjgiM
yt-10681,1,2,gMip5cdQl3U
yt-10682,2,3,wb6OYuF0IVs
yt-10683,0,1,06tWe_Ql60M
yt-10684,0,1,xdw2TuvMBTA
yt-10686,0,1,mArJA_WOX14
yt-10687,2,3,novideo-10687
yt-10689,2,3,novideo-10689
yt-10690,0,1,eEpdZUoQ0oI
yt-10691,2,3,m0_SMiOecko
yt-10693,1,2,t1HxzPbEC7M
yt-10695,0,1,qcFU3KGNuVo
yt-10696,1,2,vcCoyEl_tpw
yt-10697,2,3,wO0gyA3wr0U
yt-10698,0,1,C16vV2VV-RY
yt-10699,1,2,Ffe3LHz2mkw
yt-10700,2,3,1KZNiZnHQ_Q
yt-10701,0,1,aEHQ0wMdy1c
yt-10702,1,2,_s3S-QUtGTM
yt-10703,2,3,Rg9jY4y6lrk
yt-10704,0,1,Ap4NuuZNMyI
yt-10705,0,1,rEcHrPe5zDQ
yt-10706,0,1,IRObFMbFOIU
yt-10707,2,3,DjJ8KrAAQko
yt-10708,2,3,oZ1hvGNm7h8
yt-10709,1,2,gMY62rvjomM
yt-10710,2,3,nSsOxTF9fLo
yt-10711,1,2,7p1lP7oqECA
yt-10712,2,4,8KJgt3P8vso
yt-10713,0,1,lUNiHp-M9K4
yt-10714,0,1,wUdkKhcSRXY
yt-10715,2,3,dPPgumaP92M
yt-10716,1,2,KbyuZZJxiP0
yt-10720,2,3,rF6NyP3L-iI
yt-10721,1,2,Vlt856xUh9Y
yt-10723,2,3,dX7qmhhwT20
yt-10724,0,1,Q35vQalYuRA
yt-10726,0,1,tmerVM9YiMc
yt-10727,0,1,JygISWyWA40
yt-10729,0,1,4LtYnQxueYE
yt-10732,2,3,czCmCeRzpfQ
yt-10733,1,2,zGmVkufAIcA
yt-10734,0,1,jxUu0a0aBBE
yt-10735,2,3,qwbMIjUQDxA
yt-10738,2,3,tlXUDLUlniE
yt-10739,0,1,Y75S3K2qeo0
yt-10740,2,3,novideo-10740
yt-10741,0,0,ge6w_dEJL8w
yt-10742,0,1,F85faLwfcBI
yt-10743,2,3,8qWFCf7Ab7Y
yt-10745,0,1,G0eTqkLRnUU
yt-10746,0,0,Yq0EiGZrFlU
yt-10747,0,1,KaEAPsEBFo0
yt-10748,2,4,7Y1Hh1Bgr-A
yt-10749,2,3,TfgdwInk4l4
yt-10750,2,3,m0_SMiOecko
yt-10751,0,1,tuqPFKF5NJo
yt-10752,1,2,8ochocxoUmc
yt-10753,0,1,novideo-10753
yt-10754,0,1,7TdkfaEYZmI
yt-10755,2,3,m3HtvzhNA6E
yt-10756,0,1,novideo-10756
yt-10757,1,2,rcAPeYmp1iE
yt-10758,0,1,jGCTEjD2DN0
yt-10759,2,3,T_U2jcv6wXs
yt-10760,2,3,6hNRLead22M
yt-10761,1,2,FFHFz1lsEpU
yt-10762,0,1,fDNJv2YIEdc
yt-10764,2,3,YoD3GqU9HJQ
yt-10766,2,3,XoWjS1znGEA
yt-10767,2,3,q46a33Squ0w
yt-10769,1,2,bOMp3FbQ8aw
yt-10770,2,3,_zBTDA5JvQM
yt-10771,2,3,jOZD7fBvYmA
yt-10772,0,1,nfKwWar7emw
yt-10773,1,2,Xx1Uqc41MUs
yt-10774,2,3,yxRzwez0m2w
yt-10775,2,3,JVNY5NJTyFs
yt-10776,1,2,ReTb4HYHIRk
yt-10777,2,3,n4VHBtloQUA
yt-10778,2,3,iJOGs-wscbk
yt-10780,2,3,1VTLzDSRNCE
yt-10783,2,3,e-OBpW5zJRY
yt-10784,0,1,novideo-10784
yt-10785,2,3,yp7pfN75JRE
yt-10786,0,1,9zRVlErT7Q4
yt-10787,0,1,EG1I5S_ZdSA
yt-10790,0,1,ZCVctDNm3f8
yt-10791,2,3,TtfqEJu7Ll0
yt-10792,0,0,8dY3MlkvDnw
yt-10793,2,3,V0Va_HxkKps
yt-10794,1,2,UoQbsjSIDpg
yt-10796,0,1,SGmHjavi56Y
yt-10797,0,0,g844vfYjkLM
yt-10798,1,2,6j85wTIpbZ4
yt-10800,2,3,m0_SMiOecko
yt-10801,2,3,Z3CT--naLJg
yt-10802,2,3,OYzYswfYU5w
yt-10803,2,3,pXdKUWlLH0g
yt-10804,0,1,_-sXeX9ntsM
yt-10805,2,3,RffjlOYCPCM
yt-10806,0,1,JH9o21FUzGw
yt-10808,0,1,LyPHarXiPkE
yt-10809,0,1,i5Kybh7ZtEs
yt-10812,0,1,ixhBgB0YO-M
yt-10814,0,1,A5AqrSTQffo
yt-10815,0,1,9TmO9LA0c0U
yt-10816,0,1,novideo-10816
yt-10817,1,2,novideo-10817
yt-10818,0,1,uQoyXY0k8yk
yt-10819,1,2,ebWd6niXDr0
yt-10820,2,3,hih_WR_tZz8
yt-10821,2,3,DDtyKUaeYhc
yt-10822,0,1,t-7pcmLgLrM
yt-10823,2,3,ZOUSjqTH1xk
yt-10824,2,3,E0Etc7QGBoQ
yt-10825,0,1,tfc8ChMC1FU
yt-10826,1,2,BXiYPySilmA
yt-10828,0,1,rBaO2Z2q7x0
yt-10830,0,1,2PkaRgipq_A
yt-10832,1,2,22GhgYinQig
yt-10834,0,1,_9PRIANP8GU
yt-10835,1,2,3mW8cTZzbjk
yt-10836,2,3,novideo-10836
yt-10837,1,2,yHNSkqg1xfg
yt-10838,2,3,wOs8JGhi0Ts
yt-10839,0,1,bBIduwa6jR4
yt-10840,2,3,MBzPwBca5N4
yt-10841,0,1,DyYFJLaX3Es
yt-10842,1,2,b1tnWvWXM7g
yt-10843,1,2,DC05VUtSHmA
yt-10844,2,3,C4jlMQov9AA
yt-10847,0,1,M64inCtMxA8
yt-10848,0,0,bL7edmqZyOY
yt-10849,2,3,Lk1jnNtYpLE
yt-10850,0,1,nz4KhJw9BQU
yt-10851,0,1,v4symn4cYsU
yt-10852,2,3,oREcHGz4D70
yt-10853,2,4,9Vbuuf0YQFw
yt-10854,2,3,IdSPi8AhoCg
yt-10855,2,3,TUHJ5xrjbsY
yt-10856,0,1,QepckkKHvHM
yt-10858,2,4,HJjaseDFEZA
yt-10860,1,2,v48J9_0L0o0
yt-10861,0,1,mRpdxAVpL9E
yt-10862,0,1,5MFMC7A56cs
yt-10863,1,2,IWEh6oySQAk
yt-10864,0,1,nOOOd4jNlbU
yt-10865,0,1,CyhsN-OMpWs
yt-10866,1,2,FJmQad1LaSo
yt-10867,2,3,v7zlnATufOw
yt-10869,1,2,C3z79NQUX28
yt-10870,0,1,0qTFQ4zhLPE
yt-10871,0,1,1gfJwckIttY
yt-10872,0,1,rxLbyuKanyQ
yt-10873,2,4,sBcv58DvnTc
yt-10874,2,3,pPxJSWbJrtw
yt-10875,0,1,rW1eGZ12ybg
yt-10876,1,2,89AkF5Zmon4
yt-10878,0,1,LH7dW_EWXYc
yt-10879,2,3,2jysaWqxYuw
yt-10880,0,1,TkzPHWnfwa8
yt-10881,0,1,qVHRQuearVc
yt-10882,2,3,Qa0w0u1_d3Q
yt-10883,2,4,JCOiZtAvwso
yt-10884,2,3,P051rbLjttY
yt-10885,2,4,xcJLofkKPfk
yt-10886,1,2,Poy35rRTf3Y
yt-10887,0,1,XLb9fujOmyI
yt-10888,1,2,YSl0EKlnYPY
yt-10889,2,3,m0_SMiOecko
yt-10891,0,1,f-M765EMmgQ
yt-10892,2,3,euydimYmnpw
yt-10893,1,2,Cc1cSL_S-f8
yt-10894,0,1,QNxQ9tt5CGo
yt-10895,1,2,7YLHwUrkW7s
yt-10896,1,2,22EFpKjegNI
yt-10897,1,2,TEKmYvbrj7Y
yt-10898,2,3,AakZ1GefwxI
yt-10899,1,2,7pGa7eUaZdc
yt-10900,2,4,3Rx3arTWcBk
yt-10901,0,1,FLf5AqRqzq4
yt-10903,0,1,eZUXdjV_2dg
yt-10904,0,1,qbUK3m6y8Ps
yt-10905,2,3,FTKDwF3JyXo
yt-10908,0,1,r1IMf2ncHkw
yt-10909,2,3,SFLG6xdxvkU
yt-10910,1,2,uOw5pmz9j-I
yt-10911,1,2,6SrAzbub6IU
yt-10912,2,3,aesvErH7aaQ
yt-10913,1,2,LJBYbMSc8dk
yt-10915,0,1,lCdD3n46k-o
yt-10916,1,2,ZS4_w1xK3OE
yt-10917,0,1,CmnLijwQC-4
yt-10918,0,1,tAHK6E03ORo
yt-10919,0,1,Lg85RjVMbuk
yt-10920,0,1,OEgSaRBadYA
yt-10921,2,3,Nyt1Q0QNpq8
yt-10922,1,2,MOVz5k9XDGA
yt-10923,1,2,RdxGACrOVUY
yt-10924,2,3,rOaV0ZD8BpA
yt-10925,2,4,J9e-b-mek9A
yt-10926,1,2,lNxpRA-0mpQ
yt-10927,0,1,E5v2OCYz4XU
yt-10929,2,4,0s9Z9UUO-dE
yt-10930,0,1,unB18Si-rwg
yt-10931,0,1,lJtc7SO8rWE
yt-10933,1,2,S5eCMFJVsS8
yt-10934,2,4,m0_SMiOecko
yt-10935,0,1,8HjR25QB_Io
yt-10937,2,3,Y9C1ENJAshI
yt-10938,0,1,Am2cxRMHNJY
yt-10939,0,1,RzXgg5vpyWk
yt-10940,0,1,qCLG9QYvD58
yt-10941,1,2,VUt4-B7kODE
yt-10942,2,3,m0_SMiOecko
yt-10945,0,1,s-8363ATMT4
yt-10946,2,4,OVlJczrBw0k
yt-10948,2,3,yL76f9B0VEY
yt-10949,2,3,StEbUmobvwo
yt-10950,2,3,OlhGyokx-mc
yt-10951,1,2,xwquU-4IGLU
yt-10952,1,2,m0_SMiOecko
yt-10953,2,3,-gkhRF5d6aU
yt-10954,2,3,novideo-10954
yt-10955,0,1,QqeL31QT9Pk
yt-10956,2,4,novideo-10956
yt-10957,1,2,9yi9kqNKq0c
yt-10958,2,3,tAHK6E03ORo
yt-10960,1,2,VXuRrK1i2FM
yt-10961,1,2,IRObFMbFOIU
yt-10962,0,1,gHg7pDXS8vc
yt-10963,1,2,P7BwzwS2oio
yt-10964,0,1,_11226v0kjk
yt-10966,1,2,b3ntv1WxZZo
yt-10967,2,3,_zg4pI-Qndc
yt-10968,0,1,q3ZmfnkywmY
yt-10969,0,1,MQIZolfZFy4
yt-10970,2,3,oqhzw42jS38
yt-10971,2,3,oFzgzwsWiF4
yt-10972,0,1,vI_2J-bJKbc
yt-10973,2,3,BUyIhZIpf5k
yt-10975,1,2,oqhzw42jS38
yt-10976,1,2,Y3T20pSx4C0
yt-10977,0,1,EgFL3XZ1kmM
yt-10978,1,2,GzunX8tsTac
yt-10979,2,3,CFTyyxTabmE
yt-10980,2,3,s0nuKKa7Lv0
yt-10981,0,1,aep5x8G9CWw
yt-10982,1,2,VUA-rgpDUrI
yt-10983,0,1,4wG81KYnDn0
yt-10984,1,2,ZxHpXD_LDxQ
yt-10985,0,1,9KOMrYH6yJI
yt-10986,2,3,m0_SMiOecko
yt-10987,2,4,uK-MGDE2dE4
yt-10989,2,3,DC05VUtSHmA
yt-10990,1,2,8UH6G1LnXR8
yt-10991,1,2,0DhcEIBaZHA
yt-10993,2,3,daMhusqyhIk
yt-10994,0,1,NVdZatWeaOU
yt-10995,2,3,VkuFXSGqxe8
yt-10996,2,3,5JAsrrWMB7M
yt-10998,0,1,H0bKUYV7g44
yt-10999,1,2,lXvo5vZ4jH8
yt-11000,0,1,EgFL3XZ1kmM
yt-11001,0,1,1ea88YJN_ec
yt-11004,2,3,x7MbioSF7-A
yt-11005,1,2,SyL--B-jKmk
yt-11006,1,2,Pe0SmG6Rzj0
yt-11007,0,0,o8-4eE2YgDw
yt-11008,2,3,sFc1uMijatE
yt-11009,0,1,mB6bbWtr9vA
yt-11010,0,1,novideo-11010
yt-11013,0,1,d2uD3cBxkHo
yt-11015,0,1,9advyiJ6-88
yt-11016,2,3,ovXkapVSGPI
yt-11017,0,1,VkuFXSGqxe8
yt-11018,0,1,44sjEPDjp_w
yt-11019,0,1,EdKJ2MArvnU
yt-11020,2,4,4lqLScgbQzI
yt-11021,2,3,WlZHxM_RVSA
yt-11022,2,3,C3z79NQUX28
yt-11024,0,1,5iFHtwUUYoE
yt-11026,1,2,novideo-11026
yt-11028,1,2,StEbUmobvwo
yt-11029,2,3,EA-pVOEVzoI
yt-11030,2,3,_e20yfQs0Os
yt-11031,2,3,ZE0SWTfC8cg
yt-11033,2,3,2d65JHrXJe0
yt-11034,1,2,wjkwoa74XyA
yt-11035,0,1,HIIXouQoRys
yt-11036,0,1,qlEtbq_Q6cs
yt-11038,2,3,9hmhPF0bj9I
yt-11039,1,2,OLkp-KKAUWc
yt-11040,2,4,xcH3d0w9Xxw
yt-11041,1,2,1fa2H6Mp4f8
yt-11043,2,3,k0NbnlUxniI
yt-11044,0,1,7kCc4g8vT1I
yt-11045,1,2,fO6Ftgj-t2c
yt-11046,1,2,noYgFT5PJmg
yt-11047,2,4,P77UiR1vj9Y
yt-11049,1,2,pV6hKgmYgbg
yt-11050,2,3,lOfHTsy5g4Q
yt-11051,1,2,e1aWJzC0mTM
yt-11052,2,3,novideo-11052
yt-11053,2,3,N9V-7TPtVzQ
yt-11054,2,3,QokMrwVKzZY
yt-11055,0,1,fr2o1-3idrs
yt-11056,0,1,mURdo7tzxe4
yt-11057,0,1,0Y2mwEJ26N0
yt-11058,2,3,a2R29Br5rpk
yt-11059,2,3,mrQC1FXt_N0
yt-11060,1,2,9ZyiZ97MNvc
yt-11061,0,1,N6TY2PqEa6Q
yt-11062,0,1,SvZrtDXa8PQ
yt-11063,2,3,WfshEpeYqSo
yt-11064,2,3,GbCJp2HqDJ4
yt-11065,2,3,9z3WHw-hSfY
yt-11066,0,1,novideo-11066
yt-11067,0,1,novideo-11067
yt-11068,2,3,9U2p1vOf30k
yt-11069,2,3,tAHK6E03ORo
yt-11070,2,3,WfshEpeYqSo
yt-11071,0,1,iRmZXzKS6e4
yt-11073,1,2,aUmRiEhOjBE
yt-11074,2,3,pS0107zVfEQ
yt-11075,2,3,qpGHlrNOrRU
yt-11076,0,1,nEY7rdDT2nk
yt-11077,2,3,I2W23TJHzjY
yt-11080,0,0,Bp3yeibMgQ4
yt-11081,2,3,XhcjvivTqGU
yt-11082,1,2,CFTyyxTabmE
yt-11083,1,2,l-MBvUrBY4E
yt-11084,1,2,OMQLXHJhhYs
yt-11085,0,1,KOHmaHviiso
yt-11086,1,2,_qmOUKEiLLY
yt-11087,1,2,m0_SMiOecko
yt-11088,2,3,ktwETEMGT6k
yt-11089,2,3,gRHkGa_9RCM
yt-11090,2,4,tsz8EyLnFf4
yt-11091,0,1,crxMMjAcugo
yt-11092,0,1,064YPKI61fI
yt-11095,1,2,LU62UFt9_Kw
yt-11096,1,2,yL76f9B0VEY
yt-11098,2,3,t2idcrND5JI
yt-11099,2,3,6mhlN0VdTmY
yt-11100,1,2,5MFMC7A56cs
yt-11101,0,1,hYlLjR8TXMg
yt-11102,0,1,4uQAawcpwY0
yt-11104,1,2,TeYFrJ8x-Xs
yt-11105,2,3,hpMTY0WiK-w
yt-11106,2,4,_U9wyUAbW1w
yt-11107,0,1,unB18Si-rwg
yt-11108,2,3,9yi9kqNKq0c
yt-11109,2,3,_00PNeVGiZU
yt-11111,1,2,x4Ey33FPyCg
yt-11113,2,3,Gfutg1gQM70
yt-11114,0,1,5RnscnAPNms
yt-11115,2,3,wAx7pesU_ac
yt-11117,2,3,nEY7rdDT2nk
yt-11118,1,2,6WxP5aK25K8
yt-11119,0,1,MMWHS5fe-XU
yt-11120,2,3,-VDjG0yKBls
yt-11121,2,3,V_ixYuyqKQ4
yt-11122,1,2,jXcy0F1Zsv8
yt-11123,2,3,tf1Tl4Q_660
yt-11124,0,1,SL6EgMQeM2s
yt-11125,0,1,t1HxzPbEC7M
yt-11126,0,0,Pg4XQFE0Eko
yt-11127,1,2,06tWe_Ql60M
yt-11128,1,2,06xNp4aikiA
yt-11129,1,2,FuZVA3s7b1c
yt-11131,2,3,vOSjhAkZeDw
yt-11133,1,2,7kCc4g8vT1I
yt-11134,1,2,2LlunIzrFRg
yt-11135,0,1,_1d44FHjmKA
yt-11138,1,2,rd7LqX6vJeg
yt-11140,0,0,yEMY0GeVMsE
yt-11142,2,3,gxi_KMEBkFE
yt-11143,2,3,yVV9WqEmvnU
yt-11144,2,3,1ea88YJN_ec
yt-11145,2,4,8CklEfc4L6I
yt-11146,2,3,V1ixSiWropc
yt-11147,1,2,0l154Fz-9-g
yt-11148,1,2,deTmDfYFDdA
yt-11149,0,1,7EG0WEhdImU
yt-11150,2,3,ZOUSjqTH1xk
yt-11153,0,1,kt00VXIauM4
yt-11154,1,2,JVNY5NJTyFs
yt-11156,1,2,Plg9P8sBAYE
yt-11157,0,1,kTdexcqUPQw
yt-11158,1,2,d2QR5YfOVT8
yt-11159,2,3,FNzEJuVv3qU
yt-11160,2,3,DvTbjFIIa_A
yt-11161,2,3,BABRe53fna4
yt-11162,0,1,tK1MnA0CmvI
yt-11163,0,1,--5sNldseEg
yt-11164,1,2,petbI3v0fWk
yt-11165,0,1,tFBtMWEMxT8
yt-11166,2,4,U9AulbTHjJ4
yt-11167,1,2,XxEim5RIz1w
yt-11168,1,2,uK-MGDE2dE4
yt-11170,0,1,N4ESp8N_jRs
yt-11171,2,3,h26-O81vnyQ
yt-11172,0,1,9KOMrYH6yJI
yt-11173,0,1,H0bKUYV7g44
yt-11174,1,2,IHjCD-q6bMw
yt-11175,2,3,xYFR5YJ5gv0
yt-11177,0,1,1_eV3_5OItg
yt-11179,2,4,6Wh4iSKSN_E
yt-11180,1,2,HXFC38CGuB0
yt-11181,2,4,H9d5iv53lGE
yt-11182,2,4,5CUlwxGHqG4
yt-11183,0,1,PrqFnvgaEY0
yt-11185,2,3,cyUxrb5k1_Q
yt-11186,2,3,m0_SMiOecko
yt-11188,0,1,novideo-11188
yt-11189,1,2,qkntwFGT52U
yt-11190,2,3,245tJt9MIgU
yt-11191,0,1,JI4yW3AUjbc
yt-11192,1,2,ZhPiWybyCQI
yt-11193,1,2,pYykVxYEWSQ
yt-11194,2,3,sX5ORTz9SAo
yt-11195,2,3,Vsuj-w0lV8Q
yt-11197,2,3,tZRoFcDRcXI
yt-11198,0,1,8ce1aOYMt6I
yt-11200,0,1,pxNYd-XxSWY
yt-11201,2,3,1A13Eail-nw
yt-11202,2,3,_zg4pI-Qndc
yt-11206,2,3,yK9Oqbr_6i4
yt-11207,0,1,KEMLx6H0_1Q
yt-11208,1,2,70-w6BoPZ3g
yt-11209,2,3,sepI2oMcbsM
yt-11210,2,3,JlCj8YPsuIo
yt-11211,2,3,J9e-b-mek9A
yt-11212,0,1,8riK0IkAwKM
yt-11214,0,1,Byfc2V86zD8
yt-11216,0,1,rcHJ9QJkpuI
yt-11217,2,4,MuEPeBW_ib4
yt-11218,1,2,tAHK6E03ORo
yt-11219,1,2,HZGJyMNTUCA
yt-11221,2,3,MhEQyO4-2o4
yt-11222,1,2,VCQKvXf2Sro
yt-11224,2,3,IBKoV0InRp0
yt-11225,1,2,FuZVA3s7b1c
yt-11226,1,2,Am2cxRMHNJY
yt-11227,0,1,BLX7sTQqkYA
yt-11229,0,1,lH0hOoRKW8g
yt-11230,0,1,zPixiY-Qchg
yt-11231,2,3,0m7gb6NFAvs
yt-11232,2,3,MCqysFqx01Q
yt-11233,0,1,XLb9fujOmyI
yt-11234,1,2,L29YbL_pJxc
yt-11235,2,3,-b76q78-E7Y
yt-11238,2,3,TwVs1xiq7y0
yt-11239,2,3,xYQp0Iq6vCc
yt-11240,2,3,lxdup1bcUR0
yt-11241,2,3,7Y1Hh1Bgr-A
yt-11242,2,3,dsOGnecnMdI
yt-11243,2,3,sBcv58DvnTc
yt-11244,2,3,V1ixSiWropc
yt-11245,2,3,HJjaseDFEZA
yt-11246,2,3,3MJV-JGT7-E
yt-11247,1,2,m0_SMiOecko
yt-11248,0,1,4BZJ7D_Tyak
yt-11253,1,2,JeFaQd2fq-8
yt-11254,0,1,74A7-OztFQ8
yt-11256,0,1,2LWp99RA4gQ
yt-11257,1,2,-GNhZklDf-Q
yt-11258,2,3,H_4koLpgsvw
yt-11259,2,3,m0_SMiOecko
yt-11260,0,1,V1hilFtydTQ
yt-11261,2,4,IZYZ83Mzrr0
yt-11262,2,3,ICLWKeTEPcU
yt-11263,1,2,rK9kWL-AapM
yt-11264,2,3,fp3JgonOa2k
yt-11265,0,1,HOW0GGRysbo
yt-11266,0,1,LGDWeThCxh8
yt-11267,0,1,r9Ljy8xMrRc
yt-11269,2,3,QokMrwVKzZY
yt-11270,0,1,CWA8w8UwqkQ
yt-11271,0,1,E0Etc7QGBoQ
yt-11273,2,3,Wug5G0qGVkk
yt-11274,1,2,rL_AtASNDO4
yt-11275,0,1,AMK7Qgctj1I
yt-11278,1,2,C9GxNS7OHzA
yt-11279,1,2,vWnRYE8S3eo
yt-11280,2,3,jnfdliWtGwQ
yt-11281,1,2,ltuMxeyriWw
yt-11282,2,4,ICLWKeTEPcU
yt-11283,1,2,3GmQ9qS08uw
yt-11284,2,3,m0_SMiOecko
yt-11285,0,1,-aqz-8_Felw
yt-11287,1,2,gE4_pwm7_zM
yt-11288,0,1,Sox8CAYui5A
yt-11290,2,3,ktwETEMGT6k
yt-11291,1,2,H3_So_tbh9s
yt-11293,2,3,58frGISFQUE
yt-11294,2,3,8qWFCf7Ab7Y
yt-11295,0,1,qMAeQeZDgqA
yt-11296,2,3,ICLWKeTEPcU
yt-11297,0,1,auv0_8Gofd4
yt-11298,0,0,jXcy0F1Zsv8
yt-11299,0,1,5CUlwxGHqG4
yt-11300,0,1,va2aP-SuYLM
yt-11301,0,0,Bp3yeibMgQ4
yt-11302,0,1,Uscb0HKWTKA
yt-11305,2,3,3qHY_r0tvC4
yt-11306,1,2,IGlZkQJ-cYc
yt-11307,0,1,0hUCtKxTc2s
yt-11308,0,0,AjS-IVDf110
yt-11309,2,3,Rotau7SrnxM
yt-11310,1,2,UvKk4-jpv0Y
yt-11311,1,2,eyYly4M1Wlo
yt-11312,1,2,FqfaM7yKapo
yt-11313,0,1,N9ffISUeyHY
yt-11314,2,3,P40uXYsm_HY
yt-11316,2,4,lXvo5vZ4jH8
yt-11317,1,2,O4FyqDK8NZc
yt-11318,0,1,vpoVEhc2Xgk
yt-11320,2,3,9Ad4vjJznco
yt-11321,0,1,dX7mJx84RHk
yt-11322,2,3,htL0oLCtcM4
yt-11324,2,4,WfshEpeYqSo
yt-11325,0,1,xPfjG1475vs
yt-11326,1,2,0n5VgU_cw6c
yt-11327,2,3,YoD3GqU9HJQ
yt-11328,2,3,novideo-11328
yt-11329,0,1,JyZe2zffXzI
yt-11330,2,3,NXXOdSU6daI
yt-11331,0,1,921o5dhjI5w
yt-11333,2,3,m0_SMiOecko
yt-11334,2,3,5fm957tt1rw
yt-11335,2,3,sX5ORTz9SAo
yt-11336,1,2,a3JY9mWX00M
yt-11337,2,3,ejPRQ37seqk
yt-11338,0,1,23ZhdmCq4-Q
yt-11339,1,2,K8_ukQCDh3Q
yt-11340,2,3,H5WZyDQmS40
yt-11341,2,3,vI1P16MO6IM
yt-11342,1,2,oPlKAVWmVdg
yt-11343,2,3,0mfy3SJfS7k
yt-11345,1,2,peHYRcZ_zP8
yt-11346,2,3,V9SFjd9kutU
yt-11347,2,4,Kmly4CaoRmE
yt-11348,0,1,2XrLMDAtY6A
yt-11349,1,2,novideo-11349
yt-11350,2,3,v9D3PKmtfYA
yt-11351,2,3,yZqP0g3yoqs
yt-11352,2,3,tm3SnDw9xqI
yt-11353,2,3,m0_SMiOecko
yt-11355,2,3,vpoVEhc2Xgk
yt-11357,2,4,_JUY9I-4-ss
yt-11358,2,3,VkuFXSGqxe8
yt-11361,2,3,xQ7RTM2Jld0
yt-11362,0,1,97vlSnirrII
yt-11363,2,3,dPPgumaP92M
yt-11365,0,1,g3wNIGu8pno
yt-11366,2,4,CiAMHa9ta_M
yt-11367,2,3,ny4v-VEU9dg
yt-11369,0,1,novideo-11369
yt-11370,2,3,xy9WZe7hxlU
yt-11371,1,2,wry4-XPuN6M
yt-11372,2,3,IdSPi8AhoCg
yt-11373,0,1,404SiFMvAIE
yt-11374,2,4,7kCc4g8vT1I
yt-11376,2,3,PC0mpXXpir4
yt-11377,2,3,Xag1ulxNZmw
yt-11378,1,2,vI1P16MO6IM
yt-11379,2,3,0bJr_zASZZg
yt-11380,2,3,fWWMlIWRCTw
yt-11381,2,3,jXcy0F1Zsv8
yt-11383,1,2,lUtXwHT-Nbc
yt-11385,1,2,Khv8MWrL99g
yt-11386,0,0,WD5HrfQ1HPw
yt-11387,0,1,l8xUFhkVwIM
yt-11388,2,3,YWONq1EW2Jo
yt-11389,2,4,_QL0f5YwOXs
yt-11391,2,3,StEbUmobvwo
yt-11392,0,1,tuqPFKF5NJo
yt-11393,2,3,svOaadKYBao
yt-11394,2,3,jj4cmANmE6U
yt-11395,0,1,snoRR_VwZ1o
yt-11396,2,4,yu9UX32dnXQ
yt-11397,2,3,cwWdJQyxK_o
yt-11398,2,3,FgEUI3LAu7Y
yt-11399,0,1,H0bKUYV7g44
yt-11400,1,2,hy_Ms6HZtHY
yt-11402,0,1,pkC7KacR4Q8
yt-11403,1,2,K_MYoVOtCgc
yt-11404,1,2,Uko6GcLxw1c
yt-11405,2,3,fE0w8cJxt8Y
yt-11407,2,3,BDfqViakH4I
yt-11408,0,1,kv_HZ4q9mHs
yt-11409,0,1,PH_8xiKFBxk
yt-11410,0,1,1YSdMWWl-Sg
yt-11411,1,2,i5Kybh7ZtEs
yt-11412,1,2,qpGHlrNOrRU
yt-11414,0,1,5xw7ZOBeE98
yt-11415,0,1,Abq4vNaZH-w
yt-11416,2,4,lwlAqTJgIKY
yt-11417,1,2,t2idcrND5JI
yt-11420,2,3,Qn7Gb8_yciM
yt-11423,2,3,mpy8UZmT3Lc
yt-11425,0,1,1G4d_Sk25dg
yt-11426,1,2,ifE4Xi-M6xQ
yt-11427,2,3,o-klRa1czi4
yt-11428,0,1,9hmhPF0bj9I
yt-11429,1,2,SyL--B-jKmk
yt-11430,0,1,n56gAhZobHE
yt-11431,2,3,J6C5Qe7WHbg
yt-11433,0,1,dgEAmoOPjkw
yt-11434,2,3,SGmHjavi56Y
yt-11435,1,2,hoSjb5fSA6s
yt-11436,0,1,K3A1zTTSLcE
yt-11437,1,2,Wc6AeGp3WuY
yt-11439,0,1,J9e-b-mek9A
yt-11441,1,2,UKban2RV2UI
yt-11443,2,3,4uZl_zfVD2M
yt-11444,1,2,lwrg6SyK2EY
yt-11445,2,3,epwXjvLUr7E
yt-11446,0,1,nPTB_mDa78I
yt-11448,1,2,Fpo_OmFwiBA
yt-11450,2,3,m0_SMiOecko
yt-11451,1,2,fKse611y8lI
yt-11453,0,1,fmDofNYu4S8
yt-11456,2,3,oqhzw42jS38
yt-11457,1,2,0P5CFRnNrD4
yt-11458,2,3,IeIiAQjvVQo
yt-11459,0,1,22EFpKjegNI
yt-11460,0,1,S4DCQXC1n5Y
yt-11461,0,1,AMK7Qgctj1I
yt-11463,1,2,VTLNri7wiDY
yt-11464,2,3,sN1143Jldkg
yt-11466,2,3,-aTHHydNOtA
yt-11467,0,1,lJtc7SO8rWE
yt-11468,2,3,q2PRl1HOtIg
yt-11469,2,3,w0_EVob7i1c
yt-11470,2,3,nsAJupnqCfA
yt-11471,2,3,nqZDSmReAXs
yt-11472,0,1,FSUuV6qs6Fg
yt-11473,2,4,shc4A5SupfU
yt-11474,0,1,CUtYc6Z64uI
yt-11475,0,1,qdikvTjzsHU
yt-11477,2,3,zQiCkbGdrvE
yt-11478,0,1,EDH5TMcB4Ec
yt-11479,2,3,UYlMVjEElQo
yt-11480,1,2,lcC_n98e-Tw
yt-11481,1,2,ss-OhkIt6ho
yt-11483,1,2,_jvlVlpK-Dk
yt-11486,1,2,YO49GJGtnkg
yt-11487,0,1,-R6IBaRrBRM
yt-11488,0,1,novideo-11488
yt-11489,2,3,geSSfhmviJY
yt-11490,2,4,RN0zNNH89h8
yt-11491,2,3,fqiiDAwC8lM
yt-11492,0,1,4I0rXxzZdI4
yt-11493,0,1,yrzGb7hnUc8
yt-11494,2,3,qKahoohkUpM
yt-11495,2,3,8cAerMoXL5I
yt-11496,2,3,1D7JSRbalds
yt-11497,1,2,novideo-11497
yt-11498,0,0,IRObFMbFOIU
yt-11500,0,1,FqfaM7yKapo
yt-11501,1,2,AxaIZ36B4C4
yt-11502,1,2,xjvIW7D3xtU
yt-11503,0,1,hnMDmziU9fs
yt-11504,1,2,W4ix7mH9c0U
yt-11505,2,3,oZN2Ni9yXB4
yt-11508,0,1,bSsoNOO8-fI
yt-11509,1,2,oHkJbjkQsyE
yt-11512,2,3,PCFpZ0u_fyM
yt-11513,2,3,u5e9NyHPnRI
yt-11514,0,1,hsbl3e7ZPnM
yt-11515,2,3,OVURuMEs0NM
yt-11516,0,1,L1BGK3lIxNY
yt-11517,1,2,0w8kt3ytjKg
yt-11518,1,2,tajrYkxZI48
yt-11520,2,3,dALpT-qyhyQ
yt-11522,1,2,FDs2pwFCUtg
yt-11524,0,1,f3f_HO5egPA
yt-11525,1,2,noWrHYVxkaU
yt-11527,1,2,xuWi_rG4GPk
yt-11528,1,2,4FNPc8fcCqs
yt-11529,2,3,9nP7Yb8T2Zs
yt-11530,2,4,sX5ORTz9SAo
yt-11531,1,2,qIB9KLzU3Vg
yt-11532,2,3,itKTfFjh50I
yt-11533,2,4,iBMRSv8ZNTE
yt-11534,2,4,BwL1phuMoS4
yt-11535,1,2,sopvQ1SiFnI
yt-11536,2,3,V1ixSiWropc
yt-11537,0,1,JI4yW3AUjbc
yt-11539,0,1,xVuggFk1hWM
yt-11541,1,2,RnEiqCtr7Jc
yt-11542,2,3,m0_SMiOecko
yt-11543,1,2,K5-RHgHBk2o
yt-11544,0,1,gKz40oYeHwg
yt-11545,2,3,v9D3PKmtfYA
yt-11546,1,2,hpbB24Rbj_k
yt-11547,2,3,tAHK6E03ORo
yt-11548,2,3,C_1VjcKhQM8
yt-11552,0,1,Ku1VllsV2yg
yt-11553,2,3,Ns8K8k_xySQ
yt-11554,2,3,cF7El7ayVqk
yt-11555,0,1,novideo-11555
yt-11557,0,1,M5FC5wC201A
yt-11558,0,1,ILSNwW625BY
yt-11559,1,2,-Z0on3AaQ78
yt-11560,0,1,wbm9gWyUH54
yt-11562,2,3,j84zsPtsDnU
yt-11563,2,3,D-8WCKrxqGw
yt-11565,0,1,TWfDxfsgmnY
yt-11566,1,2,novideo-11566
yt-11567,2,3,H9d5iv53lGE
yt-11568,2,3,HXS-mMW28sg
yt-11569,0,1,ombpleaOWyg
yt-11570,2,3,pXeOtkaIxgU
yt-11571,2,4,VkuFXSGqxe8
yt-11572,2,3,Yq0EiGZrFlU
yt-11574,2,3,9aoroPpXbTA
yt-11575,0,1,ZhPiWybyCQI
yt-11576,2,3,fk3BKMaP_Ug
yt-11577,2,3,ceibAnsu9FA
yt-11579,2,3,JeFaQd2fq-8
yt-11580,0,1,3LKLpoyrI4g
yt-11581,0,1,ZS4_w1xK3OE
yt-11582,2,4,r1ssQBUZHzQ
yt-11583,2,3,VkuFXSGqxe8
yt-11584,1,2,PSDZRrtFYn4
yt-11585,0,1,unB18Si-rwg
yt-11587,2,3,m0_SMiOecko
yt-11588,2,3,UYlMVjEElQo
yt-11589,0,1,MCRlYg2l4Jg
yt-11590,0,0,UNyyd6eZNJU
yt-11591,1,2,-o8uo8FZyGc
yt-11592,1,2,J9e-b-mek9A
yt-11594,2,3,LJDxqnJksc0
yt-11595,1,2,W0Xx5OzQP7o
yt-11596,0,1,YXfvsp0b3kQ
yt-11597,1,2,jVVo3io5J3A
yt-11598,2,4,qrAW2g5SkOw
yt-11601,0,1,KSTQm3X7V7Q
yt-11602,1,2,7Oc8-eclkrY
yt-11603,0,1,k-_pA5XgHI8
yt-11606,1,2,mD_D1JArYZE
yt-11607,1,2,mQzOURgV-yA
yt-11608,0,1,dWnm28TSaYU
yt-11609,2,3,TeYFrJ8x-Xs
yt-11610,0,1,Cjc8Uf3kBiw
yt-11611,2,3,mdyEvpIb8a0
yt-11612,1,2,8lmkjGTwh2c
yt-11613,2,3,m7Aqruvu8xI
yt-11614,2,3,VltYCbUErsg
yt-11615,2,3,fKHr-HtA2H4
yt-11616,1,2,jE2A55tf_YY
yt-11617,0,1,tuqPFKF5NJo
yt-11619,0,1,LQREyAeaanM
yt-11620,2,3,8UH6G1LnXR8
yt-11622,2,3,KrQC_ZH7Q_o
yt-11623,1,2,UaWbc9xxynI
yt-11625,1,2,VIokC9nEMp4
yt-11626,0,1,o8-4eE2YgDw
yt-11627,2,3,P3K_JvwZq3g
yt-11629,2,3,3h5aPEb9mtg
yt-11631,2,3,WOdUJoLRfSc
yt-11632,2,3,9KOMrYH6yJI
yt-11633,0,1,Qv8olomiWPQ
yt-11634,2,3,zYtSGXAxeag
yt-11635,2,4,Ia4RNWhq9K0
yt-11636,0,1,Z1T1_0yYFSY
yt-11638,1,2,mD_D1JArYZE
yt-11639,2,3,qF_1M2gKWrc
yt-11640,2,3,agd4Qx8tuLA
yt-11642,2,3,novideo-11642
yt-11643,2,3,ufB2nYJq1UY
yt-11644,1,2,OU5f3I3b5KM
yt-11646,1,2,mD_D1JArYZE
yt-11648,2,3,-lIB3vNY-lg
yt-11650,0,1,v4RiM8y89og
yt-11654,2,3,BABRe53fna4
yt-11655,0,0,BIsFDQXWaQg
yt-11656,2,4,YYMe8Ranh1Y
yt-11657,2,3,vpoVEhc2Xgk
yt-11658,0,1,VYmAjm-t4KQ
yt-11659,0,1,bTz9okKE-NU
yt-11661,2,3,SGX6aguU5QM
yt-11664,2,3,NUXEQaYRLwA
yt-11665,2,3,IeB34-gIJbA
yt-11667,1,2,7rumU_wuFfE
yt-11668,2,3,m0_SMiOecko
yt-11669,0,1,Pd0rUF7tlc8
yt-11670,2,4,TeYFrJ8x-Xs
yt-11672,2,3,DG1Wx_AMIhk
yt-11673,2,3,m0_SMiOecko
yt-11674,2,3,J48z_e1-28M
yt-11676,2,3,vT7pKGCmA4w
yt-11677,2,3,GKhxwhN-20k
yt-11678,0,1,sHoOplgaWWo
yt-11679,2,3,R4T5t3Ab9U4
yt-11680,1,2,9bd64aBJs08
yt-11682,2,3,SCLp9QD06fU
yt-11683,2,3,yZ6LIIUXLSY
yt-11686,2,3,DvTbjFIIa_A
yt-11687,1,2,wrRrWxAkh-E
yt-11689,2,3,pxNYd-XxSWY
yt-11691,2,3,8YkC0pER4OY
yt-11692,0,1,4DCaabR8N60
yt-11693,2,3,4gBFZAs-NPA
yt-11694,0,1,unB18Si-rwg
yt-11695,1,2,bLMyYXFhxMs
yt-11696,0,1,DK-L1hS6Iy4
yt-11697,2,3,nytpJhM15Ps
yt-11699,2,3,WfshEpeYqSo
yt-11700,2,3,novideo-11700
yt-11701,0,1,GF4BIoxSN-k
yt-11702,1,2,b5acfCt4lEI
yt-11703,2,3,BFuz4UsYRVo
yt-11704,1,2,5iXBdLkD-4Y
yt-11705,2,3,lluqRUbxWsE
yt-11710,0,1,LcfLbSJpeU4
yt-11711,0,1,fQN5NU1JY3U
yt-11712,2,3,mZhm1zQ_RQg
yt-11713,1,2,kp-CzXTyAx0
yt-11714,0,1,WOdUJoLRfSc
yt-11716,0,1,0Jfuui9SYuE
yt-11717,0,1,ErYT_m8S2i0
yt-11718,2,3,StEbUmobvwo
yt-11719,0,1,YgTWE9C_GJU
yt-11720,0,1,m0_SMiOecko
yt-11721,2,3,_zg4pI-Qndc
yt-11722,0,1,ZOUSjqTH1xk
yt-11723,1,2,GHzaMI--BC8
yt-11725,1,2,1eU-puLa7Nc
yt-11726,1,2,IrLkF5EPr0Q
yt-11727,2,3,56w6MwFJ2Rk
yt-11729,2,3,epwXjvLUr7E
yt-11730,1,2,5MFMC7A56cs
yt-11731,0,1,btrzODCnxOg
yt-11732,0,1,XNRXis-km5s
yt-11734,2,4,rtEMyNqyMJ0
yt-11735,2,3,gOL-i_83_Q0
yt-11736,2,3,EaL25qeMTWg
yt-11738,2,3,HUTbAtHEVMk
yt-11739,1,2,HM5BUqIugV8
yt-11741,1,2,YNjNrqxOkAo
yt-11742,2,3,a2SylFIXIE0
yt-11745,0,1,kWFxhZD1aCI
yt-11746,2,3,OPmP3T23j7A
yt-11747,2,4,pXeOtkaIxgU
yt-11748,1,2,FIJwkne06Ks
yt-11749,0,1,mYz9GzaUf5s
yt-11750,2,3,novideo-11750
yt-11752,2,3,LW28yu6kPOk
yt-11753,2,3,TolY-AIkpOE
yt-11754,1,2,4b1VU_5vVo8
yt-11755,1,2,WpzZop5CugQ
yt-11756,0,0,GRHqioYH5hQ
yt-11757,0,1,bdbvmoqyCsI
yt-11758,2,4,ZbFsPm57mq4
yt-11760,0,1,JEnJhMFMb3k
yt-11761,2,3,8z-yaNav_ls
yt-11762,1,2,DvTbjFIIa_A
yt-11763,2,3,hmp4ZVhgm8o
yt-11764,0,0,74A7-OztFQ8
yt-11765,0,1,26yj_7OnOgE
yt-11766,0,1,ZpqJgmftaTg
yt-11767,1,2,15W8VrsoBtU
yt-11769,1,2,W93B7cSaKLg
yt-11770,1,2,RasXoEuHbHQ
yt-11771,0,1,H0bKUYV7g44
yt-11773,2,3,Jbz1ZgOqm7c
yt-11774,2,4,PH_8xiKFBxk
yt-11776,2,3,XY9GhLNm37g
yt-11777,0,1,h1bfeiczzw0
yt-11778,2,3,kZASmwMGyFc
yt-11779,0,1,WjovWkldUdw
yt-11780,1,2,5blAFhpDtlo
yt-11781,0,1,bYQbf0kJE9o
yt-11782,2,3,m0_SMiOecko
yt-11783,0,0,DK-L1hS6Iy4
yt-11784,0,1,ATlNVIxZCc4
yt-11785,2,3,yypLKij21-Y
yt-11786,0,1,tApfSwFzOwQ
yt-11787,0,1,xbwQhMvvJ6s
yt-11788,2,3,kYw0bd0mhOg
yt-11790,0,1,ThvDpQ_lYhQ
yt-11791,2,3,vsdLVZ5-KD8
yt-11792,2,3,1VTLzDSRNCE
yt-11793,0,1,xk5jUWlygLc
yt-11794,0,1,jA_2iVByWuw
yt-11795,1,2,nOwJ1ycKGdk
yt-11797,0,1,m0_SMiOecko
yt-11798,1,2,novideo-11798
yt-11799,2,3,P1amCSIPKF8
yt-11800,0,1,l4qRUKV2DoY
yt-11801,0,1,oZN2Ni9yXB4
yt-11802,0,1,e1Uqw-tE6nU
yt-11803,2,4,4kF4MGc-HW4
yt-11804,2,3,Eifv1zrQF3A
yt-11806,0,1,gNN-WUAbxC8
yt-11807,2,3,yF_nq-1x-so
yt-11809,0,1,_wNMeBTJ7C8
yt-11811,0,1,FuZVA3s7b1c
yt-11812,0,1,70oBIibDoqc
yt-11813,2,3,zq1lcB7yVWk
yt-11815,0,1,EXRLG-w49Js
yt-11817,0,1,zy4wJz-muPo
yt-11818,0,1,c0dIaI6aR1w
yt-11819,0,1,o0xbhlphYTw
yt-11820,2,3,roB6y6pEUoU
yt-11822,1,2,5RPgt1apPPQ
yt-11824,0,1,aIWGXBiDF5M
yt-11825,0,1,kgXAbSJYWgM
yt-11826,2,3,J9e-b-mek9A
yt-11827,2,3,l8xUFhkVwIM
yt-11828,0,1,B3pzMyvYtR4
yt-11830,1,2,J1Kogbdg8G0
yt-11831,2,3,hArDpQVdTYA
yt-11833,0,1,RL_9_0cdfIU
yt-11835,0,1,MwYatAqodsY
yt-11836,2,3,Edh5ni2JVns
yt-11837,2,3,nZA8mmrTOYo
yt-11838,0,1,hI7ZMWg9gFU
yt-11839,2,3,HJjaseDFEZA
yt-11841,0,1,FM6LR2XwOR4
yt-11842,2,4,P1amCSIPKF8
yt-11843,0,1,hiUANxZBtjM
yt-11844,2,3,eKJhCYohZUI
yt-11847,0,1,suibKgFNx5A
yt-11848,1,2,eZUXdjV_2dg
yt-11849,2,3,J40sMt6eI2Y
yt-11850,0,1,TATnECsyKSI
yt-11851,0,1,novideo-11851
yt-11852,2,3,6AiouxF7YqY
yt-11853,2,3,FqfaM7yKapo
yt-11854,0,1,P051rbLjttY
yt-11855,2,3,JQhx3TcDb_k
yt-11856,2,3,C3z79NQUX28
yt-11857,2,4,SZsRZSa-Ct8
yt-11858,0,1,BDWgWwPTqI8
yt-11859,1,2,d45u6qwIACM
yt-11860,0,1,6mn3yoLE0eo
yt-11861,1,2,VTP9yt9TPYo
yt-11862,2,4,novideo-11862
yt-11863,1,2,zn248D5Hm1c
yt-11864,0,1,5-dRwmUGcRk
yt-11865,1,2,nNW5JJk_Jms
yt-11867,1,2,gQg0E9I8HPs
yt-11868,2,3,IyoZBHfRydM
yt-11869,0,1,99ybadSUhC8
yt-11870,2,3,hS7Jr96ewJQ
yt-11871,2,3,rbbdXVIGnVk
yt-11872,1,2,td4VFyTDeqo
yt-11873,1,2,QNxQ9tt5CGo
yt-11874,2,3,WfshEpeYqSo
yt-11875,0,1,ZpqJgmftaTg
yt-11876,2,3,zTOMEmtYNEY
yt-11877,2,3,iW0mhZyi-Tg
yt-11878,0,1,r3IvHF1vUl0
yt-11879,0,1,_jvlVlpK-Dk
yt-11880,1,2,lFgnB8xtMmk
yt-11882,0,1,f_iZIGzqe5M
yt-11883,2,3,NQ4sX6jJ_54
yt-11884,1,2,2o2AiWCFkZs
yt-11885,0,1,6_OXgfZ4et8
yt-11886,0,1,2zltn-r3TmM
yt-11887,0,1,H0bKUYV7g44
yt-11889,1,2,OhQXv414rPc
yt-11890,2,3,RVg0CrXP3qw
yt-11891,1,2,SdcziG6xtKA
yt-11892,2,4,5-dRwmUGcRk
yt-11893,1,2,gJB6GdNAF50
yt-11894,2,3,C3z79NQUX28
yt-11895,0,1,q9JyAPormlk
yt-11896,1,2,rW1eGZ12ybg
yt-11897,0,1,novideo-11897
yt-11898,2,3,o-klRa1czi4
yt-11899,0,1,m99pNNy8awA
yt-11900,0,0,C3z79NQUX28
yt-11901,0,1,Q1xrr1efk9Y
yt-11903,0,1,VUx35zw5XSE
yt-11904,2,4,ywdkzZxMsrI
yt-11905,0,1,Yq0EiGZrFlU
yt-11906,0,1,HGAnjukvrOY
yt-11907,2,3,Xhsk1VyTzT0
yt-11908,0,1,sP9kJC1dq8c
yt-11909,1,2,aQki0g_z_gc
yt-11911,1,2,L-N2LFBH2Jc
yt-11912,2,3,6lRc37rpXq4
yt-11913,2,3,ioiHYCuaIRM
yt-11914,0,1,dUS5cpF2Y8o
yt-11915,0,1,novideo-11915
yt-11916,0,1,-ld_NWySErk
yt-11919,1,2,mZYOFRx8ciw
yt-11920,2,3,mZhm1zQ_RQg
yt-11921,2,3,eQu0QAX8Zjg
yt-11922,2,3,eivvYSLBvr8
yt-11923,2,3,CHWet0VoepA
yt-11924,2,3,1VRlsD09id8
yt-11925,2,3,tYeQ15h-9RU
yt-11926,1,2,iYUdbXPyR0I
yt-11927,0,1,ZbFsPm57mq4
yt-11929,1,2,TfgdwInk4l4
yt-11931,2,3,DN8Y5hq8qro
yt-11932,1,2,qt4rVgyr1Rg
yt-11933,2,3,0JGfMEy3Nn0
yt-11934,2,3,SjBG8p6snGg
yt-11936,1,2,F21nkk0jLKU
yt-11937,0,1,Li25SFvZofU
yt-11938,2,3,h4UMYASh0xw
yt-11939,1,2,ZlzEKpGSgOg
yt-11940,2,3,86PRU2XXSi8
yt-11941,2,4,oAAeIeLWOXE
yt-11942,0,1,nrepj2Jm93c
yt-11943,0,1,6UEvoEnbNDk
yt-11944,1,2,aDyxKxeFG0Y
yt-11945,2,3,R5f00nmec-g
yt-11946,2,3,m0_SMiOecko
yt-11948,2,3,dw-HHW3_0KE
yt-11949,0,1,kzPwCq8LRB4
yt-11951,2,3,sBivS0qByU8
yt-11952,1,2,sepI2oMcbsM
yt-11953,1,2,wAqtPUaEBk4
yt-11954,2,3,1dUj6AUvM0g
yt-11955,1,2,dOFQL-liask
yt-11956,0,1,Y0CIfmf6Gx0
yt-11957,0,1,J6C5Qe7WHbg
yt-11958,2,3,ilsSBu6D5mQ
yt-11959,1,2,mZhm1zQ_RQg
yt-11961,2,3,pg0UltA-O5E
yt-11963,2,3,RO8L87ke0SY
yt-11964,0,1,YBrhbbgrIOs
yt-11966,0,1,novideo-11966
yt-11967,0,1,_jvlVlpK-Dk
yt-11968,2,3,-RISaZ7i54Q
yt-11969,2,3,QGCpBOTJXhg
yt-11970,2,3,3CMZSjXGSSw
yt-11972,0,1,NvxUqsMgL1Y
yt-11973,0,1,jyofzkwIQEw
yt-11974,2,3,Ia4RNWhq9K0
yt-11975,2,3,3hsJ0hCLx5o
yt-11976,1,2,2lFOCRgqDoI
yt-11977,0,1,C7lvWsgefy0
yt-11979,2,3,MJJYgZFTjso
yt-11980,0,1,bjuwwXbpCjM
yt-11981,2,3,m0_SMiOecko
yt-11982,1,2,9KOMrYH6yJI
yt-11983,1,2,DClLbX9hOqU
yt-11984,1,2,DweflexV7OE
yt-11985,1,2,YVd5ck3hTc4
yt-11987,2,4,5etBJ2O6OpA
yt-11988,2,3,DC05VUtSHmA
yt-11989,2,3,nytpJhM15Ps
yt-11990,0,1,jXQjdXFHsuw
yt-11991,2,3,WfshEpeYqSo
yt-11992,1,2,UINr0I5ucpM
yt-11993,0,1,dapK2TiM_Rg
yt-11996,1,2,m0_SMiOecko
yt-11997,0,1,kttwWQg50jw
yt-11998,2,3,NSRieY1JqBU
yt-11999,2,3,VkuFXSGqxe8
yt-12001,0,1,EVj3Fz35VJw
yt-12002,2,3,439EHKYXHvQ
yt-12004,0,1,xSx2fi3AW8I
yt-12006,1,2,O_-e5eN1ZtY
yt-12007,0,1,qOpwUYjqltE
yt-12008,2,3,VFuA_A53Nwo
yt-12009,2,3,l5gNpa_QekA
yt-12010,1,2,mSk3DGJCmrc
yt-12012,0,1,novideo-12012
yt-12013,0,1,f3f_HO5egPA
yt-12014,0,1,DM0Yivbiot4
yt-12015,1,2,lQ1cg2ldIQk
yt-12019,2,3,X3Eo9Coaxk4
yt-12021,2,4,o-QX3zDKoSU
yt-12022,2,3,NwCeg1jqh2Y
yt-12023,2,3,TXKKv2lMh5U
yt-12024,2,3,vpoVEhc2Xgk
yt-12025,2,4,K6ey_5APvHw
yt-12026,2,3,S_4ENsnwrw0
yt-12027,1,2,JH5qHfBPZcE
yt-12028,2,4,HyXYwx9AHHI
yt-12029,1,2,la91nAa5Iak
yt-12030,0,1,crxMMjAcugo
yt-12031,1,2,4nPZtcbOTEE
yt-12034,2,3,_FoIY4MdolE
yt-12035,0,1,RsXRH4rQz10
yt-12036,1,2,vsdLVZ5-KD8
yt-12037,1,2,u55V9qR_fXM
yt-12039,2,3,Hx9wv3zpjdE
yt-12040,0,1,w7gsvcSHwt4
yt-12041,1,2,G2Cto08tkHs
yt-12043,0,1,ke2U-g0iZEY
yt-12045,1,2,zTOMEmtYNEY
yt-12046,0,1,pdImt5Nc0yk
yt-12047,2,3,yuhO8zdMs8A
yt-12048,0,0,DK-L1hS6Iy4
yt-12049,2,3,w_mYJ-wansQ
yt-12050,0,1,tsz8EyLnFf4
yt-12051,2,3,NxypeHZMIGQ
yt-12052,1,2,FWFw8QijdUg
yt-12054,2,3,novideo-12054
yt-12057,2,3,vpoVEhc2Xgk
yt-12058,1,2,qh85fT3ARe8
yt-12059,2,3,hmp4ZVhgm8o
yt-12060,2,3,PXsB_QwJyLc
yt-12061,2,3,EA-pVOEVzoI
yt-12063,1,2,uP7FdlsIA8k
yt-12064,0,1,H0bKUYV7g44
yt-12066,0,1,SGmHjavi56Y
yt-12067,0,1,k4VurHbhoyM
yt-12068,1,2,WmY8zspxcTE
yt-12069,0,1,Z3JpbTTONak
yt-12072,2,3,-1g9KS7Lhvc
yt-12073,0,1,9TmO9LA0c0U
yt-12074,0,1,ofpBQyqjdLE
yt-12075,0,1,nkE6M85fay0
yt-12076,2,3,TTHLSuS7K6Y
yt-12077,2,3,ZXQIXkwKdUs
yt-12078,0,1,_46CzJJudnc
yt-12079,2,3,SH3-06sI77A
yt-12080,2,3,8qWFCf7Ab7Y
yt-12081,1,2,DnHPOQTPQos
yt-12082,2,3,C_1VjcKhQM8
yt-12083,1,2,wjkwoa74XyA
yt-12084,2,3,cqhZMrQi2UM
yt-12085,0,1,_IYfjkWH1BU
yt-12086,0,1,XmoVBGBnqe4
yt-12087,2,3,Uo72ijyLlGU
yt-12088,0,1,lXxblx0e9Ys
yt-12089,2,3,N7dMYBGhLv0
yt-12090,2,3,7NJIPyNSTNU
yt-12091,0,1,_Rc_AyZ8TqA
yt-12093,0,1,pySjpBiRd40
yt-12095,0,1,KezmGYkMiLc
yt-12096,2,4,6mhlN0VdTmY
yt-12097,1,2,JZNZl3e1_Hc
yt-12098,2,4,_FoIY4MdolE
yt-12099,1,2,nKn1YZmEEKo
yt-12100,0,1,zhyHyeWp8qM
yt-12101,2,3,js3AebN1HNo
yt-12102,2,3,_FoIY4MdolE
yt-12103,2,3,OTkZUd5IM6Q
yt-12104,0,1,0IUPr4zLkAY
yt-12105,2,3,8z-yaNav_ls
yt-12106,2,3,rZJT646i4TY
yt-12107,0,1,97vlSnirrII
yt-12108,2,3,pb4qYO7o8wA
yt-12111,1,2,pkQ9d5ihPEQ
yt-12112,0,1,CtH0Lxv4T1A
yt-12113,2,3,tAHK6E03ORo
yt-12115,2,3,3CMZSjXGSSw
yt-12116,0,0,-VWrqKzVXDw
yt-12118,1,2,zhngeBSdLpc
yt-12119,2,3,m0_SMiOecko
yt-12120,1,2,qpGHlrNOrRU
yt-12121,1,2,mHzjXV8tbv4
yt-12122,2,3,yKWaWQvkSZI
yt-12123,0,1,_fdQFORYuH8
yt-12124,2,3,U5dXl8CBcMI
yt-12125,2,3,o9f3p4HYNPc
yt-12126,2,3,pXeOtkaIxgU
yt-12127,2,3,m0_SMiOecko
yt-12128,2,3,1VRlsD09id8
yt-12129,1,2,zc_V9y1rsSw
yt-12130,1,2,MGS-oU_JyWU
yt-12134,1,2,gzxnzsif2iE
yt-12135,2,3,AdoHh0KlG-o
yt-12136,0,1,4oLANg-lKX4
yt-12137,0,1,H0bKUYV7g44
yt-12138,2,3,5i_X2SFHqDY
yt-12140,0,0,3RNAdBxn4GY
yt-12141,2,3,DycGCnStUIY
yt-12142,2,3,GRFusZGdzOo
yt-12143,2,3,QtcUTc44jvE
yt-12144,1,2,xz-1gfcgXO4
yt-12145,0,1,lHsD5PT4XXk
yt-12146,2,3,VX24pMefwkU
yt-12147,0,1,43LhblG0YAk
yt-12148,2,3,petbI3v0fWk
yt-12149,1,2,pRerRF3DE_w
yt-12150,1,2,mQzOURgV-yA
yt-12151,1,2,novideo-12151
yt-12152,2,3,mPRO4nFVwy8
yt-12153,0,1,zwwVFse75Is
yt-12154,2,3,5etBJ2O6OpA
yt-12155,2,3,dYfGYirFV6M
yt-12156,2,3,novideo-12156
yt-12157,0,1,3Adtx8HrnEk
yt-12158,0,1,KdpvkUiBx4U
yt-12160,2,3,8YkC0pER4OY
yt-12163,0,1,umoINFVUxUk
yt-12164,2,3,Eifv1zrQF3A
yt-12165,2,3,1VTLzDSRNCE
yt-12168,0,0,_UR4nvmsBeI
yt-12169,2,3,J9e-b-mek9A
yt-12170,0,1,9ajIYj1aTLg
yt-12171,2,3,kvH_EhETYMc
yt-12173,2,3,yLV4MyNTSvo
yt-12174,2,3,qVf2CFXpVTU
yt-12175,0,1,FJmQad1LaSo
yt-12176,2,3,cfBbQCTvLRg
yt-12177,0,1,novideo-12177
yt-12179,1,2,uCPkx7vX6ek
yt-12180,0,0,FM8dg8dQ46Y
yt-12181,2,3,h3EFevb9N6Y
yt-12182,0,1,26j9hwLQHxk
yt-12183,2,3,BtNBhnz1hBM
yt-12184,1,2,-k2e_2zhrcU
yt-12185,2,3,LVlEy-tI9WQ
yt-12186,0,1,RnEiqCtr7Jc
yt-12187,2,3,PH_8xiKFBxk
yt-12188,0,1,_R6wX5tWIrE
yt-12189,0,1,YXhtTgh-igs
yt-12190,0,1,unB18Si-rwg
yt-12191,0,1,nzfLzFqC9_M
yt-12192,2,4,pXeOtkaIxgU
yt-12195,0,1,B_D7bGmFPE4
yt-12197,0,1,bnMZagJGCRY
yt-12198,0,1,p2mWhRLvUUU
yt-12199,2,3,o8-4eE2YgDw
yt-12200,0,1,nlSpv9RFAEE
yt-12201,2,3,YoD3GqU9HJQ
yt-12202,1,2,ZOUSjqTH1xk
yt-12203,2,3,XoWjS1znGEA
yt-12204,1,2,HJjaseDFEZA
yt-12205,0,1,ABnjxb1X2Lg
yt-12206,1,2,RFwt9E_ZGcc
yt-12208,2,3,PCFpZ0u_fyM
yt-12209,0,1,WpAgZF1WMM8
yt-12210,0,1,m8uS-uA_rzQ
yt-12213,0,1,XfuXoBA9H4E
yt-12214,2,3,xRk7AVuGgeU
yt-12215,2,3,-VH2Xbe7mvI
yt-12218,1,2,y9UtWHfG31U
yt-12219,0,1,4nPZtcbOTEE
yt-12220,1,2,QpIbaDqvjE0
yt-12221,2,3,5GZ_EL_Mjq4
yt-12222,1,2,teslzmC6G74
yt-12223,0,1,fUlKvLL07og
yt-12224,2,3,pdImt5Nc0yk
yt-12225,1,2,PjBNMbI6-sk
yt-12226,2,3,novideo-12226
yt-12227,1,2,M4tAv81rKoM
yt-12228,0,1,uP7FdlsIA8k
yt-12230,0,1,qO5IjU8t89g
yt-12231,1,2,Xr9ETacAhOA
yt-12232,2,3,QCi_WGFUtg4
yt-12233,1,2,baF_fW59odg
yt-12234,1,2,WAex3aI3m7k
yt-12235,1,2,petbI3v0fWk
yt-12236,2,3,tuqPFKF5NJo
yt-12238,0,1,w6DA8VLLlTs
yt-12240,2,3,unB18Si-rwg
yt-12241,2,3,4bBtJo5-m0Y
yt-12243,2,3,AM4xPu-1i7w
yt-12245,2,3,gQp701glets
yt-12248,1,2,78Uz8gG4PvE
yt-12249,1,2,RQWL1m55C58
yt-12250,2,3,pGglukUxc8c
yt-12251,2,3,1veitumiKwc
yt-12252,0,1,7juyiFfCzJk
yt-12253,1,2,68-vjMPlhuI
yt-12254,1,2,_yxScFRr57U
yt-12255,0,1,yoD6NIPfS_8
yt-12256,2,3,HrL5oCB7Kl4
yt-12257,1,2,EDH5TMcB4Ec
yt-12258,2,3,142H3lq7_RQ
yt-12259,0,1,novideo-12259
yt-12260,2,3,fRvAlde7Q2c
yt-12261,2,3,4fcasDYVL90
yt-12263,2,3,C3z79NQUX28
yt-12264,2,3,DI3q_xImdKE
yt-12265,0,1,Xgv2M5_IpCU
yt-12266,2,3,pGglukUxc8c
yt-12268,1,2,uS_urCLif-s
yt-12270,0,1,s6pRiWORI2I
yt-12272,2,3,vpoVEhc2Xgk
yt-12273,2,3,lLoN77KOTJw
yt-12274,2,3,XlWI4x27xf8
yt-12276,0,1,-y-Xei7M6PQ
yt-12277,1,2,8c19IoH6ldI
yt-12278,2,3,M7_xKTcfHEc
yt-12279,0,0,f3N0zDOtHuQ
yt-12280,1,2,BabPLxuzsLg
yt-12282,2,3,vpoVEhc2Xgk
yt-12283,2,3,8CklEfc4L6I
yt-12284,1,2,dBYqDTSpZDE
yt-12285,0,1,BtvDCXYCsZU
yt-12286,2,3,OhrX7At2UAs
yt-12287,2,3,novideo-12287
yt-12288,0,1,mURdo7tzxe4
yt-12289,0,1,8p7FIUTswoU
yt-12290,2,3,qrAW2g5SkOw
yt-12291,0,1,dOFQL-liask
yt-12292,0,0,n2aTCJn0FgI
yt-12293,0,1,novideo-12293
yt-12294,1,2,u1-xRCPFKmI
yt-12295,2,4,HCr25w_SiFs
yt-12296,1,2,qlEtbq_Q6cs
yt-12299,0,1,aPwalsWVUgk
yt-12300,0,1,T1jWC8z3Gig
yt-12302,2,3,aesWOJYZT40
yt-12303,1,2,g1o2LKfaQQI
yt-12304,0,1,T5mBV_fQ9kc
yt-12306,2,3,PD1FAHUt68o
yt-12307,2,3,m0_SMiOecko
yt-12309,2,4,Bp3yeibMgQ4
yt-12310,1,2,zAxhD3snfvU
yt-12311,2,3,hSgq0CpTJOc
yt-12312,2,3,A39l-ujejH0
yt-12313,0,1,H2wMXmYs7HA
yt-12314,0,1,zKHJt2rCl-k
yt-12315,2,3,WlWX1KA_Vyo
yt-12317,1,2,W5RP7OoZqjw
yt-12318,0,1,umxRdYMt5Sg
yt-12320,2,3,OhwD1UD-5Sw
yt-12321,0,1,FwYKwTBddxc
yt-12322,2,3,0NxHa_AUSJM
yt-12323,2,3,4x9ll6i1Pdg
yt-12324,2,4,DC05VUtSHmA
yt-12325,2,4,hmp4ZVhgm8o
yt-12326,2,3,VECfGj34gFU
yt-12327,2,3,4x9ll6i1Pdg
yt-12328,2,3,Xhsk1VyTzT0
yt-12329,2,3,DC05VUtSHmA
yt-12330,2,3,IVrxzkT9Hdk
yt-12331,1,2,AI94geEh448
yt-12332,1,2,hSKGrnBzGjg
yt-12333,0,0,SaQvn4al3bk
yt-12336,0,1,s3fFF3Rdb1o
yt-12337,2,3,petbI3v0fWk
yt-12338,2,3,HtqyzjEuwlE
yt-12339,0,1,LcfLbSJpeU4
yt-12340,2,3,DBFfe0IH0as
yt-12341,0,1,sBcv58DvnTc
yt-12343,0,1,K6zBhxqnScc
yt-12344,1,2,e-817xRUqeY
yt-12345,2,3,noYgFT5PJmg
yt-12346,0,1,dgjLMi3Zq7I
yt-12347,2,3,WjovWkldUdw
yt-12348,1,2,PMpmRb07Foc
yt-12350,1,2,50_ePQkWBhE
yt-12351,2,3,HtqyzjEuwlE
yt-12352,2,3,LB8vT0gA2Iw
yt-12353,2,3,pXeOtkaIxgU
yt-12354,2,3,KrQC_ZH7Q_o
yt-12356,1,2,s7ppP9ElYIw
yt-12357,2,3,RbkVuJqb_YQ
yt-12358,1,2,_6nCS7fmiO0
yt-12359,0,1,-VDjG0yKBls
yt-12360,0,1,tWEi7f9KAao
yt-12361,1,2,lUtXwHT-Nbc
yt-12362,0,1,lJtc7SO8rWE
yt-12363,0,1,hF6gtVQY0Mw
yt-12365,2,4,TmrJHEtur4Y
yt-12366,1,2,yni-Rl_gvHo
yt-12367,0,1,W0Ck5vtj7fw
yt-12368,0,1,bCQE-nZfpjQ
yt-12369,0,1,FuZVA3s7b1c
yt-12370,2,3,3aeJpHCTGMY
yt-12371,2,3,1VTLzDSRNCE
yt-12372,1,2,-QwlIJk3zEo
yt-12373,1,2,tWSAeOxCdI8
yt-12374,2,3,TPvK7MUAl7M
yt-12375,2,3,MyB614iZ6mQ
yt-12376,1,2,drjF4_BOINc
yt-12377,1,2,b-drUaPnb8c
yt-12378,0,1,GzunX8tsTac
yt-12379,0,1,9KOMrYH6yJI
yt-12380,2,3,x56_pH5OCkU
yt-12381,1,2,OhrX7At2UAs
yt-12382,2,3,2hj1mdkfshs
yt-12384,0,1,Nm8on_ZzXQc
yt-12385,2,4,ywdkzZxMsrI
yt-12386,0,1,novideo-12386
yt-12387,0,1,lxrkzZWlSQo
yt-12388,0,1,QquXYHla7lg
yt-12390,0,1,WE6MvVKFt4I
yt-12391,0,1,NIWHfndeadw
yt-12393,2,3,BVc9kPBWOG0
yt-12394,1,2,qaygJiFyISQ
yt-12395,0,1,FvcI8b4_MRg
yt-12396,2,3,2jTFZwJsNyQ
yt-12397,2,3,2xXhXan72Gs
yt-12398,2,3,rSlpeFsOsds
yt-12399,0,1,Xg9hF50AsS0
yt-12400,0,1,NQ4sX6jJ_54
yt-12401,2,3,IyoZBHfRydM
yt-12403,2,3,mPRO4nFVwy8
yt-12405,2,3,PkLeE7ksifI
yt-12406,2,3,l5gNpa_QekA
yt-12407,1,2,BpNvIShIm3k
yt-12408,2,3,yuhO8zdMs8A
yt-12409,2,3,1caGrSFdJv0
yt-12411,2,4,BFsvp5H9BH8
yt-12412,1,2,xyyHgEgTExo
yt-12413,1,2,novideo-12413
yt-12414,2,3,biLd7JJb71Q
yt-12415,1,2,I_jFzc1wZAc
yt-12416,2,3,Ay6PIQNQPho
yt-12417,2,3,YH8Zpy8gjg4
yt-12418,2,3,HtqyzjEuwlE
yt-12419,0,1,WZcMjje6E64
yt-12420,1,2,zOCAvXJB0EM
yt-12421,2,3,J-3IOWMMrzs
yt-12424,0,1,npu1sASOflU
yt-12425,0,1,P801nK1ghN4
yt-12426,1,2,0vT5WKW6iqc
yt-12427,0,1,yU1B5rZdKVs
yt-12430,1,2,y_hy8DfxDsw
yt-12431,2,3,58frGISFQUE
yt-12433,0,1,MxMM4USLeA0
yt-12434,2,3,ar_SIWMZakk
yt-12435,1,2,r7L5BoBBNTM
yt-12439,2,3,ikScz6BN2k8
yt-12441,2,3,_6nCS7fmiO0
yt-12442,2,3,rwGl9R6cD_0
yt-12443,2,3,_cQa43SMBjo
yt-12444,2,4,gzXMnlrrLHY
yt-12447,1,2,46Qmzv8K6gA
yt-12448,1,2,FuZVA3s7b1c
yt-12449,0,1,novideo-12449
yt-12450,2,3,PSDZRrtFYn4
yt-12451,2,3,DTXrPVvpkMg
yt-12452,2,3,tAHK6E03ORo
yt-12453,0,1,9Mo6Spt2sy4
yt-12454,2,3,P051rbLjttY
yt-12456,1,2,tzQPRyqeIGg
yt-12457,0,1,xudo1vw3oOk
yt-12458,0,1,YFJf3myacNw
yt-12459,2,3,b_x9tMcie0g
yt-12460,2,3,AmKAk1yNA1E
yt-12462,2,3,zwUdm26TZaM
yt-12464,1,2,J9e-b-mek9A
yt-12465,0,1,XidaLcCEAWI
yt-12466,2,3,WfshEpeYqSo
yt-12467,1,2,6j85wTIpbZ4
yt-12468,0,0,DOGjXcIHMrM
yt-12469,0,1,bTz9okKE-NU
yt-12473,2,3,qTvLAElb5PI
yt-12474,0,1,2mcPsguVros
yt-12477,0,1,AxaIZ36B4C4
yt-12479,1,2,jxKF0nmoeyE
yt-12480,1,2,ueiWyQg5jn8
yt-12481,0,1,novideo-12481
yt-12482,2,3,kZB420QZNTM
yt-12483,2,3,A1XExIQj8p0
yt-12484,2,3,zTEHASiIuyA
yt-12485,0,1,AMK7Qgctj1I
yt-12486,0,1,Q7GArmuNtb0
yt-12487,0,1,pPEkjWBdqxA
yt-12488,2,3,jxLXozZy9K8
yt-12489,1,2,novideo-12489
yt-12490,2,3,bOnaIuPJMeU
yt-12491,2,3,m2dEe3Na-w4
yt-12492,2,3,YoD3GqU9HJQ
yt-12493,1,2,53LyRClbD40
yt-12494,1,2,4RbRzEGNK9c
yt-12495,0,1,FUOzK1eIcQQ
yt-12496,2,3,-P4OoK-wzZY
yt-12497,2,3,DC05VUtSHmA
yt-12499,0,1,tXKH0NO0a9M
yt-12500,1,2,diOkxTDJWgI
yt-12501,2,3,yb2efMVYuPM
yt-12502,0,1,novideo-12502
yt-12503,1,2,qWVuTpylM4k
yt-12504,0,1,-ZzTl-igagU
yt-12505,1,2,aCQMqP5Ko0I
yt-12506,2,3,--5sNldseEg
yt-12507,2,3,IfEQvQya5E0
yt-12508,2,3,yo96-jc12p4
yt-12509,1,2,SDqZYV_p7xI
yt-12510,2,3,_FoIY4MdolE
yt-12511,0,1,otb_EcWkYXY
yt-12512,2,3,w1cfRTk-DQ0
yt-12513,2,3,3PGPV4tpqqI
yt-12514,2,3,OvF5Ftf81fY
yt-12515,1,2,3sJ9hxIKLVk
yt-12516,0,1,T_h21T1MZVo
yt-12517,0,1,oAfCzF2qCi4
yt-12518,2,4,novideo-12518
yt-12519,0,1,-pFbqjo7X_c
yt-12520,2,3,If-8xEShseU
yt-12521,2,4,1VTLzDSRNCE
yt-12522,2,3,YPaiNpkTwhc
yt-12523,2,3,WfshEpeYqSo
yt-12525,0,1,jXcy0F1Zsv8
yt-12526,0,1,kXYEmWHtNVA
yt-12528,2,3,JeFaQd2fq-8
yt-12530,2,4,Poy35rRTf3Y
yt-12531,2,3,0gvJMtGYKKM
yt-12533,0,1,g9BXJhQwJiA
yt-12534,0,1,HXRHBo-IjVM
yt-12536,2,3,MhEQyO4-2o4
yt-12537,0,1,62jsmEqx-_4
yt-12538,0,1,novideo-12538
yt-12539,2,3,Jh4tpeTceSg
yt-12540,2,3,tAHK6E03ORo
yt-12541,0,1,YXhtTgh-igs
yt-12542,0,1,-lIB3vNY-lg
yt-12543,1,2,YdG3jk0G0kE
yt-12544,2,3,hRT7Iief0sk
yt-12545,2,3,no5U-HncuHU
yt-12546,0,1,uDFhSikf2xY
yt-12547,0,1,HSnKRW7ffcY
yt-12548,0,1,novideo-12548
yt-12549,2,3,8t4weGxVZyo
yt-12550,2,3,sepI2oMcbsM
yt-12552,2,3,TXDff6oLYoY
yt-12553,1,2,TaN8pJdUjH8
yt-12554,0,1,FAKFtAUnSTg
yt-12555,2,3,m0_SMiOecko
yt-12556,1,2,FDm-vRmJQmY
yt-12557,0,1,3UsxOwcPliE
yt-12558,0,1,MRE3B6bZ2Jc
yt-12559,2,3,jNz57DyXmHs
yt-12561,2,4,ehNOS3WIKeY
yt-12562,2,3,wnMMIA0h7f4
yt-12564,0,1,_0hb2U46nZE
yt-12566,0,1,u7IUj_YJjQE
yt-12567,0,1,petbI3v0fWk
yt-12568,0,1,ekiO4ZMZxyE
yt-12569,0,1,novideo-12569
yt-12572,2,3,iB-Fa3naRf4
yt-12573,2,4,NHmGk7aC_wo
yt-12574,0,1,ZTxc-SLsXV8
yt-12575,2,3,VUkK0iBvrF8
yt-12576,0,0,tuz6F0gvkNQ
yt-12577,0,1,VNfoMTnONwE
yt-12578,0,1,s0xGshEViq0
yt-12579,1,2,Vc44dNIJDn4
yt-12580,0,1,GbCJp2HqDJ4
yt-12581,2,4,-gkhRF5d6aU
yt-12582,0,0,oZN2Ni9yXB4
yt-12583,2,3,novideo-12583
yt-12584,0,1,Glq0hLtlv7A
yt-12585,2,3,bOFh6vvX_Bk
yt-12586,1,2,xxmBEiWYYPA
yt-12587,1,2,lgbADhdrtQ8
yt-12588,2,3,DDab1YAjUIM
yt-12589,0,0,LeYhNK55lSE
yt-12590,2,3,LlsD4IFbf28
yt-12591,2,3,sBcv58DvnTc
yt-12592,2,3,xcH3d0w9Xxw
yt-12593,0,1,9MgTujv-6NI
yt-12594,2,3,mbcEkJYW8Bo
yt-12595,2,3,6-4lEkE9vtk
yt-12596,0,0,v9e4BuVWU6g
yt-12598,0,1,hxFbv3ON5rw
yt-12599,0,1,Nm8on_ZzXQc
yt-12600,0,0,fTvzw-u9c3w
yt-12601,2,4,f15GxdVEs6w
yt-12603,1,2,PkLeE7ksifI
yt-12604,1,2,y_hy8DfxDsw
yt-12605,2,3,uFmx4koErUU
yt-12606,2,3,6LKq_oX0aYY
yt-12607,0,1,Zfu32zpaKOA
yt-12608,1,2,iWpszdrziYg
yt-12609,2,3,0v8GCvfryqA
yt-12611,1,2,NW5ZrDYzJEI
yt-12612,1,2,0ZmsaOgigG0
yt-12613,1,2,AZoxFRzvHTE
yt-12617,0,1,-hW-7SRRQaA
yt-12618,2,4,8UH6G1LnXR8
yt-12619,0,1,jU-3FGpPgvs
yt-12620,2,4,84eEATRf5AU
yt-12621,0,1,KIwquk7sMXo
yt-12622,0,1,WCpKtlkGOuY
yt-12623,0,1,GJEjnf19Dqw
yt-12624,2,3,iW8sc8zkki8
yt-12625,2,3,OAmGuRLFFZE
yt-12627,2,4,PPwypSs128w
yt-12628,2,3,4uMx7uX4cJo
yt-12629,2,3,MhEQyO4-2o4
yt-12630,1,2,1YZ5yFrk090
yt-12631,0,1,5Fk8d2uRcR8
yt-12632,1,2,-WEHiitOt8I
yt-12633,2,3,pXeOtkaIxgU
yt-12635,2,3,WJPECK7QESw
yt-12636,0,1,SPTOhjRvtNc
yt-12637,1,2,jGFkk5gzq3I
yt-12638,1,2,6mhlN0VdTmY
yt-12639,1,2,MhEQyO4-2o4
yt-12640,0,1,NPGSQHkfksc
yt-12641,0,1,mPQuhb-8_28
yt-12642,0,1,_MLT8nwNR_A
yt-12643,0,1,La3xUXuFQEI
yt-12644,2,3,1dUj6AUvM0g
yt-12647,2,3,xxQyWM-Fcdo
yt-12648,0,1,tuqPFKF5NJo
yt-12650,0,1,ND81PtNWHzY
yt-12652,0,1,yys3Ch2nRt4
yt-12653,2,3,AjmXvrI620Q
yt-12654,0,1,WfshEpeYqSo
yt-12658,0,1,HtqyzjEuwlE
yt-12659,1,2,pwq-txh6_VY
yt-12660,0,1,rZ7o5rbIbxA
yt-12661,1,2,6OvoxTiRo8U
yt-12662,2,3,sXuskB0pRvY
yt-12663,0,1,rb6xDZ6OGSQ
yt-12664,2,3,mR4mhT0psRs
yt-12665,1,2,ZWVET4vFkes
yt-12666,1,2,dsOGnecnMdI
yt-12669,0,1,Q2-sdYOcPng
yt-12670,0,1,t3Q8Haoiv6g
yt-12671,2,3,UbJQAcRy9gE
yt-12672,1,2,P051rbLjttY
yt-12674,2,3,qpGHlrNOrRU
yt-12675,0,1,gdZbz7hYh_I
yt-12676,2,4,MhEQyO4-2o4
yt-12677,1,2,nkE6M85fay0
yt-12678,2,3,J4pY-9EZz-4
yt-12680,0,1,sPHq4wDJW8w
yt-12681,0,1,YdUg2C08ay8
yt-12682,1,2,Fd6lEyi5Eyw
yt-12684,2,3,wAx7pesU_ac
yt-12685,0,1,LZgk2qP1zlo
yt-12686,1,2,tAHK6E03ORo
yt-12687,0,1,VqGgS7pKBQU
yt-12688,2,3,5GzHAVc6vF0
yt-12689,2,3,qTNzPdWgC_k
yt-12690,2,4,IJRE7B1JE4c
yt-12691,0,1,9WSe0iGNFEE
yt-12693,0,1,J9e-b-mek9A
yt-12694,0,0,OpSg3FhKGjY
yt-12695,0,1,HPZEwafMLD0
yt-12696,1,2,G21j4A8HlYE
yt-12697,2,3,novideo-12697
yt-12698,2,3,Kjv31P7YlO8
yt-12700,2,3,a3JY9mWX00M
yt-12701,2,3,ViZ_MpOdfq0
yt-12702,2,3,yTnHjR_HyMA
yt-12703,1,2,TJk89LrMvDk
yt-12705,0,1,lwjgLk4cwdA
yt-12706,0,1,AxaIZ36B4C4
yt-12707,2,3,C93ShVz0kfw
yt-12708,2,3,gKbF3336Kbs
yt-12710,1,2,yu6Fe4BRPQI
yt-12711,2,3,OhukosBuChs
yt-12712,0,1,BKZ6mPAlH1U
yt-12713,2,3,Jlkt7FTB4zI
yt-12714,2,3,MAa6G_DUuwE
yt-12716,2,3,fulCCOU6joE
yt-12717,0,1,pXeOtkaIxgU
yt-12718,2,3,nkE6M85fay0
yt-12719,0,1,FqfaM7yKapo
yt-12720,2,3,4NQFwvuWOFs
yt-12721,1,2,QmfvaL9RgkE
yt-12722,1,2,DtwrK-shgIo
yt-12723,2,3,jrVknoTp0Ro
yt-12724,0,1,novideo-12724
yt-12725,2,3,m0_SMiOecko
yt-12726,2,3,tAHK6E03ORo
yt-12727,1,2,nPbdXaAkT6M
yt-12728,2,3,novideo-12728
yt-12731,2,3,yTnHjR_HyMA
yt-12732,2,3,Ia4RNWhq9K0
yt-12733,2,3,UKpExvEDGx8
yt-12734,0,1,n8BYO7RSR-k
yt-12735,0,1,05T0WuUYozo
yt-12736,0,0,m99pNNy8awA
yt-12738,2,3,akqH01FIZGo
yt-12739,0,1,UgAD2hx0fs8
yt-12740,0,1,aklf1qT4ObE
yt-12743,0,1,FWFw8QijdUg
yt-12746,1,2,ppVa-oUquhI
yt-12747,1,2,u8uAz2jJM5w
yt-12749,0,1,uzYdEkQzyaw
yt-12750,1,2,NIK-pSXcLDE
yt-12753,0,1,nfwnfRe9Z4A
yt-12754,0,1,RPoRBlNj-Bk
yt-12755,2,3,sSsE-qrxCG8
yt-12756,1,2,v1Px4hB18UM
yt-12757,2,3,oTuJbEAWJ60
yt-12758,2,3,6V6Cmx1kOYQ
yt-12759,0,1,EDH5TMcB4Ec
yt-12760,0,1,0Je1DZptjgU
yt-12761,0,1,d-t4rA1jj8I
yt-12762,0,1,UDQItSeTS8M
yt-12763,0,1,6GdkvDpj5Gg
yt-12765,2,3,oA3lSKxewMM
yt-12766,2,3,nHlMTLzam8Q
yt-12767,1,2,JrnhIRK1nlY
yt-12768,0,1,CmnLijwQC-4
yt-12769,0,1,FTfi8RMSbbw
yt-12771,2,3,RsVSRyuR7K0
yt-12772,2,3,ELjb13CCagI
yt-12773,2,3,Ep61tpBLF_k
yt-12774,0,1,_jvlVlpK-Dk
yt-12775,2,3,roB6y6pEUoU
yt-12776,2,3,dqmotPG_NLY
yt-12777,0,1,SZf0hgLOFcw
yt-12778,1,2,-9mpM83KdIM
yt-12779,1,2,novideo-12779
yt-12780,2,4,eKogL9pVKKo
yt-12781,2,3,142H3lq7_RQ
yt-12783,1,2,sjC-Xoo_WGE
yt-12786,0,1,zwwVFse75Is
yt-12789,2,3,aCE9WpOrA_U
yt-12790,1,2,ZrdR0ny5r_E
yt-12791,0,1,QI1hWq4K3dw
yt-12792,1,2,9mg6uOQm6gY
yt-12793,1,2,8b3_b9YWoFI
yt-12794,0,1,Z9k5dWX3Vlc
yt-12795,2,3,1VRlsD09id8
yt-12796,2,3,1VRlsD09id8
yt-12797,0,1,f_A51yP_SPg
yt-12799,2,3,_wUW1tKmVZA
yt-12800,0,1,8j2Y9OOLTxs
yt-12801,2,3,NA-MtRpCJBU
yt-12802,0,1,_6nCS7fmiO0
yt-12803,0,1,FD1tFafLma8
yt-12804,2,3,xudo1vw3oOk
yt-12805,2,4,JPn6Qoaa-R8
yt-12806,1,2,dYfGYirFV6M
yt-12807,1,2,gjF4CDwv9vY
yt-12809,0,1,k4VurHbhoyM
yt-12810,2,3,LJDxqnJksc0
yt-12811,0,1,C3z79NQUX28
yt-12812,0,1,gKz40oYeHwg
yt-12813,2,3,Y3T20pSx4C0
yt-12814,2,3,itJQ-qChEOA
yt-12816,2,3,pXeOtkaIxgU
yt-12817,0,1,QDgpnXdAXFE
yt-12818,2,3,lIB4Jm8DQ4Y
yt-12819,2,3,FxFC7jx5ugQ
yt-12820,0,1,Ebs-ivKo4MM
yt-12821,1,2,HmaUS2-fsRY
yt-12822,2,3,JTMwxYScWMo
yt-12823,2,4,j0XUcYljGF4
yt-12824,0,0,DxwS8u8RX2c
yt-12825,0,1,RBBQou0gN2g
yt-12826,2,3,KDtX3Rk5E8c
yt-12827,2,3,NQ4sX6jJ_54
yt-12828,2,3,clTFpGUtAGY
yt-12829,0,1,mHg4Wat0bdc
yt-12831,1,2,m0SgrKsUk6c
yt-12832,2,3,qagQdd6E2Zs
yt-12833,2,3,PkLeE7ksifI
yt-12834,2,3,_zg4pI-Qndc
yt-12835,2,3,3twDOy7B218
yt-12836,2,3,RnEiqCtr7Jc
yt-12837,2,3,RQWL1m55C58
yt-12838,2,3,BkC4dO4Cu4s
yt-12839,0,0,U9z-uCgKwKw
yt-12840,2,3,m0_SMiOecko
yt-12841,0,1,EsOgyP7ZuV4
yt-12842,0,0,9XvlHN0UPbk
yt-12843,1,2,31S1IoauUjg
yt-12844,0,1,qKloPB2cp-g
yt-12845,0,1,lQIz8m1hTsc
yt-12846,0,1,yWUiSwZuv9g
yt-12847,0,1,XqIXUnpfBqs
yt-12849,1,2,tENdVriyYD0
yt-12850,0,1,UjXpMP5t0Kw
yt-12851,0,1,pkseu5q2vnU
yt-12852,2,3,1KZNiZnHQ_Q
yt-12853,2,3,5zm970vfZrU
yt-12854,0,1,9mg6uOQm6gY
yt-12855,0,1,JJa01hJjDHI
yt-12858,1,2,AxaIZ36B4C4
yt-12859,2,3,6K0qqR-yEz8
yt-12860,2,3,s7ppP9ElYIw
yt-12861,0,1,XWTOj3had3Y
yt-12862,2,3,euydimYmnpw
yt-12863,0,1,qSWjcCvNTBg
yt-12865,2,3,mm8_8shna8g
yt-12866,0,0,RQWL1m55C58
yt-12867,2,3,oA3lSKxewMM
yt-12868,0,1,SPTOhjRvtNc
yt-12869,0,1,novideo-12869
yt-12870,0,1,wsljbtjkvhY
yt-12872,0,1,6zdt9Ieo6yg
yt-12873,1,2,sX5ORTz9SAo
yt-12875,2,3,x7MbioSF7-A
yt-12876,1,2,xcH3d0w9Xxw
yt-12877,1,2,hArDpQVdTYA
yt-12879,1,2,YE8rOlu0hmk
yt-12880,2,3,B4ObTpjSjI4
yt-12881,0,1,Cme7daDaERc
yt-12882,2,3,1VTLzDSRNCE
yt-12884,1,2,qbUK3m6y8Ps
yt-12885,0,1,he5KrEXE12g
yt-12886,0,1,8SBtMMDcebU
yt-12887,2,3,uu2zRlPidNk
yt-12888,1,2,pXeOtkaIxgU
yt-12889,2,3,_gITkkNHaCU
yt-12890,2,3,ehnxHx0mlX8
yt-12891,1,2,Dn46MxQwBgs
yt-12892,2,3,sBcv58DvnTc
yt-12893,2,3,sALWH7gxkng
yt-12894,2,3,eTJRNyQllqA
yt-12895,2,3,novideo-12895
yt-12896,0,1,9VqKFr2-6uU
yt-12898,0,1,nKn1YZmEEKo
yt-12899,2,3,9jKYjlGonp8
yt-12900,2,3,novideo-12900
yt-12902,0,1,zxLJd-1liF0
yt-12903,0,1,7sHDMUeCF1M
yt-12904,1,2,_TpklZJKDus
yt-12906,1,2,km26ROgq4p8
yt-12907,2,3,LjPXLO5QZBA
yt-12908,1,2,yrzGb7hnUc8
yt-12909,2,3,8UH6G1LnXR8
yt-12910,2,3,4LJ-kCRujc0
yt-12911,0,1,rysufXzqcIs
yt-12912,2,3,s0nuKKa7Lv0
yt-12913,0,1,-VWrqKzVXDw
yt-12914,1,2,HJ2VIULp20M
yt-12915,2,3,VkuFXSGqxe8
yt-12916,0,1,I4VOci_Mz0A
yt-12917,0,0,lFhgGP96R-c
yt-12918,2,3,5MFMC7A56cs
yt-12919,2,3,C3z79NQUX28
yt-12920,2,3,wuilwf5t5G4
yt-12921,2,3,lb_HB2C9auM
yt-12922,1,2,novideo-12922
yt-12923,2,3,wfPohR0oU1s
yt-12924,0,1,pnh6-1mrdu0
yt-12925,0,1,EPiItPhYFGA
yt-12926,1,2,4EHZvEfQpIM
yt-12927,0,1,Rc0ZGv58hnw
yt-12928,0,1,PHEjXmKEb2I
yt-12929,2,4,mZhm1zQ_RQg
yt-12930,2,3,hmgxlRwkjAQ
yt-12931,0,1,_4m3hQw-Bgs
yt-12932,2,3,p8hQcsLkonU
yt-12934,2,3,C3z79NQUX28
yt-12937,2,3,7if5B5zG6yI
yt-12938,0,1,6-KgPPx3uwI
yt-12939,1,2,3sJ9hxIKLVk
yt-12940,1,2,uqAs3A5AKPw
yt-12941,0,1,c0iP96eKztY
yt-12942,0,1,xVuggFk1hWM
yt-12943,0,0,onaEQFMRtUo
yt-12945,2,3,fkj2mfdjkVk
yt-12946,1,2,AlJGl-kAWD8
yt-12947,2,3,OvNXdkT9naY
yt-12948,2,3,xCkjdAMMIsk
yt-12949,0,1,Nj4OyxuDjjo
yt-12951,1,2,ttVxbp2pxZU
yt-12952,0,1,263m6J8bya8
yt-12953,0,0,QQwQ90T1rjE
yt-12954,2,3,7e8IgUrLmDM
yt-12955,0,1,27en-_xLxfw
yt-12956,1,2,Uo72ijyLlGU
yt-12957,2,3,XLMp4qEZhEQ
yt-12959,1,2,8z-yaNav_ls
yt-12961,2,3,2IOfbKGzTYM
yt-12962,0,1,HyXYwx9AHHI
yt-12963,0,0,MYOWxsFRWqE
yt-12964,2,3,Q9HWG9HL-V8
yt-12965,1,2,XgpfsHU6UJo
yt-12966,2,3,MJJYgZFTjso
yt-12967,1,2,CCdRLdqaO4I
yt-12968,2,4,js3AebN1HNo
yt-12969,2,4,PH_8xiKFBxk
yt-12970,1,2,zrT4TWr15RE
yt-12971,2,3,W5rronlf0VY
yt-12972,1,2,GSTkcY4j6gw
yt-12973,2,3,PkLeE7ksifI
yt-12974,1,2,V7c2PbgNuxU
yt-12975,0,1,YD3OakzpBLc
yt-12976,0,1,wtV7V0rXH1c
yt-12977,1,2,t5403a2Bbqc
yt-12978,1,2,W-pZYsfYlws
yt-12979,0,1,b3QBfxONl3g
yt-12980,0,1,57cs8k4MZC0
yt-12981,2,3,nQrffX4aeLI
yt-12982,1,2,2C3LRisi7tQ
yt-12983,2,3,WfshEpeYqSo
yt-12985,0,0,mURdo7tzxe4
yt-12986,1,2,cbRkSzFq_O8
yt-12987,2,3,DC05VUtSHmA
yt-12989,2,3,m0_SMiOecko
yt-12990,2,3,novideo-12990
yt-12991,0,1,EJKfz3PFAzk
yt-12993,0,1,WfshEpeYqSo
yt-12994,0,1,0IUPr4zLkAY
yt-12995,2,3,JGDdMxxSEiw
yt-12996,0,1,K6RNFD2aCm4
yt-12997,0,1,crxMMjAcugo
yt-12998,1,2,c1v8hryvUiM
yt-12999,1,2,mD_D1JArYZE
yt-13002,0,1,t-RAAKMZ3jU
yt-13003,2,3,unB18Si-rwg
yt-13004,2,3,oqhzw42jS38
yt-13005,2,3,2G-3iX_z2ko
yt-13006,2,3,v7zlnATufOw
yt-13007,2,3,-suszb7kbRE
yt-13008,1,2,LUf9Or4SGKY
yt-13009,0,0,LDGyooZNX2c
yt-13010,2,3,novideo-13010
yt-13011,2,3,hy_Ms6HZtHY
yt-13012,1,2,J40sMt6eI2Y
yt-13013,2,3,BNdZqem0mSU
yt-13015,2,4,y3FWQuK8ftw
yt-13016,1,2,oA3lSKxewMM
yt-13017,1,2,novideo-13017
yt-13018,1,2,r8Jeha2M12E
yt-13020,2,3,cAF8Dr3jY1c
yt-13021,1,2,JGDdMxxSEiw
yt-13022,2,3,9hABSMgOZZQ
yt-13023,2,4,P051rbLjttY
yt-13025,0,1,jXcy0F1Zsv8
yt-13027,2,3,IgRLzFGlE2g
yt-13028,2,4,S7vyCumCz3Q
yt-13030,0,1,bpFyi_RRjuA
yt-13032,0,1,ELRsSitmxm0
yt-13033,2,4,1FrqdfjJewQ
yt-13034,0,1,RPoRBlNj-Bk
yt-13036,2,3,DUo_iaFuJl0
yt-13037,0,1,3LQSbZt4V3A
yt-13038,1,2,EsftM_JlULY
yt-13039,0,1,FOpupYYMuvE
yt-13040,0,1,5EjS7gY5cBg
yt-13041,0,1,c9MssbzlSsc
yt-13042,2,3,Ep61tpBLF_k
yt-13043,0,1,936SqLVUWSg
yt-13044,2,3,SW2-c9nfqyo
yt-13045,0,1,v44fHcK3otk
yt-13046,0,1,s_3K1GsOl8c
yt-13047,2,3,yLV4MyNTSvo
yt-13048,1,2,gEaOzSsphdM
yt-13049,2,4,rnIJ1Tbh1Ks
yt-13050,2,4,oZN2Ni9yXB4
yt-13052,0,1,XUGrD7w5iI0
yt-13054,2,3,jE2A55tf_YY
yt-13055,1,2,DDGKnHKZp2A
yt-13056,2,3,1amSL0WIS-Y
yt-13057,2,3,H0bKUYV7g44
yt-13058,0,1,qpRyDwqjB8w
yt-13062,2,4,uJ_VJIGYRkg
yt-13063,1,2,mQp_0Vw1gDo
yt-13064,0,1,Tn9yyugpEck
yt-13065,2,3,novideo-13065
yt-13066,1,2,Mc-gYVdrdQ8
yt-13067,1,2,0IOENnL8PjE
yt-13069,0,1,novideo-13069
yt-13070,1,2,tKY4BEwwo1E
yt-13072,2,3,m0_SMiOecko
yt-13073,0,1,ZB7xdQ0yC4g
yt-13074,0,1,4a3_IvyhwsU
yt-13075,2,3,mkjDz6nBOlk
yt-13076,2,3,5nY2oCxR3Cg
yt-13077,2,3,Te84MZ1xdrI
yt-13078,0,1,rZJT646i4TY
yt-13080,2,3,b3QBfxONl3g
yt-13081,2,4,njD45hH6Cqo
yt-13082,1,2,06tWe_Ql60M
yt-13083,0,1,novideo-13083
yt-13085,0,1,AIuuzkfxvio
yt-13086,2,3,W5_bS9uv7sw
yt-13087,2,3,PkLeE7ksifI
yt-13089,0,1,nlSpv9RFAEE
yt-13090,0,1,Ndkag1gFXOI
yt-13091,1,2,YNjNrqxOkAo
yt-13092,2,3,Xx1Uqc41MUs
yt-13093,2,3,EELDpC4nY44
yt-13094,2,3,Y3PZhoOXE2o
yt-13095,2,3,rdyZR39rgxc
yt-13096,2,3,hCN0s8-iS-o
yt-13097,0,1,qNxd-GJDhYY
yt-13099,2,3,d7Iwy_kMkPc
yt-13101,2,3,0adDCIPFUX4
yt-13103,2,3,bLMyYXFhxMs
yt-13104,0,1,novideo-13104
yt-13105,2,3,MJJYgZFTjso
yt-13106,0,1,ZxHpXD_LDxQ
yt-13107,1,2,A87mzLTgLMQ
yt-13109,2,3,mpctBlMg_hk
yt-13111,1,2,m4dNOevi6PY
yt-13113,1,2,TRVIJqCnSKo
yt-13114,0,1,ZiEOmIX5pXg
yt-13116,2,4,HykkwYN7kRw
yt-13117,2,3,TWfDxfsgmnY
yt-13118,2,4,SW2-c9nfqyo
yt-13120,0,1,RCbIKqukIAU
yt-13121,2,3,8UH6G1LnXR8
yt-13123,0,0,F_ob_8yMAck
yt-13124,1,2,YdVPy-RxV78
yt-13125,2,3,I5pLLeWFheA
yt-13126,0,1,H0bKUYV7g44
yt-13128,0,1,Dn46MxQwBgs
yt-13129,1,2,labde2PEuiw
yt-13131,0,0,novideo-13131
yt-13134,1,2,_rg64t0IXDg
yt-13135,1,2,6jo8J1TwHCA
yt-13136,2,4,PH_8xiKFBxk
yt-13137,1,2,qpGHlrNOrRU
yt-13138,2,3,uEoImxtQWvs
yt-13139,2,3,vWmce5JnGao
yt-13140,0,1,ZxDVwFm6Q7w
yt-13141,0,1,vqZ92trVpBc
yt-13142,2,3,yuhO8zdMs8A
yt-13143,2,3,GKLms-zjOms
yt-13144,2,3,ujvcs9qBY0I
yt-13145,2,3,DC05VUtSHmA
yt-13146,0,1,YVd5ck3hTc4
yt-13147,2,3,LDGyooZNX2c
yt-13150,2,3,kW-OQeQjH2w
yt-13151,0,0,zWwcE-Rfu8M
yt-13152,0,1,IJKrEsyXzR0
yt-13153,2,3,Aj15i4Mbr-8
yt-13154,1,2,2SS23xJULPk
yt-13157,2,3,EJKfz3PFAzk
yt-13158,0,1,jaaFJ_8GE1s
yt-13159,2,3,-QPaCQVE5Ts
yt-13160,1,2,T5lbFpTBOS8
yt-13162,1,2,MzwruwQFHdQ
yt-13163,0,1,N7dMYBGhLv0
yt-13164,2,3,ukG1jokpE8A
yt-13165,0,1,PZokx1QpzsE
yt-13166,0,1,9GxGuzEmBk0
yt-13167,0,1,0uic6wjPHCI
yt-13169,2,4,qh85fT3ARe8
yt-13170,1,2,uRbjPF-1Udo
yt-13171,2,3,CR67F2aFk5s
yt-13172,1,2,EdutdX_mVcM
yt-13173,0,1,Uo72ijyLlGU
yt-13175,2,3,novideo-13175
yt-13176,1,2,_gAU7JcQO6k
yt-13177,1,2,0l154Fz-9-g
yt-13178,0,1,nyrKuICnA4c
yt-13179,2,3,PHEjXmKEb2I
yt-13180,2,3,m0_SMiOecko
yt-13182,2,3,vpoVEhc2Xgk
yt-13184,0,1,TATnECsyKSI
yt-13185,2,4,k9hI5L5rMSY
yt-13187,2,3,8Cbob2QoFgw
yt-13188,2,4,8UH6G1LnXR8
yt-13189,0,1,Vsuj-w0lV8Q
yt-13190,2,3,lNxpRA-0mpQ
yt-13194,2,3,xwVlyRlmiQg
yt-13195,1,2,BRK9IeT0oY4
yt-13196,2,3,pS3purZoXrs
yt-13197,0,0,XsPpPHEtXag
yt-13198,0,1,Awi5YLCzRzk
yt-13199,0,1,i5ZNaw33ny4
yt-13201,2,3,js3AebN1HNo
yt-13205,2,3,j84zsPtsDnU
yt-13206,1,2,__BeH8xh7y0
yt-13207,0,1,qmraiz5g5AM
yt-13208,1,2,SF8clEjTXMk
yt-13209,0,1,KWDJNP00XNk
yt-13210,1,2,FuZVA3s7b1c
yt-13211,0,1,dncXMA4GR70
yt-13212,2,3,-G_CjdQZgf0
yt-13213,2,3,yFYXnKtEZfI
yt-13214,2,3,Se4C1m9Z2p4
yt-13215,0,1,SW2-c9nfqyo
yt-13216,0,0,2VEit86M4AA
yt-13217,2,3,wlenxhWvNhs
yt-13218,0,1,3J89gngKi5g
yt-13219,0,1,xyw5f52NHdY
yt-13220,0,1,BW-Pm6WaNSU
yt-13221,0,1,188SQ0R8NyQ
yt-13223,0,1,pZM66nhfUkE
yt-13225,1,2,T6dHETrQev0
yt-13226,1,2,U9AulbTHjJ4
yt-13227,2,3,e1Uqw-tE6nU
yt-13228,2,3,FHfD3jeY2Ws
yt-13229,0,1,zIHhaMUN2JU
yt-13230,0,1,unB18Si-rwg
yt-13231,0,1,zYodOL84bJc
yt-13233,0,1,9TmO9LA0c0U
yt-13234,2,3,smUQdhKay5A
yt-13236,0,1,novideo-13236
yt-13237,1,2,g5LYf1Vp9GI
yt-13238,1,2,DC05VUtSHmA
yt-13239,0,1,CtcThpTKqaU
yt-13242,2,3,zJgt-WbE7oc
yt-13243,1,2,z06yWPNs5SE
yt-13245,1,2,m1wlHkEnnAU
yt-13246,2,3,u6NFgW_Pmd8
yt-13247,1,2,P49zOa5-pB4
yt-13248,0,1,l5H-nJyBhIM
yt-13249,1,2,BGWLFGgZ9IQ
yt-13251,2,4,9W9XTI3voXE
yt-13252,0,1,KdgSw94DlVk
yt-13253,1,2,vpoVEhc2Xgk
yt-13254,2,3,CltNKPGn7HU
yt-13255,1,2,24Z7BuAc-0Y
yt-13256,2,3,ylfWcF-CI8Y
yt-13257,2,4,JPn6Qoaa-R8
yt-13258,0,0,-vApO3IFyf0
yt-13259,0,1,gCPZg-3h89o
yt-13260,1,2,USW6u3zlR9M
yt-13261,2,3,__BeH8xh7y0
yt-13262,0,1,c4Ce0A8LBO0
yt-13264,2,3,t36UFQm30qg
yt-13265,0,1,y3W9P_NQI9E
yt-13266,0,1,novideo-13266
yt-13268,1,2,ilsSBu6D5mQ
yt-13270,2,3,lM-YKUjOoCg
yt-13272,2,3,EBMTsXPdGbs
yt-13273,0,1,qR7kYDHNihs
yt-13274,0,0,0ftC8oXXO8k
yt-13275,1,2,NJAynZCKKbs
yt-13276,0,0,-ld_NWySErk
yt-13277,0,0,novideo-13277
yt-13278,0,1,Yp8uPRER_rM
yt-13279,0,1,ReTb4HYHIRk
yt-13280,2,4,HyXYwx9AHHI
yt-13281,0,1,0IUPr4zLkAY
yt-13283,0,1,geiOBpM8wPI
yt-13284,2,3,Sx1JUWGer2I
yt-13285,0,0,_wNMeBTJ7C8
yt-13286,0,1,ujr6di8kzW4
yt-13287,0,1,qpGHlrNOrRU
yt-13288,2,3,4hwwuctxTz0
yt-13289,2,3,1KZNiZnHQ_Q
yt-13290,0,1,Kmr9_uHSTLw
yt-13291,2,3,t6UfBeto0ow
yt-13292,1,2,qIceQUNrIxA
yt-13293,2,3,ML3QKxPsxww
yt-13294,2,3,Rg9jY4y6lrk
yt-13295,0,1,ZXsECV50YIg
yt-13297,0,1,JVNY5NJTyFs
yt-13298,2,3,rm6toM6qBdQ
yt-13299,2,3,3QZm3rjYPPA
yt-13300,0,1,xb7Nws_Dy50
yt-13301,0,1,IWEh6oySQAk
yt-13302,2,3,Aexm2diDfYw
yt-13303,2,3,acTP4CjCGys
yt-13304,0,1,wpBHNTZ4qe8
yt-13305,0,1,8uJe2WQYzEY
yt-13306,2,4,9gGc3-cGYBA
yt-13307,0,1,XFGrflQlTdA
yt-13308,2,4,VkuFXSGqxe8
yt-13311,2,3,nyc3QgMmclU
yt-13312,2,3,XYumIVMLbmc
yt-13313,0,1,H6iBa-0nzCw
yt-13314,1,2,DR_CsQVK1Bk
yt-13315,2,3,78Uz8gG4PvE
yt-13316,0,1,vA9WQk-Lw1Y
yt-13317,1,2,m7oUES7aV6w
yt-13318,1,2,YMNqHgV8FdI
yt-13319,2,3,awBLI3BXFGs
yt-13321,0,1,SEzFaTZy1Xw
yt-13322,2,3,tAHK6E03ORo
yt-13324,0,1,BFuz4UsYRVo
yt-13325,1,2,qkj7CADE6x8
yt-13326,2,3,vpoVEhc2Xgk
yt-13327,0,1,OWhNL9FtMsQ
yt-13328,2,3,uJRq7aISZdo
yt-13329,0,1,bVftMFsmCBg
yt-13330,0,1,yuhO8zdMs8A
yt-13331,2,3,yGL9387I1N0
yt-13332,1,2,h2PQapY-neg
yt-13333,0,1,V33v2yqiI3c
yt-13334,2,3,Q1hwLLysfiw
yt-13335,0,1,unB18Si-rwg
yt-13336,0,1,3sa6H0xBZfU
yt-13339,0,1,uRFP_2R1xlU
yt-13340,2,3,novideo-13340
yt-13341,1,2,u4n7GLHhuN0
yt-13345,2,3,pXeOtkaIxgU
yt-13346,2,4,V0Va_HxkKps
yt-13347,1,2,J3GqMQg1Aok
yt-13348,0,1,n_8H4zGV2P4
yt-13349,2,3,m0_SMiOecko
yt-13350,2,3,J9e-b-mek9A
yt-13351,2,4,8UH6G1LnXR8
yt-13353,0,1,VkuFXSGqxe8
yt-13354,2,3,WfshEpeYqSo
yt-13356,2,4,UeCKHGCcYL4
yt-13357,2,3,NEyReHpHwdI
yt-13358,1,2,8qWFCf7Ab7Y
yt-13359,0,0,gzxnzsif2iE
yt-13360,0,0,novideo-13360
yt-13361,0,1,_11226v0kjk
yt-13362,2,3,-0ZEcyC0Cqw
yt-13363,0,1,vpoVEhc2Xgk
yt-13364,2,3,dB6A2x1PHHc
yt-13365,0,1,HGjrNZV3Kj0
yt-13370,2,3,SjBG8p6snGg
yt-13372,1,2,ph2CwieFEkY
yt-13373,0,1,liHBWu-KmZM
yt-13374,1,2,PSDZRrtFYn4
yt-13375,2,3,chnQ9l3vuHI
yt-13377,0,1,QABcwbmN8Ms
yt-13378,2,3,_4vHr5zQjFI
yt-13380,0,1,wFDTQB_ItdQ
yt-13381,0,1,4C-g_Bo801U
yt-13382,2,3,vpoVEhc2Xgk
yt-13385,0,1,74A7-OztFQ8
yt-13386,1,2,VfcKXm3e5gM
yt-13387,0,1,J8-WfWo4_3U
yt-13389,1,2,l_DR5UFY1Wo
yt-13390,0,1,IiCkjBhT-AU
yt-13391,0,1,Sui5tc-8h-0
yt-13392,2,3,wz1VGF_sUgA
yt-13394,0,1,N6TY2PqEa6Q
yt-13395,0,1,CzZBebez48k
yt-13396,0,1,I1bGoKuMJQM
yt-13397,0,1,rMDYpDPFbw8
yt-13398,2,3,OhrX7At2UAs
yt-13399,0,1,IGlZkQJ-cYc
yt-13400,0,1,4lqLScgbQzI
yt-13402,1,2,DM0Yivbiot4
yt-13403,0,0,v1Px4hB18UM
yt-13406,2,3,zhngeBSdLpc
yt-13407,2,3,nytpJhM15Ps
yt-13408,0,1,Lz_s6S4u4jg
yt-13409,1,2,1x7k58btGNs
yt-13410,2,3,6WxP5aK25K8
yt-13411,0,1,yuhO8zdMs8A
yt-13412,0,1,PEdZCcVgQIc
yt-13413,2,3,WfshEpeYqSo
yt-13414,0,1,FM8dg8dQ46Y
yt-13415,1,2,o5pmP2qGl0Y
yt-13416,2,3,R3xohDQOw3s
yt-13417,0,1,hBW0F1XdnaA
yt-13419,2,3,C8PAsAghSrM
yt-13420,2,3,qGUzlCiW9dw
yt-13422,1,2,jk3ppAAaT6s
yt-13423,0,1,t1HxzPbEC7M
yt-13424,2,3,m0_SMiOecko
yt-13425,1,2,novideo-13425
yt-13426,2,3,lXvo5vZ4jH8
yt-13427,2,3,X7fl-jN24j0
yt-13428,0,1,aEHQ0wMdy1c
yt-13430,2,3,MJJYgZFTjso
yt-13431,1,2,mLuzUzCOnzo
yt-13432,0,1,cpqFhiRP4yU
yt-13434,2,3,cozIsdxrApE
yt-13435,2,3,1caGrSFdJv0
yt-13437,2,3,UBAY26elr-w
yt-13438,1,2,UCJPIZrDmgk
yt-13442,0,1,5aMXk5TKNTU
yt-13443,0,1,bJAoP-IESvs
yt-13444,1,2,MuEPeBW_ib4
yt-13445,2,3,b_x9tMcie0g
yt-13446,0,1,z5D073XNM5g
yt-13447,2,3,mcBBC3RQHpI
yt-13448,2,3,ejPRQ37seqk
yt-13449,2,3,hlSkDXvwaqI
yt-13450,2,3,0tYTvthMPXA
yt-13451,0,1,novideo-13451
yt-13453,2,3,m0_SMiOecko
yt-13455,2,3,95b_Jc4mWPA
yt-13456,2,3,DK-L1hS6Iy4
yt-13458,0,1,V6WvFBuVghQ
yt-13459,0,1,3LQSbZt4V3A
yt-13460,2,3,9hmhPF0bj9I
yt-13461,2,3,AwSznsE3dOE
yt-13463,2,3,izx_lfzM5ag
yt-13464,0,1,QWkULIqrLk8
yt-13465,0,1,H0bKUYV7g44
yt-13466,1,2,DV5zCjjKLZg
yt-13468,1,2,Ni9t1uBzbMc
yt-13470,2,3,VkuFXSGqxe8
yt-13471,2,3,Abq4vNaZH-w
yt-13472,0,1,novideo-13472
yt-13473,2,3,4NQFwvuWOFs
yt-13474,2,3,ue8o8xc5atc
yt-13476,2,3,Ma60BMXLe7s
yt-13477,2,3,mPQuhb-8_28
yt-13478,0,1,H1Qdp9ocIAo
yt-13479,0,0,C3z79NQUX28
yt-13480,2,3,Q2-sdYOcPng
yt-13481,2,3,TM1VmKAh1HU
yt-13482,2,3,7NJIPyNSTNU
yt-13483,0,1,r5IUTk6QLYU
yt-13484,2,4,GF4UcHZBUgI
yt-13485,1,2,xVEY8K9x3-4
yt-13486,0,1,SsegO6ACGhc
yt-13487,2,3,_FoIY4MdolE
yt-13488,2,3,QQwQ90T1rjE
yt-13489,2,3,6xpOaUf1LEI
yt-13490,0,1,W93B7cSaKLg
yt-13491,2,4,OO8hfzFaZdE
yt-13492,0,1,dN2YtmNIJUM
yt-13493,0,1,NS2saZ6onrc
yt-13495,1,2,R5f00nmec-g
yt-13497,2,3,LpQCjoALe40
yt-13498,2,3,5an2yW2g_HQ
yt-13499,0,1,3Fv8WJpP6Eo
yt-13500,0,1,06tWe_Ql60M
yt-13501,1,2,hArDpQVdTYA
yt-13503,0,1,K2RoWsE2WTw
yt-13504,2,3,GbEtcj4PaQI
yt-13505,2,3,JeFaQd2fq-8
yt-13506,2,3,dyDMHEeeaUw
yt-13507,2,3,-HHOOoGC1NQ
yt-13508,0,1,ERL55bUayOc
yt-13509,0,1,KnyH4bCEHSc
yt-13510,2,3,d6ZV7O-4oyc
yt-13512,2,3,OwTfE4hL9ss
yt-13513,2,3,oJqhkyzGvE4
yt-13514,2,3,TfgdwInk4l4
yt-13515,0,1,novideo-13515
yt-13516,2,3,DC05VUtSHmA
yt-13517,2,4,8FumCD3_J8w
yt-13519,0,1,S_6P5oNg2zM
yt-13520,2,3,L1k8d8NSxfk
yt-13521,0,0,RmJz0oF_goY
yt-13522,2,3,r-DrBwH3dd0
yt-13523,2,3,JPn6Qoaa-R8
yt-13524,2,3,1VTLzDSRNCE
yt-13525,2,3,yL76f9B0VEY
yt-13527,2,3,y-eH5oo7BP0
yt-13528,0,1,pvEUpDkjpbE
yt-13529,0,1,7kCc4g8vT1I
yt-13530,0,1,pRerRF3DE_w
yt-13531,1,2,9hABSMgOZZQ
yt-13532,2,4,TeYFrJ8x-Xs
yt-13533,2,4,ZOUSjqTH1xk
yt-13534,2,4,W3tPxFUlNL0
yt-13536,0,0,WSDUAR4h-YY
yt-13537,2,3,ZOUSjqTH1xk
yt-13539,1,2,9TmO9LA0c0U
yt-13540,0,1,fV77Wu8SAvc
yt-13541,0,1,ZgJW1KlSzrg
yt-13542,2,3,LykotTtdTSQ
yt-13543,2,4,UBAY26elr-w
yt-13544,2,3,5MFMC7A56cs
yt-13545,1,2,cHU9YbSIgLQ
yt-13546,0,1,SIBFjeKzP7c
yt-13548,0,1,unB18Si-rwg
yt-13549,1,2,PbnXIIkkmLk
yt-13551,2,4,Uz_5Wu3_GGQ
yt-13552,2,3,yLV4MyNTSvo
yt-13553,2,4,C3z79NQUX28
yt-13554,1,2,BABRe53fna4
yt-13555,0,1,2ckTjFoTSqI
yt-13557,1,2,6mTNQzPtSU8
yt-13558,1,2,TCrN6bSbW9I
yt-13559,0,1,u1m1l64JKoE
yt-13560,0,1,1A13Eail-nw
yt-13561,0,1,kpVN27SeCKc
yt-13563,0,1,DWIZW0p-QMQ
yt-13565,0,1,novideo-13565
yt-13566,1,2,vAPwgGE6OvQ
yt-13568,1,2,_eG47nvF3tE
yt-13569,1,2,M4yl9pIKqPc
yt-13571,1,2,novideo-13571
yt-13572,0,0,qf7Qgrk-Lwg
yt-13573,2,3,RtI9YtfNo3A
yt-13574,1,2,Mbp-DxuGQsU
yt-13575,2,4,5Fd8OxSbi_E
yt-13576,2,4,wAx7pesU_ac
yt-13577,1,2,rw5CMzBkDt8
yt-13578,2,3,UVMy2P5m8pE
yt-13580,2,4,epwXjvLUr7E
yt-13581,1,2,_wUW1tKmVZA
yt-13582,2,3,-6zy7UiVjaw
yt-13583,0,1,nEY7rdDT2nk
yt-13584,2,4,-mi8F_TA32k
yt-13585,2,3,oqhzw42jS38
yt-13586,0,1,bgXI0Vaecog
yt-13587,0,1,uMSiFKzpk9Q
yt-13588,1,2,y_hy8DfxDsw
yt-13589,2,4,yypLKij21-Y
yt-13590,2,4,novideo-13590
yt-13591,2,3,KOPYF13i_hM
yt-13592,0,1,k-1XRVJ0BI4
yt-13593,2,4,J9e-b-mek9A
yt-13594,1,2,J9e-b-mek9A
yt-13595,2,3,Y3T20pSx4C0
yt-13596,2,3,T_0LzJaBMyI
yt-13597,2,4,3CMZSjXGSSw
yt-13598,1,2,ZOUSjqTH1xk
yt-13599,0,1,RICTx6aNi0s
yt-13600,2,4,DUo_iaFuJl0
yt-13601,0,1,6KDBVS07cBQ
yt-13602,2,3,-k7IybFUHWM
yt-13603,0,1,j2HusIGOyec
yt-13605,0,1,cxqK7uAsbVk
yt-13606,2,4,novideo-13606
yt-13607,2,3,_vQc3-omWds
yt-13608,2,3,QAtPYVJzeZ4
yt-13609,2,3,RfWc4Y-OScs
yt-13610,0,1,BMjldwp7xBY
yt-13611,2,3,B2t2vztIhvw
yt-13613,1,2,NTl1K1C8VQ8
yt-13614,0,1,DC05VUtSHmA
yt-13615,0,1,0Y2mwEJ26N0
yt-13616,2,3,8qWFCf7Ab7Y
yt-13617,2,3,cKhmiSMFxGI
yt-13618,2,3,8qWFCf7Ab7Y
yt-13619,0,1,MJJYgZFTjso
yt-13620,1,2,X0FnSoqJRvc
yt-13621,2,3,__BeH8xh7y0
yt-13622,1,2,RWIaXZOwZ_A
yt-13623,1,2,ze7eI9G6uLA
yt-13624,0,1,K0xQwPkfzzo
yt-13625,1,2,eiryqwNdR9w
yt-13627,0,1,j2uhTjJMS_E
yt-13628,2,3,kMVzfqlTR0s
yt-13630,0,1,FnlgmLn8H7I
yt-13631,0,1,F9nxjL3tFds
yt-13632,2,3,m0_SMiOecko
yt-13633,2,3,d2mChWd2Br0
yt-13634,2,3,Pqrkl3NVFvY
yt-13635,2,4,0CkZ4OoFnzE
yt-13636,2,3,8CklEfc4L6I
yt-13637,2,3,Br-hqg9N2vM
yt-13639,0,1,rZJT646i4TY
yt-13641,0,1,Hz6d2oChO9Q
yt-13642,2,3,UBAY26elr-w
yt-13643,2,3,OfL-IOLWe1g
yt-13644,0,1,MCRlYg2l4Jg
yt-13645,2,3,z4fU-rYK-_U
yt-13646,0,1,JH9o21FUzGw
yt-13647,2,3,9fahTyWlf64
yt-13648,0,1,SH3-06sI77A
yt-13650,1,2,RsER5CUBLfo
yt-13652,1,2,YSfKrdzHKUc
yt-13653,2,3,aFk7Fie2lDk
yt-13654,2,3,QGCpBOTJXhg
yt-13655,1,2,WVKuX4CgXVI
yt-13656,0,1,RTf4cQaNYaM
yt-13657,0,1,0IUPr4zLkAY
yt-13658,1,2,qyA9O6ykNHM
yt-13659,2,3,zeaATeyLCyQ
yt-13660,1,2,tXOU4o1-R8E
yt-13661,2,3,Ep61tpBLF_k
yt-13663,2,3,S53q7J3i9dg
yt-13666,0,1,Bgnb6AMnZOU
yt-13668,2,4,0tYTvthMPXA
yt-13669,1,2,lq6dW5T-iN8
yt-13671,2,3,shc4A5SupfU
yt-13672,2,3,kl4JUnveHJI
yt-13673,2,3,scu82wFpn_g
yt-13674,1,2,m4dKlzk6FOw
yt-13675,0,0,Z3_umP8CgBs
yt-13677,2,4,1FrqdfjJewQ
yt-13678,2,3,MoWVuut-KjA
yt-13679,0,1,xW9E9epD8sg
yt-13681,2,4,oeBncy1cISE
yt-13682,2,3,y9fN-7_X6xw
yt-13683,2,3,s2w0X6aL1Do
yt-13684,1,2,NEcuXfVgHiE
yt-13685,1,2,UxcUG-V6mnM
yt-13686,1,2,Z3_umP8CgBs
yt-13687,0,1,ppVa-oUquhI
yt-13688,2,3,m0_SMiOecko
yt-13689,0,1,31S1IoauUjg
yt-13690,1,2,pXeOtkaIxgU
yt-13691,1,2,yqdrUwCynjo
yt-13692,0,0,PRDVd4jrxBU
yt-13693,2,3,eOwodsXgZ5w
yt-13695,2,3,SFLG6xdxvkU
yt-13697,0,1,YoD3GqU9HJQ
yt-13700,0,0,NW5eqwEZP24
yt-13701,2,3,uzLMr9ALIZQ
yt-13703,2,3,8z-yaNav_ls
yt-13705,0,1,skXZ2QFKIDE
yt-13706,1,2,h6tZLECLPc8
yt-13708,2,3,1VTLzDSRNCE
yt-13709,2,4,R5f00nmec-g
yt-13710,0,1,BWRnhY10obo
yt-13712,2,4,jVVo3io5J3A
yt-13713,0,1,Eq8Ic1fZqMc
yt-13714,0,1,CVt3UBCUirg
yt-13715,0,1,tA2eN4CLH6Y
yt-13717,2,3,OrNhUXcrQkw
yt-13718,2,3,s2w0X6aL1Do
yt-13719,2,3,unB18Si-rwg
yt-13722,2,3,4SxEc5X2I6M
yt-13723,2,3,jwe6VHlZyl4
yt-13724,0,1,CCLgRdS2B6E
yt-13725,2,3,yL76f9B0VEY
yt-13726,2,3,Cy2r7T7sVLU
yt-13727,1,2,MhOfvffUbEY
yt-13728,2,3,62SOyHvm-lY
yt-13729,2,3,_wUW1tKmVZA
yt-13730,0,1,fDLoffUXezc
yt-13731,1,2,-g7cACeX15I
yt-13732,2,3,9gGc3-cGYBA
yt-13733,0,0,NBhSwiU5DW0
yt-13734,2,3,r2tDvQ4Fvk0
yt-13736,2,3,245tJt9MIgU
yt-13737,2,3,PC0mpXXpir4
yt-13738,0,0,sYcgRT4n_FQ
yt-13740,0,1,QKa-2lsxA-c
yt-13741,2,3,Dhl_sDr6_4w
yt-13742,0,1,GbCJp2HqDJ4
yt-13744,0,1,gscg95itilc
yt-13745,0,0,suibKgFNx5A
yt-13746,2,3,Eq7_o0ICFRM
yt-13747,1,2,1bViYAU49mE
yt-13748,0,1,dfbDKlsfWsU
yt-13749,2,3,Ep61tpBLF_k
yt-13750,2,3,Xw4FyKUpWs8
yt-13751,0,1,g-Kd7YzMKec
yt-13752,1,2,w0unPcWrJ8k
yt-13753,0,1,JPyva8RTGiE
yt-13754,2,3,novideo-13754
yt-13755,1,2,SzGR--n9yCs
yt-13756,0,0,yeqeOY-dFKY
yt-13757,0,1,86yhLXwMwCo
yt-13758,2,4,rwvC8_heqM8
yt-13759,1,2,iBMRSv8ZNTE
yt-13761,0,1,P3MO9i68Heg
yt-13762,0,1,YzK2eZjQL8k
yt-13763,2,3,C3z79NQUX28
yt-13764,2,3,-Vs9VFSYHCw
yt-13765,2,4,lWrvqOcCjDY
yt-13766,2,3,FYO3Tn1RSbM
yt-13767,2,3,pQWgLYwIE3A
yt-13769,2,3,yb2efMVYuPM
yt-13770,2,3,BRK9IeT0oY4
yt-13771,2,3,UZsW_0vr4F4
yt-13772,0,1,XJ_6PvT1xzc
yt-13773,1,2,Nm8on_ZzXQc
yt-13774,0,1,snk2LdrnOlE
yt-13775,2,3,AyJVjj0Gek4
yt-13776,1,2,w_mYJ-wansQ
yt-13777,2,3,O6SkhzpVw4M
yt-13778,0,0,0qTFQ4zhLPE
yt-13779,1,2,y_hy8DfxDsw
yt-13780,1,2,_wNMeBTJ7C8
yt-13782,0,1,djxffx3Jtqk
yt-13783,2,3,QFmkDY-LQXg
yt-13784,0,1,novideo-13784
yt-13785,2,3,7p1lP7oqECA
yt-13786,0,1,novideo-13786
yt-13787,2,3,ZlW7lcf54nI
yt-13788,2,3,_zBTDA5JvQM
yt-13790,1,2,nqGOzg_Qvag
yt-13791,2,3,8ovNXtyXEQA
yt-13792,1,2,Q3PrAPHRukA
yt-13793,0,1,vn2e5NxsfEM
yt-13794,1,2,DSbgJUhUn2I
yt-13796,0,1,novideo-13796
yt-13797,0,1,97vlSnirrII
yt-13798,2,3,Yq0EiGZrFlU
yt-13799,2,3,WfshEpeYqSo
yt-13800,2,3,Xw4FyKUpWs8
yt-13801,2,3,5etBJ2O6OpA
yt-13802,0,1,IQ0pQzsUWj0
yt-13804,0,1,_F_JlDNGoi0
yt-13805,2,3,8NQ2q-48dEs
yt-13807,0,1,u1MnApNpV3c
yt-13808,2,3,LcUSIKVjXng
yt-13810,0,0,QmfvaL9RgkE
yt-13811,2,4,VkuFXSGqxe8
yt-13812,1,2,4-6_NqsrVoE
yt-13813,2,3,vI1P16MO6IM
yt-13815,2,3,AXypeHjN_48
yt-13816,0,1,4UyfK_NgGUg
yt-13818,1,2,pbH2FIYcpug
yt-13819,2,3,TXsSP3ndDGc
yt-13820,0,1,ZCM9B2rIjhQ
yt-13821,2,4,YjJ3PSWbxI0
yt-13822,1,2,st336KYYQxY
yt-13823,1,2,p2OHilQDZlU
yt-13825,2,3,MdndAx5sn2w
yt-13828,0,1,qbUK3m6y8Ps
yt-13829,0,1,KRCL64BC9rY
yt-13831,2,3,8z-yaNav_ls
yt-13833,0,0,jHaA28qLf8I
yt-13834,2,3,1KZNiZnHQ_Q
yt-13835,1,2,hryK2fgi8Ms
yt-13836,1,2,SfQ5_KEkhaM
yt-13837,1,2,SqD0Rji6RuQ
yt-13838,1,2,DC05VUtSHmA
yt-13839,0,1,zYhg_M3kSaI
yt-13840,2,3,bY2tVv6izlM
yt-13841,0,1,xYFR5YJ5gv0
yt-13842,0,0,Q3RcEeU4xr0
yt-13843,0,1,DKnCq4ZHNIY
yt-13844,1,2,y0GRx_Ei_bA
yt-13845,1,2,MJJYgZFTjso
yt-13846,0,0,NSoBqzvgvac
yt-13848,1,2,o0xbhlphYTw
yt-13849,2,4,Hl3Bg0grAwY
yt-13850,2,3,vcCoyEl_tpw
yt-13851,2,3,aJqe8gdh4pw
yt-13852,1,2,ZfbYaG6SlKc
yt-13853,2,3,4rw_6Ap3dRY
yt-13854,2,3,VkuFXSGqxe8
yt-13855,1,2,0aR2SM21P-I
yt-13856,2,3,crxMMjAcugo
yt-13857,2,3,jXcy0F1Zsv8
yt-13858,2,3,0J3dX9a-uxE
yt-13859,1,2,unB18Si-rwg
yt-13862,2,3,9gGc3-cGYBA
yt-13863,2,3,P77UiR1vj9Y
yt-13865,2,3,lcvsdZ7-SHs
yt-13866,0,1,r2qBtNrhvJc
yt-13868,0,1,EszGjNVw7bw
yt-13869,2,3,R88bnvHA2a8
yt-13870,2,3,1VTLzDSRNCE
yt-13871,0,1,gKz40oYeHwg
yt-13874,2,3,m94aPzRXZsw
yt-13875,2,3,m6vO_Ai3YxA
yt-13876,0,1,EIoL4NfAi3A
yt-13877,0,1,6UEUMCbn86U
yt-13878,0,1,XPLTHKZd4P8
yt-13879,0,0,nPTB_mDa78I
yt-13881,1,2,FyWtzmH05k4
yt-13882,0,1,CygDB6oOi-Q
yt-13883,0,1,1oQ-7Q4rtqY
yt-13884,2,3,m0_SMiOecko
yt-13885,0,1,svipCdftMao
yt-13886,2,3,nSNY8oBWEbo
yt-13888,2,3,qVf2CFXpVTU
yt-13889,2,3,vLMkjA2nO78
yt-13890,2,3,FnHxi1-FtgI
yt-13891,2,3,0Hmid399P4Y
yt-13892,0,1,fixITZr452o
yt-13894,0,1,v1vXHFH0GAA
yt-13895,1,2,wF0BFR24WLo
yt-13896,0,1,AxaIZ36B4C4
yt-13899,0,0,QdxzhRm5X9k
yt-13900,0,1,DO_5qpubT3o
yt-13901,1,2,XpXh51FvscM
yt-13902,0,1,rjtCrpwdy3g
yt-13903,0,1,xudo1vw3oOk
yt-13904,2,3,q9JyAPormlk
yt-13905,0,1,unB18Si-rwg
yt-13906,0,1,9KOMrYH6yJI
yt-13907,2,3,NJ-ik7Lwjoc
yt-13909,2,3,3TycaVO0Rso
yt-13910,0,1,uh7SDCR1Q9w
yt-13912,2,3,pXeOtkaIxgU
yt-13913,0,1,8j2Y9OOLTxs
yt-13914,0,1,iHItio3opho
yt-13915,1,2,eVf-0wHmAx4
yt-13916,2,3,Nwj5tU2Ikio
yt-13917,1,2,hScyl_ItHIw
yt-13918,1,2,LGZRpXF0LV0
yt-13919,2,3,sX5ORTz9SAo
yt-13921,2,3,58frGISFQUE
yt-13922,0,1,5hoWPP_0uJc
yt-13923,2,3,Pn7Xzp7SHGg
yt-13924,0,1,m0_SMiOecko
yt-13925,0,1,W93B7cSaKLg
yt-13926,1,2,Aj15i4Mbr-8
yt-13929,0,1,rdyZR39rgxc
yt-13930,2,3,4OxUJWF_jy0
yt-13932,2,3,hKOEs66hdKk
yt-13934,1,2,H_F1OlsgMn8
yt-13935,0,1,YgTWE9C_GJU
yt-13936,2,3,j7rC4gcqyfM
yt-13937,0,1,ocIWzGwuFKU
yt-13939,2,3,qAOpkXErt5M
yt-13940,1,2,y2tkxhVww4M
yt-13942,2,3,novideo-13942
yt-13943,2,3,HWVvccxFpnw
yt-13944,0,1,W93B7cSaKLg
yt-13945,2,3,_jvlVlpK-Dk
yt-13946,2,3,4n2K1GP-pF8
yt-13947,2,3,6F_H1ISbvP4
yt-13948,0,1,k8hZna4QtgE
yt-13951,2,3,RnEiqCtr7Jc
yt-13953,2,4,8UH6G1LnXR8
yt-13955,2,3,m0_SMiOecko
yt-13956,2,3,8y6sz_9wxws
yt-13957,0,1,m3Azj2vAp6I
yt-13958,2,3,HJjaseDFEZA
yt-13959,1,2,sBcv58DvnTc
yt-13960,2,3,y9UtWHfG31U
yt-13961,1,2,4LJ-kCRujc0
yt-13962,2,3,GbXDSAzdoso
yt-13963,2,4,HO04mm0QkKo
yt-13965,2,3,VkuFXSGqxe8
yt-13966,2,3,Ia4RNWhq9K0
yt-13967,2,3,YpTxQgx5oBw
yt-13968,2,4,Abq4vNaZH-w
yt-13969,2,3,n3f21ZIZ7nY
yt-13970,2,3,lH0hOoRKW8g
yt-13972,0,1,Ep61tpBLF_k
yt-13973,0,1,dPTdf9MBCbg
yt-13974,1,2,uYwM_ITuoX4
yt-13975,1,2,zVMQIQLe5RU
yt-13977,1,2,q46a33Squ0w
yt-13978,2,4,novideo-13978
yt-13979,0,1,cJ48xI4JXww
yt-13980,0,1,x6r3f_WmWSs
yt-13981,1,2,N9eIyZ53jsk
yt-13982,2,3,40ns51R4HwY
yt-13983,0,1,VUt4-B7kODE
yt-13984,0,1,4WrHocm3Yow
yt-13985,2,3,MNAZKK8GyrQ
yt-13986,2,3,novideo-13986
yt-13987,1,2,42762ood6N4
yt-13988,2,3,_G3YdfbNtY8
yt-13989,2,3,YE3gujWAhgI
yt-13990,0,1,E5W6974Zd0M
yt-13991,2,3,XMuZ-DQtKYc
yt-13992,1,2,qAoMIMeh7ns
yt-13993,2,3,zAxhD3snfvU
yt-13995,1,2,CVt3UBCUirg
yt-13996,2,3,lNxpRA-0mpQ
yt-13997,0,1,cnCwUtRxBqI
yt-13998,2,3,DK-L1hS6Iy4
yt-13999,2,4,L2ievKIPbJk
yt-14000,2,3,NVdZatWeaOU
yt-14001,0,1,novideo-14001
yt-14003,0,1,DSnXFIs2IJk
yt-14004,2,3,ovXkapVSGPI
yt-14005,2,3,AMtbHdH9wj8
yt-14006,1,2,DC05VUtSHmA
yt-14007,2,3,0vbJtS97OVc
yt-14009,2,3,J9e-b-mek9A
yt-14010,2,3,o5pmP2qGl0Y
yt-14011,2,3,hZE_PZwRisY
yt-14012,0,1,Ds6SU58V7J8
yt-14014,2,3,7zHx_fbLPIY
yt-14015,0,1,qq14TIu9cpE
yt-14016,1,2,oqhzw42jS38
yt-14017,0,1,M71Efgq-q8s
yt-14018,1,2,L2ievKIPbJk
yt-14019,2,3,LykotTtdTSQ
yt-14020,2,3,xrSjO5VhG6o
yt-14022,2,3,h3EFevb9N6Y
yt-14023,1,2,HYfPZnL3-GY
yt-14024,0,1,clt1ZlMdMd0
yt-14026,1,2,DDFvkYKkm_o
yt-14027,0,1,PHEjXmKEb2I
yt-14028,2,3,Te84MZ1xdrI
yt-14029,0,1,LpTQzkAHUeo
yt-14030,1,2,_lZzIESX_nw
yt-14031,0,0,_pG2TxkaMwc
yt-14032,2,3,6j85wTIpbZ4
yt-14034,1,2,0R2cLJkaMI4
yt-14035,1,2,7J2VgtTvJIs
yt-14036,2,3,95roSRA5JSk
yt-14037,2,3,qUiOE9gNXYM
yt-14038,1,2,_Ye-akTTRzc
yt-14039,0,1,Kr0Fni5sKWM
yt-14040,1,2,y_hy8DfxDsw
yt-14042,1,2,afWtVkX3gVU
yt-14044,2,3,WfshEpeYqSo
yt-14045,1,2,7c2SrRP7HBw
yt-14046,0,1,bg8b_d6TLIM
yt-14048,0,1,C_1VjcKhQM8
yt-14049,2,3,bP4QLj8wPW4
yt-14051,2,3,EievWzNG42E
yt-14052,0,1,4UyfK_NgGUg
yt-14054,0,1,s0nuKKa7Lv0
yt-14056,0,1,ss-OhkIt6ho
yt-14058,0,1,8IgsVRpJVCc
yt-14059,2,4,zwYo7IUn0rc
yt-14061,1,2,FuZVA3s7b1c
yt-14062,2,3,CI7XX9H586k
yt-14063,2,3,46kxmFSNVao
yt-14065,1,2,SH3-06sI77A
yt-14066,2,3,Jh4tpeTceSg
yt-14067,0,1,novideo-14067
yt-14069,0,0,lywQJSefCDI
yt-14070,2,3,PmjCh81hoMI
yt-14072,2,3,uu2zRlPidNk
yt-14073,2,4,P1amCSIPKF8
yt-14074,1,2,IwfAlAlHzMM
yt-14076,2,3,245tJt9MIgU
yt-14077,0,1,35YPYnFtm4E
yt-14078,1,2,o_0DpHMCdX0
yt-14079,2,3,GRFusZGdzOo
yt-14080,2,3,WSUcy_sh2Bg
yt-14081,0,1,novideo-14081
yt-14082,0,1,OhrX7At2UAs
yt-14084,0,1,EAlbSp4bzNs
yt-14085,0,1,j2uhTjJMS_E
yt-14086,2,3,nb9oTWLv2ac
yt-14087,2,4,9nQPBECsu6k
yt-14089,1,2,IRObFMbFOIU
yt-14090,2,3,surebk-9f2Y
yt-14091,0,1,Vhg3-uC_bUw
yt-14092,0,1,cDgivGukkA4
yt-14093,0,1,YD3OakzpBLc
yt-14094,2,3,npnlz3vLQlY
yt-14095,1,2,0uBQOW3Fmns
yt-14096,2,3,m0_SMiOecko
yt-14097,2,3,NUJOci8Mjm8
yt-14098,0,0,novideo-14098
yt-14099,2,4,986ZY6x-3Q0
yt-14100,2,3,aWhUmTwnQqA
yt-14101,2,3,W74yA-FMcN4
yt-14102,2,3,iqB4zhRUKuk
yt-14103,0,1,QoFn-uPCobs
yt-14104,0,1,nQLxxLRJ_jw
yt-14105,2,3,dYBUHBF-yLo
yt-14106,1,2,nEY7rdDT2nk
yt-14107,0,1,novideo-14107
yt-14109,2,3,AR1gw7RI4m8
yt-14110,1,2,OVUpCmle414
yt-14111,1,2,OuRMLuoQOCM
yt-14114,2,3,Ep61tpBLF_k
yt-14115,2,3,YFM8Axmv-jc
yt-14116,0,1,keEEMcro60s
yt-14118,0,1,Wu7Fw-aG4yQ
yt-14119,0,1,TK1QJLRaz38
yt-14120,0,1,RllOvVuC0JM
yt-14121,1,2,v1Px4hB18UM
yt-14122,2,3,hfrXfLjKQAA
yt-14125,1,2,9VGJLR1G8Ac
yt-14126,0,1,prwUIsvZcp4
yt-14127,0,1,LWYRcYtGWEQ
yt-14128,2,3,l4dFm3KSq3o
yt-14130,2,3,TFIXWU4IU2s
yt-14131,2,3,wT72p36KHrQ
yt-14133,2,3,FuZVA3s7b1c
yt-14134,0,1,ddCdVDnguWI
yt-14135,2,3,somqcOCodrA
yt-14136,2,3,iP_U5-GCCW0
yt-14137,2,4,aY51yGM8L_4
yt-14138,1,2,grqxlQPhCt0
yt-14139,2,3,m0_SMiOecko
yt-14140,1,2,m0_SMiOecko
yt-14141,0,1,novideo-14141
yt-14142,2,4,lIB4Jm8DQ4Y
yt-14143,2,3,Kjg3tMdiH5s
yt-14144,1,2,DN8Y5hq8qro
yt-14145,0,1,8Oxw_zX8XmY
yt-14146,0,1,X7t2TrT0cew
yt-14147,1,2,lCQkRj9IoPs
yt-14148,1,2,Sml7i0rw0H8
yt-14149,2,3,wWq__Nm4gCg
yt-14152,1,2,XdJXrpQc5uw
yt-14153,0,1,ijSt4qcqhB4
yt-14154,0,1,EEN5X6bBtQc
yt-14155,0,1,F9MctqJgJVk
yt-14156,2,3,W9N-grAHUBg
yt-14157,2,4,5XJU5pu352I
yt-14158,2,3,OYb1n7aYuYQ
yt-14159,0,1,Hl3Bg0grAwY
yt-14161,1,2,OLHNtZxyX5s
yt-14162,2,3,P_PloaHWfoA
yt-14163,2,3,fYXfRVrPU2E
yt-14164,0,1,vTVphZa90Q8
yt-14165,2,3,DG2AL1gToMk
yt-14166,2,3,i5Kybh7ZtEs
yt-14167,0,1,btrzODCnxOg
yt-14168,2,3,unB18Si-rwg
yt-14169,2,4,rmA2BCEq-Gc
yt-14171,0,1,mhySXh9xEuI
yt-14173,2,4,Gfutg1gQM70
yt-14174,2,3,4NQFwvuWOFs
yt-14175,0,1,tuqPFKF5NJo
yt-14176,2,4,b_x9tMcie0g
yt-14177,0,1,vpoVEhc2Xgk
yt-14179,0,1,MgJzm-Wn2jE
yt-14181,2,3,fZAgIUH2DMs
yt-14184,0,1,mURdo7tzxe4
yt-14185,0,1,St5M4pbNI_M
yt-14186,2,3,TfgdwInk4l4
yt-14187,2,3,rdZ5zL0rdeQ
yt-14188,2,3,PkLeE7ksifI
yt-14189,0,1,novideo-14189
yt-14190,2,3,6mhlN0VdTmY
yt-14191,2,3,wEqWKQ02Kd4
yt-14192,1,2,W93B7cSaKLg
yt-14194,2,3,8LJtN1Jwu6E
yt-14195,0,1,Y75S3K2qeo0
yt-14196,1,2,GHzaMI--BC8
yt-14197,2,3,v_J-aRYrFEg
yt-14198,0,1,RomNOeUDmAQ
yt-14199,0,1,gGIkgTG8FBk
yt-14201,0,1,gzxnzsif2iE
yt-14202,1,2,pUTsfWt5YtE
yt-14204,2,3,6mhlN0VdTmY
yt-14205,2,3,H42NQRGt_Do
yt-14207,2,3,h3EFevb9N6Y
yt-14208,2,3,skCYjBoi8A4
yt-14209,0,1,1sgIY5345d8
yt-14210,0,1,bccp8siFomo
yt-14211,0,1,YlFFG-59awU
yt-14212,1,2,LzGUJczmvik
yt-14213,1,2,mdyEvpIb8a0
yt-14214,1,2,XoWOlI7_88M
yt-14215,2,3,6kh-a0Rsiik
yt-14216,2,4,s2kf5yGGD2s
yt-14217,2,3,JCOiZtAvwso
yt-14218,0,1,YZLt9YjisQs
yt-14219,0,1,KfMjonAEbAc
yt-14220,2,3,_QjGMChHEQc
yt-14221,1,2,DvTbjFIIa_A
yt-14222,2,3,m0_SMiOecko
yt-14224,0,1,5e1rPN_Nj1o
yt-14225,1,2,avzqXJYe0bs
yt-14226,0,1,qJO50G2D0AU
yt-14228,2,4,tb-f9smxiWg
yt-14229,2,3,GZACPpWG5zw
yt-14230,2,3,TdS3N_7re1o
yt-14231,2,3,8z-yaNav_ls
yt-14232,0,1,GNgJrDWxiL4
yt-14233,1,2,6G9tIFEkJ8w
yt-14234,1,2,188SQ0R8NyQ
yt-14235,2,3,DC05VUtSHmA
yt-14236,2,3,ar_SIWMZakk
yt-14237,1,2,FuZVA3s7b1c
yt-14238,2,3,CPT0bvTdjRo
yt-14240,2,3,1Kez25EV9h4
yt-14241,1,2,GceG3HakyFo
yt-14242,1,2,novideo-14242
yt-14244,1,2,8CklEfc4L6I
yt-14245,1,2,AMK7Qgctj1I
yt-14246,2,3,9gGc3-cGYBA
yt-14247,0,1,Y75S3K2qeo0
yt-14248,2,3,PCFpZ0u_fyM
yt-14249,1,2,VH7SEQaaVMk
yt-14251,0,1,tHszYICnxvI
yt-14252,0,1,0SmP7KUKQdk
yt-14253,0,1,m4dqAYuJMu8
yt-14254,0,1,GzunX8tsTac
yt-14255,2,3,pXeOtkaIxgU
yt-14256,2,3,0Bh9MKnnDQU
yt-14257,1,2,iLnZSV4y0Ws
yt-14258,0,1,sBcv58DvnTc
yt-14259,0,1,0x_E6nSkAw8
yt-14260,0,0,novideo-14260
yt-14262,2,4,novideo-14262
yt-14263,1,2,W4ix7mH9c0U
yt-14264,0,1,_QjGMChHEQc
yt-14265,2,3,MJJYgZFTjso
yt-14266,2,3,UKpExvEDGx8
yt-14267,2,3,PSDZRrtFYn4
yt-14268,2,3,smf82lBjRWc
yt-14270,2,3,3atga7ge-ac
yt-14272,1,2,N8vzbDjDkn0
yt-14273,1,2,xvA6un3-9x4
yt-14274,1,2,8nYINqVRUG0
yt-14275,2,3,_BRrk_WgcQI
yt-14276,2,3,drCnZxyknxI
yt-14277,2,3,8cnhmXyC7bY
yt-14279,0,1,novideo-14279
yt-14280,1,2,gRNv7yTFj_A
yt-14281,2,3,f1orGPiOOdY
yt-14283,1,2,tEe9oDrnXMI
yt-14284,1,2,qsi0C4XyvIg
yt-14285,0,1,J6C5Qe7WHbg
yt-14286,2,4,FJagwas5CuY
yt-14287,2,3,NsLC3YbqZY0
yt-14288,2,3,YoD3GqU9HJQ
yt-14289,2,3,89OtctjaI1Q
yt-14290,2,3,udeyypQDi5w
yt-14291,1,2,_4fcLTZrvRc
yt-14292,2,3,d3VVBa9fDQQ
yt-14294,0,1,KN_9gfBlEpw
yt-14295,1,2,qKahoohkUpM
yt-14297,2,3,WmJUxeuMF2U
yt-14298,2,3,iImPwajZZlg
yt-14299,2,3,nytpJhM15Ps
yt-14300,2,4,uRFP_2R1xlU
yt-14301,2,3,ICLWKeTEPcU
yt-14302,2,3,ubWeTetwH5Y
yt-14303,2,3,novideo-14303
yt-14304,0,1,keP9qmqJ2Ns
yt-14305,2,3,novideo-14305
yt-14307,2,3,JimPNAu7xDk
yt-14309,1,2,e62P8v53Qsk
yt-14310,0,1,pkseu5q2vnU
yt-14311,0,1,SZMT_82PdQ8
yt-14313,2,3,tCfU8b-XWHI
yt-14314,0,1,HIIXouQoRys
yt-14315,2,3,Zl4i2Ddl20s
yt-14316,1,2,tu-CtoGqZpc
yt-14317,2,3,LJDxqnJksc0
yt-14318,0,1,5kJsWfNeXog
yt-14319,1,2,novideo-14319
yt-14320,1,2,iMzfzY21KRM
yt-14322,1,2,1VTLzDSRNCE
yt-14323,0,1,KvixRvRphFw
yt-14324,1,2,1YSdMWWl-Sg
yt-14325,0,1,_jvlVlpK-Dk
yt-14328,0,1,IsBdqCaHfdI
yt-14329,0,1,xCkjdAMMIsk
yt-14330,2,3,C_1VjcKhQM8
yt-14332,0,1,-ILy3qmBmu8
yt-14334,0,1,dEVhYUeuN6w
yt-14335,2,3,AYGWmWjn3yY
yt-14336,0,0,lubv6JkEm98
yt-14337,0,1,22FzwRRTbGk
yt-14338,0,1,DPQ6Ss3Y_4w
yt-14339,2,3,fE_gLKN61_8
yt-14340,1,2,IoFNbYWym0k
yt-14341,1,2,StEbUmobvwo
yt-14342,1,2,0l154Fz-9-g
yt-14343,2,3,QyyEhXGKQrc
yt-14344,1,2,tm3SnDw9xqI
yt-14346,2,3,SnOV9NemvWo
yt-14347,2,3,6G9tIFEkJ8w
yt-14348,0,1,aY9kHHHITIw
yt-14349,1,2,HbYJyHiXtJA
yt-14350,0,1,Ky2IFBQJICg
yt-14351,2,3,IJ9vVLJA0Zw
yt-14353,0,1,9TmO9LA0c0U
yt-14354,2,3,RRuIXaxOb9Y
yt-14355,0,1,rD_ketmxFy0
yt-14356,0,1,nzfLzFqC9_M
yt-14357,2,3,_wiV116ec48
yt-14358,2,3,SgB9uTiMAGQ
yt-14359,0,1,3hsJ0hCLx5o
yt-14361,0,1,IHjCD-q6bMw
yt-14362,0,1,wJfZ_O_VPQM
yt-14363,2,3,EA-pVOEVzoI
yt-14367,1,2,UBAY26elr-w
yt-14368,0,1,J9e-b-mek9A
yt-14370,0,1,b2VIlJn5xEg
yt-14372,2,3,YoD3GqU9HJQ
yt-14373,1,2,VkuFXSGqxe8
yt-14374,1,2,KSOIqKqrNjs
yt-14375,2,3,vpoVEhc2Xgk
yt-14377,2,4,kYw0bd0mhOg
yt-14379,0,1,TLWm-dmFrck
yt-14380,2,3,nEY7rdDT2nk
yt-14381,2,3,zhngeBSdLpc
yt-14382,2,4,lHsD5PT4XXk
yt-14383,2,4,ulF5U1oK470
yt-14384,2,3,4fow5lC2lHE
yt-14389,0,1,YJg7e1yYJXs
yt-14390,2,3,ilsSBu6D5mQ
yt-14391,0,1,XfuXoBA9H4E
yt-14393,1,2,pXeOtkaIxgU
yt-14394,0,1,-Kw_1-CVSGI
yt-14396,1,2,PH_8xiKFBxk
yt-14397,2,3,novideo-14397
yt-14398,2,4,vAPwgGE6OvQ
yt-14401,1,2,1bViYAU49mE
yt-14402,2,3,ABnjxb1X2Lg
yt-14403,2,3,yLV4MyNTSvo
yt-14404,2,3,OHWieyLGlUc
yt-14405,1,2,qKahoohkUpM
yt-14406,1,2,HCppZLJzGjo
yt-14407,1,2,FZVOakY1zxY
yt-14408,2,3,v7zlnATufOw
yt-14409,0,1,TM1VmKAh1HU
yt-14410,2,4,LykotTtdTSQ
yt-14411,2,3,novideo-14411
yt-14412,2,3,DvTbjFIIa_A
yt-14413,2,3,jXcy0F1Zsv8
yt-14415,2,3,tAHK6E03ORo
yt-14418,1,2,novideo-14418
yt-14419,1,2,yL76f9B0VEY
yt-14420,2,3,3IbqDw2-2vg
yt-14421,0,1,vn2e5NxsfEM
yt-14423,1,2,IcVpCeocy44
yt-14424,2,3,fE0w8cJxt8Y
yt-14425,0,1,8uanMhsNuUQ
yt-14426,2,3,_FoIY4MdolE
yt-14427,2,3,NW5ZrDYzJEI
yt-14429,2,3,Vfp2L5mjYfE
yt-14430,1,2,wSxeo7skSEI
yt-14431,1,2,Pe0SmG6Rzj0
yt-14433,2,3,Em0BeXyDkmM
yt-14434,2,3,wW_UZFXUW90
yt-14435,0,1,yV1XRY8lWWo
yt-14436,1,2,RnEiqCtr7Jc
yt-14437,0,1,EEvbnKySmdo
yt-14440,2,4,UNyyd6eZNJU
yt-14441,0,1,novideo-14441
yt-14442,0,1,J6C5Qe7WHbg
yt-14443,0,1,_uPjqtGxgPE
yt-14445,2,4,AvGeFlSlTng
yt-14446,0,1,RW6YAkt5kdU
yt-14449,0,1,peQ2RwyxXpM
yt-14450,1,2,IRObFMbFOIU
yt-14451,2,3,0qNQWDLFv90
yt-14452,0,1,novideo-14452
yt-14453,0,1,novideo-14453
yt-14454,0,1,6hfYt87hZ8c
yt-14456,2,3,zMVlSPEhol0
yt-14457,2,3,novideo-14457
yt-14458,2,3,6mhlN0VdTmY
yt-14459,2,3,ZOUSjqTH1xk
yt-14460,2,3,LykotTtdTSQ
yt-14461,2,3,ZFS9UftuUfY
yt-14462,0,1,XjvzYh2RAwE
yt-14465,2,3,_F_JlDNGoi0
yt-14466,0,1,IHjCD-q6bMw
yt-14470,0,1,Xv96izCPxus
yt-14471,2,3,sepI2oMcbsM
yt-14472,1,2,4VsVdNzS1rA
yt-14473,1,2,hKOEs66hdKk
yt-14474,0,1,8tFDTZmJAxU
yt-14475,2,4,PHt74nKN0HU
yt-14477,0,1,novideo-14477
yt-14478,1,2,S238Cfo6ZJ4
yt-14479,2,3,6AiouxF7YqY
yt-14480,0,1,tmerVM9YiMc
yt-14481,2,3,Zavh8ny7DNs
yt-14482,0,1,JGDdMxxSEiw
yt-14484,0,1,6ZCkSJwG7ac
yt-14485,1,2,3sJ9hxIKLVk
yt-14486,2,3,nytpJhM15Ps
yt-14487,0,1,fNWhK6jLAag
yt-14489,0,1,sPIh-quw8xk
yt-14490,2,3,v48J9_0L0o0
yt-14492,2,3,7Oc8-eclkrY
yt-14493,0,1,sjRg0p_zBNk
yt-14494,0,1,gHg7pDXS8vc
yt-14495,2,3,tAHK6E03ORo
yt-14498,0,0,mv_R1cL_qZU
yt-14499,1,2,qnTDIrwlFTM
yt-14500,2,3,RJysuJdMbmg
yt-14501,2,4,35VTsaM2yR0
yt-14503,2,3,LZD6e9C1BSI
yt-14504,0,1,FvIn75XLolo
yt-14505,1,2,ktwETEMGT6k
yt-14506,0,1,ZS4_w1xK3OE
yt-14507,0,1,D_o2CaLlz8A
yt-14508,2,3,ZOUSjqTH1xk
yt-14509,2,3,FOfPzuEc_Xk
yt-14511,2,3,R9VkwvW2LDU
yt-14514,2,4,e8xuMrIV7TM
yt-14515,2,3,LmUi1mY2KFI
yt-14516,1,2,P8-kxc4L8_o
yt-14518,0,1,PhgSg2XJUvM
yt-14519,0,1,lr02Lf6--UQ
yt-14520,1,2,IwDoNLKJ-jE
yt-14524,0,1,v1t0U_G42jY
yt-14525,0,1,88K4LRKSQsk
yt-14527,0,1,FqfaM7yKapo
yt-14528,0,1,kOQ5trC4BgY
yt-14529,2,3,fWQpb6T89d4
yt-14530,1,2,DSbgJUhUn2I
yt-14531,1,2,novideo-14531
yt-14532,2,3,GCj38dBe284
yt-14533,2,3,DC05VUtSHmA
yt-14534,1,2,BDro4MUxwZE
yt-14535,2,3,yT0Ff9NiAXI
yt-14536,1,2,_kBt-B3CTHY
yt-14537,0,1,BT9D1phDhjQ
yt-14538,2,3,OLHNtZxyX5s
yt-14539,0,1,uc_NhoIGwyU
yt-14540,2,3,fdVce8hCj88
yt-14541,0,1,aesWOJYZT40
yt-14542,2,3,PHt74nKN0HU
yt-14543,0,1,plR1hYXUOiQ
yt-14544,0,1,zMC5Hgulsp4
yt-14545,1,2,-FjPwaH3_WY
yt-14547,1,2,CVt3UBCUirg
yt-14548,1,2,FuZVA3s7b1c
yt-14550,2,3,g8J8ngc0kVU
yt-14552,0,1,OOOhBmWQiy8
yt-14553,0,0,TVf5iw36YSw
yt-14554,0,1,5ZQumh8-EpQ
yt-14555,1,2,lIB4Jm8DQ4Y
yt-14556,2,3,uEQ91VhmVQc
yt-14557,1,2,DW6xk37d7Z8
yt-14558,0,1,jBxaqIGa98Y
yt-14559,2,3,2c50hFi9pDs
yt-14560,1,2,atka7ZWEwSg
yt-14562,0,1,A5AqrSTQffo
yt-14564,2,3,z0D6xjye0iU
yt-14565,1,2,3aeJpHCTGMY
yt-14568,2,3,rPFFBjQfRiA
yt-14570,1,2,novideo-14570
yt-14571,2,3,5MFMC7A56cs
yt-14572,2,3,mluQOWptcZ8
yt-14573,0,1,uJRq7aISZdo
yt-14575,2,3,wOtdtp3kP98
yt-14576,1,2,vbo9A7RreNg
yt-14577,2,3,ECtY4gZeR20
yt-14579,0,1,W4wyh1vRU0Q
yt-14580,0,0,cCJi_9GV44c
yt-14581,0,0,lVC_wCbhSsk
yt-14582,2,3,hhL_ucq9qsM
yt-14583,0,1,novideo-14583
yt-14585,2,3,6p3xOetkcTU
yt-14586,2,3,CT_65nSC4s4
yt-14587,0,1,tzQPRyqeIGg
yt-14588,1,2,45uEpNp_78U
yt-14589,2,4,lS6882C0mQc
yt-14590,1,2,_WgBDiT6Tdo
yt-14591,0,1,-M56PKp45eU
yt-14593,0,1,ZZ5oqJMmJQM
yt-14595,2,3,6zw2pf1552g
yt-14596,2,3,58frGISFQUE
yt-14597,2,4,novideo-14597
yt-14598,0,1,xU9PbqgBuV8
yt-14600,2,3,F85faLwfcBI
yt-14601,0,1,xudo1vw3oOk
yt-14602,1,2,m0_SMiOecko
yt-14603,2,3,hmp4ZVhgm8o
yt-14604,2,3,Yl_OqNQNP5o
yt-14605,1,2,oqhzw42jS38
yt-14606,2,4,Ep61tpBLF_k
yt-14607,1,2,ja0CiJCTjC8
yt-14609,2,3,FuZVA3s7b1c
yt-14610,2,3,NyXYVgT3Z0Y
yt-14611,2,3,5pw9BE7YKok
yt-14612,0,1,YfnBPwD1Mgw
yt-14614,2,3,SFLG6xdxvkU
yt-14619,0,1,H3o36LhBd9o
yt-14620,1,2,q4Z-yyj7u4Y
yt-14621,2,4,s0nuKKa7Lv0
yt-14622,2,3,PLCR4rhl9Rw
yt-14623,2,3,RN0zNNH89h8
yt-14624,0,1,Na5HfzaQq9Q
yt-14626,2,3,UN7OsH_E0gU
yt-14627,1,2,1VRlsD09id8
yt-14628,2,3,yqOZ74mR-gI
yt-14629,2,3,S95KMSX2iHM
yt-14630,2,3,O5uq9gLhH6c
yt-14631,2,3,58frGISFQUE
yt-14632,1,2,Ia4RNWhq9K0
yt-14633,0,1,2tYCAl0USy8
yt-14635,0,1,novideo-14635
yt-14636,2,3,yTnHjR_HyMA
yt-14637,2,3,zhngeBSdLpc
yt-14638,1,2,aF9u2I98T78
yt-14639,0,0,vpoVEhc2Xgk
yt-14640,0,1,PwsyBi25uJs
yt-14641,0,1,Och5IF4bctk
yt-14642,2,3,245tJt9MIgU
yt-14644,1,2,ZLiLL6S_eeQ
yt-14645,2,3,MWDvXA_8VTA
yt-14646,2,3,IicKL9kBv7o
yt-14647,2,3,bxu9Gg0jVRE
yt-14648,1,2,Dyz_nZ9ZZlc
yt-14649,2,3,dEl-P_3pBnQ
yt-14650,0,1,qHfsZrHTzaM
yt-14651,2,3,CFTyyxTabmE
yt-14652,1,2,9nDJYc10Wgg
yt-14653,2,3,Hp_cCQ9pbb8
yt-14654,2,4,fJ_JxhtEpf8
yt-14656,0,1,N6b9YnAnXs8
yt-14657,2,4,Mt3QrZDoBXI
yt-14658,2,4,rcHJ9QJkpuI
yt-14659,2,4,BFsvp5H9BH8
yt-14661,0,1,RbkVuJqb_YQ
yt-14662,2,4,C3z79NQUX28
yt-14663,1,2,IR-ov5G318I
yt-14665,0,1,XAl0s0C0hMI
yt-14666,2,3,Zt48SKYliOs
yt-14669,0,0,8wGRRSBEwvc
yt-14670,0,1,Nm8on_ZzXQc
yt-14672,2,3,PSDZRrtFYn4
yt-14673,0,1,ZpqJgmftaTg
yt-14674,0,1,EQq9B_mvV74
yt-14676,1,2,SxaQU9wGpsg
yt-14677,0,1,4NQFwvuWOFs
yt-14678,0,1,f22PcbB4mM8
yt-14679,1,2,z1I_pwn-alo
yt-14681,1,2,241V466pLo0
yt-14682,1,2,e9KDcYLzKy0
yt-14683,1,2,vypCmNRmr0A
yt-14685,0,0,ml9H-6w3VNc
yt-14686,1,2,-ANgTHPqjFc
yt-14687,2,3,_mU3V-hPEhg
yt-14688,1,2,860A0FAJtXI
yt-14689,0,1,IsBdqCaHfdI
yt-14690,0,1,vS99HF47vVE
yt-14692,0,1,ZbSeq33jAs4
yt-14693,2,3,d2uD3cBxkHo
yt-14694,1,2,9hABSMgOZZQ
yt-14697,2,3,a2R29Br5rpk
yt-14699,2,3,lwrg6SyK2EY
yt-14700,0,1,NkDLcDHSKuI
yt-14701,0,1,6PLhVOwdiFA
yt-14702,0,1,TcoskdsR3FQ
yt-14703,2,3,9KOMrYH6yJI
yt-14705,1,2,9yi9kqNKq0c
yt-14706,2,3,fPiervn1RlI
yt-14707,0,1,tJbx31WXc7g
yt-14708,2,3,tAHK6E03ORo
yt-14710,2,3,hNbNkY8oEVk
yt-14711,1,2,FP3WrKvLqb4
yt-14713,1,2,O5bQ_lGM1OI
yt-14714,1,2,egcQeROOwSo
yt-14715,0,1,FqfaM7yKapo
yt-14716,0,1,rW1eGZ12ybg
yt-14717,2,3,voPIiBuUPtc
yt-14718,0,0,gN680hKOLr0
yt-14719,0,1,mURdo7tzxe4
yt-14720,0,1,zeArNU0Ln8M
yt-14721,2,3,0s0PZqI_BOo
yt-14722,2,3,nqUzEDp6wFM
yt-14723,0,1,28bL9Oc0D80
yt-14724,2,3,TTdcnBWG7TI
yt-14726,2,3,qMAeQeZDgqA
yt-14728,2,3,3kXpCmuHUMY
yt-14729,2,3,qE7WXtsi7Xk
yt-14730,2,3,NS2saZ6onrc
yt-14731,0,1,i5i-Z-JYjhA
yt-14732,0,1,SNmr9CHWTTk
yt-14734,0,1,LedH57XKUpw
yt-14735,2,3,0n5VgU_cw6c
yt-14736,0,1,H7EFBFU0xDM
yt-14737,1,2,Xg9hF50AsS0
yt-14738,1,2,Na5HfzaQq9Q
yt-14739,0,1,4m_jvmSRt3Q
yt-14742,0,1,WJwHdcExnC4
yt-14743,1,2,BN-sgMgnIAk
yt-14744,1,2,pXeOtkaIxgU
yt-14745,1,2,PCFpZ0u_fyM
yt-14748,1,2,euydimYmnpw
yt-14749,1,2,iQLZEeWLotg
yt-14750,0,1,gzxnzsif2iE
yt-14751,2,3,-NUwjMTcMYU
yt-14753,0,1,Iykno64pNHI
yt-14754,2,3,CxijDbTLp0M
yt-14756,2,4,RJUFYnLDWRQ
yt-14757,2,3,pdImt5Nc0yk
yt-14758,2,3,fhI32fm6BQM
yt-14759,2,3,unB18Si-rwg
yt-14760,2,3,yypLKij21-Y
yt-14761,0,1,UrASKYzII5M
yt-14762,0,0,1XRVcZ3IePo
yt-14763,0,1,Ysq0XnUQd8E
yt-14765,0,1,KE1_wHoU9jU
yt-14766,1,2,bT_mxWGqgrQ
yt-14767,1,2,MhEQyO4-2o4
yt-14768,2,3,novideo-14768
yt-14769,2,3,AZgT7vQdNlg
yt-14770,2,3,CHhwr8YQyD0
yt-14771,1,2,0l154Fz-9-g
yt-14772,1,2,v1Px4hB18UM
yt-14776,2,3,WSCH4FRaRyQ
yt-14777,0,1,L5aQ9IjbgmY
yt-14778,2,3,novideo-14778
yt-14779,0,1,dDk1Qenx6NY
yt-14780,1,2,Zu90jlvKgYo
yt-14781,1,2,Na5HfzaQq9Q
yt-14782,0,1,novideo-14782
yt-14783,1,2,4uMx7uX4cJo
yt-14785,2,3,Xz0elxLgPkU
yt-14787,0,1,Nyt1Q0QNpq8
yt-14789,0,1,w2mEM_VPaZQ
yt-14790,0,1,dBt_adSOU18
yt-14792,2,3,ZOUSjqTH1xk
yt-14793,2,3,bOFh6vvX_Bk
yt-14794,2,3,d7Eybfes0Ew
yt-14795,0,1,Ho4pbT__VVE
yt-14796,0,1,1Y44C-eR8B4
yt-14797,2,3,OTZFm5PQrrs
yt-14798,2,3,Q4AL1eGq7bY
yt-14800,2,4,F9MctqJgJVk
yt-14801,0,1,ZsMTiYXeH0o
yt-14802,2,3,J_rcAPibaPg
yt-14803,2,3,BObJiy5noaM
yt-14804,0,1,KdgSw94DlVk
yt-14805,2,3,H0bKUYV7g44
yt-14806,2,4,XGl4mWDiW8o
yt-14808,2,3,07C1KJrlTPk
yt-14809,2,3,rMDYpDPFbw8
yt-14810,0,1,bJAoP-IESvs
yt-14811,2,3,ZOUSjqTH1xk
yt-14812,1,2,nZDvM-JWQbI
yt-14813,0,1,FuZVA3s7b1c
yt-14814,2,3,m0_SMiOecko
yt-14815,1,2,QmfvaL9RgkE
yt-14816,0,1,WAzAchGJWd4
yt-14817,1,2,FP3WrKvLqb4
yt-14818,2,3,-HHOOoGC1NQ
yt-14819,0,1,kqAATyo_b74
yt-14820,0,1,novideo-14820
yt-14821,2,4,JqudNUgW-Ew
yt-14822,0,1,1f-hk2KIx6o
yt-14823,0,1,-P4OoK-wzZY
yt-14824,2,3,9gtQiMi9_mM
yt-14826,0,1,wEaGlQwgZtw
yt-14827,0,0,nSsOxTF9fLo
yt-14829,2,3,LX6iFIGA3Ig
yt-14830,2,3,EK2kqQcZAII
yt-14831,2,3,DIyvsf4m_tE
yt-14832,0,1,d45u6qwIACM
yt-14834,2,3,T5mBV_fQ9kc
yt-14835,1,2,itDpHvtRysE
yt-14838,0,1,g77vxjbbNUg
yt-14840,0,1,9KOMrYH6yJI
yt-14842,2,3,lOfHTsy5g4Q
yt-14843,0,1,AeaqNBHCz24
yt-14844,0,1,L1DmwygfCXg
yt-14845,2,3,6AS14_JjIQ4
yt-14846,2,4,yNuU2vm2784
yt-14848,2,3,Ho4pbT__VVE
yt-14849,0,1,HkMAXrEAeFc
yt-14850,0,1,9KOMrYH6yJI
yt-14851,2,3,roxQZHB2Y6I
yt-14852,0,1,JA2Nfbe41hY
yt-14853,0,0,GwW9nlgPRpw
yt-14854,0,1,FRQZzJvBwyw
yt-14855,1,2,Avxvkki7p0I
yt-14857,0,1,FrM3ZIK7ukM
yt-14858,0,1,M4ErqTwlbKg
yt-14859,2,3,Ppn-Tao0Oyo
yt-14860,0,1,Nyt1Q0QNpq8
yt-14862,0,1,IWF2ukdI3Fs
yt-14863,1,2,ZFbr9JGR2Ag
yt-14864,2,3,GHzaMI--BC8
yt-14865,0,1,-VWrqKzVXDw
yt-14866,2,3,novideo-14866
yt-14868,1,2,QepckkKHvHM
yt-14870,0,1,ff6vbx_mCkg
yt-14871,0,1,skXZ2QFKIDE
yt-14873,2,4,dPPgumaP92M
yt-14874,2,3,Nyt1Q0QNpq8
yt-14875,2,3,Ld6bFeXefMY
yt-14877,0,1,nqUzEDp6wFM
yt-14878,2,3,AIn1pXOUxwI
yt-14880,2,3,jVVo3io5J3A
yt-14881,2,3,3-RDBxuBJgo
yt-14882,0,1,sjarBv89R0A
yt-14883,2,3,JVsBTzv15lY
yt-14885,0,1,JVNY5NJTyFs
yt-14886,0,1,EeXog1Ez3h8
yt-14890,2,3,ue8o8xc5atc
yt-14891,0,0,SclCx5S8jcI
yt-14893,1,2,AM56D6CcuLU
yt-14894,1,2,pYLu9Gd4FJQ
yt-14895,1,2,dhfV1KJQ054
yt-14896,2,3,gqM2CN3guxE
yt-14897,2,3,KGoqwWGNnUI
yt-14898,2,3,xQdZ2ChNBhE
yt-14899,1,2,cuSKyNJicYs
yt-14900,0,1,UPBMizCgCv4
yt-14901,0,1,b5rvgl_E8Xg
yt-14902,0,1,1XRVcZ3IePo
yt-14903,1,2,2WYQsPTlBz4
yt-14904,2,3,pXeOtkaIxgU
yt-14905,0,1,BLrF0ZPEkf0
yt-14906,0,1,b-BHtxHkefM
yt-14907,2,3,VNWCfMuahn4
yt-14908,2,3,Rf5T8HjnGBo
yt-14909,2,3,jX9arXV3ccE
yt-14910,1,2,HXRHBo-IjVM
yt-14911,0,1,zi5zvCZEpeo
yt-14912,2,3,7kCc4g8vT1I
yt-14913,2,3,Uo72ijyLlGU
yt-14914,2,3,9Y6oGS8OtUM
yt-14915,0,1,CFTyyxTabmE
yt-14916,2,3,188SQ0R8NyQ
yt-14917,1,2,YDaPeHVWCkc
yt-14918,0,1,ruk4AxrZxhI
yt-14920,2,3,_LyiqaRGfUk
yt-14921,0,1,Vpvt-aKU2ZQ
yt-14922,1,2,19J-hr046k0
yt-14923,1,2,7FXVFkHBNd8
yt-14924,1,2,J3qLZTFV7LE
yt-14925,2,3,dCHcg4eEFo8
yt-14926,2,3,ZSw4nXr-Nwg
yt-14927,0,1,DPQ6Ss3Y_4w
yt-14928,2,3,iQEYWDOuG7Q
yt-14929,2,3,novideo-14929
yt-14931,2,3,DC05VUtSHmA
yt-14932,0,1,8cnhmXyC7bY
yt-14933,0,1,fn4eih72BL0
yt-14934,2,4,bD9j0MK87Rs
yt-14936,0,1,GqDOwWtepi0
yt-14937,1,2,uNDoiokVsWk
yt-14939,0,1,tENdVriyYD0
yt-14940,2,3,a2SylFIXIE0
yt-14941,2,3,hj-M5lR-NCc
yt-14943,1,2,qkntwFGT52U
yt-14944,0,1,6TLvvR20z-M
yt-14945,2,3,PMpmRb07Foc
yt-14946,2,4,CRTVd9zlMvs
yt-14947,2,3,80sReu_evSA
yt-14948,0,1,nBLe8KUoXYM
yt-14949,2,4,YS5e5OxkiVE
yt-14950,2,3,novideo-14950
yt-14953,2,3,FJagwas5CuY
yt-14954,0,1,vpoVEhc2Xgk
yt-14955,2,3,Y3T20pSx4C0
yt-14956,1,2,Nc_NEeq488c
yt-14958,1,2,3sJ9hxIKLVk
yt-14959,0,1,22FzwRRTbGk
yt-14961,0,1,novideo-14961
yt-14962,0,1,DK-L1hS6Iy4
yt-14963,0,1,Aeff4fMZRIs
yt-14964,1,2,novideo-14964
yt-14965,2,3,uy6P06WGFpk
yt-14967,1,2,_lZzIESX_nw
yt-14968,0,1,0kME758mbSw
yt-14970,2,3,h3EFevb9N6Y
yt-14971,2,3,Ia4RNWhq9K0
yt-14972,0,1,1AqAmoMfAZs
yt-14973,1,2,HyBxQ2huIlo
yt-14974,2,3,pXeOtkaIxgU
yt-14975,0,1,dWtB-pKaYrw
yt-14976,2,3,twQKqi6m56o
yt-14977,2,3,NsLC3YbqZY0
yt-14978,2,3,novideo-14978
yt-14981,0,1,tzpLNAmQ_U8
yt-14982,2,3,C_1VjcKhQM8
yt-14983,0,1,c9RGj7hpvag
yt-14984,0,1,Ck80EJU4V14
yt-14985,2,3,kyikILLDe0g
yt-14986,2,3,RQWL1m55C58
yt-14987,2,3,pXu9urbN6eA
yt-14988,2,4,TfgdwInk4l4
yt-14989,0,1,Yx91AEBKtDs
yt-14992,0,1,-lIB3vNY-lg
yt-14993,2,3,ViZ_MpOdfq0
yt-14994,2,3,novideo-14994
yt-14995,2,3,m0_SMiOecko
yt-14997,0,1,_wNMeBTJ7C8
yt-14998,0,1,K2GRx01R8N4
yt-14999,1,2,pXdKUWlLH0g
yt-15000,1,2,unB18Si-rwg
yt-15001,1,2,0DhcEIBaZHA
yt-15002,0,0,88n111DbKn8
yt-15004,1,2,t3Q8Haoiv6g
yt-15005,1,2,erNKleMRuAE
yt-15008,2,3,novideo-15008
yt-15011,0,1,seZOiYl_V1g
yt-15012,0,1,sYOVgXMTDnc
yt-15013,0,1,fCvhAHmddKE
yt-15014,0,1,LNK607qmtYw
yt-15015,0,1,P051rbLjttY
yt-15016,0,1,FvAzWNkctgg
yt-15020,2,3,BFuz4UsYRVo
yt-15021,2,3,L4e1IpYOl-A
yt-15022,2,3,tm3SnDw9xqI
yt-15023,0,1,lZJ5okn5ayI
yt-15024,2,3,9VGJLR1G8Ac
yt-15026,2,3,e0u4DrNGgdE
yt-15027,2,3,novideo-15027
yt-15028,2,3,bjXl7FtQoP0
yt-15029,1,2,VkuFXSGqxe8
yt-15030,2,3,uu2zRlPidNk
yt-15031,2,3,C93ShVz0kfw
yt-15032,1,2,IRObFMbFOIU
yt-15033,2,3,pgzAB8Eva3Y
yt-15035,1,2,yGOPcZ4BWMA
yt-15036,0,1,0msdEsLeJ_A
yt-15037,2,3,GRsQOzKNbRY
yt-15038,2,3,0rsgMpwMRrY
yt-15039,2,3,B2ratn0NT9Y
yt-15040,0,1,QmfvaL9RgkE
yt-15041,0,1,cbgYk5UqNEc
yt-15042,2,3,WOdUJoLRfSc
yt-15043,2,3,z6o6I25klrc
yt-15044,2,3,v9D3PKmtfYA
yt-15045,2,3,ujvcs9qBY0I
yt-15046,0,1,vpoVEhc2Xgk
yt-15047,1,2,uqbJrVvRj-g
yt-15048,2,3,yTnHjR_HyMA
yt-15049,2,3,AlHYkrOfEMk
yt-15050,0,1,gq8vApiExw8
yt-15051,0,1,novideo-15051
yt-15052,2,3,jPjoZKnx-J8
yt-15053,0,1,pzTgsdFxN68
yt-15055,0,1,P77UiR1vj9Y
yt-15056,0,1,Bfe74IIhAYM
yt-15057,0,1,gAiMaonhN2o
yt-15058,1,2,IOX4x1GPTLM
yt-15059,0,1,tuqPFKF5NJo
yt-15061,2,3,TFj15WKtSGo
yt-15062,2,3,m0_SMiOecko
yt-15063,1,2,MJJYgZFTjso
yt-15064,1,2,_EPct7pzd2c
yt-15065,2,3,GUhsnmz2WP4
yt-15067,0,1,idW9bQR1Zlw
yt-15068,2,3,2wkLV1UvNyk
yt-15069,2,3,J7_-oVm5njU
yt-15070,2,3,0UKtvWHJDd4
yt-15071,2,3,BpNvIShIm3k
yt-15072,0,1,40ns51R4HwY
yt-15073,2,3,Jh4tpeTceSg
yt-15074,1,2,CCdRLdqaO4I
yt-15075,2,3,Qcc77EXE6cc
yt-15076,2,4,IvZS9GW_C9s
yt-15079,0,1,aEHQ0wMdy1c
yt-15080,0,1,LmJH3ub30mw
yt-15081,0,1,dLc7utF95-8
yt-15082,0,1,tCR5pgsLJnA
yt-15083,2,3,PC0mpXXpir4
yt-15084,0,1,t6BQPZTO6jQ
yt-15085,1,2,FIJwkne06Ks
yt-15086,1,2,mU5TjY1QRP0
yt-15089,2,3,DC05VUtSHmA
yt-15090,1,2,IzGR6FIYTio
yt-15091,0,1,58frGISFQUE
yt-15092,2,4,1KZNiZnHQ_Q
yt-15093,2,4,Yl_OqNQNP5o
yt-15094,2,3,4NQFwvuWOFs
yt-15095,0,1,IiYkb1IhAEg
yt-15096,2,3,ZOUSjqTH1xk
yt-15097,2,3,kQDSyHyiJBw
yt-15098,2,4,piPM4G_5VFA
yt-15099,0,0,sHoOplgaWWo
yt-15100,0,1,pXdKUWlLH0g
yt-15101,2,3,PtgjlufcRBg
yt-15102,2,3,HnkrJLjoCVM
yt-15103,2,3,DcEsiGwcmrA
yt-15104,0,1,F4DuvBgOWJg
yt-15105,2,3,b_6GLqMSwGA
yt-15107,2,3,6K0qqR-yEz8
yt-15108,0,1,v22G30R8vO4
yt-15109,0,1,BvweeQRZy7M
yt-15110,2,3,MiY8fwQdqKk
yt-15112,2,3,3TycaVO0Rso
yt-15114,2,3,m0_SMiOecko
yt-15115,2,3,PxIcD9LMpco
yt-15116,2,3,novideo-15116
yt-15117,1,2,OhwD1UD-5Sw
yt-15118,0,1,kTdexcqUPQw
yt-15120,2,3,Pe0SmG6Rzj0
yt-15121,0,1,IvZS9GW_C9s
yt-15122,0,1,novideo-15122
yt-15123,1,2,_7kwzGeiDA0
yt-15124,1,2,sI-9FPnRDAE
yt-15125,0,1,U6akWLsuYgo
yt-15126,2,3,oA3lSKxewMM
yt-15128,2,3,XHqFoc0Gpk0
yt-15131,2,3,3RcaNA9pIzM
yt-15132,0,1,C41NWw9WtX0
yt-15133,2,3,SaTx9ztxxm4
yt-15134,0,1,sopvQ1SiFnI
yt-15136,0,1,kRME_JlN4FI
yt-15137,2,3,5Vn8pPRiJIg
yt-15138,2,3,89OtctjaI1Q
yt-15139,2,3,id3-1yMuAp0
yt-15141,0,1,W93B7cSaKLg
yt-15142,0,1,QquXYHla7lg
yt-15143,0,1,e7FLC-gu9J0
yt-15144,2,3,wO0gyA3wr0U
yt-15145,2,3,KR29LHq3dWg
yt-15146,0,1,5yrJD3OqzYM
yt-15148,2,3,1ZwZLRPXXGY
yt-15149,1,2,CahgCEhECDA
yt-15150,0,1,TAMUnsPrNkg
yt-15151,0,0,l8xUFhkVwIM
yt-15152,1,2,-GNhZklDf-Q
yt-15154,0,1,Xg9hF50AsS0
yt-15155,2,3,4m_jvmSRt3Q
yt-15156,0,1,vqZ92trVpBc
yt-15157,2,3,DcYW0GoIcA0
yt-15158,0,1,aVqUvBkjw68
yt-15159,2,3,QvnURdP_K3w
yt-15160,0,1,CFTyyxTabmE
yt-15162,0,1,BJhLu7wBYZE
yt-15163,0,1,ISM38rBF6j4
yt-15164,1,2,lXvo5vZ4jH8
yt-15165,0,1,B9WxG_62fMY
yt-15166,0,1,qlw0uhgvtSw
yt-15168,1,2,ovXkapVSGPI
yt-15169,2,3,qKahoohkUpM
yt-15170,0,0,5NfFqU5w8g4
yt-15171,2,3,CAHK-yJnxRk
yt-15172,1,2,novideo-15172
yt-15173,2,3,_RJjGCDSNdk
yt-15174,1,2,VUkK0iBvrF8
yt-15176,1,2,i6mCYc_24Qw
yt-15178,1,2,nUB4wwtfif0
yt-15180,0,1,8_TixUcU9GU
yt-15181,1,2,WKzyBHVcIYU
yt-15183,2,3,J9e-b-mek9A
yt-15184,0,1,1reeRfC3vuE
yt-15185,0,1,cHA0_OvclSM
yt-15186,0,1,gbMRfO4GXf4
yt-15187,0,1,lH0hOoRKW8g
yt-15188,0,1,kKzQScAZ-rA
yt-15189,1,2,doCvKxAtNjs
yt-15190,2,3,i477ou_Mj5g
yt-15191,2,3,Xx1Uqc41MUs
yt-15192,0,1,m0_SMiOecko
yt-15193,0,1,aTz6zBQld0M
yt-15194,2,3,3KLFI81dR0A
yt-15196,0,1,WGzsYgZG2TY
yt-15197,2,3,pXeOtkaIxgU
yt-15198,2,3,leKD8pdCuaw
yt-15199,2,3,ICLWKeTEPcU
yt-15201,2,3,yuhO8zdMs8A
yt-15202,0,1,yeqeOY-dFKY
yt-15203,0,1,MCRlYg2l4Jg
yt-15204,1,2,6TAHX-LwliU
yt-15205,1,2,e6n1OqkRo_8
yt-15206,0,1,SDipoZ7efcQ
yt-15207,0,1,QABcwbmN8Ms
yt-15210,2,3,Da6ljj6yT0U
yt-15211,0,0,CWgX1XGKDpk
yt-15212,2,3,40ns51R4HwY
yt-15213,1,2,lq6dW5T-iN8
yt-15214,1,2,yo96-jc12p4
yt-15217,2,3,-1uDreg6buw
yt-15218,1,2,bks4xM409j4
yt-15219,0,0,6u7B_yIiDb4
yt-15220,2,3,mR4mhT0psRs
yt-15221,0,1,LIvkcYXQXK8
yt-15222,0,1,NNPPkDQbASE
yt-15223,2,3,Fpo_OmFwiBA
yt-15224,0,0,Mw9oTAYDz4w
yt-15225,1,2,zJgt-WbE7oc
yt-15226,1,2,3qUsLgM_3aA
yt-15227,0,0,WOdUJoLRfSc
yt-15228,2,3,HrANY-Y5alc
yt-15230,0,1,zVd86JxG19U
yt-15231,1,2,GHzaMI--BC8
yt-15232,2,4,zrvNBzfIgN4
yt-15234,2,3,v3Mn_pzh3VE
yt-15235,1,2,m0_SMiOecko
yt-15236,1,2,vpoVEhc2Xgk
yt-15237,0,1,qPw-VFxzyJY
yt-15238,2,3,Lr-ybn0qmEc
yt-15240,0,1,KAPac6yKyCo
yt-15241,2,3,gJSY1nixBTU
yt-15243,1,2,p0IRnv3eAm4
yt-15244,2,3,MJz9lmvKrZQ
yt-15245,0,1,eNXwBLB4LSw
yt-15247,2,3,gfAXOSyVWbs
yt-15248,0,1,4oUdVzqDXzU
yt-15249,2,3,l0dXBW82v6c
yt-15250,2,3,yTnHjR_HyMA
yt-15252,2,3,Y3T20pSx4C0
yt-15253,0,1,W93B7cSaKLg
yt-15254,0,1,EDH5TMcB4Ec
yt-15255,2,3,KrQC_ZH7Q_o
yt-15257,1,2,wWq__Nm4gCg
yt-15258,0,1,rOaV0ZD8BpA
yt-15259,2,3,o98IhweLeN8
yt-15260,2,3,22mC-1465mg
yt-15262,2,3,wmATpthrBQo
yt-15263,2,3,OhrX7At2UAs
yt-15264,2,3,e9KDcYLzKy0
yt-15265,0,1,dqEtAuTIakU
yt-15266,0,0,_vzYg8YXVbQ
yt-15267,2,4,mD_D1JArYZE
yt-15268,2,3,pS1A_285v6s
yt-15269,2,3,7OZKVu5n7WM
yt-15273,0,1,Xi_BwJ6T_3s
yt-15274,0,1,novideo-15274
yt-15275,2,3,P051rbLjttY
yt-15276,2,3,J9e-b-mek9A
yt-15277,1,2,uRbjPF-1Udo
yt-15278,0,1,TCYnyAQ2LwY
yt-15279,1,2,TM1VmKAh1HU
yt-15280,2,3,Sx1JUWGer2I
yt-15281,0,1,dNHKpdTb6g0
yt-15282,2,3,AMK7Qgctj1I
yt-15283,0,1,Wj8eEve9EqA
yt-15284,2,3,3L8baN4Cwx0
yt-15285,0,1,tENdVriyYD0
yt-15287,0,1,LRF8nUcEb8I
yt-15290,2,3,VkuFXSGqxe8
yt-15291,0,1,0NjppfLG1zs
yt-15292,0,1,DLQR065dmOo
yt-15293,2,3,0gn0jISSgsk
yt-15295,0,1,bej4xehlQec
yt-15296,2,4,gOL-i_83_Q0
yt-15297,2,3,k0kwnAub5Y8
yt-15299,2,3,Ia4RNWhq9K0
yt-15301,2,3,krNRhe6qGRY
yt-15302,1,2,_QjGMChHEQc
yt-15304,1,2,bgI0r1-k9Rc
yt-15305,2,3,jE2A55tf_YY
yt-15306,0,1,_Q6tB1FCEmA
yt-15307,2,3,MbwRSW0X50U
yt-15308,0,1,73h30pAGbuM
yt-15310,2,3,t0oXOV1WmZY
yt-15311,0,1,fzQSr9zTB4U
yt-15312,1,2,s2w0X6aL1Do
yt-15313,2,3,Abq4vNaZH-w
yt-15315,2,3,uCPkx7vX6ek
yt-15316,0,1,DK-L1hS6Iy4
yt-15317,0,1,yo96-jc12p4
yt-15318,1,2,s2w0X6aL1Do
yt-15319,2,3,sX5ORTz9SAo
yt-15320,0,1,kdszuRy_N6E
yt-15321,0,1,DNeUsrnWC1I
yt-15322,0,1,FxFC7jx5ugQ
yt-15323,1,2,lXEgxUMItH0
yt-15324,0,1,cMhAhf1dgVE
yt-15325,1,2,va2aP-SuYLM
yt-15327,0,0,WGr0uVMA70o
yt-15328,0,1,9bd64aBJs08
yt-15330,0,1,DiYH8SyBKRM
yt-15331,1,2,6oQnkuW41rQ
yt-15332,2,3,9cEjZP1iWd0
yt-15333,2,3,cbzeRwXzi6w
yt-15334,0,1,NWYSsAv7Qxo
yt-15335,0,1,Fmie6FU5Q3c
yt-15336,0,1,yRHyuX8UyLk
yt-15337,2,3,oZN2Ni9yXB4
yt-15338,2,3,upFsMCBvxNQ
yt-15339,2,3,J7_-oVm5njU
yt-15341,0,1,aXFbRN0ufJI
yt-15342,2,3,VWKzNha0JOc
yt-15343,2,3,bQ_DdYZ0zZE
yt-15344,2,3,m0_SMiOecko
yt-15345,0,1,qpGHlrNOrRU
yt-15346,1,2,ekiO4ZMZxyE
yt-15347,2,3,PmGyLkdVRvI
yt-15348,2,3,SW2-c9nfqyo
yt-15349,1,2,3wLYCrdqCNo
yt-15350,0,1,6u7B_yIiDb4
yt-15351,2,3,m0_SMiOecko
yt-15352,1,2,oCsrlIDzeYI
yt-15353,2,3,31S1IoauUjg
yt-15354,2,3,0s0PZqI_BOo
yt-15355,0,1,K3b5Q9M8tJc
yt-15356,2,3,vlBpytX5eV4
yt-15357,0,1,d7UNw--ZGjM
yt-15359,2,3,Ia4RNWhq9K0
yt-15360,2,3,CBVGd8NfMxk
yt-15361,2,3,P_bDhgAKB9o
yt-15362,2,4,x7MbioSF7-A
yt-15363,2,3,Jbz1ZgOqm7c
yt-15364,2,4,mPRO4nFVwy8
yt-15365,0,1,ff6vbx_mCkg
yt-15367,1,2,pzTgsdFxN68
yt-15368,0,1,nfaADx4pcX8
yt-15369,2,3,6-KgPPx3uwI
yt-15370,1,2,IESoi92FMMM
yt-15371,0,1,fCvhAHmddKE
yt-15373,0,0,C_1VjcKhQM8
yt-15375,2,3,U_eO05NP5wI
yt-15376,2,3,QRkpwAFj9kQ
yt-15379,0,1,H5WZyDQmS40
yt-15380,0,1,yAMbcwnDn8w
yt-15381,1,2,novideo-15381
yt-15382,2,3,m0_SMiOecko
yt-15384,0,0,0IUPr4zLkAY
yt-15387,2,3,novideo-15387
yt-15388,0,1,0IUPr4zLkAY
yt-15389,2,3,-vApO3IFyf0
yt-15391,1,2,Ep61tpBLF_k
yt-15393,0,1,P9Nf8IWiFgA
yt-15394,1,2,dYfGYirFV6M
yt-15395,0,1,60iGx98Tuc8
yt-15396,0,1,6g-xu1AZPbg
yt-15397,0,1,lNxpRA-0mpQ
yt-15398,2,3,C93ShVz0kfw
yt-15399,2,3,bUswGiwRrjM
yt-15400,1,2,J9e-b-mek9A
yt-15402,0,1,WtDGjRigNvo
yt-15404,0,1,MdndAx5sn2w
yt-15405,1,2,tFuzpCr6kXk
yt-15406,2,4,FP3WrKvLqb4
yt-15407,0,1,ICsHXjDVxSk
yt-15409,2,3,unB18Si-rwg
yt-15410,2,3,JVNY5NJTyFs
yt-15411,1,2,PZ7MmCGR8Ak
yt-15413,1,2,7DiNRtSF528
yt-15415,2,3,BwL1phuMoS4
yt-15416,0,1,u6NFgW_Pmd8
yt-15417,0,1,L1BGK3lIxNY
yt-15418,2,3,g1UhspNtUiQ
yt-15419,0,1,x6QDSYgZUqk
yt-15420,2,3,H5WZyDQmS40
yt-15421,2,3,EA-pVOEVzoI
yt-15422,0,1,tJbx31WXc7g
yt-15423,0,1,9KOMrYH6yJI
yt-15424,2,3,HM5BUqIugV8
yt-15425,0,1,2wkLV1UvNyk
yt-15426,0,1,Nm8on_ZzXQc
yt-15427,0,1,5Fk8d2uRcR8
yt-15428,0,1,yghTwJMcWsU
yt-15429,0,1,Tzva1tSEUMU
yt-15431,0,1,_jvlVlpK-Dk
yt-15432,0,1,I0TrQorWjDc
yt-15433,0,1,XdJXrpQc5uw
yt-15434,2,3,J9e-b-mek9A
yt-15435,1,2,nKn1YZmEEKo
yt-15437,0,1,-BK_OEyGS-4
yt-15438,2,3,ICLWKeTEPcU
yt-15439,2,3,IsBdqCaHfdI
yt-15441,1,2,5XoUkeLyDpc
yt-15442,1,2,2pOo1MGJ6mc
yt-15443,2,3,wP9JBgcQBhQ
yt-15444,1,2,n3SPg8YWqrM
yt-15445,2,3,C_1VjcKhQM8
yt-15446,2,4,Yq0EiGZrFlU
yt-15447,2,3,mz_o3Z27a4c
yt-15449,0,1,-OyGX2gm4bc
yt-15450,2,3,laLIidriPrs
yt-15451,1,2,6dB3eZcHg5A
yt-15452,1,2,mncgc8wjRQ8
yt-15453,1,2,6gTVfZrPT6Q
yt-15454,1,2,1ZwZLRPXXGY
yt-15455,1,2,lH0hOoRKW8g
yt-15456,2,3,dYfGYirFV6M
yt-15458,0,1,W-pZYsfYlws
yt-15459,0,1,novideo-15459
yt-15460,0,1,c-5EsZ7YSNU
yt-15461,0,1,HSnKRW7ffcY
yt-15462,0,1,ehNOS3WIKeY
yt-15463,0,1,u4luXKl63Vs
yt-15465,2,3,Fpo_OmFwiBA
yt-15468,2,3,142H3lq7_RQ
yt-15469,2,3,24Z7BuAc-0Y
yt-15470,0,1,_0hb2U46nZE
yt-15472,0,1,aCQMqP5Ko0I
yt-15473,2,4,Ep61tpBLF_k
yt-15474,0,0,oulYjHX-NJg
yt-15476,1,2,V7c2PbgNuxU
yt-15477,0,1,Bp3yeibMgQ4
yt-15478,0,1,QmfvaL9RgkE
yt-15480,1,2,JGDdMxxSEiw
yt-15481,1,2,RRuIXaxOb9Y
yt-15482,2,3,tuz6F0gvkNQ
yt-15483,0,1,Ejx9mgJPyu4
yt-15484,2,3,GHzaMI--BC8
yt-15485,0,1,nR_-E4_MuRw
yt-15486,0,0,TXVL8kOLm7k
yt-15487,0,1,yafuPWp8TRY
yt-15488,1,2,ccsipMwCxF0
yt-15489,2,4,kTdexcqUPQw
yt-15490,2,3,8qWFCf7Ab7Y
yt-15491,1,2,m0_SMiOecko
yt-15494,0,1,d2mChWd2Br0
yt-15495,2,4,8UH6G1LnXR8
yt-15496,2,3,novideo-15496
yt-15498,0,1,A21R6eoF80k
yt-15499,0,1,FqfaM7yKapo
yt-15500,2,3,CUcdrf5AjMI
yt-15501,2,3,8IkIS3JMjdI
yt-15503,1,2,jzzOP1TxXnY
yt-15504,0,1,--5sNldseEg
yt-15505,2,3,jVVo3io5J3A
yt-15507,1,2,vTPFSwH5E4c
yt-15508,2,3,u8uAz2jJM5w
yt-15509,0,1,yZ6LIIUXLSY
yt-15510,0,1,sxhTcQTd9Bk
yt-15511,0,1,m0_SMiOecko
yt-15512,0,1,RQWL1m55C58
yt-15513,0,1,DEF1FAYR3XU
yt-15514,2,4,FZF9bSqt3xA
yt-15515,1,2,FP3WrKvLqb4
yt-15516,0,1,ATWAlBNnBUk
yt-15517,0,1,6-KgPPx3uwI
yt-15518,2,3,novideo-15518
yt-15520,2,3,WlWX1KA_Vyo
yt-15521,2,3,lounYQ5WELM
yt-15522,2,3,_bNHYSjZeyA
yt-15523,0,1,uorCEinT8Mg
yt-15524,0,1,QqvkZjhY2Ec
yt-15525,2,3,novideo-15525
yt-15526,0,1,9TmO9LA0c0U
yt-15527,1,2,dekIkdsoUG0
yt-15528,0,1,novideo-15528
yt-15529,1,2,hArDpQVdTYA
yt-15530,0,1,q46a33Squ0w
yt-15532,0,1,o0xbhlphYTw
yt-15534,0,0,RzXgg5vpyWk
yt-15535,1,2,P9tpmbxiwFU
yt-15537,2,4,_6nCS7fmiO0
yt-15538,2,3,1VTLzDSRNCE
yt-15539,2,3,RGykvD39HEQ
yt-15540,2,3,UBAY26elr-w
yt-15541,0,1,SEWw2yyYpY0
yt-15542,2,3,5Q_ERIMZOX0
yt-15543,1,2,fGfRuhSd2IA
yt-15544,1,2,4xyNxgbDaFs
yt-15545,1,2,njQ1T00qtYs
yt-15546,2,3,-aTHHydNOtA
yt-15548,1,2,R9VkwvW2LDU
yt-15549,2,4,UqX0-5X0LRM
yt-15550,0,1,novideo-15550
yt-15551,0,1,as8i0RQkV-Q
yt-15552,2,3,TPQnk10dGuw
yt-15553,2,3,qt4rVgyr1Rg
yt-15554,1,2,m0_SMiOecko
yt-15555,2,3,C3z79NQUX28
yt-15556,2,3,BxWVSoiGmiw
yt-15557,0,1,w0kC3cQ1Wx8
yt-15558,2,3,kRxAH46rH4Q
yt-15559,2,3,S-BBJcnmZnA
yt-15560,0,1,PsnJFN_ksqY
yt-15561,0,1,VZSFaT_mkLM
yt-15564,0,1,lwlAqTJgIKY
yt-15566,0,1,UAvxwn9t22A
yt-15567,2,3,V1IYKesTjjc
yt-15568,2,3,1VTLzDSRNCE
yt-15569,0,1,StEbUmobvwo
yt-15571,2,3,pqinvobBwRQ
yt-15572,0,1,9TmO9LA0c0U
yt-15573,0,1,0IUPr4zLkAY
yt-15574,2,3,F21nkk0jLKU
yt-15576,2,3,9FZQ0My-Wrg
yt-15577,0,1,lvTBdyoNLM0
yt-15579,2,3,lOfHTsy5g4Q
yt-15580,2,3,AVTOU9DRdZI
yt-15581,2,3,1VRlsD09id8
yt-15582,2,3,UCJPIZrDmgk
yt-15583,0,1,MJJYgZFTjso
yt-15584,2,3,tAHK6E03ORo
yt-15585,0,0,C_1VjcKhQM8
yt-15586,1,2,Poy35rRTf3Y
yt-15587,2,3,linvXAI_qnM
yt-15588,1,2,JTMwxYScWMo
yt-15589,0,1,jyOKHS-K8Do
yt-15591,1,2,9bd64aBJs08
yt-15592,1,2,Ci0etbtOVUI
yt-15593,0,1,HZGmuIAu0v0
yt-15594,2,3,yOB2hD7esGs
yt-15595,1,2,_QjGMChHEQc
yt-15596,2,4,oKieT1EnPpw
yt-15597,0,1,EEN5X6bBtQc
yt-15598,0,1,J_bi9jZ6N9o
yt-15599,0,0,oAjFJX4hvNg
yt-15600,2,4,KVAGFjGJvuE
yt-15601,2,3,m0_SMiOecko
yt-15602,2,3,nV1BeExM3vY
yt-15603,0,1,G2Cto08tkHs
yt-15604,0,1,FuZVA3s7b1c
yt-15605,0,1,2jysaWqxYuw
yt-15606,1,2,YNjNrqxOkAo
yt-15607,0,1,OMQLXHJhhYs
yt-15609,2,3,_QjGMChHEQc
yt-15611,2,3,v7o4j-bq524
yt-15612,2,3,h3EFevb9N6Y
yt-15613,2,4,y9UtWHfG31U
yt-15614,1,2,3K9iwCVFICA
yt-15615,1,2,X3UpIF40V7k
yt-15616,2,3,RnEiqCtr7Jc
yt-15618,1,2,RHVtO10xfZE
yt-15619,2,3,_ZgB8HMrAB8
yt-15620,2,3,yxjcbhFx2-U
yt-15622,0,1,5tWG7HI2COE
yt-15623,2,3,1VTLzDSRNCE
yt-15625,0,1,T5mT5YzD0bg
yt-15628,0,1,A29k3LiQ5NY
yt-15629,1,2,WAHG11mNBHg
yt-15630,2,3,jj0A98KputA
yt-15631,0,1,b3QBfxONl3g
yt-15632,2,3,mZhm1zQ_RQg
yt-15633,2,3,6mhlN0VdTmY
yt-15634,2,3,9FZQ0My-Wrg
yt-15635,1,2,r-DrBwH3dd0
yt-15636,2,3,unB18Si-rwg
yt-15637,2,3,g1UhspNtUiQ
yt-15638,0,1,kwhywEM944w
yt-15639,2,3,3Zw7pHCR5cw
yt-15640,2,3,bmA8f_igCjk
yt-15641,1,2,3fTo5rW8gy4
yt-15642,1,2,Erfxy3WsTU8
yt-15643,2,3,MXb873U6HvI
yt-15644,0,0,hiUANxZBtjM
yt-15645,0,1,MCRlYg2l4Jg
yt-15646,1,2,Z97JSt35A2I
yt-15647,0,1,vn2e5NxsfEM
yt-15648,1,2,eyNgsKotcvQ
yt-15650,2,3,OxTH4sqaUto
yt-15651,1,2,7XtsI8iO1Pw
yt-15652,0,1,Vldqn6B9CWk
yt-15653,2,3,Yq0EiGZrFlU
yt-15654,2,3,CtoImuttnPc
yt-15655,2,3,dYBUHBF-yLo
yt-15656,0,0,xcNDEbQ43eI
yt-15657,1,2,s2w0X6aL1Do
yt-15659,2,3,FTKDwF3JyXo
yt-15660,2,3,lzPOiOgpk3U
yt-15661,2,3,5ITNCqhlgUs
yt-15662,1,2,6ZOmuWWomSI
yt-15664,1,2,8z-yaNav_ls
yt-15666,2,3,sepI2oMcbsM
yt-15667,0,1,Y8S3fXlI6kI
yt-15668,0,1,HyXYwx9AHHI
yt-15669,0,1,wsEAUN5e_fQ
yt-15670,2,3,R5f00nmec-g
yt-15671,1,2,novideo-15671
yt-15672,2,4,pjbnL3s4RKU
yt-15673,2,3,lr9_523LeZw
yt-15674,2,3,8ovNXtyXEQA
yt-15675,0,1,BvweeQRZy7M
yt-15676,2,3,9nQPBECsu6k
yt-15677,0,1,novideo-15677
yt-15678,2,3,NW5ZrDYzJEI
yt-15679,1,2,P7BwzwS2oio
yt-15680,1,2,hAw1i6UK0aQ
yt-15681,2,3,vpoVEhc2Xgk
yt-15682,0,1,v4RiM8y89og
yt-15684,1,2,ZOUSjqTH1xk
yt-15685,2,3,bAJG__vlRhQ
yt-15686,1,2,kgUt_QTMdCo
yt-15688,2,3,c0crjGSCEq4
yt-15690,2,3,yW_W_ydkqZ8
yt-15691,0,1,C3z79NQUX28
yt-15692,0,1,yR883GXnAIw
yt-15694,0,1,_KlhIZINooU
yt-15695,2,3,KPgohkiERsE
yt-15696,2,3,m0_SMiOecko
yt-15697,0,0,qpGHlrNOrRU
yt-15698,1,2,keQvyFAcZC4
yt-15699,2,3,x7Pu0bkPhi8
yt-15700,2,3,Nb1d3_cBaik
yt-15701,1,2,47TPggHzgbY
yt-15702,0,1,h4UMYASh0xw
yt-15705,2,3,I5pLLeWFheA
yt-15707,1,2,wJBZ0cZmeqI
yt-15708,1,2,rgQ5jmW90fc
yt-15711,0,1,WCWtMkYjL2Y
yt-15712,1,2,35knlJ4aOTg
yt-15713,2,3,DC05VUtSHmA
yt-15714,2,3,TM1VmKAh1HU
yt-15715,2,3,XMJvKdnn15w
yt-15716,1,2,DZDiiScNx68
yt-15717,0,1,ZS4_w1xK3OE
yt-15718,2,4,R5f00nmec-g
yt-15721,1,2,qt4rVgyr1Rg
yt-15723,0,1,zPixiY-Qchg
yt-15724,0,1,j8zJm63fU8o
yt-15725,2,3,RR4GngFLZmo
yt-15726,0,0,DC05VUtSHmA
yt-15727,2,3,mSAWbrM7fYk
yt-15728,2,3,novideo-15728
yt-15729,2,3,--D84UjD4XU
yt-15730,0,1,U3BkckpaHYw
yt-15731,1,2,qh85fT3ARe8
yt-15732,2,3,pXeOtkaIxgU
yt-15733,2,3,CFTyyxTabmE
yt-15734,2,3,qyA9O6ykNHM
yt-15735,1,2,D5P3N2seChw
yt-15736,2,3,VkuFXSGqxe8
yt-15737,1,2,u-EEXFaQB9U
yt-15739,0,1,1VTLzDSRNCE
yt-15740,1,2,sIEadXFmDdc
yt-15741,1,2,sa2A4UsFprM
yt-15742,2,3,roB6y6pEUoU
yt-15743,0,1,I02T67UEamQ
yt-15744,0,1,N6TY2PqEa6Q
yt-15745,0,1,DO_5qpubT3o
yt-15746,1,2,IsBdqCaHfdI
yt-15747,2,3,GIcjXk4ie2w
yt-15748,1,2,GbXDSAzdoso
yt-15749,2,3,AMK7Qgctj1I
yt-15750,1,2,gzxnzsif2iE
yt-15751,0,1,qpGHlrNOrRU
yt-15752,0,1,D-uZmr5IIXY
yt-15753,0,0,KdgSw94DlVk
yt-15754,0,1,YoD3GqU9HJQ
yt-15755,0,1,FsV5yOGYhrg
yt-15756,2,4,BObJiy5noaM
yt-15757,0,1,mhySXh9xEuI
yt-15758,1,2,YHu5GuLIQ88
yt-15759,0,1,FV6t3FktgBY
yt-15760,0,1,JbJVT_uYMyo
yt-15761,1,2,yTnHjR_HyMA
yt-15762,1,2,novideo-15762
yt-15763,2,3,LZgk2qP1zlo
yt-15765,2,3,8cAerMoXL5I
yt-15766,1,2,PFeAtlcvWck
yt-15767,2,3,T834fbfSy0Q
yt-15769,0,1,bTrQpy0B3zk
yt-15770,2,3,GgOOdZ-h1U0
yt-15771,1,2,4VImN5IGhrw
yt-15772,0,1,baF_fW59odg
yt-15773,2,3,m0_SMiOecko
yt-15774,0,0,aMvugC9VVjk
yt-15776,1,2,jrVknoTp0Ro
yt-15777,2,4,CJ0h5vVvL7Q
yt-15778,2,3,UKpExvEDGx8
yt-15781,0,1,novideo-15781
yt-15782,0,1,tjWTPwPbr1g
yt-15783,0,1,SGmHjavi56Y
yt-15784,1,2,x56_pH5OCkU
yt-15785,2,4,6mhlN0VdTmY
yt-15787,0,1,7kCc4g8vT1I
yt-15788,2,3,CGJlPYrGAPY
yt-15789,0,1,qlw0uhgvtSw
yt-15790,2,3,dYBUHBF-yLo
yt-15792,0,1,bSD15awGihE
yt-15794,1,2,3-RDBxuBJgo
yt-15795,2,3,DC05VUtSHmA
yt-15796,0,1,C3z79NQUX28
yt-15797,2,4,Y75S3K2qeo0
yt-15798,1,2,eRJrj4PeCXc
yt-15799,1,2,skXZ2QFKIDE
yt-15800,0,1,jUqj2nP5Du8
yt-15801,0,1,Y3eBDxFpVFE
yt-15802,1,2,4dxqHZgFydU
yt-15803,2,3,oVlV_Hm7k2g
yt-15805,0,1,uJRq7aISZdo
yt-15806,2,4,RFMEfhqfPas
yt-15807,2,3,IcVpCeocy44
yt-15808,1,2,SGmHjavi56Y
yt-15809,2,3,UowHP8QnlEU
yt-15811,2,3,wdmYXIBMvvE
yt-15812,0,1,zwwVFse75Is
yt-15813,1,2,uNDoiokVsWk
yt-15815,2,3,Jtqm7lKUDhY
yt-15816,2,3,LbmOatgx-34
yt-15817,0,1,Bp3yeibMgQ4
yt-15819,2,3,Ma60BMXLe7s
yt-15822,2,4,qAoMIMeh7ns
yt-15823,1,2,C3z79NQUX28
yt-15824,1,2,-P4OoK-wzZY
yt-15827,2,3,pXdKUWlLH0g
yt-15828,2,3,fn4eih72BL0
yt-15829,2,3,J9e-b-mek9A
yt-15830,2,3,cUdAyd7RQI4
yt-15831,2,3,JGLutYL52ys
yt-15832,0,1,qmraiz5g5AM
yt-15833,1,2,VTNyWzq3kj8
yt-15834,0,1,eppfLh28kAA
yt-15836,0,1,x7SH9cvn_n4
yt-15837,0,1,r2qBtNrhvJc
yt-15838,2,3,SV9ZgPtPVHo
yt-15841,0,1,OLHNtZxyX5s
yt-15842,0,1,ySqcW7RD1nU
yt-15843,0,1,novideo-15843
yt-15844,1,2,U4SkQ1OZqKg
yt-15845,2,3,KdgSw94DlVk
yt-15846,1,2,KRl-Mmvs6fc
yt-15847,2,3,a2R29Br5rpk
yt-15848,0,1,juv7bsVH3sU
yt-15849,2,3,72ZZYxLv_L8
yt-15850,0,1,cHv0EhnJXDs
yt-15851,1,2,RllOvVuC0JM
yt-15853,0,1,X6YgQJ7DnBo
yt-15854,1,2,xr-x8vL921M
yt-15855,0,0,novideo-15855
yt-15856,2,3,9oE2bhIQs0w
yt-15857,1,2,TEzDXkZtcHg
yt-15858,1,2,yoD6NIPfS_8
yt-15860,0,1,0g1MMPWhojg
yt-15861,2,4,sBcv58DvnTc
yt-15862,0,1,lZSuDQVeFBE
yt-15863,2,3,lcC_n98e-Tw
yt-15866,0,1,oHibNbmAZ8w
yt-15867,2,3,pjbnL3s4RKU
yt-15870,0,1,5hoWPP_0uJc
yt-15871,2,3,TeYFrJ8x-Xs
yt-15872,2,3,liIKMoFU3JE
yt-15873,0,0,novideo-15873
yt-15875,1,2,2pOo1MGJ6mc
yt-15876,2,3,DC05VUtSHmA
yt-15878,1,2,EY6iMA1hUiE
yt-15879,0,1,uc_NhoIGwyU
yt-15880,2,3,ktwETEMGT6k
yt-15882,1,2,nZA8mmrTOYo
yt-15883,2,3,XMi_eWA-Eto
yt-15884,2,3,hmp4ZVhgm8o
yt-15885,1,2,J9e-b-mek9A
yt-15886,0,1,AR1gw7RI4m8
yt-15887,2,4,C7C5ui4TGjU
yt-15888,2,3,SFLG6xdxvkU
yt-15889,0,1,8_TixUcU9GU
yt-15890,0,1,BjzrXH_q6ho
yt-15891,0,1,nzF44KFi8gA
yt-15892,0,0,0tYTvthMPXA
yt-15895,2,4,t36UFQm30qg
yt-15896,0,1,pXeOtkaIxgU
yt-15898,1,2,0DDAWnlOPo0
yt-15899,2,3,dmB8zyVTamc
yt-15900,0,1,_jvlVlpK-Dk
yt-15901,2,3,L2ievKIPbJk
yt-15902,0,1,IM-h36KAGjk
yt-15903,1,2,bEmth44pj6k
yt-15904,2,3,BABRe53fna4
yt-15905,0,1,novideo-15905
yt-15906,1,2,auc0UlN0ZpI
yt-15907,0,0,RLEQRqGwGzk
yt-15908,0,1,DC05VUtSHmA
yt-15910,2,3,NwCeg1jqh2Y
yt-15912,0,0,6zWW6_5DDT8
yt-15913,2,3,V0Va_HxkKps
yt-15914,2,3,SV9ZgPtPVHo
yt-15915,1,2,9XM_T3Z27rA
yt-15916,2,3,vpoVEhc2Xgk
yt-15917,2,4,YoD3GqU9HJQ
yt-15918,2,3,novideo-15918
yt-15920,2,4,aYdUWYp6r74
yt-15921,0,1,J3Rkisp6MG4
yt-15922,0,0,OWEyvbfVQq8
yt-15923,1,2,fzQSr9zTB4U
yt-15924,0,0,2XWlH6spDgs
yt-15925,2,4,WjovWkldUdw
yt-15926,0,1,nQ8-5jp-S8k
yt-15927,2,3,bfaCEn4fIbY
yt-15928,1,2,7TdkfaEYZmI
yt-15929,1,2,TfgdwInk4l4
yt-15930,2,3,IsBdqCaHfdI
yt-15931,0,1,nPsdQz6ygz4
yt-15932,2,3,UhFdcBIIrBk
yt-15933,0,1,-VWrqKzVXDw
yt-15935,2,3,g8F9MzWu-FY
yt-15938,0,1,-ILy3qmBmu8
yt-15939,2,3,245tJt9MIgU
yt-15940,0,1,69876bW5198
yt-15942,2,3,qh85fT3ARe8
yt-15944,2,3,EEOZhmoLGBc
yt-15946,2,3,GceG3HakyFo
yt-15947,0,0,Q2-sdYOcPng
yt-15948,2,3,9hcI5eswVz0
yt-15951,0,1,IRObFMbFOIU
yt-15952,2,3,LV3IMEDalZo
yt-15954,1,2,Plg9P8sBAYE
yt-15955,1,2,JIigW7ae_Kw
yt-15957,0,1,9MKVJ0vFZ3g
yt-15958,0,1,fKKVrpCSmtw
yt-15959,0,1,mk63In1lonw
yt-15960,2,4,b4zHQiJEaCY
yt-15961,0,1,MdEcTYUxGO8
yt-15962,2,3,MhEQyO4-2o4
yt-15963,1,2,novideo-15963
yt-15964,2,3,qh85fT3ARe8
yt-15965,1,2,LdKSC-iCWs0
yt-15966,0,1,CfQ87BJv4XM
yt-15967,1,2,FqfaM7yKapo
yt-15968,2,3,novideo-15968
yt-15969,2,3,nqUzEDp6wFM
yt-15971,0,0,RN0zNNH89h8
yt-15972,0,1,OUdkJZ24Xfg
yt-15973,0,1,PMpmRb07Foc
yt-15974,0,0,novideo-15974
yt-15977,2,3,7uzK-ZdEPnk
yt-15978,2,4,j3P39jboPe0
yt-15979,0,1,S1EZZSfbI0Q
yt-15980,2,3,j84zsPtsDnU
yt-15981,2,3,swpDpcP6bIM
yt-15982,1,2,CAHK-yJnxRk
yt-15983,1,2,hmp4ZVhgm8o
yt-15984,2,3,ipoUBCBlODE
yt-15985,2,3,o0xbhlphYTw
yt-15987,2,3,GD1ZGLnQpD0
yt-15988,0,1,YQ6JEpBh-eU
yt-15989,1,2,novideo-15989
yt-15990,2,4,OWhNL9FtMsQ
yt-15991,2,3,roB6y6pEUoU
yt-15992,0,1,qPLQ2SjYIDA
yt-15993,2,3,cVG7CHBOXWE
yt-15995,1,2,XmwTCe_qbCs
yt-15996,1,2,iRmZXzKS6e4
yt-15997,0,1,CFTyyxTabmE
yt-15998,2,3,_FoIY4MdolE
yt-15999,2,3,MJJYgZFTjso
yt-16001,2,3,b845mDdsHLE
yt-16002,2,3,J9e-b-mek9A
yt-16003,1,2,CRTVd9zlMvs
yt-16005,1,2,-VWrqKzVXDw
yt-16006,2,3,C41NWw9WtX0
yt-16008,1,2,7XL2SVpQT6o
yt-16009,0,1,IwDoNLKJ-jE
yt-16010,2,3,HFypvjjhIhs
yt-16011,2,3,gnlhjnFU4mo
yt-16012,1,2,js3AebN1HNo
yt-16013,2,3,HXFC38CGuB0
yt-16014,2,3,VTNyWzq3kj8
yt-16015,1,2,d3-ZO8viWdI
yt-16016,0,1,9hmhPF0bj9I
yt-16017,2,3,SjBG8p6snGg
yt-16019,0,1,fwYZBXBlmsM
yt-16020,2,3,4FVoJRAy330
yt-16021,1,2,qGNLdbv5jTE
yt-16022,2,3,NwCeg1jqh2Y
yt-16023,2,3,novideo-16023
yt-16024,2,3,ywdkzZxMsrI
yt-16025,2,3,kHwHSMPne2U
yt-16026,2,3,tCfU8b-XWHI
yt-16027,2,3,B9owm3eKuqw
yt-16028,0,1,s3fFF3Rdb1o
yt-16029,0,1,thh5KS1whS0
yt-16030,0,1,zhngeBSdLpc
yt-16031,1,2,EALETRMi6mA
yt-16032,2,3,fD07xZTop8M
yt-16034,2,3,CVt3UBCUirg
yt-16035,2,3,cuQ1VtKOcNI
yt-16036,1,2,ntcXEPLfIro
yt-16037,2,3,YVH-mGwVfnY
yt-16038,0,1,YgD9TG-kR3Y
yt-16039,0,1,t3Q8Haoiv6g
yt-16040,2,3,t_31b272Oi8
yt-16041,2,3,ZpqJgmftaTg
yt-16042,2,3,svTPEczNBsg
yt-16043,0,1,RfKoChpMEps
yt-16044,2,3,1VTLzDSRNCE
yt-16046,0,0,npu1sASOflU
yt-16048,2,3,cQvJzTMquIw
yt-16049,0,1,UkBIk52H2yQ
yt-16050,2,4,zYtSGXAxeag
yt-16051,0,1,_KMT40jFA8c
yt-16052,0,1,gzxnzsif2iE
yt-16053,0,1,P3K_JvwZq3g
yt-16054,1,2,uJlLhbOO_R8
yt-16057,2,3,novideo-16057
yt-16058,0,0,Etu6rKqKp50
yt-16059,0,1,-HcWLnb6EJs
yt-16060,1,2,aaLkHKhnoCA
yt-16062,2,3,PkLeE7ksifI
yt-16064,0,1,9TmO9LA0c0U
yt-16065,0,1,m4dN3WtP6Kc
yt-16067,2,3,NMYuG6WfmOQ
yt-16068,2,3,m0_SMiOecko
yt-16069,1,2,a2R29Br5rpk
yt-16070,0,1,8CD0s99FO98
yt-16071,1,2,Q35vQalYuRA
yt-16072,2,3,RJUFYnLDWRQ
yt-16073,0,1,DN8Y5hq8qro
yt-16075,0,1,h9FgBHnCfoc
yt-16076,1,2,novideo-16076
yt-16078,2,3,_kBt-B3CTHY
yt-16079,2,4,qy5AczOJQxs
yt-16080,2,3,MK5FiXdkOQM
yt-16081,2,3,MZoCP9okU5U
yt-16082,2,3,MJJYgZFTjso
yt-16084,1,2,KbyuZZJxiP0
yt-16085,2,3,hmp4ZVhgm8o
yt-16088,1,2,_bNHYSjZeyA
yt-16090,2,4,pXeOtkaIxgU
yt-16091,0,1,kbG0kbgNnSw
yt-16093,0,1,6mDzX7C12bk
yt-16094,0,1,FOEKdxewACU
yt-16095,2,3,qt4rVgyr1Rg
yt-16096,2,3,uTJtDjyPFZc
yt-16097,0,1,tQQlBWoP2o8
yt-16098,0,1,SGX6aguU5QM
yt-16099,1,2,4WrHocm3Yow
yt-16100,0,1,bDPqAxiALK8
yt-16101,2,3,m0_SMiOecko
yt-16103,1,2,87YSAS3LJlw
yt-16104,0,1,wF0BFR24WLo
yt-16105,1,2,yWuU6M9UC9s
yt-16106,2,3,0gn0jISSgsk
yt-16107,2,3,qaF2lvpYJYw
yt-16108,2,3,ZpqJgmftaTg
yt-16110,0,1,sHDIjs0XpUU
yt-16111,0,0,VZSFaT_mkLM
yt-16112,1,2,FDs2pwFCUtg
yt-16113,0,1,mvSle93NmYM
yt-16114,0,1,6WxP5aK25K8
yt-16115,0,1,dOFQL-liask
yt-16116,1,2,2pC1_zHxZvE
yt-16117,1,2,8BLqIzq9EGM
yt-16118,1,2,hZE_PZwRisY
yt-16119,2,3,C3z79NQUX28
yt-16120,0,1,sX5ORTz9SAo
yt-16121,2,3,0uBQOW3Fmns
yt-16123,2,3,JH5qHfBPZcE
yt-16124,0,1,-hW-7SRRQaA
yt-16125,2,3,m0_SMiOecko
yt-16126,2,3,1KZNiZnHQ_Q
yt-16127,0,1,8HjR25QB_Io
yt-16128,2,3,VkuFXSGqxe8
yt-16130,0,1,-KoN1FWrXLo
yt-16131,2,3,oA3lSKxewMM
yt-16132,0,1,t3Q8Haoiv6g
yt-16133,2,3,m0_SMiOecko
yt-16134,0,1,1VTLzDSRNCE
yt-16136,2,3,EoGzGig7v94
yt-16137,2,3,0Y2mwEJ26N0
yt-16138,1,2,bubm1656O7g
yt-16139,1,2,hmp4ZVhgm8o
yt-16140,0,1,2thTSGx8_s4
yt-16141,0,1,vY_vArqbWZ4
yt-16142,1,2,uu2zRlPidNk
yt-16143,0,1,OWh2jtr30j8
yt-16145,0,0,uzYdEkQzyaw
yt-16148,2,3,rxAmEpyvMeI
yt-16149,1,2,K-AUjl5gico
yt-16150,1,2,HZGmuIAu0v0
yt-16151,1,2,IjyH-MvF1tQ
yt-16152,1,2,BUyIhZIpf5k
yt-16153,1,2,4x9ll6i1Pdg
yt-16154,2,4,teD2iHv2hZ8
yt-16155,2,3,ZE0SWTfC8cg
yt-16156,2,3,z8xxgFxN18g
yt-16157,1,2,sX5ORTz9SAo
yt-16158,2,4,YoD3GqU9HJQ
yt-16159,2,4,MhEQyO4-2o4
yt-16160,0,1,yzN-pRrle0o
yt-16161,1,2,qnTDIrwlFTM
yt-16162,2,3,9R9ysNEAKxs
yt-16163,1,2,PMpmRb07Foc
yt-16164,2,3,Gfb4fljS618
yt-16165,1,2,RcCBOHQAWco
yt-16166,2,3,bgI0r1-k9Rc
yt-16167,2,4,fp3YpxUKQ5U
yt-16168,0,1,5RnscnAPNms
yt-16169,2,3,Pe0SmG6Rzj0
yt-16170,0,1,jE1iWiEBNag
yt-16171,2,3,QDuWpn8kVDw
yt-16172,1,2,ZPeyAwIhNf4
yt-16176,1,2,Zjc-7pMUyho
yt-16177,2,3,FV6t3FktgBY
yt-16178,2,3,f2Wog5lz11I
yt-16179,0,0,pzTgsdFxN68
yt-16180,2,3,DTXrPVvpkMg
yt-16181,0,1,Zmhpz2pVak0
yt-16182,2,3,TM3TaPPJt6Q
yt-16184,0,0,4oLANg-lKX4
yt-16185,2,3,tvkn6j0RPrw
yt-16186,0,1,g-QrOQzeEHo
yt-16187,0,1,ZpqJgmftaTg
yt-16188,0,1,YF_L0vW3RaQ
yt-16189,1,2,NyQuiPMP5Eo
yt-16190,2,3,iX9zJmIxZ4E
yt-16191,1,2,PMpmRb07Foc
yt-16192,1,2,_lAa7LFmirA
yt-16193,2,3,5POnpMrDbw8
yt-16194,0,1,LCPHdZcRK3s
yt-16195,2,4,yNuU2vm2784
yt-16197,2,3,142H3lq7_RQ
yt-16198,2,4,gaW4gMFZm4I
yt-16199,0,0,Kugv2fmlFBM
yt-16200,0,1,1XUwyElBY1o
yt-16201,0,1,novideo-16201
yt-16203,2,4,kNLCKUG5c80
yt-16204,2,3,FyWtzmH05k4
yt-16206,0,1,hIyUCqJqGqI
yt-16208,1,2,4ic0lfmk9xw
yt-16210,2,4,o7bR9EJuQ04
yt-16211,0,1,4LwFfcfUwvs
yt-16212,2,3,IyoZBHfRydM
yt-16213,2,3,1KZNiZnHQ_Q
yt-16214,0,0,b3QBfxONl3g
yt-16216,2,4,bA-mZAoRQuA
yt-16219,2,3,yypLKij21-Y
yt-16220,2,4,VkuFXSGqxe8
yt-16221,1,2,ktwETEMGT6k
yt-16222,0,1,2zXh1XqNU64
yt-16223,2,3,a2R29Br5rpk
yt-16224,0,1,mlGAI6kEeTI
yt-16225,2,3,vXylMOJ3MRc
yt-16226,2,3,lpcZUVgQEOg
yt-16227,2,3,fpsSXC9gQcw
yt-16228,2,3,w0_EVob7i1c
yt-16229,1,2,zaOiWaQPiHE
yt-16230,2,3,m0_SMiOecko
yt-16232,0,1,GaTfGKoQOdE
yt-16233,0,1,ioIfv5YbgBc
yt-16235,0,1,M8cON8wr35Y
yt-16236,1,2,m0_SMiOecko
yt-16237,2,3,smRj5yUtG5g
yt-16238,2,3,CVt3UBCUirg
yt-16240,2,3,sX5ORTz9SAo
yt-16241,1,2,blCSl6aTdz4
yt-16242,2,3,novideo-16242
yt-16243,0,1,XdJXrpQc5uw
yt-16244,1,2,YBW_NIkzmNA
yt-16245,2,3,W93B7cSaKLg
yt-16246,2,3,DC05VUtSHmA
yt-16247,1,2,5MCBRjd-QaU
yt-16248,1,2,_dE9-4G0MII
yt-16249,1,2,1ZwZLRPXXGY
yt-16250,1,2,ggwARcwdI6Q
yt-16253,0,1,novideo-16253
yt-16254,0,1,ZSw4nXr-Nwg
yt-16255,1,2,PgYar4XYv1s
yt-16256,2,3,FuZVA3s7b1c
yt-16257,0,1,novideo-16257
yt-16258,2,4,p522K4lYI3Q
yt-16259,0,1,yuhO8zdMs8A
yt-16260,2,3,nyc3QgMmclU
yt-16261,2,3,UhFdcBIIrBk
yt-16262,0,1,nrepj2Jm93c
yt-16263,0,1,novideo-16263
yt-16264,2,4,C4fg5wZupBo
yt-16265,0,1,sYcgRT4n_FQ
yt-16266,1,2,w6DA8VLLlTs
yt-16267,0,1,ZS4_w1xK3OE
yt-16268,1,2,yLV4MyNTSvo
yt-16269,2,3,_zg4pI-Qndc
yt-16270,2,4,3Qwtpxh25fM
yt-16271,1,2,2hB7nn5Wk0M
yt-16273,2,4,P9tpmbxiwFU
yt-16274,2,3,3TycaVO0Rso
yt-16275,2,3,OUOybse-lWQ
yt-16276,2,3,IOX4x1GPTLM
yt-16278,2,3,5MZDMbxkoPQ
yt-16279,2,3,DUo_iaFuJl0
yt-16280,0,1,novideo-16280
yt-16282,0,1,tVbZn83-cnM
yt-16283,0,1,mwh_60brRjc
yt-16284,1,2,LmM6lNJIAwc
yt-16285,1,2,70-w6BoPZ3g
yt-16286,0,1,biLd7JJb71Q
yt-16287,2,4,Ia4RNWhq9K0
yt-16288,0,1,ud8Ww-W2Plg
yt-16289,1,2,RzW6GprMN_k
yt-16290,2,4,HxKLQVUU-rg
yt-16291,0,0,novideo-16291
yt-16292,2,3,uRiW3NRF2Ys
yt-16293,2,3,FfXVzl00shs
yt-16294,2,3,NsLC3YbqZY0
yt-16296,2,3,bih1zX9GfyQ
yt-16297,0,1,M9W9zk014rY
yt-16298,1,2,MvO1JCrLoRg
yt-16299,0,1,Ji3ga86kV_E
yt-16301,2,3,RO8L87ke0SY
yt-16302,0,0,yEMY0GeVMsE
yt-16303,2,3,q-NxZmpMQmo
yt-16304,1,2,6CljvA6u2bQ
yt-16305,1,2,novideo-16305
yt-16306,1,2,9lOQLxDbFUM
yt-16307,2,3,o5BDqK0S__I
yt-16308,0,1,WrqzM6WEZ7s
yt-16309,1,2,7eWSNJZzX5w
yt-16310,0,1,CfzGjm8U_Uw
yt-16311,0,1,_QoUS6JaJlU
yt-16312,2,3,pXu9urbN6eA
yt-16313,0,1,WHAG5GEP3-M
yt-16314,0,1,xtGYRR-u_yA
yt-16315,2,3,bxu9Gg0jVRE
yt-16316,2,4,Z3_umP8CgBs
yt-16317,0,1,QmfvaL9RgkE
yt-16318,2,3,YFM8Axmv-jc
yt-16320,2,3,HNRz3E1Zr5E
yt-16322,2,4,wF0BFR24WLo
yt-16324,0,1,iImPwajZZlg
yt-16325,0,1,_uPjqtGxgPE
yt-16326,0,1,_FoIY4MdolE
yt-16327,0,1,jMKI2ETx6ZY
yt-16329,0,1,F85faLwfcBI
yt-16330,2,3,gdZbz7hYh_I
yt-16331,2,3,i9VOw4sitFc
yt-16332,0,1,_v1aS-jyG-M
yt-16333,2,3,novideo-16333
yt-16334,0,1,dRfmMKZsnBE
yt-16335,0,1,xheY6WxWHPI
yt-16337,1,2,ywdkzZxMsrI
yt-16338,2,3,ZOUSjqTH1xk
yt-16339,2,3,HuAzsUwkjfw
yt-16340,1,2,ptpl25AWYCs
yt-16341,1,2,dATsH3yssdE
yt-16342,0,1,ABnjxb1X2Lg
yt-16343,2,3,bXZWusMdCQo
yt-16344,0,0,KlcNe8lto4U
yt-16345,2,3,QMYARnioBl4
yt-16346,1,2,RbkVuJqb_YQ
yt-16347,0,1,SuQU6hINx0E
yt-16350,0,0,MhOfvffUbEY
yt-16352,0,1,sF8RGKKRP4k
yt-16354,0,0,cCJi_9GV44c
yt-16356,1,2,1SZI5E-BPRU
yt-16357,1,2,PdryfoSE2xs
yt-16358,2,3,yLV4MyNTSvo
yt-16359,2,3,Xi_BwJ6T_3s
yt-16360,2,4,eOdS_joghKw
yt-16361,2,3,hxdRSl5gufQ
yt-16362,2,4,Tt4b41FP9RU
yt-16363,0,1,RQWL1m55C58
yt-16364,2,3,novideo-16364
yt-16365,2,3,VkuFXSGqxe8
yt-16366,1,2,0qTFQ4zhLPE
yt-16368,0,1,VSnaJNaz7RU
yt-16369,0,1,SfvN-XDhzME
yt-16370,2,3,Y3T20pSx4C0
yt-16371,1,2,quis0JDETmw
yt-16372,2,3,vpoVEhc2Xgk
yt-16373,0,1,k4VurHbhoyM
yt-16374,1,2,_r6dHHFEY1E
yt-16375,2,3,u5JdfVatFF4
yt-16376,0,1,yOLfFOf6IPk
yt-16377,2,3,sepI2oMcbsM
yt-16378,2,3,Nwj5tU2Ikio
yt-16379,1,2,yni-Rl_gvHo
yt-16380,1,2,qAoMIMeh7ns
yt-16382,2,3,Yi3nEJzGkws
yt-16383,2,3,-AVpfcE3F3E
yt-16384,1,2,qbUK3m6y8Ps
yt-16385,1,2,g8J8ngc0kVU
yt-16386,2,3,Uk-AH5zgnOw
yt-16387,1,2,wdkkkxujOsc
yt-16390,1,2,hLQ-hI2Sdg0
yt-16391,0,1,PR548PUD8J4
yt-16392,2,3,G0O3xtSz2_M
yt-16394,0,1,L_Nrn2F50po
yt-16395,0,1,XjYri0UjdCo
yt-16396,2,3,novideo-16396
yt-16397,0,1,CtxzWKYlfJc
yt-16402,1,2,vpoVEhc2Xgk
yt-16403,2,3,0VHdlG-cyA4
yt-16404,2,3,guTbHmOCr6Q
yt-16405,2,3,8qWFCf7Ab7Y
yt-16406,2,3,novideo-16406
yt-16407,0,1,uI7UMerWSqg
yt-16408,0,1,bZAjeSUFiEE
yt-16409,0,0,OzFhSYm8jw4
yt-16410,0,1,G6KHT5DdEIk
yt-16411,2,3,oA3lSKxewMM
yt-16412,1,2,-DaLzhF64DM
yt-16413,2,3,WfshEpeYqSo
yt-16414,0,0,hArDpQVdTYA
yt-16417,0,1,yh0U1AlYA1c
yt-16419,2,3,fp3YpxUKQ5U
yt-16422,0,1,XdJXrpQc5uw
yt-16423,1,2,feQ0OvGIyww
yt-16425,0,1,btrzODCnxOg
yt-16426,1,2,lXvo5vZ4jH8
yt-16427,1,2,0JOEsXVL0ZM
yt-16428,0,1,ud8Ww-W2Plg
yt-16429,2,3,Nwj5tU2Ikio
yt-16430,2,3,_QYuKdUH7rY
yt-16431,2,3,zBmq2Mzfiow
yt-16432,0,1,-Abl_vxbhiU
yt-16434,2,3,FJagwas5CuY
yt-16435,1,2,qAoMIMeh7ns
yt-16437,0,1,novideo-16437
yt-16438,2,3,FdVL3t5V-Z0
yt-16440,2,4,b_x9tMcie0g
yt-16441,0,1,IHqJGDzFGiI
yt-16442,2,4,LBCqIPfDSCg
yt-16443,1,2,HM5BUqIugV8
yt-16444,1,2,vsdLVZ5-KD8
yt-16445,0,1,4m_jvmSRt3Q
yt-16446,2,3,RUfZioLj9SQ
yt-16447,2,3,m0_SMiOecko
yt-16448,2,3,Y75S3K2qeo0
yt-16449,0,1,5Fk8d2uRcR8
yt-16452,2,3,v7zlnATufOw
yt-16453,1,2,IA78BtM5jU8
yt-16454,2,3,LJDxqnJksc0
yt-16455,0,1,9lij1A_f1cQ
yt-16456,2,4,novideo-16456
yt-16457,2,3,mbcEkJYW8Bo
yt-16458,0,1,npSahz28sMo
yt-16459,2,4,dx8thcEMbgg
yt-16460,1,2,iS7KN9AYPvo
yt-16463,2,3,v7WOvfeRZYw
yt-16465,2,3,G0O3xtSz2_M
yt-16466,2,3,novideo-16466
yt-16467,2,3,8v6_qpkXA1I
yt-16468,2,3,OhQXv414rPc
yt-16469,0,1,NNRau4jGeog
yt-16470,2,3,MWDvXA_8VTA
yt-16471,2,3,NBnZ12z72fM
yt-16472,0,0,NWYSsAv7Qxo
yt-16473,2,3,pXeOtkaIxgU
yt-16474,0,1,pUWyUUVfkOc
yt-16475,2,3,FuLiO6B1nQw
yt-16477,2,3,cpPgXK40D48
yt-16478,2,3,0aqfE0BVd1Q
yt-16480,1,2,eVNT3gFdrws
yt-16482,0,0,lguUYadipG4
yt-16483,0,1,PKmZF4K1I6s
yt-16484,1,2,A72TSzcV2n0
yt-16486,2,3,m0_SMiOecko
yt-16487,2,3,a2R29Br5rpk
yt-16489,1,2,GbCJp2HqDJ4
yt-16491,1,2,mnr8ckIPZck
yt-16493,2,4,o8-4eE2YgDw
yt-16494,0,1,AxaIZ36B4C4
yt-16496,0,1,9okiIOPO1ps
yt-16498,0,1,SGsNYvmRTOE
yt-16499,0,1,4MyYSG89I_g
yt-16500,0,1,8cnhmXyC7bY
yt-16501,1,2,novideo-16501
yt-16502,0,1,wgkvKhFwv7c
yt-16503,2,4,wq_RiR3dwGY
yt-16504,2,3,tAHK6E03ORo
yt-16505,0,1,Y75S3K2qeo0
yt-16506,0,1,hqE8jX-mxDs
yt-16508,0,1,zTOMEmtYNEY
yt-16509,2,3,rn3gcCgylwE
yt-16512,0,1,IAb3PNtxLxc
yt-16513,1,2,9mg6uOQm6gY
yt-16514,0,1,Pcw7bs7uxQo
yt-16515,0,1,hXwD4HEYMH8
yt-16516,1,2,Dgh4nHlxCNc
yt-16517,2,3,sXuskB0pRvY
yt-16518,0,1,4nPZtcbOTEE
yt-16519,0,1,ImCd8FoW7UM
yt-16520,2,3,novideo-16520
yt-16521,0,1,g4Yn1FKKpaw
yt-16522,0,0,rOaV0ZD8BpA
yt-16523,2,3,XNk_K0xhR7A
yt-16524,2,3,gJ-H1sbgx1k
yt-16525,0,1,IsBdqCaHfdI
yt-16526,2,3,seSIsmni0-g
yt-16527,2,3,DC05VUtSHmA
yt-16528,2,3,34ygxF4_SW8
yt-16529,0,1,uSZC7-wNRHU
yt-16530,1,2,m0_SMiOecko
yt-16531,0,1,8kGD7qPLcF8
yt-16532,0,0,cwHarQaYz0g
yt-16533,1,2,OyCH6f0HBlc
yt-16534,0,1,Y75S3K2qeo0
yt-16535,2,3,crZXIcDWQbI
yt-16536,1,2,DC05VUtSHmA
yt-16537,2,3,JeFaQd2fq-8
yt-16538,2,3,6TAhCfFuOCA
yt-16539,0,0,sv2WaYHEIRs
yt-16541,0,1,s5b4Rhxzhh8
yt-16542,0,1,j1m4J60umVo
yt-16543,0,1,TeYFrJ8x-Xs
yt-16545,0,1,ySqcW7RD1nU
yt-16546,0,1,lbUh-MNjae8
yt-16547,2,3,S50k0ZJ6dyY
yt-16548,2,3,qSewJTbNyWg
yt-16550,2,3,8qWFCf7Ab7Y
yt-16551,2,4,roB6y6pEUoU
yt-16552,1,2,hOlkDwmSoLY
yt-16553,0,1,9XvlHN0UPbk
yt-16554,2,3,wF0BFR24WLo
yt-16558,2,3,pUNt8QgQwvQ
yt-16559,1,2,hmp4ZVhgm8o
yt-16560,1,2,wO9g4tw5Pvg
yt-16561,0,1,Y76CzPWUbB8
yt-16562,1,2,P77UiR1vj9Y
yt-16563,0,1,8tet3k-677E
yt-16564,1,2,pUWyUUVfkOc
yt-16565,0,1,yL76f9B0VEY
yt-16566,2,3,omwgOzSOhhE
yt-16567,2,3,yL76f9B0VEY
yt-16568,0,1,jZSVW246g_I
yt-16569,1,2,k4pG80qgAew
yt-16570,2,3,LyCmh1bGGLI
yt-16571,2,3,HAA9JBWd3Ls
yt-16572,0,1,PUBcF2idG5o
yt-16573,2,3,Cy2r7T7sVLU
yt-16574,2,3,nEWMowr4nNg
yt-16575,1,2,3-RDBxuBJgo
yt-16576,1,2,Jh4tpeTceSg
yt-16577,2,3,_0hb2U46nZE
yt-16578,2,3,xJlvWU6gxVw
yt-16579,0,1,s1UcYUnbR9w
yt-16581,0,1,q8CDkPWnH_g
yt-16582,2,3,dYBUHBF-yLo
yt-16583,0,1,btrzODCnxOg
yt-16584,1,2,vn53N8iocfs
yt-16585,2,4,9nDf7je5zPU
yt-16586,0,0,WLSLpHsHgqY
yt-16587,0,1,pxNYd-XxSWY
yt-16588,2,3,DKnCq4ZHNIY
yt-16589,1,2,kgUt_QTMdCo
yt-16590,1,2,jrkUi8Wgh8A
yt-16591,2,4,-WEHiitOt8I
yt-16592,1,2,9TmO9LA0c0U
yt-16593,2,3,ff6vbx_mCkg
yt-16595,0,1,2Dv0IBFwmn4
yt-16596,2,3,ykF6ZTfkt28
yt-16598,1,2,novideo-16598
yt-16599,0,1,ppVa-oUquhI
yt-16600,0,1,404SiFMvAIE
yt-16601,0,1,JCOiZtAvwso
yt-16602,1,2,0H27dr5WNKc
yt-16603,1,2,WXWRIl6jRXY
yt-16604,2,3,IyoZBHfRydM
yt-16605,0,1,qK0_SPwnars
yt-16607,0,1,qh85fT3ARe8
yt-16608,1,2,WwMTHsJgfws
yt-16609,2,3,ejPRQ37seqk
yt-16612,2,3,-MwCY_FSsWk
yt-16613,1,2,YQChHjnyouU
yt-16616,2,3,novideo-16616
yt-16619,1,2,IyjHWFl4sIY
yt-16620,2,3,LG401aBnG8M
yt-16622,0,1,-yzD04Xpxv4
yt-16623,2,3,TfgdwInk4l4
yt-16624,2,3,MCRlYg2l4Jg
yt-16625,1,2,novideo-16625
yt-16627,1,2,NPK3WSC0aoU
yt-16629,2,3,kZ-kcl7Bom4
yt-16631,2,3,ibxQj6B2-6w
yt-16632,0,1,2ckTjFoTSqI
yt-16634,0,0,9KOMrYH6yJI
yt-16635,0,1,MCRlYg2l4Jg
yt-16636,2,3,novideo-16636
yt-16637,2,3,SGX6aguU5QM
yt-16638,1,2,Vt4vxu8mNQQ
yt-16639,0,1,tX3QKKzFlbk
yt-16640,2,3,1FrqdfjJewQ
yt-16641,0,1,Ndkag1gFXOI
yt-16642,2,3,MbalSDosWtE
yt-16643,2,3,pXeOtkaIxgU
yt-16645,0,1,Ah1yjN8xf18
yt-16647,0,1,FM8dg8dQ46Y
yt-16648,2,3,KEKjepewwfw
yt-16649,2,4,ylO96d4azMQ
yt-16650,0,1,PLCR4rhl9Rw
yt-16651,2,3,0tYTvthMPXA
yt-16652,0,1,novideo-16652
yt-16654,2,3,Toktzim84yU
yt-16655,1,2,-ANgTHPqjFc
yt-16656,0,1,6xpOaUf1LEI
yt-16657,2,4,pb4qYO7o8wA
yt-16658,2,3,m0_SMiOecko
yt-16659,2,3,m0_SMiOecko
yt-16660,0,0,-xi8IqnX5iU
yt-16661,1,2,l4G6K9iN1dQ
yt-16662,2,3,paZBtovatSw
yt-16663,2,3,YoD3GqU9HJQ
yt-16664,0,1,vCfJ48JKFJQ
yt-16666,1,2,Xt396EA9TTU
yt-16668,1,2,P7Qf_zXyPPg
yt-16669,1,2,yTnHjR_HyMA
yt-16670,0,0,pQx-P8tEtLo
yt-16671,2,3,ICLWKeTEPcU
yt-16672,1,2,novideo-16672
yt-16673,0,0,97vlSnirrII
yt-16674,2,3,TfgdwInk4l4
yt-16675,0,1,FXFwA9e89Y4
yt-16676,2,3,Eifv1zrQF3A
yt-16677,0,1,IfEQvQya5E0
yt-16678,2,3,dX7qmhhwT20
yt-16679,2,4,DDtyKUaeYhc
yt-16680,0,1,-5y0A0pURDQ
yt-16681,0,1,thgjefH44Ag
yt-16682,1,2,WcCJAHKIJFw
yt-16683,0,0,YQv8stnK-cE
yt-16685,1,2,_R7qxBsiZ-Q
yt-16686,2,3,iRmZXzKS6e4
yt-16687,2,3,0NfArkRDato
yt-16688,0,1,ZOUSjqTH1xk
yt-16691,2,3,DK-L1hS6Iy4
yt-16692,0,1,novideo-16692
yt-16693,1,2,_wUW1tKmVZA
yt-16695,0,1,BGWRRszQaqU
yt-16696,2,3,h4UMYASh0xw
yt-16697,0,1,IveneGKsoj0
yt-16698,0,1,SV9ZgPtPVHo
yt-16699,0,1,ZlDY-HGy25U
yt-16700,1,2,y-eH5oo7BP0
yt-16701,1,2,oA3lSKxewMM
yt-16702,1,2,QuSAU22St00
yt-16703,0,1,35VTsaM2yR0
yt-16704,0,1,vKA4UMZDqQ4
yt-16705,0,1,CaQL0KqFFN8
yt-16707,0,1,YtFjKh5J9nI
yt-16708,0,1,Api4CtKUA0M
yt-16709,2,3,5i_X2SFHqDY
yt-16710,2,3,unB18Si-rwg
yt-16711,2,3,yTnHjR_HyMA
yt-16714,0,1,ilsSBu6D5mQ
yt-16715,2,4,JVNY5NJTyFs
yt-16716,2,3,NQ4sX6jJ_54
yt-16717,2,3,Jh4tpeTceSg
yt-16718,2,3,DC05VUtSHmA
yt-16719,1,2,5XVCd9VqOqc
yt-16721,0,1,kv_HZ4q9mHs
yt-16723,1,2,UgAD2hx0fs8
yt-16724,2,3,T5lbFpTBOS8
yt-16726,2,3,WgBoQYwsU8o
yt-16727,0,1,DBj1ET7-S1Y
yt-16728,1,2,oZN2Ni9yXB4
yt-16729,2,3,qh85fT3ARe8
yt-16730,0,1,TCrN6bSbW9I
yt-16731,2,3,novideo-16731
yt-16733,0,1,4i9o9T5e3vU
yt-16734,2,3,novideo-16734
yt-16735,0,1,BFuz4UsYRVo
yt-16737,2,3,wCIRuVl8mX0
yt-16738,2,4,lt4vqvNACBw
yt-16739,0,1,vYh2cV0J28E
yt-16741,2,3,m0_SMiOecko
yt-16744,1,2,qh85fT3ARe8
yt-16745,2,3,QAtPYVJzeZ4
yt-16747,2,3,MIhWTpG2wcM
yt-16748,2,3,Kd6WIk5iRhA
yt-16749,0,1,lXxblx0e9Ys
yt-16750,0,1,9XvlHN0UPbk
yt-16751,0,0,oXXFG_i3qfE
yt-16752,1,2,PU_Ic_7N-gI
yt-16753,2,3,-1uDreg6buw
yt-16754,1,2,VHS9zYsJs4k
yt-16755,2,3,shzzki9NGeY
yt-16756,1,2,BLX7sTQqkYA
yt-16757,2,3,-VH2Xbe7mvI
yt-16759,2,3,ZXg1LaDL4OI
yt-16760,2,3,VX24pMefwkU
yt-16761,1,2,Ep61tpBLF_k
yt-16762,2,4,A2eDX41X24w
yt-16763,1,2,lXxblx0e9Ys
yt-16764,1,2,u0bDRNKF7iA
yt-16765,1,2,paZBtovatSw
yt-16766,2,3,8Onktbb6acM
yt-16767,2,3,8YES7LH6Euk
yt-16768,2,3,hILH7rxI7GE
yt-16770,0,1,0IUPr4zLkAY
yt-16771,1,2,ke2U-g0iZEY
yt-16774,0,1,mBymBXG4BtU
yt-16775,2,3,1Ym_jsAdMa4
yt-16776,2,3,y-eH5oo7BP0
yt-16777,1,2,lYzljNQif3E
yt-16778,0,1,5PSgss-08nE
yt-16779,1,2,w1cfRTk-DQ0
yt-16780,0,1,V-nZDGMn4tA
yt-16782,1,2,rzJV7tJIXjA
yt-16783,2,3,h9oZAf8e2zE
yt-16784,1,2,MhEQyO4-2o4
yt-16785,1,2,06tWe_Ql60M
yt-16786,0,1,otpmYs1VVtc
yt-16787,2,3,HykkwYN7kRw
yt-16788,2,3,sX5ORTz9SAo
yt-16791,2,3,HcnXyPvUNQw
yt-16792,1,2,FWFw8QijdUg
yt-16793,0,1,ZOUSjqTH1xk
yt-16795,2,3,NQ4sX6jJ_54
yt-16796,2,3,m0_SMiOecko
yt-16798,2,3,SP6RUF__Xc0
yt-16799,1,2,e99bw07SHXc
yt-16800,0,1,fjZDPtppWoo
yt-16801,0,1,WaumF6MadEs
yt-16803,0,1,dWtB-pKaYrw
yt-16804,0,1,UMS0Drd3GFU
yt-16805,0,1,yHNSkqg1xfg
yt-16806,1,2,gVWv4V9HTrI
yt-16807,0,1,ovqEPByBoF4
yt-16808,0,1,gzXMnlrrLHY
yt-16809,2,3,nTNE9z8OnJA
yt-16810,1,2,s2w0X6aL1Do
yt-16811,0,1,-FjPwaH3_WY
yt-16813,0,1,MNvIVYlAV5M
yt-16814,2,4,5735kziUq_A
yt-16815,2,3,oZ1hvGNm7h8
yt-16817,2,3,YnfTu5Z7AyQ
yt-16818,1,2,0uTkpD8_goo
yt-16819,2,3,rSlpeFsOsds
yt-16820,2,3,2IW4iAru8NI
yt-16821,2,3,JWuRrPSAfKc
yt-16822,1,2,nyAb7v4X_Nc
yt-16823,2,3,rBrUSGgnn80
yt-16824,0,1,wmPW_tx2PuY
yt-16826,2,4,5MFMC7A56cs
yt-16828,0,1,Ep61tpBLF_k
yt-16829,2,3,Edumd-GNwwc
yt-16830,2,3,FHWnb-dpHYs
yt-16831,2,3,1KZNiZnHQ_Q
yt-16832,2,3,LG401aBnG8M
yt-16833,2,3,WSCH4FRaRyQ
yt-16834,2,3,WHiEIDdDJx4
yt-16835,2,3,rcHJ9QJkpuI
yt-16837,0,1,YoD3GqU9HJQ
yt-16838,0,1,YQChHjnyouU
yt-16839,2,3,pXeOtkaIxgU
yt-16841,1,2,IK8sXuSDBDo
yt-16842,1,2,4m_jvmSRt3Q
yt-16843,0,1,x8oojlwR2Rc
yt-16844,2,3,xudo1vw3oOk
yt-16846,0,1,Cmd3HjEOURQ
yt-16848,2,3,3x0VHBUpff4
yt-16849,0,1,UA0asVbMR9Q
yt-16850,0,1,_6nCS7fmiO0
yt-16851,1,2,QEFy1gIGmhw
yt-16852,0,1,_46CzJJudnc
yt-16853,0,0,yyzfsez0xjY
yt-16854,2,3,_DgwZI_yAio
yt-16855,0,0,tNqB59WBAZs
yt-16856,0,1,PTX5hCdGGpc
yt-16857,2,3,jaklqSNMo3I
yt-16858,2,3,fp3YpxUKQ5U
yt-16860,0,1,9TmO9LA0c0U
yt-16861,2,3,6GToTDdN4FM
yt-16863,1,2,vJv2MpQSeWg
yt-16864,2,3,_wUW1tKmVZA
yt-16865,2,3,q11oZixMRY8
yt-16866,1,2,rrG9gERHG-4
yt-16867,1,2,hqqfKmahbqY
yt-16868,0,1,xwquU-4IGLU
yt-16869,1,2,HtqyzjEuwlE
yt-16870,2,3,eNOA0p9vvrQ
yt-16871,0,1,ac6Zle2u0CA
yt-16872,0,1,QgQLBED7lmw
yt-16873,0,0,hz8D6XqfA04
yt-16874,2,3,-gkhRF5d6aU
yt-16875,1,2,X3Eo9Coaxk4
yt-16876,0,0,rFioh-ET-pI
yt-16877,2,3,_zg4pI-Qndc
yt-16878,2,3,xk5jUWlygLc
yt-16879,1,2,wgf3805nCag
yt-16880,2,3,Sx1JUWGer2I
yt-16881,2,4,hS7Jr96ewJQ
yt-16882,2,3,1VTLzDSRNCE
yt-16883,0,1,AVKCwG_kMDQ
yt-16884,0,1,51PcBjCbzOY
yt-16885,0,1,siUc5vKbYOM
yt-16886,2,3,BfTEEvZX86s
yt-16888,2,3,HYfPZnL3-GY
yt-16890,0,1,U6akWLsuYgo
yt-16891,2,4,pybrTCs6Qr8
yt-16892,0,0,9bd64aBJs08
yt-16893,2,3,6YU8z2ylw0k
yt-16894,0,1,VF-2J3IF-XQ
yt-16895,2,3,2WO0nOmXp70
yt-16897,2,3,bEHos7Szd7c
yt-16898,0,1,3TNFoDkPOJc
yt-16900,1,2,1VRlsD09id8
yt-16901,2,3,iJOGs-wscbk
yt-16902,1,2,YQChHjnyouU
yt-16903,0,1,3gqtKLLKjJk
yt-16904,1,2,w2mEM_VPaZQ
yt-16905,0,1,UpFRCLAN_xs
yt-16906,2,4,IWEh6oySQAk
yt-16907,2,3,pXeOtkaIxgU
yt-16908,2,4,YE3gujWAhgI
yt-16909,1,2,ZOUSjqTH1xk
yt-16910,2,3,9KOMrYH6yJI
yt-16912,0,1,0IUPr4zLkAY
yt-16914,1,2,novideo-16914
yt-16916,2,3,k0NbnlUxniI
yt-16917,2,3,8qWFCf7Ab7Y
yt-16918,2,4,z9aJrIzbuaw
yt-16919,2,3,VWKzNha0JOc
yt-16920,1,2,lwrg6SyK2EY
yt-16921,1,2,qAoMIMeh7ns
yt-16922,1,2,Lo01NTq1y8k
yt-16925,2,3,6F_H1ISbvP4
yt-16926,2,3,DdrhhZTzVhc
yt-16928,2,4,vpoVEhc2Xgk
yt-16929,2,3,novideo-16929
yt-16931,2,3,uEPyheXJlJw
yt-16932,2,3,KrQC_ZH7Q_o
yt-16933,0,1,THbuMrJYJZg
yt-16934,1,2,Rn-ol2fPPXU
yt-16935,2,3,Ia4RNWhq9K0
yt-16936,0,1,aV-rwkE-rHE
yt-16937,0,1,IvZS9GW_C9s
yt-16938,2,4,tEe9oDrnXMI
yt-16940,0,1,lxdup1bcUR0
yt-16941,0,1,4mOV58PjOxA
yt-16942,2,3,tAHK6E03ORo
yt-16943,0,0,f2l7cloYz7Q
yt-16944,0,1,3stXG8IWrL0
yt-16946,0,1,L7cl8usQ1qQ
yt-16947,0,1,7yHdpWTquks
yt-16948,1,2,NboWrLZ2-HI
yt-16949,2,3,4pgJgf5TNcA
yt-16950,2,4,jvv-67ONtzo
yt-16951,0,1,VkuFXSGqxe8
yt-16952,2,4,yypLKij21-Y
yt-16953,1,2,vmFUvYCvufc
yt-16955,2,4,VkuFXSGqxe8
yt-16956,0,1,OLHNtZxyX5s
yt-16957,1,2,TMu1oFBY4-I
yt-16960,0,1,hTCALnq49yI
yt-16962,1,2,mRFDO87VWH4
yt-16964,1,2,m0_SMiOecko
yt-16965,0,1,NcI7qm4BiQM
yt-16967,2,4,m0_SMiOecko
yt-16968,2,3,PSDZRrtFYn4
yt-16969,1,2,IKguMEWe7ZQ
yt-16970,1,2,z4-nFsjIYXE
yt-16971,2,3,VkuFXSGqxe8
yt-16972,2,3,pXeOtkaIxgU
yt-16974,2,3,iajs9_VvydQ
yt-16976,0,1,pUNt8QgQwvQ
yt-16977,2,3,r2eR2sZAXsU
yt-16978,2,3,ViqiNHs-AP0
yt-16979,2,4,NWaRM1VFxDQ
yt-16980,0,0,t3Q8Haoiv6g
yt-16981,0,1,-4xxP9T0LJw
yt-16982,1,2,MGS-oU_JyWU
yt-16983,0,1,novideo-16983
yt-16984,0,1,NSoBqzvgvac
yt-16985,0,1,FO2EiKvzFuA
yt-16986,0,1,cCJi_9GV44c
yt-16987,0,1,yUHwYViTGAc
yt-16988,1,2,5nY2oCxR3Cg
yt-16989,0,1,eJQw2J3jV1I
yt-16990,0,1,tuqPFKF5NJo
yt-16991,2,3,eXs5yObcxqc
yt-16992,0,1,HvqZL7IH6Xk
yt-16993,0,1,eSGwiundVWQ
yt-16994,0,1,PFDdP357mfc
yt-16995,0,1,WZJb-QoUUKo
yt-16997,2,3,m0_SMiOecko
yt-16998,2,3,C3z79NQUX28
yt-16999,2,4,n7SABpul19A
yt-17000,2,3,MhEQyO4-2o4
yt-17002,0,1,o0xbhlphYTw
yt-17003,0,1,o5pmP2qGl0Y
yt-17004,2,3,0iwjMa0ZFJ8
yt-17005,1,2,rZJT646i4TY
yt-17006,0,1,wH-aOw0aHHI
yt-17007,2,3,9VqKFr2-6uU
yt-17008,2,3,MhEQyO4-2o4
yt-17009,0,1,9wltaqoWqB8
yt-17010,1,2,5mKn2ByVWKE
yt-17011,2,3,yrzGb7hnUc8
yt-17012,0,1,ZXInSdltFqg
yt-17013,1,2,iRmZXzKS6e4
yt-17014,0,0,uqQFaIbicP4
yt-17015,0,1,OLHNtZxyX5s
yt-17016,2,3,50_ePQkWBhE
yt-17017,2,3,jYwhdx7PAUU
yt-17018,0,1,YD3OakzpBLc
yt-17019,1,2,0oPnMrM_P3Y
yt-17020,1,2,06tWe_Ql60M
yt-17022,2,3,8UH6G1LnXR8
yt-17023,0,1,gh_Yqe0g3eA
yt-17024,2,3,p2OHilQDZlU
yt-17025,0,1,W-2C0m2sPDU
yt-17027,2,3,DG1Wx_AMIhk
yt-17028,2,3,epwXjvLUr7E
yt-17030,0,1,H5WZyDQmS40
yt-17031,2,3,_zBTDA5JvQM
yt-17032,0,1,ZuWrUFk8xOw
yt-17034,0,1,kYw0bd0mhOg
yt-17040,0,1,_Q6tB1FCEmA
yt-17041,1,2,Q159-4AnuVg
yt-17042,2,3,8N_0SwRhM8Q
yt-17043,2,3,HtqyzjEuwlE
yt-17044,2,3,_rCgrsG2pAg
yt-17045,2,3,_QjGMChHEQc
yt-17046,1,2,z4jVDO8fFng
yt-17047,1,2,FIJwkne06Ks
yt-17048,0,1,0MVIokBfQzk
yt-17049,0,1,YD3OakzpBLc
yt-17051,2,3,dYBUHBF-yLo
yt-17052,2,3,m0_SMiOecko
yt-17053,1,2,JCOiZtAvwso
yt-17054,1,2,m0_SMiOecko
yt-17056,2,3,DC05VUtSHmA
yt-17057,2,3,1y2IvCXZhts
yt-17059,1,2,1YZ5yFrk090
yt-17060,1,2,crxMMjAcugo
yt-17063,0,1,lIB4Jm8DQ4Y
yt-17065,1,2,bgI0r1-k9Rc
yt-17066,2,3,ltuMxeyriWw
yt-17067,0,0,lQIz8m1hTsc
yt-17068,1,2,e3-0Le2ytZE
yt-17069,1,2,Eifv1zrQF3A
yt-17070,2,3,FDm-vRmJQmY
yt-17071,2,3,fp3YpxUKQ5U
yt-17073,0,0,RN0zNNH89h8
yt-17074,0,1,PJ5pCTy3rvs
yt-17075,1,2,5c9NeHOjHD8
yt-17076,0,1,n-yNxY6ocAo
yt-17077,2,3,yLV4MyNTSvo
yt-17078,1,2,novideo-17078
yt-17079,1,2,SDipoZ7efcQ
yt-17081,2,3,oVv8yGv7_20
yt-17082,1,2,B2t2vztIhvw
yt-17083,0,1,f_iZIGzqe5M
yt-17084,0,0,crxMMjAcugo
yt-17085,2,3,3SmdvYpIJv0
yt-17086,2,3,fJ_JxhtEpf8
yt-17087,0,1,fpmZTP1SZpw
yt-17089,0,1,zTOMEmtYNEY
yt-17090,2,3,yTnHjR_HyMA
yt-17091,0,1,jBSPfZ6MTlA
yt-17092,2,3,PCFpZ0u_fyM
yt-17093,1,2,txlwjxKhovE
yt-17095,2,3,jiyvX1k7NZA
yt-17096,2,3,-AVpfcE3F3E
yt-17097,0,1,RQWL1m55C58
yt-17098,1,2,CXErw9pwpzw
yt-17100,0,1,YhobX7mHyLw
yt-17101,0,1,VXn6JLXiq5Q
yt-17102,2,4,kZB420QZNTM
yt-17103,1,2,r9QB6o5eJfw
yt-17104,1,2,WPLfGtVBqSQ
yt-17105,1,2,cN4buy1vMgk
yt-17106,0,1,Wr_530gpHEY
yt-17107,0,1,Kf5yCX1NUJ8
yt-17108,2,3,hBCCr6c7Lu4
yt-17109,0,1,novideo-17109
yt-17110,0,0,zoXFDPV7FL4
yt-17111,0,0,0IUPr4zLkAY
yt-17112,1,2,uzYdEkQzyaw
yt-17113,1,2,TfgdwInk4l4
yt-17114,0,1,NU0UW8dnOa8
yt-17115,0,1,Vekp-Ex9LKQ
yt-17116,2,3,obBLoImFGcg
yt-17117,2,3,Poy35rRTf3Y
yt-17119,0,0,Jh4tpeTceSg
yt-17120,2,3,Tyb86pw4Pq4
yt-17121,2,3,E7H2aJ26XRM
yt-17122,0,1,ub6j0gcXxw4
yt-17123,0,1,KlcNe8lto4U
yt-17124,1,2,2pOo1MGJ6mc
yt-17125,1,2,mD_D1JArYZE
yt-17127,1,2,0gn0jISSgsk
yt-17128,2,3,mNs8SyB-TbQ
yt-17129,0,1,novideo-17129
yt-17130,2,3,9yi9kqNKq0c
yt-17131,1,2,novideo-17131
yt-17132,1,2,fNBQEBRQ63I
yt-17133,2,3,qdsCEzYVqaw
yt-17134,2,3,0Bh9MKnnDQU
yt-17135,0,0,tcRvcgziq9s
yt-17136,1,2,3sJ9hxIKLVk
yt-17139,0,1,SW2-c9nfqyo
yt-17142,2,4,WSCH4FRaRyQ
yt-17143,0,1,T076FMO99_8
yt-17144,0,1,pVcU2_mJtCA
yt-17145,2,3,kZB420QZNTM
yt-17146,2,3,sE0ewY-n5gI
yt-17148,0,0,iOWd635Qj0s
yt-17149,1,2,UNYnEwPnGBY
yt-17151,1,2,GgOOdZ-h1U0
yt-17152,0,0,xYFR5YJ5gv0
yt-17154,1,2,tAyc_cpIudQ
yt-17155,0,1,AySkVxTUgzs
yt-17156,0,1,DmDtL6tu1AA
yt-17157,1,2,novideo-17157
yt-17158,1,2,zsvStHd6SuM
yt-17160,0,1,CelHM6ZNJcM
yt-17161,1,2,Ma60BMXLe7s
yt-17163,2,3,a0rU5DW9Ays
yt-17164,2,3,TcrYLcafriw
yt-17165,2,3,_tJ92azcWyI
yt-17167,2,3,ZOUSjqTH1xk
yt-17168,1,2,l153V0bQnbg
yt-17169,0,1,oZ1hvGNm7h8
yt-17170,0,0,1f-hk2KIx6o
yt-17171,0,1,YBpX0cnfvX4
yt-17172,0,1,SNmr9CHWTTk
yt-17173,2,3,mR4mhT0psRs
yt-17174,1,2,BObJiy5noaM
yt-17175,1,2,BtNBhnz1hBM
yt-17178,2,4,aCe2Kl-rNXU
yt-17179,1,2,d38MTS5ZUdQ
yt-17180,2,3,-AVpfcE3F3E
yt-17181,2,3,7w2HnzE1uzg
yt-17182,2,4,VX24pMefwkU
yt-17183,0,1,G1q8ZuC0M8Q
yt-17185,1,2,AxaIZ36B4C4
yt-17186,0,1,CWgX1XGKDpk
yt-17187,0,1,novideo-17187
yt-17188,0,1,Bp_m4auqBG0
yt-17190,2,3,t3Q8Haoiv6g
yt-17191,0,1,eG2W7TWNonI
yt-17192,2,3,yTnHjR_HyMA
yt-17193,1,2,H5WZyDQmS40
yt-17194,0,1,4EPnmoWBUfU
yt-17195,0,0,9fz_YqVLIlc
yt-17196,1,2,d9yKdTxrjck
yt-17197,0,0,f3N0zDOtHuQ
yt-17199,1,2,R_oxzgAI2U8
yt-17200,2,3,dYfGYirFV6M
yt-17201,0,1,lJtc7SO8rWE
yt-17202,0,1,m3b58gR0WNY
yt-17203,1,2,novideo-17203
yt-17204,2,3,DK-L1hS6Iy4
yt-17205,2,3,WfshEpeYqSo
yt-17206,2,3,awfsx0YLgMY
yt-17207,0,1,_jvlVlpK-Dk
yt-17208,2,3,DC05VUtSHmA
yt-17209,0,1,novideo-17209
yt-17211,2,3,tAHK6E03ORo
yt-17212,2,3,5_ZzO4c4bGE
yt-17213,2,3,9hABSMgOZZQ
yt-17214,1,2,ot5cahhRuuE
yt-17215,2,3,DycGCnStUIY
yt-17217,2,3,ICLWKeTEPcU
yt-17218,0,1,KNoEBlaG6fE
yt-17219,0,1,-lIB3vNY-lg
yt-17220,0,1,EG1I5S_ZdSA
yt-17221,1,2,e3WKawHFZB0
yt-17222,1,2,vdzQSC98iPs
yt-17223,1,2,lvKaNRxa55c
yt-17224,2,3,4C-g_Bo801U
yt-17225,2,3,2egBI4B-TgY
yt-17226,0,1,fx3WrCnA4-E
yt-17227,2,3,AIuuzkfxvio
yt-17229,2,3,novideo-17229
yt-17230,2,3,m0_SMiOecko
yt-17231,2,3,rmA2BCEq-Gc
yt-17232,1,2,fyGkYzodsno
yt-17233,2,3,m0_SMiOecko
yt-17234,1,2,BO8BvpZSisU
yt-17235,2,3,mNs8SyB-TbQ
yt-17236,2,3,tAHK6E03ORo
yt-17237,2,3,ywdkzZxMsrI
yt-17238,0,1,aECq8UzBTUM
yt-17240,2,3,AMkYDBsXVPE
yt-17241,0,1,CFTyyxTabmE
yt-17242,0,1,s9FKQeuxiP4
yt-17243,1,2,wWq__Nm4gCg
yt-17244,1,2,V-nZDGMn4tA
yt-17245,2,3,-AVpfcE3F3E
yt-17246,0,1,Z6OUk02oiVY
yt-17249,2,3,VkuFXSGqxe8
yt-17250,2,3,MhEQyO4-2o4
yt-17251,1,2,MCRlYg2l4Jg
yt-17252,0,1,_QjGMChHEQc
yt-17254,0,1,olSxd1mMkAQ
yt-17255,1,2,Vc44dNIJDn4
yt-17256,1,2,NY3X_6i4eME
yt-17257,2,3,pXeOtkaIxgU
yt-17260,0,1,Nm8on_ZzXQc
yt-17262,1,2,alVVgF6Q0O4
yt-17263,2,3,QquXYHla7lg
yt-17264,1,2,DC05VUtSHmA
yt-17266,2,3,WmJUxeuMF2U
yt-17267,0,1,oZeqb28xyQQ
yt-17268,2,3,Al1j8NDAjZk
yt-17269,2,3,qOpwUYjqltE
yt-17270,2,4,PCFpZ0u_fyM
yt-17271,1,2,4nyNiDRQFoM
yt-17272,2,3,u55V9qR_fXM
yt-17273,1,2,x8oojlwR2Rc
yt-17276,0,1,M5Yo3I3utj0
yt-17277,0,1,MHC9CUkmHg8
yt-17279,2,3,9nYfIBhEXMo
yt-17280,2,3,sXuskB0pRvY
yt-17281,2,3,hmp4ZVhgm8o
yt-17284,1,2,-C8fLxmHx2k
yt-17285,2,3,pXeOtkaIxgU
yt-17286,2,3,Yt4OzyvYnqA
yt-17287,0,1,qt4rVgyr1Rg
yt-17288,0,1,JDHRxHGqH0Q
yt-17290,2,3,FuZVA3s7b1c
yt-17291,0,1,DuxspHSvPzc
yt-17292,2,3,m0_SMiOecko
yt-17293,2,3,1VRlsD09id8
yt-17294,0,1,NK-EG-bxX18
yt-17296,2,3,YS5e5OxkiVE
yt-17297,2,3,PhyHLFyDWNY
yt-17298,2,4,GHzaMI--BC8
yt-17299,1,2,ZuWrUFk8xOw
yt-17300,2,3,bSD15awGihE
yt-17301,0,1,k-1XRVJ0BI4
yt-17302,2,3,9gGc3-cGYBA
yt-17303,1,2,IJ9vVLJA0Zw
yt-17304,1,2,noWrHYVxkaU
yt-17305,1,2,bOFh6vvX_Bk
yt-17306,0,1,GgfqvWbn2L0
yt-17308,0,1,VmAXKMaVZns
yt-17309,2,3,m0_SMiOecko
yt-17310,1,2,mtOVL0hJFu8
yt-17311,2,3,MCRlYg2l4Jg
yt-17313,2,3,D3E_iuPwcDo
yt-17314,0,1,pRerRF3DE_w
yt-17316,2,3,Ep61tpBLF_k
yt-17317,0,1,i8XwPWlCHuA
yt-17318,0,1,eWXTZQRufII
yt-17321,0,1,4pgJgf5TNcA
yt-17322,1,2,8z-yaNav_ls
yt-17324,2,3,MJJYgZFTjso
yt-17325,0,1,OCI_i2ZMXXM
yt-17326,1,2,aEHQ0wMdy1c
yt-17327,1,2,ubWeTetwH5Y
yt-17328,0,1,3iCJd3WqyvM
yt-17329,2,3,4WDKcP0j6kE
yt-17330,1,2,e8dcNzq8dEc
yt-17331,0,1,-lIB3vNY-lg
yt-17332,1,2,lpcZUVgQEOg
yt-17333,0,1,vIaZYcQe9tY
yt-17334,2,3,_G3YdfbNtY8
yt-17335,0,1,u6WoKyVuBR4
yt-17336,0,1,4NQFwvuWOFs
yt-17339,0,1,ZZ5oqJMmJQM
yt-17340,1,2,G7Vm-2dJz8w
yt-17341,0,1,zQwBvqtIJ1w
yt-17342,0,0,edBFUSFsUxs
yt-17343,0,1,R5SVCxh0Py8
yt-17344,0,1,DC05VUtSHmA
yt-17345,2,3,ywXxD6UclSs
yt-17347,2,3,9VGJLR1G8Ac
yt-17348,0,1,dOFQL-liask
yt-17349,0,1,wf_dlIy6nc4
yt-17350,1,2,nyc3QgMmclU
yt-17351,2,3,_BRrk_WgcQI
yt-17352,0,1,tQQlBWoP2o8
yt-17353,1,2,LYXnEqWixWI
yt-17354,2,3,JGDdMxxSEiw
yt-17355,0,1,8uanMhsNuUQ
yt-17358,2,3,OMQLXHJhhYs
yt-17360,1,2,U23RBiB4y5U
yt-17361,2,3,VkuFXSGqxe8
yt-17363,2,3,7Oc8-eclkrY
yt-17366,0,1,hEOpSXxiSyY
yt-17367,2,3,QCi_WGFUtg4
yt-17368,1,2,Poy35rRTf3Y
yt-17369,0,1,-k9d-PrWGQ4
yt-17373,0,1,lNxpRA-0mpQ
yt-17374,2,3,M5Yo3I3utj0
yt-17375,1,2,HxBfjP29rWM
yt-17376,2,3,xk5jUWlygLc
yt-17377,0,1,wsljbtjkvhY
yt-17378,1,2,Ds6SU58V7J8
yt-17379,0,1,xy9WZe7hxlU
yt-17380,2,3,-QPaCQVE5Ts
yt-17381,0,1,ZS4_w1xK3OE
yt-17382,0,1,LUs3STmOCcY
yt-17383,2,3,ERUZo-m4V2U
yt-17384,0,1,_6nCS7fmiO0
yt-17385,0,1,WIGLTe6N5AU
yt-17386,2,4,v7zlnATufOw
yt-17387,1,2,yuX-zBLlkpA
yt-17388,0,0,07elfppOTmY
yt-17389,2,3,yNuU2vm2784
yt-17391,1,2,BtNBhnz1hBM
yt-17392,1,2,XvTW_9fBhfU
yt-17393,2,3,5J4LmndFhfY
yt-17394,1,2,jlbG6ktQwt4
yt-17395,1,2,Plg9P8sBAYE
yt-17396,0,1,qc-nbCNL0ZY
yt-17397,1,2,ROkG3HBWQ20
yt-17399,0,1,mpc9ZjJDHNA
yt-17402,2,3,WTnC_b9Ed5c
yt-17403,0,1,3SSh-E4zWA0
yt-17404,0,1,ytitID15C9w
yt-17405,0,1,0NjppfLG1zs
yt-17407,0,1,Xag1ulxNZmw
yt-17408,1,2,fDLoffUXezc
yt-17410,2,3,PLCR4rhl9Rw
yt-17411,0,1,jXcy0F1Zsv8
yt-17412,0,1,-VDjG0yKBls
yt-17415,2,3,NRhxktZAGU8
yt-17417,2,3,novideo-17417
yt-17418,0,1,Eq8Ic1fZqMc
yt-17419,0,1,d8UeayAtZDo
yt-17420,0,1,xYFR5YJ5gv0
yt-17422,2,3,IIDfjPYDv5s
yt-17423,2,3,d7_XDeUCti4
yt-17424,2,3,KeLtaHQCM6A
yt-17425,2,3,tAQvRSNa18I
yt-17426,2,3,TolY-AIkpOE
yt-17427,2,3,QokMrwVKzZY
yt-17429,0,1,jD7zUmcdJw8
yt-17431,2,4,hmp4ZVhgm8o
yt-17432,2,3,jXcy0F1Zsv8
yt-17434,2,3,tUV5W1dF3Nw
yt-17435,0,1,hyNXMVrypRI
yt-17436,2,3,7_YV6YU-7Ug
yt-17437,0,1,kFf4DPeiSi8
yt-17438,0,1,novideo-17438
yt-17439,2,3,8qWFCf7Ab7Y
yt-17441,2,3,nEoZ3J74Y3k
yt-17443,2,3,_kBt-B3CTHY
yt-17444,2,3,UeCKHGCcYL4
yt-17446,0,1,SH3-06sI77A
yt-17448,0,1,XiY9zlmxe8c
yt-17449,0,1,qXRHMjT4yJg
yt-17450,1,2,ZL-qk48aukc
yt-17451,1,2,novideo-17451
yt-17453,2,3,skXZ2QFKIDE
yt-17454,2,3,FzAxMZ43MCo
yt-17455,1,2,wXAGdDamwPI
yt-17456,1,2,jPjoZKnx-J8
yt-17457,0,1,pobZRgWN3v0
yt-17458,2,4,PMpmRb07Foc
yt-17459,2,3,d5hDqx1n9H8
yt-17460,2,3,0gafYXgVQcY
yt-17461,0,1,s6pRiWORI2I
yt-17462,2,3,jVVo3io5J3A
yt-17464,2,3,8uJe2WQYzEY
yt-17465,0,1,tI-M7qzo230
yt-17466,2,4,a2R29Br5rpk
yt-17467,0,0,-ged3TsXlU8
yt-17468,1,2,VWKzNha0JOc
yt-17469,2,3,vxtna_So5qs
yt-17470,2,3,J4pY-9EZz-4
yt-17471,1,2,AxaIZ36B4C4
yt-17472,1,2,taUZKqlw8-Q
yt-17475,2,3,FNzEJuVv3qU
yt-17478,1,2,5MFMC7A56cs
yt-17480,1,2,ULrlxbyoGbo
yt-17481,0,0,jgHNJXwEH7w
yt-17482,2,3,k6R0HX5vQ2c
yt-17484,1,2,7uuSaaRKyXw
yt-17485,0,1,dSdKszt_ohw
yt-17486,2,3,9hABSMgOZZQ
yt-17487,2,3,gzxnzsif2iE
yt-17488,0,0,xI6rccsaNCU
yt-17489,0,1,qkS_iEL_Zds
yt-17490,1,2,cqo-nPYDImY
yt-17491,0,1,ifoCSODjl1c
yt-17492,0,0,KJfMUNGjqp8
yt-17493,2,3,Uk-AH5zgnOw
yt-17494,0,1,FOpupYYMuvE
yt-17495,0,1,vA9WQk-Lw1Y
yt-17496,0,1,sMiFs6imFCs
yt-17497,2,4,3TycaVO0Rso
yt-17498,2,3,WgBoQYwsU8o
yt-17499,0,1,AxaIZ36B4C4
yt-17501,2,3,rFZZBcCp2i8
yt-17502,2,3,lIO3hQ4X1Pg
yt-17504,0,1,Z8Eb_cEngq4
yt-17505,0,1,uQ1OjjtYhLQ
yt-17506,0,1,novideo-17506
yt-17507,0,0,bo_fxshRQqs
yt-17508,2,3,VkuFXSGqxe8
yt-17509,0,1,DC05VUtSHmA
yt-17510,1,2,Z97JSt35A2I
yt-17511,2,3,PH_8xiKFBxk
yt-17512,1,2,vpoVEhc2Xgk
yt-17514,0,1,52mRxBBm6nA
yt-17515,2,3,ZOUSjqTH1xk
yt-17517,0,1,G8XgO22oHLw
yt-17519,2,3,AdoHh0KlG-o
yt-17520,1,2,_zDyXjr3Wsw
yt-17521,2,3,vkWfDtb711M
yt-17522,2,3,xNoraXp2q60
yt-17523,2,3,N6b9YnAnXs8
yt-17524,0,1,xsUX3Ktw8fE
yt-17525,0,0,SdPhzSx1OEA
yt-17526,2,3,Y75S3K2qeo0
yt-17527,0,1,3_Rpl0b7rOQ
yt-17528,1,2,novideo-17528
yt-17529,2,3,WzykerZ_xpc
yt-17531,0,1,J-geptxxXqk
yt-17532,0,1,Yx91AEBKtDs
yt-17533,1,2,BhDzgZmnYOA
yt-17534,2,3,w_mYJ-wansQ
yt-17535,1,2,GCay3-U9pxE
yt-17536,2,3,6MIdnc0kGIM
yt-17537,2,3,shc4A5SupfU
yt-17538,0,1,31S1IoauUjg
yt-17539,0,0,_WheySgo7Lg
yt-17540,1,2,JVNY5NJTyFs
yt-17541,1,2,vPrUGHer7cY
yt-17542,1,2,PqoR7JoUUw4
yt-17544,1,2,sjC-Xoo_WGE
yt-17545,0,1,FjxaDLTkBkw
yt-17546,2,3,YS5e5OxkiVE
yt-17547,2,3,_RYD5n97tMs
yt-17549,2,3,fKoS95zpevY
yt-17551,2,3,iUc6bMELMbg
yt-17553,0,1,wU2AGI-oF-c
yt-17554,2,3,WfshEpeYqSo
yt-17556,0,1,DaTKl6NLI6A
yt-17557,2,3,1G4d_Sk25dg
yt-17558,2,3,z6o6I25klrc
yt-17562,1,2,Nm8on_ZzXQc
yt-17563,2,3,Gj2U8m5-USk
yt-17565,0,1,yshJrqjFPyM
yt-17566,2,3,BABRe53fna4
yt-17567,2,3,UBAY26elr-w
yt-17568,1,2,m0_SMiOecko
yt-17569,1,2,0tYTvthMPXA
yt-17570,2,3,nEY7rdDT2nk
yt-17571,0,1,t6BQPZTO6jQ
yt-17572,1,2,RjcLvkeKQDI
yt-17573,1,2,A4b0Hstemfo
yt-17574,0,1,5cmXXsN5ykc
yt-17575,2,3,qUJn0lajN9I
yt-17576,2,4,ICpXYViHGtY
yt-17578,0,0,7CYSxJXMsfM
yt-17579,2,3,oBoSuo1YiDg
yt-17581,0,0,RVf9NqNZccM
yt-17582,2,3,xxmBEiWYYPA
yt-17583,2,4,BFuz4UsYRVo
yt-17584,1,2,8tFDTZmJAxU
yt-17585,0,1,GgIhNWN3TU8
yt-17586,2,4,0uBQOW3Fmns
yt-17587,0,1,j7rC4gcqyfM
yt-17588,2,3,wRb6nE1sJRY
yt-17589,1,2,Xi_BwJ6T_3s
yt-17590,2,4,NQDNyRInMXw
yt-17591,2,4,Fpz1lL8bMBs
yt-17592,2,3,m0_SMiOecko
yt-17593,2,3,OCA8ywbCj0M
yt-17595,2,3,AUP2p4EO5_c
yt-17596,2,3,i8LOQRfsJ24
yt-17597,1,2,RRvUFB4ddvs
yt-17598,2,3,cgoPtCjMKUs
yt-17599,0,1,n-VIehSNvnM
yt-17600,1,2,novideo-17600
yt-17601,0,1,x8l0rk-Z9DI
yt-17602,0,1,mZhm1zQ_RQg
yt-17603,0,1,ypLGkbFnF4A
yt-17604,0,1,e1Uqw-tE6nU
yt-17605,0,1,_GLy3MqRCzA
yt-17606,2,3,p0y5M_yN8oA
yt-17607,1,2,rdoYlkDJRE0
yt-17608,2,3,-AVpfcE3F3E
yt-17610,1,2,MWtI0n85a-Q
yt-17611,2,3,38-ahnQ2CKg
yt-17613,1,2,w_7htNGWw7c
yt-17615,2,3,WR0s6vHrysU
yt-17616,0,1,novideo-17616
yt-17617,2,3,yTnHjR_HyMA
yt-17618,1,2,DvhiP_GNPL0
yt-17620,0,1,5MCBRjd-QaU
yt-17621,0,1,rSlpeFsOsds
yt-17622,0,1,TY2vRcXqEu8
yt-17623,0,1,Abq4vNaZH-w
yt-17625,2,3,pXeOtkaIxgU
yt-17626,0,1,0YW1NuyPb1Y
yt-17627,1,2,p-0ZQOssfTM
yt-17628,0,1,wJLdPBbh8k8
yt-17629,2,3,0Bh9MKnnDQU
yt-17630,2,3,AAOP1q0MUIs
yt-17632,2,4,TGK8rvrFqq8
yt-17634,1,2,Qzn4UAFre8I
yt-17635,1,2,RnEiqCtr7Jc
yt-17637,0,1,-hOhCsxml-Q
yt-17638,2,3,PXa0uBB_hzU
yt-17640,1,2,ilsSBu6D5mQ
yt-17641,0,1,49JEZoeFGsQ
yt-17642,2,3,pXeOtkaIxgU
yt-17643,2,4,ttZk29QUkNU
yt-17644,0,1,_QjGMChHEQc
yt-17645,1,2,WIGLTe6N5AU
yt-17646,0,1,v-ES8VsNuSw
yt-17647,1,2,uwD7JrO0QhQ
yt-17648,0,1,H9PXBLBFEEg
yt-17650,2,3,DSgwI_PJWWU
yt-17652,2,3,YYvLBm8oadQ
yt-17653,0,1,CMCVGuVIuVw
yt-17655,2,3,uOw5pmz9j-I
yt-17656,0,1,RQWL1m55C58
yt-17657,1,2,AVSr29gn1Uk
yt-17658,2,4,MhEQyO4-2o4
yt-17659,0,1,RlICdcWmquo
yt-17660,2,3,-HHOOoGC1NQ
yt-17662,2,3,2sHsfTdMBOA
yt-17663,1,2,_IeRb7S4BCE
yt-17664,0,0,8j2Y9OOLTxs
yt-17666,1,2,AjY_sE6gSss
yt-17667,0,1,WgXBC-wSWIk
yt-17669,0,1,novideo-17669
yt-17670,2,3,U8W-PeCGEOE
yt-17671,1,2,YvJKttWDBek
yt-17672,1,2,ly3yAdE-MdA
yt-17673,0,1,_TBJzHwKRpM
yt-17674,2,3,DKbgiBF__zg
yt-17675,2,3,iftZWqNiNBo
yt-17676,2,3,m0SgrKsUk6c
yt-17677,1,2,novideo-17677
yt-17678,2,3,dSdKszt_ohw
yt-17679,2,3,tUV5W1dF3Nw
yt-17680,2,3,ANfl8o6EhCM
yt-17681,2,3,8qWFCf7Ab7Y
yt-17682,0,1,kvHpU8dc84I
yt-17683,1,2,iBB3Mdm1MiY
yt-17684,2,4,wvjU21HSqVs
yt-17685,2,3,nPTB_mDa78I
yt-17686,2,3,itDpHvtRysE
yt-17687,1,2,yB8gro5K0T0
yt-17688,0,1,xV6CfRdZS3I
yt-17690,0,1,AlefKV2fe6s
yt-17691,2,3,I1_YEir_YbM
yt-17692,0,1,sHDIjs0XpUU
yt-17693,2,3,MyB614iZ6mQ
yt-17695,2,4,uu2zRlPidNk
yt-17696,0,1,awVfZrfEyGs
yt-17697,2,3,MJJYgZFTjso
yt-17698,2,3,BB-JtRfzijs
yt-17699,2,4,P051rbLjttY
yt-17700,2,3,novideo-17700
yt-17701,2,3,86PRU2XXSi8
yt-17702,1,2,5i_X2SFHqDY
yt-17703,0,1,e3XfTr6c4rQ
yt-17704,0,1,8ochocxoUmc
yt-17707,0,1,novideo-17707
yt-17708,2,3,l3ggcJEsQ48
yt-17709,0,1,HlGdvQGBvwk
yt-17710,2,3,gLDsOKm_I2s
yt-17713,1,2,69xYOr3cEhE
yt-17714,2,3,hXkqItOhM_g
yt-17715,1,2,Plg9P8sBAYE
yt-17716,2,3,v2pA8dYtxSs
yt-17717,2,3,7hMfGlt-AfU
yt-17718,0,1,NK-EG-bxX18
yt-17719,0,1,aEHQ0wMdy1c
yt-17720,0,1,ZOUSjqTH1xk
yt-17721,2,3,tEe9oDrnXMI
yt-17722,0,1,gQg0E9I8HPs
yt-17723,2,3,m0_SMiOecko
yt-17724,0,1,S50hdaq_bxU
yt-17725,2,3,lounYQ5WELM
yt-17726,0,1,sCLWXMboOtM
yt-17727,0,1,novideo-17727
yt-17728,2,3,FqfaM7yKapo
yt-17730,2,3,GRFusZGdzOo
yt-17732,1,2,J2Vube6fIwk
yt-17733,0,1,OhQXv414rPc
yt-17734,1,2,m0_SMiOecko
yt-17735,1,2,5wEpCknI7yg
yt-17736,2,3,vyoI35HXA6c
yt-17737,0,1,qt4rVgyr1Rg
yt-17738,2,4,QOSO4FyGRJA
yt-17740,2,3,JN1z8Z_knDw
yt-17741,1,2,heu9I49HjjY
yt-17742,0,1,ZpqJgmftaTg
yt-17743,2,3,Q9DfUYts1_o
yt-17744,0,0,2w41HF8dLvI
yt-17745,2,3,m0_SMiOecko
yt-17746,0,1,DSpc6CwpZlE
yt-17747,2,3,zGmVkufAIcA
yt-17748,0,1,KJG0Ojv2I_o
yt-17749,0,1,o0xbhlphYTw
yt-17750,2,3,Q8rVABwCPps
yt-17751,1,2,j9uf_3ysOJs
yt-17752,2,3,nytpJhM15Ps
yt-17753,2,3,Rg9jY4y6lrk
yt-17754,1,2,novideo-17754
yt-17755,0,1,1ArEBIAu8xc
yt-17756,2,3,jQ8fONLvTHo
yt-17757,0,1,u4Is32WF65U
yt-17759,2,3,pY4yYLRINJ4
yt-17762,2,3,StEbUmobvwo
yt-17765,1,2,wm5K9vdqfBk
yt-17766,2,3,zTWaXO4gEcs
yt-17767,2,3,9qgA5UxAYsw
yt-17768,2,3,3sJ9hxIKLVk
yt-17770,1,2,-P4OoK-wzZY
yt-17772,1,2,M0SnVJYsTpw
yt-17773,0,1,3ramYQRrvz0
yt-17775,0,1,Xw34MbeF14A
yt-17776,0,1,xozaew333ow
yt-17778,1,2,yL76f9B0VEY
yt-17779,0,1,Z8Eb_cEngq4
yt-17780,0,1,rZJT646i4TY
yt-17781,2,3,6rh0aGSRfCk
yt-17782,1,2,9yi9kqNKq0c
yt-17783,2,3,DC05VUtSHmA
yt-17786,2,3,142H3lq7_RQ
yt-17788,0,1,Z9OyiteOW20
yt-17790,1,2,sI2HKRUQxSE
yt-17791,0,1,U6akWLsuYgo
yt-17792,0,1,xNAyCs4OT9Q
yt-17793,0,1,le-j-ZeGGhE
yt-17794,0,1,WiBbCkt7ITI
yt-17795,2,3,1KZNiZnHQ_Q
yt-17796,2,3,6dB3eZcHg5A
yt-17797,0,1,qHfsZrHTzaM
yt-17798,2,4,qldLVLSWIaU
yt-17799,2,3,DC05VUtSHmA
yt-17801,0,1,UhFdcBIIrBk
yt-17802,1,2,WGnwx05B-H0
yt-17803,2,3,2fqwdPn1AYk
yt-17804,2,4,q7qaAP1ob3U
yt-17805,1,2,novideo-17805
yt-17806,1,2,GDBcC-qBtg0
yt-17807,2,3,1VTLzDSRNCE
yt-17808,1,2,YJg7e1yYJXs
yt-17809,2,3,IyoZBHfRydM
yt-17812,2,3,yTnHjR_HyMA
yt-17813,2,3,rvDo3lhxlko
yt-17816,0,1,wCfbsSgVbF0
yt-17817,1,2,H0bKUYV7g44
yt-17818,2,3,o8-4eE2YgDw
yt-17819,2,3,TTHLSuS7K6Y
yt-17820,2,3,5etBJ2O6OpA
yt-17821,2,3,_tZA5mrRG5k
yt-17822,2,3,q46a33Squ0w
yt-17824,2,3,7dFKQSnrbmM
yt-17825,0,1,k9hI5L5rMSY
yt-17826,2,3,mamqI405FPg
yt-17827,1,2,1veitumiKwc
yt-17828,0,1,2mu86C8Bh5A
yt-17829,1,2,y9q1Lp2fTKw
yt-17830,2,3,1Ym_jsAdMa4
yt-17831,2,3,lcC_n98e-Tw
yt-17832,0,1,novideo-17832
yt-17833,1,2,novideo-17833
yt-17834,2,3,46kxmFSNVao
yt-17835,0,1,KaTVeOsIdCs
yt-17836,2,3,novideo-17836
yt-17837,1,2,1VTLzDSRNCE
yt-17838,1,2,mZhm1zQ_RQg
yt-17839,1,2,__327YUWJHs
yt-17840,0,1,Xr9ETacAhOA
yt-17841,2,3,jx8ysHaFXjo
yt-17842,1,2,dyDMHEeeaUw
yt-17843,2,3,jO_xQwbaATc
yt-17844,2,3,1VRlsD09id8
yt-17845,0,1,w91vltNo2vM
yt-17846,2,3,lNSRp4eayR4
yt-17847,1,2,teS7GwIzNP0
yt-17848,1,2,cwjyPs47uRI
yt-17849,1,2,roB6y6pEUoU
yt-17850,0,1,Y75S3K2qeo0
yt-17852,2,3,diOkxTDJWgI
yt-17853,1,2,I5pLLeWFheA
yt-17854,1,2,2pOo1MGJ6mc
yt-17855,1,2,EXMRW8h3fuw
yt-17856,0,1,45sJVk2kntg
yt-17857,0,1,Ih7A2Z_Tt98
yt-17858,2,3,YoD3GqU9HJQ
yt-17861,0,1,KdgSw94DlVk
yt-17862,2,4,wFt3hmJNHiQ
yt-17863,2,3,4CM7vPAVwpA
yt-17866,2,3,WwVLCiwxcsM
yt-17868,0,0,uRFP_2R1xlU
yt-17869,0,1,7jRoVP1uMCs
yt-17870,2,3,_FoIY4MdolE
yt-17871,2,3,ej6WLXuJqkY
yt-17872,1,2,9Vbuuf0YQFw
yt-17873,1,2,IgZs2l6qK4Q
yt-17875,1,2,VX24pMefwkU
yt-17877,1,2,floUZW4836c
yt-17878,1,2,ROkG3HBWQ20
yt-17879,2,3,3SSh-E4zWA0
yt-17880,2,4,QLfX4FD7aiE
yt-17881,0,1,HJ2VIULp20M
yt-17882,1,2,novideo-17882
yt-17883,2,3,DN8Y5hq8qro
yt-17885,0,0,tuqPFKF5NJo
yt-17886,0,1,-bUhnr4XvyM
yt-17887,2,3,pzTgsdFxN68
yt-17888,1,2,nqn8Y1MO5xg
yt-17889,2,3,WSDUAR4h-YY
yt-17891,2,3,Y75S3K2qeo0
yt-17892,0,1,QKa-2lsxA-c
yt-17893,0,1,FuZVA3s7b1c
yt-17894,0,1,7DyqyrfgSfI
yt-17895,2,3,SRRu0qOdmLQ
yt-17896,1,2,EhM8dMJO-AY
yt-17897,1,2,JGDdMxxSEiw
yt-17899,2,3,Tx8KkLzB0Jk
yt-17900,0,1,wwFgv7aN030
yt-17901,0,1,24Z7BuAc-0Y
yt-17902,1,2,6brbFbsmdb4
yt-17903,0,1,mURdo7tzxe4
yt-17905,2,3,TXDff6oLYoY
yt-17906,2,3,LDGyooZNX2c
yt-17907,0,1,rOaV0ZD8BpA
yt-17908,2,3,tNQaP0-MXmc
yt-17909,0,1,oWuaBxDWvBA
yt-17910,0,1,VXTeEPgmays
yt-17911,2,3,RE8JUMsN368
yt-17912,2,4,_F_JlDNGoi0
yt-17913,1,2,djVmTm_AN_k
yt-17914,1,2,avzqXJYe0bs
yt-17915,2,3,novideo-17915
yt-17916,2,3,zmv3mV7LA8U
yt-17917,0,1,mk0nh1_PVpk
yt-17918,1,2,mNs8SyB-TbQ
yt-17919,1,2,3RLLJbacMuA
yt-17920,0,1,o7V2dbhZO4I
yt-17922,2,3,c1v8hryvUiM
yt-17923,2,3,gFTOlZm49pQ
yt-17924,1,2,LcfLbSJpeU4
yt-17926,2,3,hBCCr6c7Lu4
yt-17927,2,3,J3VtNC_Bj2s
yt-17928,2,3,m0_SMiOecko
yt-17929,2,3,m0_SMiOecko
yt-17930,0,0,9wTGaKY7J-c
yt-17931,1,2,6VwWh89csDc
yt-17932,0,1,k-_pA5XgHI8
yt-17933,1,2,t36UFQm30qg
yt-17934,1,2,Ivmqh-coLFg
yt-17935,2,3,TqPzuyAnaFs
yt-17936,0,1,gTRQ-Qee9Xg
yt-17937,0,1,SkQlkVFStFs
yt-17938,2,3,jOFElUa3gWo
yt-17939,0,1,LXHFBpojkig
yt-17940,2,3,9gGc3-cGYBA
yt-17941,2,3,WF--CvhmU14
yt-17944,1,2,LG401aBnG8M
yt-17945,1,2,KEKjepewwfw
yt-17946,0,1,Q8c3UAxRUjQ
yt-17947,2,3,Z-f5LhfFPd4
yt-17948,0,1,qH7hbM5LdPA
yt-17949,0,1,RQWL1m55C58
yt-17950,0,1,J8-WfWo4_3U
yt-17951,2,4,IzGR6FIYTio
yt-17952,2,3,-AVpfcE3F3E
yt-17953,2,4,1_ypicNdOls
yt-17957,0,1,Ep61tpBLF_k
yt-17958,0,1,Lf47G6_MTGE
yt-17959,2,3,efe2muJs89E
yt-17960,2,3,RN0zNNH89h8
yt-17961,1,2,PxIcD9LMpco
yt-17962,0,1,vS99HF47vVE
yt-17963,2,4,jOFElUa3gWo
yt-17965,1,2,wm5K9vdqfBk
yt-17968,2,3,0qSRnaW4PO8
yt-17969,2,3,MQzpS_qfhY0
yt-17970,0,1,ZpqJgmftaTg
yt-17971,0,1,ct64U3orVec
yt-17972,0,1,CFTyyxTabmE
yt-17973,0,1,vpoVEhc2Xgk
yt-17974,1,2,DC05VUtSHmA
yt-17976,0,1,rTjF397Ww00
yt-17977,0,1,gc6LX9aGLtc
yt-17978,1,2,UA7zEtfn9fk
yt-17979,2,3,szV-012-qvc
yt-17980,2,3,UNyyd6eZNJU
yt-17984,1,2,6dB3eZcHg5A
yt-17985,1,2,B9GteiDrNCU
yt-17986,2,3,1VTLzDSRNCE
yt-17987,1,2,f_iZIGzqe5M
yt-17988,1,2,iHyj2ZP1lLY
yt-17990,0,1,lNxpRA-0mpQ
yt-17991,2,3,SA4ajNuxygg
yt-17992,2,3,eFQ1CSw8TiY
yt-17993,1,2,MSMOYIpZ4ls
yt-17994,0,1,FJagwas5CuY
yt-17996,2,3,LG401aBnG8M
yt-17997,0,1,d_eZ4O5HiMQ
yt-17998,1,2,novideo-17998
yt-17999,1,2,y9fN-7_X6xw
yt-18003,0,0,novideo-18003
yt-18004,2,3,1A13Eail-nw
yt-18005,1,2,qJIW-gyHC8w
yt-18007,0,1,tzSgynzbCwA
yt-18008,2,3,DOw5YfDYl2Q
yt-18011,0,1,VRqQ_U6s81Q
yt-18012,2,3,C3z79NQUX28
yt-18013,1,2,Br02-X3E330
yt-18014,2,3,yLV4MyNTSvo
yt-18015,2,4,YoD3GqU9HJQ
yt-18016,0,1,novideo-18016
yt-18017,0,1,Q2-sdYOcPng
yt-18018,0,1,DG1Wx_AMIhk
yt-18019,2,3,7zaB4w4xeSk
yt-18021,1,2,_fL0Q6J4y-g
yt-18022,2,3,5NMyvoh0PPQ
yt-18023,2,4,RLso8xF8NtQ
yt-18024,2,3,J9e-b-mek9A
yt-18025,0,1,Fuxwuy2_R0o
yt-18027,2,3,16EabQvPIIU
yt-18028,1,2,V1ixSiWropc
yt-18030,2,3,novideo-18030
yt-18031,2,3,j6abzM1nCbo
yt-18032,0,1,H0bKUYV7g44
yt-18033,0,1,zTWaXO4gEcs
yt-18035,1,2,50_ePQkWBhE
yt-18036,2,3,ioSjfCuVnvs
yt-18037,1,2,3qUsLgM_3aA
yt-18038,1,2,1q8y6FWPEoA
yt-18039,2,4,aIA4woCcjVw
yt-18040,0,1,CCdRLdqaO4I
yt-18041,0,1,FuO6szkPJrE
yt-18046,0,1,YF_L0vW3RaQ
yt-18047,1,2,TeYFrJ8x-Xs
yt-18049,1,2,Zu90jlvKgYo
yt-18050,2,3,IM-h36KAGjk
yt-18051,1,2,G4QZUdGUh2k
yt-18052,2,3,ZLmbcFvTLh0
yt-18053,1,2,y-eH5oo7BP0
yt-18054,1,2,PvW8lMLYEnI
yt-18055,0,1,xXNmFv5KeSg
yt-18056,1,2,F_8Llgiv23o
yt-18057,1,2,sopvQ1SiFnI
yt-18058,2,3,_zg4pI-Qndc
yt-18059,2,3,e2pmfYaGgrY
yt-18060,2,3,xElN0Ndtl94
yt-18061,0,1,ATWAlBNnBUk
yt-18062,2,3,nKn1YZmEEKo
yt-18064,1,2,7pnRUVobdgM
yt-18065,1,2,yL76f9B0VEY
yt-18066,1,2,TfgdwInk4l4
yt-18068,0,1,yn1JZ_rfP68
yt-18070,1,2,cLAQXSDXTa4
yt-18071,0,1,Xn9OvxpuqE0
yt-18072,2,3,ndFVeZ9a_wE
yt-18074,1,2,Xg9hF50AsS0
yt-18075,0,1,U6-DhIh4tjM
yt-18076,2,3,mURdo7tzxe4
yt-18077,2,3,VaF4-XBfpus
yt-18078,2,3,Vt4vxu8mNQQ
yt-18079,0,1,t6UvqskI1pg
yt-18081,0,1,EXlgl9wGrxU
yt-18082,1,2,YoD3GqU9HJQ
yt-18083,0,1,mSk3DGJCmrc
yt-18085,1,2,1YZ5yFrk090
yt-18087,2,3,EA-pVOEVzoI
yt-18088,0,1,_Ye-akTTRzc
yt-18089,0,1,tWSAeOxCdI8
yt-18090,2,4,cFMnvt6KEwA
yt-18091,2,3,1G1RBbrDt10
yt-18092,0,1,FR0f40WtJMA
yt-18093,1,2,jbNqtTA-K9M
yt-18094,0,1,VlF9CpZPKLI
yt-18095,0,1,jFrKRdtmTcY
yt-18096,0,1,JbSWwk9373U
yt-18100,1,2,9hABSMgOZZQ
yt-18101,1,2,Or8PQ5YZEe8
yt-18102,0,1,kbQ2odA4ocg
yt-18103,0,1,ejcU9qjs07I
yt-18105,1,2,CIs3AgdawU0
yt-18107,0,1,wCh8l0tX7FU
yt-18109,2,3,BFuz4UsYRVo
yt-18110,0,1,N1NtzpEDnWw
yt-18111,0,1,IzZnyCIZOTU
yt-18112,0,1,r9Ljy8xMrRc
yt-18114,0,1,jqKgybIp3rU
yt-18115,2,4,oqhzw42jS38
yt-18116,1,2,TZV4EK_zIxM
yt-18119,1,2,Vc44dNIJDn4
yt-18121,0,1,xji4m2vfcdw
yt-18122,0,1,CXjc3_9oBMY
yt-18123,2,3,nntYFfh3w80
yt-18124,2,3,lC4rsRTXmgg
yt-18125,2,3,novideo-18125
yt-18126,0,1,HXRHBo-IjVM
yt-18127,0,1,H0bKUYV7g44
yt-18128,0,0,999_8ibxCj0
yt-18129,1,2,xwquU-4IGLU
yt-18131,2,3,kYw0bd0mhOg
yt-18132,2,3,U4wCkfe_WSw
yt-18133,2,3,y-eH5oo7BP0
yt-18134,2,3,CLZmk4SFRyA
yt-18135,0,1,MCRlYg2l4Jg
yt-18137,1,2,tsWYv1u3_6c
yt-18138,2,3,tLN-EfQ5rUc
yt-18139,2,3,k2BZWzTuKeM
yt-18140,1,2,UoG8TGKiCGo
yt-18141,1,2,AaKTBWnRaLU
yt-18142,0,1,o7V5yOCttmc
yt-18143,0,1,sYcgRT4n_FQ
yt-18144,0,1,zTWaXO4gEcs
yt-18145,0,1,4NQFwvuWOFs
yt-18146,1,2,7hMfGlt-AfU
yt-18149,0,1,96J-PnnWQpY
yt-18151,0,1,xY20PkTLHZ0
yt-18152,2,3,fh4lTPpaMlI
yt-18153,1,2,8yoIkEMTl68
yt-18154,1,2,0JrwiWATqhg
yt-18155,1,2,AxaIZ36B4C4
yt-18156,0,1,1jgtNfV1npE
yt-18157,2,3,BIuLRKp6k6Q
yt-18160,1,2,biLd7JJb71Q
yt-18161,1,2,cvkxCSHjuXs
yt-18163,2,3,SojSWY7nya0
yt-18164,0,1,pbNR62xqITk
yt-18165,2,3,9nQPBECsu6k
yt-18166,0,1,-VWrqKzVXDw
yt-18167,0,1,wjDeHXNGwe8
yt-18168,1,2,MsgP-ld0qdU
yt-18169,2,3,Iwvhf1r6428
yt-18170,1,2,vcCoyEl_tpw
yt-18172,1,2,sBS34jx32yU
yt-18174,2,3,xudo1vw3oOk
yt-18175,2,3,jOASMPYiJy8
yt-18176,1,2,5g6m93Kzj0g
yt-18178,0,1,EzcwNPGCPSs
yt-18179,2,3,TeYFrJ8x-Xs
yt-18180,2,3,pqinvobBwRQ
yt-18181,2,4,PkLeE7ksifI
yt-18185,0,1,Xn9OvxpuqE0
yt-18187,0,1,4WjmHeDBQKc
yt-18188,2,3,VHCSKYJOMJA
yt-18189,2,3,_ysU6Kt-bTE
yt-18191,2,3,Ia4RNWhq9K0
yt-18192,1,2,NboWrLZ2-HI
yt-18193,2,3,vJv2MpQSeWg
yt-18195,1,2,GhWfXLV6QcM
yt-18196,2,3,JH5qHfBPZcE
yt-18198,0,1,7ROOpNeRXvw
yt-18199,0,1,Fr5XQctPPtI
yt-18200,1,2,yNuU2vm2784
yt-18201,1,2,RrLIHB_CTnk
yt-18202,0,1,D0hnv-wyVGU
yt-18203,0,1,IiYkb1IhAEg
yt-18204,2,3,huaVhsK3cEs
yt-18205,0,1,JH9o21FUzGw
yt-18207,2,3,Qn3YzdxODUU
yt-18208,1,2,Q0C7gGe64iM
yt-18209,0,1,5Fk8d2uRcR8
yt-18210,0,1,5UXGwEGW51A
yt-18211,2,3,iv-9tZShsz8
yt-18212,0,1,pmZWQA3pk_Y
yt-18213,0,0,PkkdNGcmtlI
yt-18215,2,3,YD3OakzpBLc
yt-18216,1,2,Df4Mj2qkyy4
yt-18217,0,1,Em0BeXyDkmM
yt-18218,0,1,_uPjqtGxgPE
yt-18221,2,4,kHwHSMPne2U
yt-18222,2,3,2CMu4KMexMo
yt-18224,2,4,VkuFXSGqxe8
yt-18225,2,3,5MFMC7A56cs
yt-18226,0,1,qmraiz5g5AM
yt-18227,2,3,YoD3GqU9HJQ
yt-18228,1,2,vVmo63_R6Ek
yt-18229,2,3,AakZ1GefwxI
yt-18232,1,2,b6g7zn_Nn7c
yt-18233,1,2,eYeaUm1R42M
yt-18234,0,0,F85faLwfcBI
yt-18236,0,1,gHg7pDXS8vc
yt-18237,0,1,o8-4eE2YgDw
yt-18238,0,1,iRmZXzKS6e4
yt-18239,2,3,gAAQaqQl2eM
yt-18240,2,3,MCRlYg2l4Jg
yt-18241,2,4,BFuz4UsYRVo
yt-18242,0,1,4KVx2x6GlL4
yt-18243,2,3,Uy4kCtTRd_g
yt-18244,0,1,KGb_d94uEfE
yt-18246,1,2,DClLbX9hOqU
yt-18249,1,2,hsDM4lvdE2w
yt-18250,2,4,oqhzw42jS38
yt-18251,1,2,rZJT646i4TY
yt-18252,2,4,IyoZBHfRydM
yt-18253,1,2,ytitID15C9w
yt-18254,0,1,tx8vptzsxFY
yt-18257,2,3,sdCO9zoGCKs
yt-18258,0,1,KRI_GfVG8sQ
yt-18260,2,3,MIhWTpG2wcM
yt-18261,1,2,VNCDADoC55s
yt-18262,2,3,CVt3UBCUirg
yt-18263,1,2,Cv9PT8V6SGI
yt-18264,0,1,rsipTAvxdyU
yt-18265,1,2,iSWbIUWWJ24
yt-18266,0,1,MSZGa0bWhh8
yt-18267,0,1,QAD6BiFD6dg
yt-18268,2,3,5lkzUyZcqR0
yt-18269,0,1,JhnW0wBDtnA
yt-18270,0,1,lTJ1bj0tNP8
yt-18272,2,4,VeNi4CZGotM
yt-18273,1,2,ViZ_MpOdfq0
yt-18275,1,2,pNbpijn86ec
yt-18276,2,3,wPU8yypCpRc
yt-18277,0,1,m8uS-uA_rzQ
yt-18278,1,2,Kd6WIk5iRhA
yt-18280,2,3,DC05VUtSHmA
yt-18281,2,3,7J6kW8duX04
yt-18282,2,3,UuaH8xouTks
yt-18283,2,3,yW_W_ydkqZ8
yt-18285,2,4,fZeDYfF-cXA
yt-18286,1,2,Pqrkl3NVFvY
yt-18287,1,2,luGyMNRPQM4
yt-18288,2,3,ers85k9s6u4
yt-18289,2,3,VkuFXSGqxe8
yt-18290,1,2,BObJiy5noaM
yt-18291,1,2,PH_8xiKFBxk
yt-18293,2,3,s-Bg3rHt2_o
yt-18296,0,1,sJx3ViIcj1I
yt-18297,0,1,5H3NuRl7Ppw
yt-18299,0,1,oZ1hvGNm7h8
yt-18301,0,1,KE1_wHoU9jU
yt-18302,2,3,CFTyyxTabmE
yt-18303,2,4,novideo-18303
yt-18304,0,1,B-zaLvhYxEc
yt-18305,2,3,VkuFXSGqxe8
yt-18306,2,3,BFuz4UsYRVo
yt-18307,2,4,YoD3GqU9HJQ
yt-18309,2,3,YklpGz7cNu0
yt-18310,0,1,1q8y6FWPEoA
yt-18311,0,1,3AGqPLzWM0U
yt-18312,0,0,8rwv1jf40F4
yt-18313,2,3,nntYFfh3w80
yt-18314,2,3,4oLANg-lKX4
yt-18316,0,1,hArDpQVdTYA
yt-18317,0,1,vpoVEhc2Xgk
yt-18318,0,1,9wltaqoWqB8
yt-18319,0,1,-xi8IqnX5iU
yt-18321,1,2,YFM8Axmv-jc
yt-18322,0,0,lNSRp4eayR4
yt-18324,0,1,wz4kx0rtbkA
yt-18325,2,3,Pe0SmG6Rzj0
yt-18326,1,2,XURGDvpcYTM
yt-18327,2,3,1JZvU0o_lS0
yt-18328,0,1,GwFVHbs2l1s
yt-18329,0,1,H0bKUYV7g44
yt-18330,1,2,Poy35rRTf3Y
yt-18331,0,1,RIbdMa-fCyY
yt-18332,0,1,H0bKUYV7g44
yt-18333,2,3,Rc0ZGv58hnw
yt-18334,1,2,KdgSw94DlVk
yt-18335,1,2,0bJr_zASZZg
yt-18336,0,1,erbTDbpynw4
yt-18338,0,0,DsXszU_mSg4
yt-18339,2,3,7uzK-ZdEPnk
yt-18340,2,3,mSAWbrM7fYk
yt-18341,0,1,UJ2IeurQuLM
yt-18342,1,2,oT6azk7jYCE
yt-18343,0,1,5WxZFYCpy54
yt-18347,1,2,PsEdzz8N2jU
yt-18348,0,1,rnIz7k95rxw
yt-18350,2,3,dOFQL-liask
yt-18351,0,1,QZhhMz4zK8A
yt-18353,0,0,-pP2fz4RHKA
yt-18354,1,2,Mjhz9go2zVE
yt-18356,2,3,novideo-18356
yt-18358,0,1,qxeF-Chiwe8
yt-18359,2,3,s0nuKKa7Lv0
yt-18360,2,3,Uo72ijyLlGU
yt-18362,0,1,FJagwas5CuY
yt-18363,2,4,QpIbaDqvjE0
yt-18364,0,1,FuZVA3s7b1c
yt-18365,1,2,I5pLLeWFheA
yt-18366,0,1,vqZ92trVpBc
yt-18369,1,2,CdaALgwXwdc
yt-18370,0,1,Ku1VllsV2yg
yt-18371,2,3,nNW5JJk_Jms
yt-18372,2,3,XK1WQ96XwTA
yt-18373,0,1,rW1eGZ12ybg
yt-18375,2,3,Kftr-xiG-hw
yt-18376,0,0,cFS9a84Tfcc
yt-18377,2,3,7aABAmWQmSE
yt-18378,0,1,novideo-18378
yt-18379,0,1,3QhEltLl1ow
yt-18380,0,1,obBLoImFGcg
yt-18381,2,3,rv7ZUnCnhag
yt-18382,0,1,P8OGRgTcTMw
yt-18384,1,2,AdoHh0KlG-o
yt-18385,1,2,novideo-18385
yt-18386,1,2,o-QX3zDKoSU
yt-18388,2,3,Mg5AH0TMGeA
yt-18389,2,3,0CkZ4OoFnzE
yt-18391,1,2,MCRlYg2l4Jg
yt-18392,2,3,3mh1xFlIkrI
yt-18393,1,2,REEs2dmC2ag
yt-18394,0,0,9nDJYc10Wgg
yt-18397,0,1,KdgSw94DlVk
yt-18398,2,3,UBAY26elr-w
yt-18399,0,1,3NZ5maNnHEI
yt-18400,0,1,58frGISFQUE
yt-18401,0,1,78JttR2R3EY
yt-18403,1,2,DC05VUtSHmA
yt-18404,2,3,8UH6G1LnXR8
yt-18405,2,3,zOtP_qpKmYY
yt-18406,2,4,kWdmzvLjozE
yt-18408,0,1,gQOp_7R1Rfk
yt-18409,2,3,xCkjdAMMIsk
yt-18410,1,2,novideo-18410
yt-18411,2,3,03pL7sfjQNQ
yt-18412,2,4,bOMp3FbQ8aw
yt-18413,0,1,plaa-1Z8qFs
yt-18416,2,3,pXeOtkaIxgU
yt-18417,2,3,D-8WCKrxqGw
yt-18418,2,3,1VTLzDSRNCE
yt-18419,2,3,ovXkapVSGPI
yt-18420,0,1,m2dEe3Na-w4
yt-18421,2,3,KVAGFjGJvuE
yt-18422,2,3,8UH6G1LnXR8
yt-18423,2,4,ELRsSitmxm0
yt-18424,0,1,wF0BFR24WLo
yt-18425,0,1,k-_pA5XgHI8
yt-18426,2,3,O9SrnMQm6xQ
yt-18427,0,1,hNdJeGrxIwo
yt-18428,2,3,J9e-b-mek9A
yt-18429,1,2,6VwWh89csDc
yt-18430,0,0,HEPBwkiVYBk
yt-18431,0,1,_QjGMChHEQc
yt-18432,1,2,JVNY5NJTyFs
yt-18433,0,1,6Z5yn3Aro68
yt-18434,0,1,9P-_gJRDd_A
yt-18435,1,2,m0_SMiOecko
yt-18436,0,1,yafuPWp8TRY
yt-18437,0,1,AYg7FMAlnhU
yt-18438,0,1,f6uMd8cuWcc
yt-18439,2,3,6bJmFa1OkYI
yt-18440,1,2,CvX8KfshiJ0
yt-18441,0,1,yMCJ-ZSS9ag
yt-18442,0,1,xYeH8fQQFoU
yt-18444,0,1,zJgt-WbE7oc
yt-18445,2,3,1y2IvCXZhts
yt-18446,2,3,HYF_DV-OemE
yt-18447,1,2,F85faLwfcBI
yt-18448,2,3,HykkwYN7kRw
yt-18449,2,3,AxaIZ36B4C4
yt-18450,1,2,jA2kl0Hj4YE
yt-18451,2,3,FUMVZAhOa28
yt-18452,2,4,4NDa3GWTPoo
yt-18453,0,1,Abq4vNaZH-w
yt-18454,1,2,PsEdzz8N2jU
yt-18455,2,3,Da6ljj6yT0U
yt-18456,2,4,vCiBB0pFuSU
yt-18457,2,3,mSk3DGJCmrc
yt-18458,1,2,PjBNMbI6-sk
yt-18460,2,4,nqUzEDp6wFM
yt-18461,2,3,_s3S-QUtGTM
yt-18462,0,1,8j2Y9OOLTxs
yt-18464,2,3,-j1We7htG38
yt-18465,1,2,SH3-06sI77A
yt-18466,1,2,Ns97xiGg0cg
yt-18467,0,1,pD02fx27yZU
yt-18468,1,2,GrTN6qK4hJo
yt-18469,0,1,JfA6kpsBOKc
yt-18470,2,4,PH_8xiKFBxk
yt-18471,2,3,sGeCtTIYork
yt-18474,2,4,HtqyzjEuwlE
yt-18475,2,3,aaLkHKhnoCA
yt-18477,0,1,vpoVEhc2Xgk
yt-18478,0,1,5A8N-hT09q4
yt-18479,0,1,8dY3MlkvDnw
yt-18481,1,2,zCFaFzMku8s
yt-18482,2,3,qKahoohkUpM
yt-18483,0,1,yuX-zBLlkpA
yt-18484,2,4,IyoZBHfRydM
yt-18485,2,3,cLY_AdN2BwQ
yt-18486,1,2,rZQKMYYFnks
yt-18488,0,1,j_KufzDiE6s
yt-18489,2,3,UCJPIZrDmgk
yt-18490,2,3,jcIJafavNOY
yt-18491,2,3,nxG1Yy6bF6A
yt-18493,2,3,I81Qrs7zIgg
yt-18494,0,1,tBo2p3Fz5MU
yt-18495,0,1,RIbdMa-fCyY
yt-18497,0,0,QquXYHla7lg
yt-18498,1,2,vpoVEhc2Xgk
yt-18501,1,2,CFTyyxTabmE
yt-18502,2,3,goG7eF5wm-Q
yt-18503,0,1,novideo-18503
yt-18504,0,1,fx3WrCnA4-E
yt-18505,0,1,mZIgb7tcY28
yt-18506,2,3,pXeOtkaIxgU
yt-18507,2,3,DC05VUtSHmA
yt-18508,2,3,ltcQYroUiB0
yt-18509,2,3,novideo-18509
yt-18510,2,3,142H3lq7_RQ
yt-18511,0,0,novideo-18511
yt-18512,2,3,My1CKWZzCew
yt-18513,1,2,CBVGd8NfMxk
yt-18515,0,1,KGb_d94uEfE
yt-18516,2,4,RN0zNNH89h8
yt-18517,0,0,euydimYmnpw
yt-18518,2,3,bOMp3FbQ8aw
yt-18519,2,3,nAOy7C5XTjw
yt-18520,0,1,QmfvaL9RgkE
yt-18521,0,1,2pB7BygiZQ8
yt-18522,2,3,w2pumQgoKiI
yt-18524,2,3,8rBfF8dnomk
yt-18525,1,2,EDH5TMcB4Ec
yt-18526,2,3,r2eR2sZAXsU
yt-18527,0,1,g3SPb9zpIeI
yt-18528,0,0,ANslJso4kU4
yt-18529,1,2,d_eZ4O5HiMQ
yt-18532,2,4,novideo-18532
yt-18533,1,2,ZpqJgmftaTg
yt-18534,1,2,_QDX1gi3AAw
yt-18537,0,1,cANfplfkbx0
yt-18538,0,1,Eifv1zrQF3A
yt-18539,0,0,novideo-18539
yt-18540,2,3,pPxJSWbJrtw
yt-18541,0,1,novideo-18541
yt-18542,2,3,IyoZBHfRydM
yt-18544,2,3,LZpI5H4XOoo
yt-18545,0,1,RIdX27FwZjg
yt-18546,2,3,f9AjVEfwmbc
yt-18547,2,3,DcYW0GoIcA0
yt-18548,1,2,J0i404eAi-Y
yt-18549,0,1,1G5ehGFwiR4
yt-18550,1,2,8Onktbb6acM
yt-18551,2,3,Eifv1zrQF3A
yt-18552,2,3,ZOUSjqTH1xk
yt-18553,2,3,YoD3GqU9HJQ
yt-18555,0,1,xYFR5YJ5gv0
yt-18556,0,1,5wjtrINkBgQ
yt-18560,0,1,qSewJTbNyWg
yt-18562,1,2,J3VtNC_Bj2s
yt-18563,2,3,_wUW1tKmVZA
yt-18564,1,2,ONfMmSNXUzc
yt-18566,2,3,zLlElKwX7Oc
yt-18568,2,3,-V1Lx8awqog
yt-18569,0,1,6EfHYn45yek
yt-18572,0,0,fDNJv2YIEdc
yt-18573,2,3,8KO-7HKUlRc
yt-18574,2,3,EelNaWLU40E
yt-18577,1,2,9KOMrYH6yJI
yt-18578,2,3,VkuFXSGqxe8
yt-18579,0,1,7Y1Hh1Bgr-A
yt-18580,1,2,F21nkk0jLKU
yt-18581,1,2,gas1BnAs5xc
yt-18582,0,1,m0_SMiOecko
yt-18583,0,1,JVNY5NJTyFs
yt-18585,0,1,yJdCGuEK7OA
yt-18586,0,1,Sg0Hhz86Wcw
yt-18587,2,4,Eifv1zrQF3A
yt-18588,1,2,ESrZ8FRQzbY
yt-18589,2,4,YOuvHd9OHRo
yt-18591,2,3,aEHQ0wMdy1c
yt-18592,2,3,W93B7cSaKLg
yt-18593,0,1,MjDLGblPJj4
yt-18594,1,2,s2w0X6aL1Do
yt-18595,0,0,novideo-18595
yt-18596,2,3,uSyQ2_lhuvI
yt-18598,0,1,EsOgyP7ZuV4
yt-18599,0,1,_vQc3-omWds
yt-18600,2,4,EA-pVOEVzoI
yt-18601,0,1,BC1CoYYs4qo
yt-18602,2,3,6xIqOLPyXI0
yt-18603,1,2,N7Mb2Q6LMvQ
yt-18604,0,1,UhFdcBIIrBk
yt-18605,2,3,wlpodmhAZ70
yt-18606,2,3,b3QBfxONl3g
yt-18607,1,2,C3z79NQUX28
yt-18608,1,2,4a-WSa3Hvfs
yt-18609,0,1,ytitID15C9w
yt-18610,1,2,QNxQ9tt5CGo
yt-18611,0,1,LlxDEMjUfXQ
yt-18612,1,2,PFmIWs8vw10
yt-18613,1,2,5yrJD3OqzYM
yt-18614,0,0,iW0mhZyi-Tg
yt-18615,2,3,CvaPguOOOvg
yt-18616,1,2,wH-aOw0aHHI
yt-18617,1,2,SF8clEjTXMk
yt-18619,2,4,j2uhTjJMS_E
yt-18620,1,2,rtEMyNqyMJ0
yt-18621,2,3,_F1KF6cAYeM
yt-18622,1,2,OJfUukdKIBE
yt-18623,0,1,qpGHlrNOrRU
yt-18624,2,3,1_YYd3zP8L4
yt-18625,2,4,OXN7L6ZSozo
yt-18626,2,3,1jyfFKUmMw0
yt-18628,0,1,_y7Nqf3z_LA
yt-18629,2,3,diXakIUiMOA
yt-18630,2,3,dYBUHBF-yLo
yt-18631,2,3,hmp4ZVhgm8o
yt-18632,0,1,uh_zgtOckLM
yt-18633,0,1,novideo-18633
yt-18634,1,2,mtOVL0hJFu8
yt-18635,2,3,tAHK6E03ORo
yt-18637,1,2,_kf5qHdSRDI
yt-18638,1,2,4NQFwvuWOFs
yt-18640,2,3,eotukgSjd2E
yt-18641,0,1,tIqRbWX8qJ8
yt-18643,2,3,0B4mchz2wS4
yt-18644,0,0,BO-4a2G1Yf4
yt-18645,0,1,zvZYt45F6Jk
yt-18646,2,3,v7zlnATufOw
yt-18648,0,1,G1DhXZYASe4
yt-18649,0,0,PMpmRb07Foc
yt-18650,0,1,-ld_NWySErk
yt-18651,0,1,fpKdaQhT7js
yt-18652,2,3,tm3SnDw9xqI
yt-18653,0,1,cMhYjUnkTbg
yt-18654,2,3,v7o4j-bq524
yt-18655,1,2,-7oHeEU2Sbo
yt-18656,1,2,u-SKY-Jxo0w
yt-18657,0,1,Pg08R9YYxfU
yt-18658,2,3,novideo-18658
yt-18660,1,2,uMkOrFl9pzc
yt-18661,0,1,_IYfjkWH1BU
yt-18662,0,1,0IUPr4zLkAY
yt-18663,2,3,Pe0SmG6Rzj0
yt-18666,0,1,Nyt1Q0QNpq8
yt-18667,2,3,vpoVEhc2Xgk
yt-18668,0,1,e3-0Le2ytZE
yt-18669,1,2,_ysU6Kt-bTE
yt-18670,2,4,6mhlN0VdTmY
yt-18671,0,1,xYFR5YJ5gv0
yt-18672,2,3,t3Q8Haoiv6g
yt-18673,0,1,YhobX7mHyLw
yt-18675,1,2,LG401aBnG8M
yt-18676,0,1,XsmEUYIjrcY
yt-18677,1,2,9XvlHN0UPbk
yt-18678,2,3,m0_SMiOecko
yt-18679,2,3,5MFMC7A56cs
yt-18680,2,3,ijSt4qcqhB4
yt-18681,0,1,KdgSw94DlVk
yt-18682,1,2,novideo-18682
yt-18683,0,1,RyeMKroyXmw
yt-18684,1,2,RffjlOYCPCM
yt-18685,2,4,hNbNkY8oEVk
yt-18687,0,0,c0iP96eKztY
yt-18691,0,1,QuBW0eJoIPw
yt-18692,2,3,8mZzdRMdV0g
yt-18693,0,0,81Ir39n_K-A
yt-18694,0,1,novideo-18694
yt-18695,1,2,KOvbTza65zk
yt-18697,1,2,n-wCz42qe4s
yt-18699,2,3,HtqyzjEuwlE
yt-18700,0,1,BLX7sTQqkYA
yt-18701,2,3,HtqyzjEuwlE
yt-18702,2,3,ZlW7lcf54nI
yt-18703,0,1,NSCm3jwXSMA
yt-18704,2,3,SdPC3S87Xmw
yt-18705,1,2,0l154Fz-9-g
yt-18706,0,1,rd9li7zIvF4
yt-18707,0,1,V-nZDGMn4tA
yt-18708,1,2,dr9ggH1Fy2Q
yt-18709,0,1,_AFqjq3X2Kk
yt-18710,2,3,D-uZmr5IIXY
yt-18712,0,0,2mcPsguVros
yt-18713,1,2,r9Ljy8xMrRc
yt-18714,1,2,6LKq_oX0aYY
yt-18716,2,3,6mhlN0VdTmY
yt-18717,1,2,Cl6P3FtOiFs
yt-18718,2,3,449nXQft214
yt-18719,0,1,ilcqJGryqzM
yt-18721,2,3,pXeOtkaIxgU
yt-18722,1,2,jYBbf4YPeLQ
yt-18723,2,3,AW4extBoDuQ
yt-18724,2,4,TeYFrJ8x-Xs
yt-18725,1,2,dw-HHW3_0KE
yt-18726,0,1,iLNBSJBwqiI
yt-18727,0,1,WPmF7PRK2p0
yt-18728,0,1,D6nm-fMmOng
yt-18729,2,3,JGDdMxxSEiw
yt-18730,2,3,1KZNiZnHQ_Q
yt-18732,2,3,2xXhXan72Gs
yt-18733,0,1,ub6j0gcXxw4
yt-18734,2,4,iDb9YO6YeXw
yt-18735,2,3,qnTDIrwlFTM
yt-18736,0,1,0Iy4QLvhZ8Q
yt-18737,1,2,5LxhTcFswno
yt-18738,0,1,W9KoLP1g8ow
yt-18739,0,1,BSnotFYhy28
yt-18740,1,2,brTNbvCjBrM
yt-18741,1,2,SmB-thSCFYo
yt-18743,1,2,uRJ6u1ARxeU
yt-18744,0,1,2lt24c9e6yE
yt-18745,0,1,pobZRgWN3v0
yt-18746,1,2,NsLC3YbqZY0
yt-18747,0,1,JCOiZtAvwso
yt-18748,0,1,3TNFoDkPOJc
yt-18749,0,0,vpoVEhc2Xgk
yt-18750,0,1,n7ffea6ibWI
yt-18751,1,2,b3K1YziwWe4
yt-18752,2,3,sepI2oMcbsM
yt-18753,2,3,H1yxTx_hyAo
yt-18754,1,2,qGKAHFvdYT8
yt-18755,2,3,P051rbLjttY
yt-18758,2,3,LcUSIKVjXng
yt-18759,0,1,pKFULe6Mm38
yt-18760,2,3,m0_SMiOecko
yt-18761,0,1,gz5dmj0xmKE
yt-18762,2,3,yLV4MyNTSvo
yt-18763,0,1,QZgYrxXlzDY
yt-18764,0,1,hYY_cOIuE0U
yt-18765,2,3,-AVpfcE3F3E
yt-18766,0,0,A6IMtk3TJEk
yt-18768,1,2,1ZwZLRPXXGY
yt-18769,0,1,qPOUH0WpYfY
yt-18770,2,3,huaVhsK3cEs
yt-18771,1,2,5MFMC7A56cs
yt-18773,2,3,Wq1riayESeM
yt-18774,0,1,FlzbuWZl-Tk
yt-18776,1,2,gSiKulYq6Mw
yt-18777,2,3,zJgt-WbE7oc
yt-18779,0,1,le-j-ZeGGhE
yt-18780,2,3,ef4TPcurx5E
yt-18782,1,2,epwXjvLUr7E
yt-18784,0,1,qt13mJ9gGnw
yt-18785,0,0,_4A9FR0RgdE
yt-18786,0,1,kKzQScAZ-rA
yt-18787,0,1,bVSYlRwnU_g
yt-18788,2,3,yxmITgA-AI0
yt-18789,2,3,1VRlsD09id8
yt-18790,2,3,C3z79NQUX28
yt-18791,0,1,surebk-9f2Y
yt-18792,2,3,Ku1VllsV2yg
yt-18793,2,3,ZE0SWTfC8cg
yt-18794,2,3,novideo-18794
yt-18795,1,2,C41NWw9WtX0
yt-18799,2,3,BJmajbiUI0U
yt-18800,1,2,BtNBhnz1hBM
yt-18802,2,3,VkuFXSGqxe8
yt-18804,1,2,X7fl-jN24j0
yt-18805,0,1,FO2EiKvzFuA
yt-18806,1,2,FIJwkne06Ks
yt-18807,0,1,RHq61MkozFk
yt-18808,1,2,OJfUukdKIBE
yt-18809,2,3,Ma60BMXLe7s
yt-18810,2,3,GuXeLXpW7BY
yt-18811,1,2,ImF5JPp-hFs
yt-18813,2,3,TTHLSuS7K6Y
yt-18814,0,1,m6aGPJgfhNY
yt-18815,2,3,novideo-18815
yt-18816,0,1,R37j85SxHEI
yt-18817,2,3,laLIidriPrs
yt-18818,2,3,6UEUMCbn86U
yt-18819,1,2,ChT6xItH-EY
yt-18821,1,2,kHwHSMPne2U
yt-18822,2,3,V0lzuMoa1fk
yt-18823,1,2,_23ZlbEPxTU
yt-18824,1,2,0tYTvthMPXA
yt-18825,2,4,y9UtWHfG31U
yt-18826,0,1,Z3_umP8CgBs
yt-18827,2,3,aCE9WpOrA_U
yt-18828,1,2,qs6lBica0QE
yt-18829,0,1,r3fcKHraqqk
yt-18830,2,3,mRX9dBk1DSk
yt-18831,1,2,GHzaMI--BC8
yt-18832,0,1,xYlJyiwgcZE
yt-18833,0,1,i1-Ccx0wFRA
yt-18834,2,3,Xi_BwJ6T_3s
yt-18836,0,1,i5Kybh7ZtEs
yt-18837,2,3,m0_SMiOecko
yt-18838,2,4,06xNp4aikiA
yt-18839,2,3,PHt74nKN0HU
yt-18840,1,2,_gXiMfw82TQ
yt-18841,1,2,qAOpkXErt5M
yt-18842,2,3,Nm8on_ZzXQc
yt-18843,2,3,EQq9B_mvV74
yt-18844,1,2,4bBtJo5-m0Y
yt-18846,2,3,novideo-18846
yt-18847,2,3,TeYFrJ8x-Xs
yt-18848,0,0,HyXYwx9AHHI
yt-18849,2,3,pTxU6pPJXkU
yt-18850,0,1,-hfdBbHELKU
yt-18851,0,1,ycOWu_WDDEg
yt-18852,0,1,uif-_lpCgKw
yt-18853,0,1,ZS4_w1xK3OE
yt-18855,2,3,3TNFoDkPOJc
yt-18856,0,1,OuQXqDuayTU
yt-18857,1,2,rsSoUqaA1_s
yt-18859,2,3,qYBMGs-pm5c
yt-18860,1,2,novideo-18860
yt-18861,0,1,LcfLbSJpeU4
yt-18864,1,2,uJRq7aISZdo
yt-18866,0,1,FupdJSoFPeI
yt-18867,1,2,AQsAS4o3qwI
yt-18868,2,3,2c50hFi9pDs
yt-18870,2,3,sjC-Xoo_WGE
yt-18871,2,3,ejLwZMbxZzQ
yt-18872,1,2,xM99drfRMP0
yt-18873,1,2,yo96-jc12p4
yt-18874,2,3,oA3lSKxewMM
yt-18875,1,2,50l8J1WUCRw
yt-18877,2,3,jXcy0F1Zsv8
yt-18878,1,2,7Oc8-eclkrY
yt-18879,2,3,hFz8QIR550k
yt-18880,1,2,sBcv58DvnTc
yt-18881,2,3,7iI8Qv665mg
yt-18882,1,2,5MFMC7A56cs
yt-18883,0,1,6DK_WfAkpkk
yt-18884,1,2,z_S2Fo2Es1k
yt-18885,2,3,5zm970vfZrU
yt-18887,1,2,gs8FedsXmrM
yt-18888,2,3,nM85YRFdJK0
yt-18890,0,1,-BCoq6FiEuw
yt-18891,0,1,H0bKUYV7g44
yt-18892,2,3,novideo-18892
yt-18893,2,3,LcUSIKVjXng
yt-18894,0,1,BecDNrpFuMo
yt-18896,0,1,cDgivGukkA4
yt-18898,0,1,1JHbFVNjgZM
yt-18899,0,1,novideo-18899
yt-18900,2,4,Z9k5dWX3Vlc
yt-18902,1,2,RllOvVuC0JM
yt-18903,1,2,f4mqdoI6AYs
yt-18904,0,1,XWS2pMseeRk
yt-18905,0,1,pvIAMIrF0Us
yt-18908,2,4,ejPRQ37seqk
yt-18909,0,0,taIEdbT_S3I
yt-18911,2,4,xz0ogUWsQWc
yt-18913,2,4,ar_SIWMZakk
yt-18914,0,1,CfQ87BJv4XM
yt-18916,2,4,gjvjS3RJng4
yt-18917,0,1,bTz9okKE-NU
yt-18919,0,1,novideo-18919
yt-18920,0,1,y7l79LSNOss
yt-18921,0,1,-1rnXkLbPK8
yt-18922,2,3,INcPi92w1Tg
yt-18923,0,1,fmDofNYu4S8
yt-18924,2,3,PMpmRb07Foc
yt-18925,2,3,Cy2r7T7sVLU
yt-18926,1,2,RFwt9E_ZGcc
yt-18927,2,3,6dDff6Dc9og
yt-18928,0,1,-krRP6bLTu8
yt-18930,2,3,p8svUkNcN-E
yt-18931,0,1,2w41HF8dLvI
yt-18932,2,4,mZhm1zQ_RQg
yt-18934,2,3,0NjppfLG1zs
yt-18935,2,3,C_1VjcKhQM8
yt-18936,1,2,GbCJp2HqDJ4
yt-18938,0,1,Eax6V6b4EMw
yt-18939,0,1,RGt2MkGLNi8
yt-18940,2,3,pNbpijn86ec
yt-18942,1,2,fUlKvLL07og
yt-18944,0,1,aIA4woCcjVw
yt-18945,2,3,MhEQyO4-2o4
yt-18946,0,1,btrzODCnxOg
yt-18947,1,2,r5IUTk6QLYU
yt-18950,1,2,7vZa298pANs
yt-18952,0,1,6Wh4iSKSN_E
yt-18953,2,3,kkJyud3zpUs
yt-18954,1,2,diOkxTDJWgI
yt-18955,2,3,uyJdqYM90hY
yt-18956,2,3,hoq2UD8fxYw
yt-18957,0,1,p0EcLnR1OyA
yt-18958,2,4,tEe9oDrnXMI
yt-18961,1,2,Sox8CAYui5A
yt-18963,2,4,wZ8faSVjWhw
yt-18964,0,1,wDifK9g8qi4
yt-18965,1,2,novideo-18965
yt-18966,2,3,mtOVL0hJFu8
yt-18967,0,1,b845mDdsHLE
yt-18968,0,1,yWuU6M9UC9s
yt-18969,0,1,hBtfgqgrFEc
yt-18971,2,3,0Hmid399P4Y
yt-18972,0,1,9VIXbAXurLE
yt-18973,2,3,YoD3GqU9HJQ
yt-18974,0,1,KdgSw94DlVk
yt-18976,1,2,wRb6nE1sJRY
yt-18977,0,0,novideo-18977
yt-18980,2,3,j1lGJa5Sunc
yt-18981,2,3,MSMOYIpZ4ls
yt-18982,2,4,07C1KJrlTPk
yt-18983,1,2,LIxlPUTvzEg
yt-18985,0,1,-0ZEcyC0Cqw
yt-18989,1,2,cfP0cBKHXo0
yt-18990,2,4,ONfMmSNXUzc
yt-18991,0,1,DjJ8KrAAQko
yt-18992,0,1,9o5w0m66ykA
yt-18993,0,1,ZCPFgL0xrp8
yt-18994,1,2,tNdhtIN_ScU
yt-18995,1,2,1nYZ1hAA9EI
yt-18996,1,2,VNFL3tnHd6s
yt-18997,0,1,cCJi_9GV44c
yt-18998,2,3,ygkFcv9u54w
yt-18999,2,3,p4frTp4QxPM
yt-19000,2,3,UNyyd6eZNJU
yt-19001,2,3,m0_SMiOecko
yt-19002,2,3,tm3SnDw9xqI
yt-19004,2,3,Pe0SmG6Rzj0
yt-19005,2,3,novideo-19005
yt-19006,0,1,izEHUS9TM-w
yt-19007,1,2,tUV5W1dF3Nw
yt-19008,0,1,a2OUkk56acg
yt-19010,0,1,0iicJ9494Gg
yt-19011,0,1,7juyiFfCzJk
yt-19012,2,3,QAD6BiFD6dg
yt-19013,0,1,novideo-19013
yt-19014,2,3,Jh4tpeTceSg
yt-19015,2,3,xCkjdAMMIsk
yt-19016,2,4,VkuFXSGqxe8
yt-19018,1,2,yqOZ74mR-gI
yt-19020,2,3,WmJUxeuMF2U
yt-19021,1,2,8UH6G1LnXR8
yt-19022,2,3,iph9Zt-pFQM
yt-19023,2,4,HJjaseDFEZA
yt-19025,2,3,Y3T20pSx4C0
yt-19026,0,1,wO0gyA3wr0U
yt-19028,2,3,F1xxC5dDOyA
yt-19029,1,2,0NfArkRDato
yt-19033,2,3,hKWSW2JvkJ0
yt-19034,0,1,-1xFnBGFFJU
yt-19036,0,1,Abq4vNaZH-w
yt-19037,0,1,9hmhPF0bj9I
yt-19038,0,1,novideo-19038
yt-19039,0,1,a8sKx64PZQE
yt-19041,2,4,NYulO5_8OKo
yt-19042,2,3,9yi9kqNKq0c
yt-19043,1,2,i4vuLt68WEw
yt-19044,0,0,8avnAFLzih4
yt-19045,2,3,nkE6M85fay0
yt-19046,2,3,sqsKe4nmMUk
yt-19047,1,2,EfLVg0iXx7c
yt-19049,1,2,hNbNkY8oEVk
yt-19050,1,2,NboWrLZ2-HI
yt-19051,1,2,iUc6bMELMbg
yt-19052,1,2,-0ZEcyC0Cqw
yt-19053,2,3,ge6w_dEJL8w
yt-19054,0,1,h9FgBHnCfoc
yt-19056,2,3,jPAmt5Yg2lU
yt-19057,0,1,3DRIfOkS_7M
yt-19058,0,1,U5lQK2aKHeU
yt-19059,0,1,Bp3yeibMgQ4
yt-19060,2,3,6K0qqR-yEz8
yt-19061,2,3,AMK7Qgctj1I
yt-19062,2,3,CVt3UBCUirg
yt-19063,1,2,FYOyXuEtJkY
yt-19065,2,3,lcruauI6bd0
yt-19068,0,1,DK-L1hS6Iy4
yt-19069,2,3,HXS-mMW28sg
yt-19070,2,3,k0NbnlUxniI
yt-19071,1,2,novideo-19071
yt-19072,1,2,hmp4ZVhgm8o
yt-19073,1,2,J9e-b-mek9A
yt-19074,0,1,OWEyvbfVQq8
yt-19076,1,2,GHoFeTnAn88
yt-19077,0,1,X9EOmSwLzJk
yt-19078,1,2,p7MOLfT3sTs
yt-19079,1,2,P9_OJEvDy60
yt-19080,2,3,_9nDPEL7B98
yt-19081,2,3,nQ8-5jp-S8k
yt-19082,1,2,dd1fwx7hrcc
yt-19083,2,4,PCFpZ0u_fyM
yt-19084,2,3,q9fvSepQ0AM
yt-19085,1,2,V0Va_HxkKps
yt-19087,0,1,FC5GrQbgAz4
yt-19088,0,1,E5KgDtMuC_E
yt-19089,2,3,T2RfleNg7vQ
yt-19090,1,2,4bRHWaMdvhw
yt-19091,0,1,S8zkQ44n2_w
yt-19092,2,3,k2BZWzTuKeM
yt-19093,0,0,PmGyLkdVRvI
yt-19095,2,3,Rbm5xnE7zHQ
yt-19096,1,2,WDWUDwzWyxE
yt-19097,2,3,XMJvKdnn15w
yt-19098,2,4,novideo-19098
yt-19100,2,3,GHzaMI--BC8
yt-19101,0,0,-kDWYYgBxd4
yt-19102,2,3,5HngLHRGfLc
yt-19103,2,3,TE6Zv3L6e_E
yt-19105,2,3,8UH6G1LnXR8
yt-19106,1,2,zDHoUcdwOHE
yt-19107,2,3,0Pn7RSW2ZyU
yt-19108,0,1,3V9U7PGI4UE
yt-19109,2,3,YFM8Axmv-jc
yt-19110,2,3,TfMHrqF6SGA
yt-19111,0,1,hArDpQVdTYA
yt-19112,0,1,aOZdtgbBCis
yt-19113,2,3,wgkvKhFwv7c
yt-19114,2,3,MmbRau4klns
yt-19115,2,3,-6zy7UiVjaw
yt-19116,1,2,WdSkD7w2jSg
yt-19117,2,3,T_U2jcv6wXs
yt-19118,2,3,tnm6aShGR-I
yt-19119,2,3,d9SqhrRuq6k
yt-19120,2,3,t36UFQm30qg
yt-19122,0,0,1lXW2GFQo_E
yt-19125,2,3,Ipn1xgYdNfI
yt-19126,1,2,0zCKzQtI-bQ
yt-19127,2,3,oeA_er6HaDY
yt-19128,2,3,GRFusZGdzOo
yt-19129,2,3,C3z79NQUX28
yt-19130,0,1,W9JMCN1BrtQ
yt-19131,2,3,2z4qn69dWjM
yt-19132,2,3,wF0BFR24WLo
yt-19134,0,0,75rjPTsmahk
yt-19135,2,3,ilsSBu6D5mQ
yt-19136,2,3,9mlFzXfmbh4
yt-19137,2,3,novideo-19137
yt-19139,0,1,unB18Si-rwg
yt-19140,1,2,novideo-19140
yt-19141,1,2,HS6ubgwcwcw
yt-19142,2,3,yLV4MyNTSvo
yt-19144,2,3,bQcvwFlvtNE
yt-19145,2,3,X62mPjpkLs0
yt-19146,2,3,qH07pX8MhSs
yt-19147,0,1,hEOpSXxiSyY
yt-19148,1,2,soJM834IYFY
yt-19149,2,3,h6dXHKCs2h0
yt-19150,0,1,zi5zvCZEpeo
yt-19154,2,3,L2ievKIPbJk
yt-19155,2,3,yOmJZSjSgJw
yt-19156,0,0,kwrfYl1rAjg
yt-19157,2,3,jOFElUa3gWo
yt-19158,1,2,AVKCwG_kMDQ
yt-19160,0,1,TcoskdsR3FQ
yt-19161,0,1,M5Yo3I3utj0
yt-19163,2,3,5UXGwEGW51A
yt-19164,1,2,hJlg8KdtYuI
yt-19165,2,3,r1ThKBqfoZI
yt-19166,2,3,bWwY1z38k2c
yt-19167,0,1,pe8LtZGFXjk
yt-19168,2,3,yNuU2vm2784
yt-19170,2,3,oZN2Ni9yXB4
yt-19174,0,1,ZpqJgmftaTg
yt-19175,0,1,uSZC7-wNRHU
yt-19177,2,3,vdzQSC98iPs
yt-19179,2,3,UiGa32Ug23A
yt-19180,2,3,LDkAGSiz5I0
yt-19181,0,1,rMDYpDPFbw8
yt-19182,2,3,MhEQyO4-2o4
yt-19183,1,2,IsBdqCaHfdI
yt-19187,2,3,TEc0hbzEt70
yt-19188,2,3,nZA8mmrTOYo
yt-19191,0,1,i_4Ch6GGzWM
yt-19192,2,3,mZhm1zQ_RQg
yt-19194,2,3,k-1XRVJ0BI4
yt-19196,1,2,novideo-19196
yt-19197,2,3,yypLKij21-Y
yt-19198,1,2,S4JuIxkg0OY
yt-19199,1,2,B5DyUoCoU6g
yt-19200,0,1,tENdVriyYD0
yt-19201,2,3,P77UiR1vj9Y
yt-19202,2,4,beyF_duOE-w
yt-19205,0,0,FWVEDwfqJjQ
yt-19206,0,1,yV1XRY8lWWo
yt-19207,2,3,Z0pWU8Ezu1s
yt-19208,2,3,WfshEpeYqSo
yt-19209,2,3,MSZGa0bWhh8
yt-19210,2,3,ccAEc-V8Uws
yt-19211,0,1,mZRPrUbGnB4
yt-19212,0,1,novideo-19212
yt-19213,0,1,xuGzK0iUayE
yt-19214,1,2,uNDoiokVsWk
yt-19216,1,2,M6gildqxbhI
yt-19217,0,1,q46a33Squ0w
yt-19218,2,3,4QBWx26Uxis
yt-19220,0,1,pRerRF3DE_w
yt-19221,0,1,NLgu0wcTCd4
yt-19222,2,3,qB6Bd8nMMqI
yt-19224,2,3,IRObFMbFOIU
yt-19225,2,3,NptCdoxyeWs
yt-19226,0,1,sYcgRT4n_FQ
yt-19227,1,2,mTSYjbaQyo8
yt-19228,2,3,izjmMyE5mq8
yt-19229,2,3,mReNPLJ9tMc
yt-19230,0,1,GoUq5cpRB7U
yt-19231,2,3,tAHK6E03ORo
yt-19232,2,3,dtUlvy3h9ns
yt-19233,2,3,vpoVEhc2Xgk
yt-19234,1,2,yTrR6a-z7VQ
yt-19236,1,2,a2R29Br5rpk
yt-19237,1,2,aEHQ0wMdy1c
yt-19238,0,1,FuZVA3s7b1c
yt-19239,0,1,4WrHocm3Yow
yt-19241,2,4,novideo-19241
yt-19244,1,2,9Ad4vjJznco
yt-19245,1,2,npu1sASOflU
yt-19246,0,1,k6XIcYHqfmY
yt-19248,2,4,IyoZBHfRydM
yt-19249,0,1,Abq4vNaZH-w
yt-19251,2,3,biLd7JJb71Q
yt-19252,0,1,Df4Mj2qkyy4
yt-19254,0,1,-iGaqlxccH8
yt-19255,2,3,BO8BvpZSisU
yt-19258,2,3,0vbJtS97OVc
yt-19260,2,3,JqyvIehGp04
yt-19261,1,2,hUfkQthRND8
yt-19262,2,3,qpGHlrNOrRU
yt-19264,0,1,ffjUmmHdUBQ
yt-19265,2,3,novideo-19265
yt-19266,2,3,OO8hfzFaZdE
yt-19267,2,3,rn3gcCgylwE
yt-19268,0,1,OOseF5E2kqo
yt-19269,1,2,fKoS95zpevY
yt-19271,1,2,50_ePQkWBhE
yt-19272,2,3,CUtYc6Z64uI
yt-19273,2,3,KWbZJV55_3o
yt-19274,2,3,245tJt9MIgU
yt-19275,0,1,5yrJD3OqzYM
yt-19276,1,2,DC05VUtSHmA
yt-19277,0,1,Y75S3K2qeo0
yt-19278,1,2,ya03sXcaT1w
yt-19279,1,2,pkseu5q2vnU
yt-19280,1,2,fiOh-42oYuA
yt-19281,2,3,3TNFoDkPOJc
yt-19282,0,1,kJUid2LBErw
yt-19283,0,1,9XvlHN0UPbk
yt-19284,0,0,CWgX1XGKDpk
yt-19285,2,3,9yi9kqNKq0c
yt-19286,1,2,FuLiO6B1nQw
yt-19288,0,0,novideo-19288
yt-19289,2,3,yHNSkqg1xfg
yt-19290,2,3,BABRe53fna4
yt-19291,1,2,2z4qn69dWjM
yt-19293,2,3,EA-pVOEVzoI
yt-19295,1,2,ieOh_BcmVWM
yt-19296,2,3,_uPjqtGxgPE
yt-19298,2,3,unB18Si-rwg
yt-19299,0,1,H-5XhFuofMk
yt-19300,0,1,5NfFqU5w8g4
yt-19302,2,3,NUXEQaYRLwA
yt-19303,2,3,8UH6G1LnXR8
yt-19304,2,3,LcBOtPY5gS4
yt-19305,0,1,UgLzN2BXFso
yt-19307,1,2,ABnjxb1X2Lg
yt-19308,1,2,_6nCS7fmiO0
yt-19309,0,1,q46a33Squ0w
yt-19310,2,3,URWOakc0F40
yt-19311,2,3,DC05VUtSHmA
yt-19313,2,3,pNbpijn86ec
yt-19314,1,2,Zu90jlvKgYo
yt-19315,1,2,_Oi4ypgmLDo
yt-19316,0,1,VQrOMvikMlo
yt-19317,2,3,ppVa-oUquhI
yt-19318,1,2,2pC1_zHxZvE
yt-19319,0,0,42RfSrDw2WI
yt-19320,0,1,lZJ5okn5ayI
yt-19322,1,2,jY2MXwJHK7o
yt-19323,0,1,PY00zzXnajw
yt-19324,1,2,k2BZWzTuKeM
yt-19325,0,0,graTjqAy4ZQ
yt-19326,0,0,BD1F-FTTNx4
yt-19327,1,2,ppVa-oUquhI
yt-19328,2,3,qh85fT3ARe8
yt-19329,0,1,meEwXcFPhIY
yt-19331,1,2,p_pT8SDktdI
yt-19332,2,3,surebk-9f2Y
yt-19333,0,0,aFk7Fie2lDk
yt-19334,0,1,aIA4woCcjVw
yt-19336,0,1,C_ULQgTn23I
yt-19337,0,1,AZVPZuHvuRw
yt-19338,2,3,DC05VUtSHmA
yt-19339,2,4,dYfGYirFV6M
yt-19340,2,3,pb4qYO7o8wA
yt-19341,0,0,FOPUSLk0nRA
yt-19342,0,1,_TBJzHwKRpM
yt-19343,1,2,ZpqJgmftaTg
yt-19344,2,4,v9D3PKmtfYA
yt-19347,2,3,ebFXTffZLuE
yt-19348,0,1,OSA_emHHQTM
yt-19349,0,1,96J-PnnWQpY
yt-19352,1,2,vI1P16MO6IM
yt-19353,2,3,GnzK21tI_us
yt-19355,1,2,V4-EH5j-e2Y
yt-19356,2,3,YoD3GqU9HJQ
yt-19357,2,3,o4MK7fUq3W8
yt-19358,0,1,novideo-19358
yt-19360,0,1,ZLFJVq7hZ1I
yt-19361,0,1,UINr0I5ucpM
yt-19362,0,0,ywsCwCLHH7Q
yt-19363,2,4,vpoVEhc2Xgk
yt-19364,1,2,zwwVFse75Is
yt-19365,2,3,hmp4ZVhgm8o
yt-19366,2,3,6B4eR0ev1eY
yt-19367,0,1,gHg7pDXS8vc
yt-19368,2,3,1FrqdfjJewQ
yt-19369,0,1,UkIC5O3tiVA
yt-19370,0,1,Ep61tpBLF_k
yt-19371,2,3,uzYdEkQzyaw
yt-19372,2,4,LcUSIKVjXng
yt-19373,2,3,wYXoCWQVabo
yt-19374,0,1,McRtMEZ2M5A
yt-19375,0,1,6ZuNwK6kdmg
yt-19376,2,3,DDtyKUaeYhc
yt-19378,0,1,J9e-b-mek9A
yt-19379,2,3,CiAMHa9ta_M
yt-19380,1,2,iWpp9d57i8w
yt-19381,1,2,WXWRIl6jRXY
yt-19382,2,3,WfshEpeYqSo
yt-19383,2,3,y3IiPNIHPDE
yt-19384,2,3,Dp73q1TsMtM
yt-19385,2,3,umoINFVUxUk
yt-19387,0,1,404SiFMvAIE
yt-19388,0,1,xYFR5YJ5gv0
yt-19389,0,0,R-GxJWJYJMI
yt-19390,2,3,xhX6YJsvAwQ
yt-19391,0,1,LcUSIKVjXng
yt-19394,1,2,yL76f9B0VEY
yt-19395,0,1,novideo-19395
yt-19396,2,3,Rf5T8HjnGBo
yt-19398,1,2,R1XLv_jwcZk
yt-19399,2,4,7pdagiR3I6g
yt-19400,2,4,P051rbLjttY
yt-19401,0,1,wz4kx0rtbkA
yt-19402,0,0,Em0BeXyDkmM
yt-19403,0,1,zhyHyeWp8qM
yt-19404,2,3,5RnscnAPNms
yt-19405,0,1,y5PGwfLb0B0
yt-19406,1,2,Jv6VLUr1dsI
yt-19407,1,2,BtNBhnz1hBM
yt-19408,0,1,dXICuPy99cY
yt-19409,0,1,8p7FIUTswoU
yt-19410,1,2,Nq01iPdnUHU
yt-19411,1,2,novideo-19411
yt-19412,2,3,FzAxMZ43MCo
yt-19413,0,1,0IUPr4zLkAY
yt-19415,2,3,C3z79NQUX28
yt-19417,0,1,CFTyyxTabmE
yt-19419,0,1,Z3_umP8CgBs
yt-19420,2,3,8z-yaNav_ls
yt-19421,2,3,IyoZBHfRydM
yt-19422,1,2,qh85fT3ARe8
yt-19423,1,2,jdpjZmT8p4A
yt-19424,1,2,YE3gujWAhgI
yt-19426,0,1,9Me1v1rMx_U
yt-19427,2,3,YS5e5OxkiVE
yt-19429,2,3,R47L8fm35oc
yt-19430,0,1,wz4kx0rtbkA
yt-19432,2,4,m0_SMiOecko
yt-19433,0,1,Nm8on_ZzXQc
yt-19434,0,1,mBNb_qiLIQc
yt-19435,0,1,n0uaGSKB1Ek
yt-19436,2,4,xcH3d0w9Xxw
yt-19437,2,3,J9e-b-mek9A
yt-19440,0,1,sk9p9ZmHtmc
yt-19441,2,3,Z3CT--naLJg
yt-19443,1,2,ReejhPZfYmw
yt-19444,0,1,Uko6GcLxw1c
yt-19445,0,1,gzXMnlrrLHY
yt-19446,0,1,novideo-19446
yt-19448,1,2,O4FxK90P6fU
yt-19449,0,1,hiUANxZBtjM
yt-19450,0,1,7j1JdvLhzw8
yt-19451,1,2,novideo-19451
yt-19452,2,3,4Iwrb3RNcwI
yt-19453,0,1,9TmO9LA0c0U
yt-19454,2,4,xcH3d0w9Xxw
yt-19455,2,3,ZOUSjqTH1xk
yt-19457,2,3,bUswGiwRrjM
yt-19458,0,1,pzSuYucC7M8
yt-19459,2,3,y9UtWHfG31U
yt-19460,2,3,CvaPguOOOvg
yt-19461,2,3,s8jbaqNa7d8
yt-19462,2,3,J9e-b-mek9A
yt-19463,2,3,ONfMmSNXUzc
yt-19464,2,3,hLQ-hI2Sdg0
yt-19466,0,1,VkuFXSGqxe8
yt-19467,1,2,CdgvAiROQfk
yt-19468,0,1,7xCIfAW0CPw
yt-19471,2,3,-G_CjdQZgf0
yt-19472,2,3,novideo-19472
yt-19473,1,2,ZPac6-XPFQ0
yt-19474,0,1,yETA8FPDaH4
yt-19475,0,1,MAVS-JU9Go0
yt-19476,0,1,k7sTSzrXqCo
yt-19479,0,1,T5lbFpTBOS8
yt-19480,1,2,j84zsPtsDnU
yt-19481,2,3,b3QBfxONl3g
yt-19482,0,1,S3YQyZekNAg
yt-19483,1,2,l37mKbS9eW8
yt-19484,0,1,xhpA_5GjH6s
yt-19485,1,2,LhDPv4CB9gY
yt-19486,2,3,EBGXxaQnOj0
yt-19488,2,3,hmp4ZVhgm8o
yt-19489,0,1,IiYkb1IhAEg
yt-19490,2,4,m0_SMiOecko
yt-19491,2,3,rHe-JYqE0m0
yt-19493,2,3,novideo-19493
yt-19495,1,2,2-1do3AZYeM
yt-19496,2,3,JeFaQd2fq-8
yt-19497,2,3,J9e-b-mek9A
yt-19498,2,3,MyB614iZ6mQ
yt-19499,2,3,5PFyuz25J54
yt-19500,0,1,SJeFYMGpRcE
yt-19501,0,1,w1cfRTk-DQ0
yt-19502,1,2,3DhRzY_dD6s
yt-19503,2,3,zmv3mV7LA8U
yt-19504,2,3,SH3-06sI77A
yt-19505,1,2,novideo-19505
yt-19506,0,1,LDGyooZNX2c
yt-19507,1,2,QwRRMzL1ub8
yt-19509,2,3,CFTyyxTabmE
yt-19511,1,2,JA2Nfbe41hY
yt-19512,2,4,MhEQyO4-2o4
yt-19513,1,2,1veitumiKwc
yt-19514,2,3,YFM8Axmv-jc
yt-19515,2,3,1VTLzDSRNCE
yt-19516,2,3,D-8WCKrxqGw
yt-19517,2,3,TcoskdsR3FQ
yt-19518,0,0,sY4kfafLR1k
yt-19519,2,3,u0bDRNKF7iA
yt-19521,1,2,JKbYlkCT1PA
yt-19522,2,3,Rg9jY4y6lrk
yt-19523,2,3,rXCa53GRsyc
yt-19525,1,2,u-EEXFaQB9U
yt-19526,0,1,0NjppfLG1zs
yt-19527,1,2,UpFRCLAN_xs
yt-19529,1,2,as3Vdu-xxh4
yt-19530,2,3,KQhj5Qz8hIo
yt-19531,0,1,1-KYYWkkAS0
yt-19533,2,3,cN4buy1vMgk
yt-19534,2,3,KyKlM7ZPXL0
yt-19536,2,3,CwxAadXk3qA
yt-19537,0,1,nsAPf7B1hvc
yt-19538,2,3,eoKXbboEQoo
yt-19539,2,4,1VTLzDSRNCE
yt-19540,2,3,lOfHTsy5g4Q
yt-19541,2,3,g844vfYjkLM
yt-19543,0,1,SfvN-XDhzME
yt-19544,2,3,dYBUHBF-yLo
yt-19545,0,1,s0wX_2mRKz8
yt-19547,2,3,n7SABpul19A
yt-19548,1,2,t_31b272Oi8
yt-19549,2,3,iqB4zhRUKuk
yt-19550,1,2,3HU0w4lbX8M
yt-19551,0,0,KdgSw94DlVk
yt-19552,1,2,HGPUHza9fAQ
yt-19553,2,3,m0_SMiOecko
yt-19554,0,1,nyc3QgMmclU
yt-19555,0,1,E4JinWhJlP4
yt-19556,0,1,IGfj-zCuRxY
yt-19557,2,3,Uk-AH5zgnOw
yt-19558,1,2,hSgq0CpTJOc
yt-19560,0,1,AMK7Qgctj1I
yt-19561,1,2,evFcpXDVI00
yt-19562,0,1,xYFR5YJ5gv0
yt-19563,0,1,_jvlVlpK-Dk
yt-19564,2,3,dyDMHEeeaUw
yt-19565,0,1,hyNXMVrypRI
yt-19566,1,2,dFb-OlXqwv0
yt-19568,1,2,n13nuq1wAAo
yt-19569,0,1,rD_ketmxFy0
yt-19570,0,1,sBcv58DvnTc
yt-19571,2,4,itDpHvtRysE
yt-19572,0,1,2tl4GtonRFM
yt-19573,0,1,novideo-19573
yt-19575,0,1,3MyVy5oRH94
yt-19576,2,3,fml2bKuw_A0
yt-19577,0,1,cIINE0u-oTM
yt-19578,0,1,AVKCwG_kMDQ
yt-19579,2,3,a2SylFIXIE0
yt-19580,0,1,O9wR-iZc4tU
yt-19581,0,1,6Q-4QaySHRo
yt-19582,0,1,pFzErSz4Aq8
yt-19583,1,2,DC05VUtSHmA
yt-19584,1,2,1JZvU0o_lS0
yt-19585,1,2,RcCBOHQAWco
yt-19586,0,1,qz_jXBGN_Dg
yt-19587,2,3,vI1P16MO6IM
yt-19588,1,2,h26-O81vnyQ
yt-19589,2,3,1KZNiZnHQ_Q
yt-19590,2,4,tuqPFKF5NJo
yt-19592,1,2,qsvOGk7rxcE
yt-19593,2,4,IZYZ83Mzrr0
yt-19596,0,1,hjtRGNbR4X0
yt-19599,2,3,m0_SMiOecko
yt-19600,1,2,HgqqkgWFnmM
yt-19601,1,2,nLWIHktB-iQ
yt-19602,2,3,pjbnL3s4RKU
yt-19606,1,2,JA30Ev-O6qU
yt-19607,0,1,V-nZDGMn4tA
yt-19609,1,2,_vPmeMis11Q
yt-19610,1,2,wH-aOw0aHHI
yt-19612,1,2,wC9QWGmNGEo
yt-19613,2,4,QSFa2YaBa1U
yt-19614,2,3,3TycaVO0Rso
yt-19615,0,0,XmfdKqUtHI4
yt-19616,2,3,VkuFXSGqxe8
yt-19617,2,3,SVMwvJGObkc
yt-19618,1,2,T1jWC8z3Gig
yt-19619,2,3,xcH3d0w9Xxw
yt-19621,1,2,PfVgHcfb3CY
yt-19622,0,1,w_mYJ-wansQ
yt-19623,1,2,pXeOtkaIxgU
yt-19625,2,3,YoD3GqU9HJQ
yt-19626,1,2,HMNfe7d3WrY
yt-19627,0,1,kJp5hRj3JpI
yt-19628,1,2,oDqtue6oKYM
yt-19629,2,3,AJmY56CxSk8
yt-19630,2,3,QOrcsyzYTC0
yt-19632,2,3,P1dRFvMpF-U
yt-19633,1,2,_AFqjq3X2Kk
yt-19634,2,3,I4uqFUpfcMQ
yt-19635,0,1,8zNIU6WZCqw
yt-19637,2,4,iRmZXzKS6e4
yt-19638,0,1,ZdOUt2eBYKg
yt-19640,2,3,hcBvTJhV7MU
yt-19641,1,2,4ic0lfmk9xw
yt-19642,0,1,novideo-19642
yt-19643,0,1,Xt1t0rbHIKs
yt-19644,2,3,anr4xzqrJ4E
yt-19645,2,3,m0_SMiOecko
yt-19646,1,2,YSLEyRy4zig
yt-19648,0,1,TjGRyc2we9w
yt-19649,2,3,8z-yaNav_ls
yt-19650,0,1,nH6aJeWGH2U
yt-19651,0,1,aEHQ0wMdy1c
yt-19652,2,3,zVrqE8pUr38
yt-19653,1,2,NoKIWNmfmhU
yt-19654,1,2,p2OHilQDZlU
yt-19656,2,4,MkQvNpe2SZM
yt-19657,0,1,kYw0bd0mhOg
yt-19658,2,3,BFsvp5H9BH8
yt-19659,1,2,KhTjdIPOg90
yt-19660,2,3,yTnHjR_HyMA
yt-19661,0,1,vPYnpZIdnIE
yt-19662,0,1,pkoBHIcam9g
yt-19663,1,2,UkrEyl5xSZM
yt-19664,0,1,OhrX7At2UAs
yt-19665,2,3,TzmlhUsaw0k
yt-19669,2,3,CFTyyxTabmE
yt-19670,0,1,xTYgvbeRaQA
yt-19671,1,2,xCkjdAMMIsk
yt-19672,2,3,8UH6G1LnXR8
yt-19673,2,3,0cwEgr7ZgA8
yt-19674,2,3,DC05VUtSHmA
yt-19675,2,3,6MIEVOa1RB8
yt-19676,2,3,lXvo5vZ4jH8
yt-19678,0,1,ER_YyYb7I4w
yt-19679,0,0,tWSAeOxCdI8
yt-19680,1,2,cU67VekaSU4
yt-19681,2,3,p2OHilQDZlU
yt-19682,2,4,6QrQiuylmDE
yt-19683,1,2,X7fl-jN24j0
yt-19684,0,1,EA-pVOEVzoI
yt-19687,2,3,QAtPYVJzeZ4
yt-19688,2,3,S4DCQXC1n5Y
yt-19689,1,2,quy3fnHhdr8
yt-19691,1,2,yjzblTF9xp0
yt-19692,0,1,zRW1bb_-8Zw
yt-19693,1,2,OxzRTxeJAII
yt-19694,0,1,3-RDBxuBJgo
yt-19695,0,1,_mU3V-hPEhg
yt-19696,1,2,ZOUSjqTH1xk
yt-19698,2,3,UzCSv6AV-UQ
yt-19699,2,3,novideo-19699
yt-19700,0,1,0Ag_ffPP_MQ
yt-19701,0,0,VkuFXSGqxe8
yt-19702,1,2,n0mlu9_5tgA
yt-19703,2,3,qh85fT3ARe8
yt-19704,2,3,6VwWh89csDc
yt-19705,0,1,9TmO9LA0c0U
yt-19706,0,0,Abq4vNaZH-w
yt-19707,1,2,BFuz4UsYRVo
yt-19710,0,1,novideo-19710
yt-19711,2,4,sX5ORTz9SAo
yt-19712,0,1,A-_S6PorvbU
yt-19714,1,2,novideo-19714
yt-19715,1,2,ElDJ8vB-ZQQ
yt-19717,2,3,Odfb22wk7Dc
yt-19718,2,3,mzr_bC4IZC0
yt-19719,2,3,J-3IOWMMrzs
yt-19720,2,3,NbBCIPk_rnU
yt-19722,1,2,U9Ogs-mUhpQ
yt-19724,0,1,Nm8on_ZzXQc
yt-19725,1,2,lXvo5vZ4jH8
yt-19726,0,1,tn63YEUjoFo
yt-19727,2,3,zS8XbFF9IXY
yt-19728,0,0,MQzpS_qfhY0
yt-19729,0,1,6siInc58x8Y
yt-19730,0,1,ZpqJgmftaTg
yt-19731,2,3,novideo-19731
yt-19733,0,1,QQwQ90T1rjE
yt-19734,1,2,-ANgTHPqjFc
yt-19735,1,2,ZLiLL6S_eeQ
yt-19736,0,1,iKlvPCVye0E
yt-19737,1,2,3GXEvSHU4rk
yt-19738,0,1,FuZVA3s7b1c
yt-19740,0,1,U2vdSEJwev0
yt-19742,2,3,1VRlsD09id8
yt-19744,0,0,IsBdqCaHfdI
yt-19745,2,3,P-mQxIDWoK4
yt-19746,2,3,wyEBWkzJ4T8
yt-19747,2,3,pNbpijn86ec
yt-19748,1,2,Suex0bSJJCI
yt-19750,1,2,t2YlwAEe7vQ
yt-19751,2,3,OhrX7At2UAs
yt-19752,2,3,8uJe2WQYzEY
yt-19753,0,0,AgQWC21JvLE
yt-19755,2,3,nbHNt96LmS8
yt-19756,2,3,d38MTS5ZUdQ
yt-19758,0,0,2g82knrKhXk
yt-19759,0,1,Uo72ijyLlGU
yt-19760,2,3,8qWFCf7Ab7Y
yt-19761,2,4,Plg9P8sBAYE
yt-19763,2,3,novideo-19763
yt-19764,0,1,rnIz7k95rxw
yt-19765,2,3,novideo-19765
yt-19766,0,1,KE1_wHoU9jU
yt-19768,2,3,RiyV7tghyUU
yt-19769,2,3,VkuFXSGqxe8
yt-19770,0,1,VX24pMefwkU
yt-19771,2,3,K2GRx01R8N4
yt-19774,2,3,LJDxqnJksc0
yt-19775,1,2,ICLWKeTEPcU
yt-19776,0,1,XfuXoBA9H4E
yt-19777,0,0,AcrtyljYTOU
yt-19778,1,2,IWBsDaFWyTE
yt-19780,2,3,9hABSMgOZZQ
yt-19782,2,3,ZlW7lcf54nI
yt-19784,2,3,SLR2vFb-DBw
yt-19785,0,1,Dr5zSI-8ZBg
yt-19786,0,1,YXtOqfN3yIg
yt-19788,2,3,6YU8z2ylw0k
yt-19789,2,3,Hjar0yc5W7w
yt-19790,0,1,yL4SdAN6GdU
yt-19791,1,2,L3srh2rJaik
yt-19792,1,2,LRJgjcKPWcw
yt-19793,1,2,upFsMCBvxNQ
yt-19794,2,3,zMqCE8kt79A
yt-19795,0,1,ons_C3JSysY
yt-19796,1,2,LNpuY1qRQAo
yt-19798,1,2,hmp4ZVhgm8o
yt-19799,2,3,CuCZArzx1pg
yt-19801,2,3,XuctF-ee5TU
yt-19802,0,1,psKZbdDSy54
yt-19803,2,3,7NJIPyNSTNU
yt-19804,2,3,k03GtfFfc1w
yt-19806,2,3,s0nuKKa7Lv0
yt-19807,2,3,9hABSMgOZZQ
yt-19808,2,3,OOOhBmWQiy8
yt-19809,2,3,uK-MGDE2dE4
yt-19811,0,1,MbZJ1zJSxoY
yt-19812,0,1,3hO5ckTrfGE
yt-19813,0,1,1JZvU0o_lS0
yt-19814,1,2,lQ3iFJ4T8dg
yt-19816,0,1,iWpp9d57i8w
yt-19817,2,4,3TycaVO0Rso
yt-19818,2,3,ijSt4qcqhB4
yt-19819,2,3,9KOMrYH6yJI
yt-19820,0,1,y8NiMiqAq2c
yt-19821,1,2,07iTzZialo4
yt-19822,2,3,RHyvatr-TjQ
yt-19823,2,3,m0_SMiOecko
yt-19824,2,3,Az3nWIyubyw
yt-19825,1,2,1g59gXc7OYA
yt-19826,2,3,vpoVEhc2Xgk
yt-19828,2,3,BFuz4UsYRVo
yt-19829,2,3,3ZO1w0exaO0
yt-19830,1,2,_QjGMChHEQc
yt-19831,1,2,Kc4GGo-2lLs
yt-19832,0,0,STO-XzLuseA
yt-19833,0,1,gzXMnlrrLHY
yt-19834,0,1,gh2fI8TjnfQ
yt-19835,2,3,aF9u2I98T78
yt-19836,1,2,SPrI_Nhe3LY
yt-19837,1,2,BhZmXqa4Pz0
yt-19838,1,2,iUihhQ-KRfc
yt-19839,1,2,UBAY26elr-w
yt-19840,1,2,h4hlfEXc5Cs
yt-19841,2,3,Y3T20pSx4C0
yt-19842,0,1,RzXgg5vpyWk
yt-19844,0,0,Q_BsKRzYE_w
yt-19846,2,3,1alKwV6WQ58
yt-19848,1,2,linvXAI_qnM
yt-19850,0,1,_xfjqGQDYK8
yt-19851,0,1,PpZdsyQyEKw
yt-19852,1,2,sSdubts7svE
yt-19853,2,3,Nwj5tU2Ikio
yt-19854,2,3,CiAMHa9ta_M
yt-19855,1,2,9hABSMgOZZQ
yt-19856,1,2,7xCIfAW0CPw
yt-19857,0,1,0n5VgU_cw6c
yt-19858,0,1,76zHukv5Tro
yt-19859,0,1,gzxnzsif2iE
yt-19860,2,3,YoD3GqU9HJQ
yt-19861,0,1,76zHukv5Tro
yt-19862,0,1,9oJFV-tSnqw
yt-19863,2,3,StEbUmobvwo
yt-19865,1,2,ROkG3HBWQ20
yt-19866,0,1,qkS_iEL_Zds
yt-19867,0,1,IyoZBHfRydM
yt-19869,2,3,XY9GhLNm37g
yt-19870,2,3,gLDsOKm_I2s
yt-19871,0,1,EoGzGig7v94
yt-19872,0,1,sv2WaYHEIRs
yt-19874,0,1,AMK7Qgctj1I
yt-19875,0,1,EK2kqQcZAII
yt-19876,2,3,gOL-i_83_Q0
yt-19877,2,3,6mhlN0VdTmY
yt-19879,0,1,cCJi_9GV44c
yt-19880,0,1,CW-vaqtl7To
yt-19882,0,1,XTLpFDsfvzk
yt-19884,0,1,IRObFMbFOIU
yt-19885,2,3,0NjppfLG1zs
yt-19886,0,1,DBdWxuaucww
yt-19888,1,2,PCFpZ0u_fyM
yt-19890,2,3,gKz40oYeHwg
yt-19891,2,3,novideo-19891
yt-19892,1,2,WfshEpeYqSo
yt-19893,0,0,HpH3rEI-FqE
yt-19894,0,1,Itu3l9mRGzk
yt-19895,1,2,3sJ9hxIKLVk
yt-19896,2,3,NwCeg1jqh2Y
yt-19897,2,3,novideo-19897
yt-19899,1,2,RFwt9E_ZGcc
yt-19900,0,0,Ma9wxNfR4WE
yt-19903,0,1,-HCNpvHcEaY
yt-19904,2,3,dYBUHBF-yLo
yt-19905,2,3,WmJUxeuMF2U
yt-19907,1,2,mSk3DGJCmrc
yt-19908,0,1,echLCeJngT8
yt-19909,2,3,YoD3GqU9HJQ
yt-19910,2,3,ZOUSjqTH1xk
yt-19911,2,3,Sox8CAYui5A
yt-19913,1,2,uUQpFaWtA4Q
yt-19914,0,1,POpq6RYIx38
yt-19915,2,4,6mhlN0VdTmY
yt-19916,2,4,J9e-b-mek9A
yt-19917,1,2,IS_CW2QDneQ
yt-19918,0,1,novideo-19918
yt-19919,1,2,-Z0on3AaQ78
yt-19920,1,2,novideo-19920
yt-19921,0,1,5etBJ2O6OpA
yt-19922,0,1,o8-4eE2YgDw
yt-19924,1,2,iE6pamuSYYo
yt-19925,1,2,jgbzFxgNXZ8
yt-19926,0,1,ZSXa9Zk4puM
yt-19927,2,3,8cnhmXyC7bY
yt-19928,1,2,IJRE7B1JE4c
yt-19929,0,1,8DCcTRcvWfU
yt-19930,2,3,BpNvIShIm3k
yt-19932,0,1,1eU-puLa7Nc
yt-19933,2,4,Vt4vxu8mNQQ
yt-19934,0,1,8oCh_WrQUBQ
yt-19936,0,1,CSsniMlZ0So
yt-19937,0,1,6SD-XKDlMmU
yt-19938,0,1,8KO-7HKUlRc
yt-19940,2,3,2o2AiWCFkZs
yt-19941,2,3,UiGa32Ug23A
yt-19942,2,3,hmp4ZVhgm8o
yt-19943,1,2,IyjHWFl4sIY
yt-19945,1,2,bu344PNf8wI
yt-19946,0,1,_kBt-B3CTHY
yt-19947,0,1,ck5LkCxYGCw
yt-19948,2,3,mSAWbrM7fYk
yt-19949,2,3,6pPvjvDMDIA
yt-19950,2,3,NUXEQaYRLwA
yt-19951,2,3,C3z79NQUX28
yt-19952,0,1,Uo72ijyLlGU
yt-19954,2,3,zTOMEmtYNEY
yt-19956,2,3,tLJeujRlzKw
yt-19959,0,1,5yrJD3OqzYM
yt-19960,2,4,HykkwYN7kRw
yt-19961,0,1,1g59gXc7OYA
yt-19964,1,2,hTCALnq49yI
yt-19965,2,3,pzTgsdFxN68
yt-19966,2,3,unB18Si-rwg
yt-19969,0,1,jYT2Mu1U2uM
yt-19970,2,3,ktwETEMGT6k
yt-19971,1,2,EALETRMi6mA
yt-19972,2,4,t6BQPZTO6jQ
yt-19975,2,4,wnMMIA0h7f4
yt-19976,1,2,IiYkb1IhAEg
yt-19978,2,3,rdyZR39rgxc
yt-19979,1,2,o0xbhlphYTw
yt-19980,2,3,ilsSBu6D5mQ
yt-19981,1,2,aFUhI16g3vM
yt-19982,0,1,W93B7cSaKLg
yt-19983,2,3,Yq0EiGZrFlU
yt-19984,1,2,OXdJdRN4Opc
yt-19985,1,2,jdsIV2l_9PY
yt-19987,2,3,m0_SMiOecko
yt-19988,2,3,ROkG3HBWQ20
yt-19989,2,3,8qWFCf7Ab7Y
yt-19990,1,2,YhobX7mHyLw
yt-19991,0,1,j2uhTjJMS_E
yt-19992,0,1,o1LJAjdLCLM
yt-19993,2,3,tAHK6E03ORo
yt-19994,0,1,5_Gxc5lwqQ4
yt-19995,2,4,m0_SMiOecko
yt-19997,2,3,VTbJ9apwYXY
yt-19998,2,4,94LYOAq6KgQ
yt-19999,0,1,CG0rkDhRXZk
yt-20000,2,3,tAHK6E03ORo
yt-20001,0,0,IM-h36KAGjk
yt-20002,0,1,2pB7BygiZQ8
yt-20003,1,2,DMo4Uv4gkUw
yt-20004,0,1,3hO5ckTrfGE
yt-20005,2,3,4p2TCY2RPyo
yt-20006,2,3,LfoIa6KAj24
yt-20007,0,1,aO7D8vwY_u8
yt-20008,2,3,2zltn-r3TmM
yt-20009,1,2,UgRhmNuhrAk
yt-20010,0,1,cZveXHLmIfw
yt-20011,2,4,VsgMLKTKOhU
yt-20013,2,3,lEDAfEtKjhE
yt-20014,0,0,7lhGtTlNRKc
yt-20016,0,1,eOdS_joghKw
yt-20017,2,3,p0y5M_yN8oA
yt-20018,2,3,GoHn_E8JFDo
yt-20019,2,3,RQWL1m55C58
yt-20020,2,3,7aABAmWQmSE
yt-20021,2,3,Da6ljj6yT0U
yt-20023,0,1,bTgEV2LDw5U
yt-20024,1,2,ngF9r4Vpq7E
yt-20025,2,3,aVPJIGRoAmw
yt-20029,0,0,Ttc-3Yq_YEs
yt-20030,0,1,y-eH5oo7BP0
yt-20031,1,2,aF9u2I98T78
yt-20032,0,0,rAz2YsR3NLM
yt-20033,1,2,Q50IWVyZSXU
yt-20034,0,1,wsljbtjkvhY
yt-20035,2,3,DfvoyAYUGFQ
yt-20036,2,3,pb4qYO7o8wA
yt-20037,2,4,oZN2Ni9yXB4
yt-20038,2,3,SH3-06sI77A
yt-20039,0,1,DdojECkWRzI
yt-20040,0,1,UyNWHt-Xic0
yt-20041,1,2,dF7VdeVVJ8o
yt-20042,2,3,meUlSIZUSEM
yt-20043,0,1,fCSwPXx0SzE
yt-20044,1,2,Ql2RDVSabdE
yt-20045,2,3,5MFMC7A56cs
yt-20046,2,4,0adDCIPFUX4
yt-20048,0,1,TPQnk10dGuw
yt-20049,1,2,RrDRxBaLd1w
yt-20050,0,1,9TmO9LA0c0U
yt-20051,2,3,V-nZDGMn4tA
yt-20053,0,1,JGDdMxxSEiw
yt-20054,0,1,Li25SFvZofU
yt-20056,2,3,-I89jRge2GA
yt-20057,0,1,If-8xEShseU
yt-20058,1,2,kOIUJPyNmsI
yt-20059,2,3,QOSO4FyGRJA
yt-20060,2,3,o9f3p4HYNPc
yt-20062,0,1,VOYKffUlZ90
yt-20064,2,3,j6abzM1nCbo
yt-20065,2,3,P_pjQLFWBJE
yt-20066,1,2,JRGkCsn2HH8
yt-20068,0,1,frIX1pu9nww
yt-20069,2,3,xwVlyRlmiQg
yt-20070,2,3,pXeOtkaIxgU
yt-20071,0,1,PR_FiorW0yU
yt-20072,0,0,WF--CvhmU14
yt-20074,1,2,UBAY26elr-w
yt-20075,1,2,W4oUYPm3pAs
yt-20076,2,3,gfTVbpEjc7w
yt-20077,0,1,novideo-20077
yt-20078,0,1,CXjc3_9oBMY
yt-20079,0,1,FrM3ZIK7ukM
yt-20080,0,1,kJp5hRj3JpI
yt-20081,2,3,m0_SMiOecko
yt-20083,2,4,_zg4pI-Qndc
yt-20084,2,4,J9e-b-mek9A
yt-20085,0,1,PNhwUW132fk
yt-20086,0,1,zGmVkufAIcA
yt-20087,0,1,aDf_pEwVg7g
yt-20088,2,3,FQOKaRzlQQI
yt-20090,0,1,VeIA1Q15RSI
yt-20093,0,1,jXcy0F1Zsv8
yt-20094,2,3,v7o4j-bq524
yt-20095,1,2,7PhlHnn5IGc
yt-20097,2,3,YoD3GqU9HJQ
yt-20098,2,3,jDRzYMMDR5E
yt-20100,2,3,Nyt1Q0QNpq8
yt-20101,1,2,YFM8Axmv-jc
yt-20102,0,1,elVDvjHhv9s
yt-20104,2,3,uOw5pmz9j-I
yt-20105,2,3,DG1Wx_AMIhk
yt-20107,1,2,r9L5mfGSGTg
yt-20109,2,3,unB18Si-rwg
yt-20110,0,1,EO52oGG7cCU
yt-20111,1,2,9I0eFi2GYvY
yt-20112,1,2,SQG3dTLFsKA
yt-20113,2,3,2lTBkO_Npfo
yt-20114,0,1,EdKJ2MArvnU
yt-20115,2,4,-FzeRVd4B-Y
yt-20116,0,1,V33v2yqiI3c
yt-20117,0,1,GgfqvWbn2L0
yt-20119,0,1,y-eH5oo7BP0
yt-20120,0,1,v9D3PKmtfYA
yt-20121,0,1,_Ye-akTTRzc
yt-20122,2,3,MJJYgZFTjso
yt-20123,2,3,jmDpJgol-Ls
yt-20124,1,2,ptpl25AWYCs
yt-20125,0,1,MfJ75ixwnUc
yt-20126,2,3,rW1eGZ12ybg
yt-20127,1,2,dOuiri_L_Qs
yt-20128,0,1,K3b5Q9M8tJc
yt-20132,0,1,TEO1ohPOh1I
yt-20134,0,1,djxffx3Jtqk
yt-20135,1,2,aI27czC8Wno
yt-20136,0,1,9K__p-Sbta4
yt-20137,2,3,gnF4wzMkYuA
yt-20140,1,2,sX5ORTz9SAo
yt-20141,2,3,WwVLCiwxcsM
yt-20149,0,1,i4JwJnsWA9A
yt-20150,1,2,Jh4tpeTceSg
yt-20151,0,1,UcB-dnSAOvc
yt-20152,0,1,_QjGMChHEQc
yt-20153,0,1,0WsibEbtJ5s
yt-20154,2,3,novideo-20154
yt-20155,0,1,PW7hvfX6tB8
yt-20157,0,1,Wr_530gpHEY
yt-20158,0,0,F9MctqJgJVk
yt-20162,2,3,_FoIY4MdolE
yt-20163,2,3,bg8b_d6TLIM
yt-20164,1,2,_rg64t0IXDg
yt-20165,1,2,-AVpfcE3F3E
yt-20166,0,1,YXhtTgh-igs
yt-20167,1,2,-ZLSDKNR8-A
yt-20169,0,0,lXvo5vZ4jH8
yt-20170,2,3,5MFMC7A56cs
yt-20171,2,3,RQWL1m55C58
yt-20172,1,2,euydimYmnpw
yt-20173,1,2,5w_CtiNgjFA
yt-20174,0,1,mMDMjWSXrS0
yt-20175,0,1,SW2-c9nfqyo
yt-20177,2,3,v1Px4hB18UM
yt-20178,1,2,8qWFCf7Ab7Y
yt-20179,0,1,_0cNHh2nBcg
yt-20181,0,1,6-KgPPx3uwI
yt-20183,0,1,WGYN0geZduU
yt-20184,0,1,Pp3wGKTUk_M
yt-20187,1,2,0CkZ4OoFnzE
yt-20188,0,1,DULrXeCj1qA
yt-20189,2,4,qoLwaiExBRU
yt-20190,1,2,J9e-b-mek9A
yt-20191,0,1,Z0pWU8Ezu1s
yt-20192,1,2,kXkTALCT09s
yt-20193,2,3,shc4A5SupfU
yt-20194,2,3,my8r-oEAA6w
yt-20195,1,2,W-Dv9L_gCPo
yt-20196,0,1,GXmW6vcyrVg
yt-20197,2,3,YMNqHgV8FdI
yt-20198,2,3,V-YT2HmWiso
yt-20199,2,3,6PbkfRgynok
yt-20200,2,3,H9d5iv53lGE
yt-20201,2,3,dqmotPG_NLY
yt-20202,2,3,7o7snunQon0
yt-20204,0,1,IsBdqCaHfdI
yt-20205,2,3,nFsU9NcrZ4U
yt-20206,0,0,9fST9veuDyw
yt-20209,1,2,OVlJczrBw0k
yt-20210,0,1,novideo-20210
yt-20211,2,3,VkuFXSGqxe8
yt-20212,1,2,qB6Bd8nMMqI
yt-20213,2,4,lxdup1bcUR0
yt-20214,2,4,ty2yDY1QMsg
yt-20215,0,1,aCE9WpOrA_U
yt-20218,1,2,7FqAoHEBMi0
yt-20219,2,3,UiGa32Ug23A
yt-20220,2,3,Yq0EiGZrFlU
yt-20221,2,4,rcGmFmrvTKI
yt-20222,0,1,EYEv0NjBZsM
yt-20223,0,1,188SQ0R8NyQ
yt-20224,0,1,novideo-20224
yt-20225,2,4,8t6BymiIRn0
yt-20226,1,2,LDkAGSiz5I0
yt-20227,2,3,KykPRW4y8jE
yt-20228,0,1,hjqnf07iarA
yt-20230,2,4,nxpgOdJv9WM
yt-20231,0,1,wAMch3DSrg0
yt-20232,0,1,La0641AvllM
yt-20234,2,3,1VTLzDSRNCE
yt-20235,1,2,rFZZBcCp2i8
yt-20237,2,3,PMpmRb07Foc
yt-20239,1,2,mBpexfDHgBA
yt-20240,0,1,YdVPy-RxV78
yt-20243,2,4,1VTLzDSRNCE
yt-20244,0,1,Mj0iM1Hz_Pg
yt-20245,0,1,novideo-20245
yt-20246,2,4,novideo-20246
yt-20247,1,2,novideo-20247
yt-20248,1,2,CxijDbTLp0M
yt-20250,1,2,RnEiqCtr7Jc
yt-20251,0,1,ZgJW1KlSzrg
yt-20252,0,1,_QjGMChHEQc
yt-20253,1,2,KvEzctr8B_c
yt-20254,1,2,yPKuoh3ZOfs
yt-20255,1,2,DC05VUtSHmA
yt-20256,2,4,3PGPV4tpqqI
yt-20257,0,1,LsTlCCLbFU0
yt-20258,2,3,hYXFQzpudU4
yt-20259,2,3,Pe0SmG6Rzj0
yt-20260,2,3,5MFMC7A56cs
yt-20263,1,2,VdDgSmo3h4c
yt-20264,0,1,ninn1S3HsIg
yt-20265,1,2,LXI_helL278
yt-20266,0,1,3ca80b1_dpA
yt-20267,0,1,_jvlVlpK-Dk
yt-20268,1,2,wevjopFN9NQ
yt-20269,0,1,enVaLQwf5zs
yt-20271,2,3,w_mYJ-wansQ
yt-20272,1,2,N5zzE1d0lYg
yt-20273,2,3,MhEQyO4-2o4
yt-20275,2,3,-G_CjdQZgf0
yt-20277,0,1,UOa33kjCmXs
yt-20278,2,3,qh85fT3ARe8
yt-20279,2,3,PD1FAHUt68o
yt-20282,2,3,1VTLzDSRNCE
yt-20283,0,1,1VTLzDSRNCE
yt-20284,0,1,pXu9urbN6eA
yt-20285,2,3,m0_SMiOecko
yt-20286,2,3,Ubn-CKkx-GU
yt-20287,2,3,k2BZWzTuKeM
yt-20288,2,3,Pe0SmG6Rzj0
yt-20292,0,1,OTwfIXaXIu8
yt-20293,2,3,5_ZzO4c4bGE
yt-20294,1,2,WlZHxM_RVSA
yt-20295,2,3,FuZVA3s7b1c
yt-20296,2,3,XHqFoc0Gpk0
yt-20297,2,4,1VTLzDSRNCE
yt-20299,1,2,qF46PkGmO3U
yt-20300,2,4,vpoVEhc2Xgk
yt-20302,2,3,K8LfHhWo-Fg
yt-20304,0,1,T5mBV_fQ9kc
yt-20305,2,3,an12c0ox4yI
yt-20306,2,3,CiAMHa9ta_M
yt-20307,0,1,RMtMThc8n1w
yt-20308,1,2,yqOZ74mR-gI
yt-20309,2,3,6WxP5aK25K8
yt-20310,2,4,-bowX8VgZ5s
yt-20311,0,1,0ld1Lpe9--w
yt-20312,1,2,qh85fT3ARe8
yt-20314,2,3,HQ7hPimhj3w
yt-20315,1,2,qCDCkdNJk8I
yt-20316,0,1,d3-ZO8viWdI
yt-20318,2,3,pXdKUWlLH0g
yt-20319,2,3,xudo1vw3oOk
yt-20321,2,3,KdgSw94DlVk
yt-20322,0,1,xKxkjw4hNS8
yt-20323,1,2,J9e-b-mek9A
yt-20324,0,1,6CCLUTpWIkI
yt-20325,0,1,AxaIZ36B4C4
yt-20326,2,3,N6TY2PqEa6Q
yt-20329,1,2,1oQ-7Q4rtqY
yt-20330,0,1,d_eZ4O5HiMQ
yt-20331,2,3,ADl1djtEJ5g
yt-20332,0,1,novideo-20332
yt-20333,0,0,KS9reJk4bpI
yt-20334,0,1,J0i404eAi-Y
yt-20335,0,1,ukseilGW2Gk
yt-20337,0,1,NBfQAHoAlzE
yt-20338,0,1,iktzTtXFFg8
yt-20340,2,3,mZhm1zQ_RQg
yt-20341,1,2,pFM7OY0-i3I
yt-20342,0,1,YvJKttWDBek
yt-20344,1,2,FJmQad1LaSo
yt-20345,0,1,Sljxq50BRN0
yt-20347,1,2,hHIMxFPjmjw
yt-20349,2,3,bpv-4RRcm0A
yt-20350,0,1,jj0A98KputA
yt-20351,2,3,FASDgWISCZU
yt-20352,0,1,aO7D8vwY_u8
yt-20353,0,1,ilsSBu6D5mQ
yt-20355,2,4,2ol6UNdp3yM
yt-20361,0,1,f9rk1ToVgr0
yt-20362,2,3,_FoIY4MdolE
yt-20363,2,3,DC05VUtSHmA
yt-20364,2,3,pXeOtkaIxgU
yt-20366,2,3,sO4iqdUzur8
yt-20367,1,2,FSUuV6qs6Fg
yt-20368,2,3,koFDm_xeP9c
yt-20369,2,3,1RR2DRRF7fI
yt-20370,2,3,C3z79NQUX28
yt-20371,0,1,83Gtb-bFreI
yt-20372,2,3,9hmhPF0bj9I
yt-20373,2,3,oZN2Ni9yXB4
yt-20374,2,3,VkuFXSGqxe8
yt-20375,2,3,OhrX7At2UAs
yt-20377,2,3,BUyIhZIpf5k
yt-20379,2,4,Da6ljj6yT0U
yt-20381,2,3,o1lrPnnOrQM
yt-20382,1,2,9KOMrYH6yJI
yt-20383,0,1,voFPOvrwgdQ
yt-20384,1,2,xk5jUWlygLc
yt-20385,2,4,aTGAdNa0Ek8
yt-20386,1,2,F1xxC5dDOyA
yt-20387,2,3,PbnXIIkkmLk
yt-20388,2,3,oZ1hvGNm7h8
yt-20390,1,2,m0_SMiOecko
yt-20391,0,1,--60-YKV_t4
yt-20392,2,3,WOdUJoLRfSc
yt-20393,2,3,hAgmN5X4ZqU
yt-20395,0,1,mC9P8bblcq8
yt-20397,0,1,1ztqqMTfCYM
yt-20398,2,3,0pSC-pdHIQg
yt-20399,0,1,IvZS9GW_C9s
yt-20400,0,1,SIBFjeKzP7c
yt-20401,1,2,7hMfGlt-AfU
yt-20402,0,1,_jvlVlpK-Dk
yt-20404,0,1,jOFElUa3gWo
yt-20405,2,3,_zg4pI-Qndc
yt-20406,0,1,QY7n-06brwI
yt-20407,2,3,H0VMql58zCg
yt-20408,2,3,gRfESsAR_ks
yt-20409,0,0,yT_bSUGVTJw
yt-20410,2,3,novideo-20410
yt-20411,0,1,rZJT646i4TY
yt-20412,1,2,iqnkGmk2gxs
yt-20414,0,1,tAgEJhpAhSs
yt-20415,2,3,XeODiGQcQTg
yt-20417,2,3,Q8rVABwCPps
yt-20420,2,3,sBcv58DvnTc
yt-20421,2,3,pXeOtkaIxgU
yt-20422,1,2,novideo-20422
yt-20424,2,3,Ep61tpBLF_k
yt-20425,0,1,jbNqtTA-K9M
yt-20426,2,4,voPIiBuUPtc
yt-20427,0,1,HrL5oCB7Kl4
yt-20428,0,1,y9inV9sz3bU
yt-20429,0,1,lZJ5okn5ayI
yt-20431,2,3,jZi3n3_Nllw
yt-20432,0,1,hArDpQVdTYA
yt-20433,0,1,ByQvcDGPtQI
yt-20434,0,1,unB18Si-rwg
yt-20435,2,3,xudo1vw3oOk
yt-20436,1,2,-o8uo8FZyGc
yt-20437,2,3,novideo-20437
yt-20438,2,3,F9MctqJgJVk
yt-20439,2,3,TfgdwInk4l4
yt-20440,0,1,GOXdhI7RF3o
yt-20441,1,2,qAoMIMeh7ns
yt-20442,2,3,TwZFnOy6jiI
yt-20443,1,2,kHCfGBvyjdA
yt-20444,2,3,dYBUHBF-yLo
yt-20445,1,2,I-AvjkCSqI4
yt-20446,2,3,SSbiYaxgL8U
yt-20448,1,2,ktwETEMGT6k
yt-20449,1,2,61RTSFxsqpc
yt-20450,2,3,OOOhBmWQiy8
yt-20451,0,1,hMIq95goIxQ
yt-20452,0,1,JXxuDkXHTeY
yt-20453,2,3,3myqQX4A7uQ
yt-20456,0,1,novideo-20456
yt-20457,0,1,DvTbjFIIa_A
yt-20458,2,3,pXeOtkaIxgU
yt-20459,2,3,7CYSxJXMsfM
yt-20461,1,2,7Kbi8X9PQR8
yt-20462,0,1,J9e-b-mek9A
yt-20465,2,3,P1amCSIPKF8
yt-20466,1,2,v1Px4hB18UM
yt-20467,2,3,tuqPFKF5NJo
yt-20468,1,2,novideo-20468
yt-20470,2,3,6u7B_yIiDb4
yt-20471,2,3,ubWoy6ZvIG8
yt-20472,0,1,9GxGuzEmBk0
yt-20473,1,2,b4zHQiJEaCY
yt-20475,0,1,x54Z6o0nM3M
yt-20476,0,1,lpcZUVgQEOg
yt-20478,0,1,novideo-20478
yt-20479,2,3,8qWFCf7Ab7Y
yt-20480,0,1,66q_bA8I3OM
yt-20483,2,3,novideo-20483
yt-20484,0,1,ixiKj4bnuHE
yt-20486,2,3,izjmMyE5mq8
yt-20487,0,1,RFiRCVMZbtA
yt-20488,1,2,yfdJTkhc1u8
yt-20489,1,2,mR4mhT0psRs
yt-20490,0,1,novideo-20490
yt-20491,0,1,ar_SIWMZakk
yt-20492,1,2,gesAw_OJbKk
yt-20493,2,3,8tFDTZmJAxU
yt-20494,0,1,TAGD-6a8ius
yt-20495,2,3,2PIwd8FYSd4
yt-20496,2,3,tKBB15FnDys
yt-20497,0,1,4Oy68tLuNJ0
yt-20498,0,1,wwFgv7aN030
yt-20500,2,3,o3TiZvQiPsw
yt-20501,0,1,mdwHkrLmMg8
yt-20502,2,3,mZhm1zQ_RQg
yt-20503,1,2,1CbhgAL44Gk
yt-20505,0,1,nChikrUsm8s
yt-20508,2,3,_zg4pI-Qndc
yt-20509,2,3,ejPRQ37seqk
yt-20510,0,1,9TmO9LA0c0U
yt-20511,1,2,X_PAY1WOfFU
yt-20513,2,3,B-zaLvhYxEc
yt-20515,0,1,SJeFYMGpRcE
yt-20516,2,3,8z-yaNav_ls
yt-20518,0,1,m1p_3eQDGVQ
yt-20519,2,3,TeYFrJ8x-Xs
yt-20520,0,1,rfCW4VIdKOo
yt-20521,2,3,5etBJ2O6OpA
yt-20523,0,1,i5ZNaw33ny4
yt-20524,0,1,EEL3Bbjnmpk
yt-20526,2,3,yrzGb7hnUc8
yt-20528,1,2,qAoMIMeh7ns
yt-20530,2,4,wF0BFR24WLo
yt-20531,0,1,novideo-20531
yt-20532,0,1,y72hfZzimPU
yt-20534,2,3,TEc0hbzEt70
yt-20535,0,1,C3z79NQUX28
yt-20537,2,3,PkLeE7ksifI
yt-20538,0,1,o9gmpBuFXAc
yt-20539,2,3,9siHl3_vNjo
yt-20540,2,3,UBAY26elr-w
yt-20541,1,2,tGVgstAhFE4
yt-20542,0,1,StEbUmobvwo
yt-20544,0,0,sFGK9HkRLps
yt-20545,1,2,fQwGeUpxSFE
yt-20546,0,1,fzQSr9zTB4U
yt-20548,2,3,IK4OvuGTFoI
yt-20549,1,2,KasDP_HMxcY
yt-20550,2,3,xW9E9epD8sg
yt-20551,2,3,Ds6SU58V7J8
yt-20552,1,2,Nwj5tU2Ikio
yt-20553,0,1,MhEQyO4-2o4
yt-20554,1,2,yZZtTbVFQSg
yt-20556,0,1,j2EVw9VhuOE
yt-20557,0,1,BwPn1c0ZHG0
yt-20558,2,3,3P9gWoUR9dk
yt-20559,1,2,VEEPSfbQ9aA
yt-20560,1,2,UE7TJ4WuBOA
yt-20562,0,1,m0_SMiOecko
yt-20564,2,3,O4FxK90P6fU
yt-20565,0,0,fwYZBXBlmsM
yt-20566,1,2,bYVialu_QXA
yt-20568,2,3,6mhlN0VdTmY
yt-20569,2,3,tuqPFKF5NJo
yt-20571,1,2,JD0ffz_OdHE
yt-20572,2,4,Fls21k1zOA4
yt-20573,2,3,GceG3HakyFo
yt-20574,2,3,Fdj7w1fRW_s
yt-20575,1,2,DzGPajjBF4g
yt-20576,0,1,gHg7pDXS8vc
yt-20577,0,0,ly9XTAkJnMc
yt-20578,2,3,R7_34q1vF8k
yt-20579,2,3,UxcUG-V6mnM
yt-20580,2,3,_cQa43SMBjo
yt-20581,2,3,CsPcm2oGOHg
yt-20582,0,1,4UsWJHQ98yw
yt-20583,0,1,BvweeQRZy7M
yt-20584,0,1,wRb6nE1sJRY
yt-20585,2,3,eNARN2jzNUU
yt-20586,0,1,nJeRPQfdEs8
yt-20587,2,3,2l916X6qw_M
yt-20588,2,4,t36UFQm30qg
yt-20589,2,3,BaoaiiH340M
yt-20590,0,1,_jvlVlpK-Dk
yt-20591,0,1,O2j5DyVbcBU
yt-20592,2,4,SP6RUF__Xc0
yt-20593,1,2,8z8tb9hhRJ4
yt-20594,2,3,-AVpfcE3F3E
yt-20595,1,2,YoD3GqU9HJQ
yt-20596,2,3,_kBt-B3CTHY
yt-20597,0,1,FO_FoDL_HGs
yt-20598,1,2,S3-10fdPynk
yt-20599,1,2,YnfTu5Z7AyQ
yt-20601,1,2,UeuyX3AGVS0
yt-20602,0,1,bCQE-nZfpjQ
yt-20603,2,3,MhEQyO4-2o4
yt-20604,0,1,IRObFMbFOIU
yt-20605,0,1,3SmdvYpIJv0
yt-20606,0,1,8Eit4S5k-QE
yt-20608,2,3,novideo-20608
yt-20610,1,2,novideo-20610
yt-20611,2,3,ji7vTE9M7P4
yt-20614,2,3,GP2A4TPdxoo
yt-20615,2,3,q0x7SbCZ85Q
yt-20616,0,1,_6nCS7fmiO0
yt-20617,0,1,lXvo5vZ4jH8
yt-20618,2,4,rSlpeFsOsds
yt-20620,0,1,novideo-20620
yt-20621,1,2,TgjOCaH5RX4
yt-20622,2,3,0DClnJ_1lvM
yt-20623,1,2,oL2iCT1yLCs
yt-20624,2,3,8tFDTZmJAxU
yt-20625,0,1,ZpqJgmftaTg
yt-20626,0,1,ZZ5oqJMmJQM
yt-20627,1,2,CzzAzlzHKJM
yt-20628,1,2,dabaN23Ip6U
yt-20629,2,3,2IOfbKGzTYM
yt-20630,2,3,Ia4RNWhq9K0
yt-20634,0,1,mSk3DGJCmrc
yt-20635,0,1,ciqANvdeB_Q
yt-20636,1,2,WaH9UCAc1E8
yt-20638,0,1,t8LBDK1kJJA
yt-20639,2,3,-G4bNhhTE0Y
yt-20640,0,0,6ZuNwK6kdmg
yt-20642,2,4,yoD6NIPfS_8
yt-20646,2,3,OhHkL4NhHM4
yt-20647,0,1,2jTFZwJsNyQ
yt-20648,2,4,Mrho1n7srX0
yt-20649,0,1,sZgbTEpm7XA
yt-20650,1,2,2W_gHnVWAGI
yt-20651,2,3,GooTesfDbFA
yt-20653,1,2,UBAY26elr-w
yt-20654,2,3,VkuFXSGqxe8
yt-20656,1,2,AUzZbkJAyYk
yt-20659,0,1,2HzJPJJU7oU
yt-20660,0,1,f9rk1ToVgr0
yt-20661,1,2,If-8xEShseU
yt-20662,0,1,_u56ehY-35k
yt-20663,0,1,O7TekJCQIUA
yt-20664,2,3,oAAeIeLWOXE
yt-20665,0,1,novideo-20665
yt-20666,1,2,tm3SnDw9xqI
yt-20667,0,1,i6mCYc_24Qw
yt-20668,1,2,A4b0Hstemfo
yt-20669,0,1,UDUcOrodx0M
yt-20670,2,3,58frGISFQUE
yt-20671,1,2,zS8XbFF9IXY
yt-20672,1,2,novideo-20672
yt-20673,1,2,OO8hfzFaZdE
yt-20674,0,1,GmWbNRwVSmk
yt-20675,0,1,tQQlBWoP2o8
yt-20676,0,1,hEOpSXxiSyY
yt-20677,2,3,1VTLzDSRNCE
yt-20679,2,3,qz3nXMzGHQE
yt-20680,0,1,O7NFQz81YKE
yt-20681,0,1,fulCCOU6joE
yt-20682,0,1,Z5ZG9Tkgee0
yt-20683,2,3,pwXLJJ6u3vA
yt-20684,2,3,s0nuKKa7Lv0
yt-20685,1,2,lZUv2RoazCg
yt-20686,2,3,pXeOtkaIxgU
yt-20687,1,2,oZN2Ni9yXB4
yt-20688,1,2,fpVfNu5LLD0
yt-20689,0,1,IJKrEsyXzR0
yt-20690,1,2,WrqzM6WEZ7s
yt-20691,2,3,HE3yKBkdEvU
yt-20692,2,3,YoD3GqU9HJQ
yt-20694,2,3,WmJUxeuMF2U
yt-20695,0,1,QR-Yldnrdfg
yt-20696,2,3,Bkc9zpGB9PI
yt-20697,2,3,N7dMYBGhLv0
yt-20698,2,3,uCPkx7vX6ek
yt-20699,1,2,LG401aBnG8M
yt-20700,0,1,sBcv58DvnTc
yt-20701,0,1,BwPn1c0ZHG0
yt-20702,2,3,eomYHZ7jwYw
yt-20704,1,2,2DvSe2YbNnk
yt-20706,0,1,DtwrK-shgIo
yt-20707,0,1,T1jWC8z3Gig
yt-20708,0,1,r2qBtNrhvJc
yt-20709,1,2,w6adMH_4oLM
yt-20710,2,3,TdS3N_7re1o
yt-20712,2,4,J9e-b-mek9A
yt-20713,0,1,m3Azj2vAp6I
yt-20715,0,1,1JZvU0o_lS0
yt-20716,2,3,m0_SMiOecko
yt-20717,0,1,mFBB8gHXj1Q
yt-20718,0,1,ct64U3orVec
yt-20720,2,4,vI1P16MO6IM
yt-20721,2,3,P0EOKdVKMqQ
yt-20722,2,4,BFuz4UsYRVo
yt-20723,2,3,9yi9kqNKq0c
yt-20724,1,2,Ro0I7RIXxYU
yt-20725,1,2,XT1eoLUdENU
yt-20726,0,1,-o8uo8FZyGc
yt-20727,1,2,jrVknoTp0Ro
yt-20728,2,3,ktwETEMGT6k
yt-20729,0,1,EgFL3XZ1kmM
yt-20731,2,3,J2KDeEzTk8Q
yt-20732,0,1,d8wIORmNzNI
yt-20733,1,2,n7SABpul19A
yt-20734,2,3,Q2pnWeGtOOQ
yt-20735,0,1,hBtfgqgrFEc
yt-20736,1,2,_mxJyqc8Fws
yt-20739,1,2,gagxvdKGJYU
yt-20740,0,1,6V-1ht-OJFg
yt-20741,0,1,_fxNXEfRoV8
yt-20742,0,1,AkCPUwLiSUI
yt-20744,2,3,uSyQ2_lhuvI
yt-20745,1,2,C_1VjcKhQM8
yt-20746,0,1,AxaIZ36B4C4
yt-20747,2,3,6R5MR4zgQMs
yt-20748,0,1,mz_o3Z27a4c
yt-20749,1,2,mY0GeTM7GtA
yt-20750,2,3,s0nuKKa7Lv0
yt-20751,2,3,IyoZBHfRydM
yt-20752,0,0,mC3K6Z3kIJ0
yt-20753,2,3,WSnBaX065tI
yt-20755,2,3,_DCovr9PgLw
yt-20756,0,1,99ybadSUhC8
yt-20757,2,3,zrvNBzfIgN4
yt-20758,2,3,kHwHSMPne2U
yt-20759,0,0,Gxb5ouyKirI
yt-20761,0,1,Z3SywZyljZY
yt-20762,0,1,m0_SMiOecko
yt-20763,0,1,y-eH5oo7BP0
yt-20765,2,3,NY3X_6i4eME
yt-20766,2,3,DC05VUtSHmA
yt-20767,0,1,OLHNtZxyX5s
yt-20769,1,2,Vekp-Ex9LKQ
yt-20770,0,1,4uQAawcpwY0
yt-20771,1,2,ue8o8xc5atc
yt-20772,0,1,ZgJW1KlSzrg
yt-20774,0,1,sYcgRT4n_FQ
yt-20775,2,3,fk3BKMaP_Ug
yt-20776,0,0,7zFG6XcXU2g
yt-20777,0,1,4C-g_Bo801U
yt-20779,2,3,UJ2IeurQuLM
yt-20780,2,3,kzTqg7UJGRY
yt-20781,0,1,RQWL1m55C58
yt-20782,1,2,YD3OakzpBLc
yt-20783,2,3,jXcy0F1Zsv8
yt-20784,1,2,x9AYx_1Sa1k
yt-20785,2,3,8Onktbb6acM
yt-20786,2,4,Rzui6MlO32E
yt-20787,0,0,0mfy3SJfS7k
yt-20788,0,1,Z_IdUcquIaU
yt-20789,2,3,FfiyQGcMXX0
yt-20790,1,2,73dTBoecIqw
yt-20791,0,1,iB3b7oBUdxY
yt-20792,1,2,BmRGypRvMKQ
yt-20793,2,4,ygxDx11UvyE
yt-20794,1,2,G2Cto08tkHs
yt-20795,0,1,UMS0Drd3GFU
yt-20796,2,3,6ZuNwK6kdmg
yt-20797,2,3,NUXEQaYRLwA
yt-20798,2,4,1VRlsD09id8
yt-20799,2,3,aUmRiEhOjBE
yt-20800,2,3,qKahoohkUpM
yt-20801,0,1,m8uS-uA_rzQ
yt-20802,1,2,novideo-20802
yt-20803,1,2,w0unPcWrJ8k
yt-20804,2,3,LGZRpXF0LV0
yt-20806,2,3,DC05VUtSHmA
yt-20807,0,1,rZJT646i4TY
yt-20808,2,3,GHzaMI--BC8
yt-20809,1,2,lJYLcoWtYB0
yt-20810,0,1,9oprxaTfqbc
yt-20812,2,3,m0_SMiOecko
yt-20814,1,2,vXLZZW0SgJA
yt-20815,1,2,jN6WIEJSWEY
yt-20816,2,3,_JUY9I-4-ss
yt-20817,2,3,yzN-pRrle0o
yt-20818,0,1,RzXgg5vpyWk
yt-20819,1,2,bACiCBRPrc4
yt-20821,0,1,PwHwwPi8PLI
yt-20822,2,4,zFT6n4o2ycw
yt-20823,0,1,vhMsCpu2z9o
yt-20824,2,3,m0_SMiOecko
yt-20825,1,2,XRR1uo3OXds
yt-20827,1,2,yTnHjR_HyMA
yt-20828,0,1,TAfusCoky2E
yt-20830,0,0,mYRUlAoPsHE
yt-20831,2,3,XY9GhLNm37g
yt-20834,0,1,bMWaPe_-SIA
yt-20835,1,2,Xr9ETacAhOA
yt-20836,2,4,nJKleKEYKI8
yt-20837,1,2,novideo-20837
yt-20838,2,4,RIG5ObULfeY
yt-20839,0,1,_7lmnLw_rlA
yt-20840,2,3,uclk8kfG9oo
yt-20841,1,2,mraw40532V8
yt-20843,0,1,_tV3G01A6gc
yt-20845,1,2,9hABSMgOZZQ
yt-20846,2,3,NZdOe16SBT4
yt-20847,0,1,yMCJ-ZSS9ag
yt-20848,1,2,kmb5NZnTqJo
yt-20849,0,1,rZJT646i4TY
yt-20851,1,2,novideo-20851
yt-20853,2,3,kR4ZyqfDaYs
yt-20854,1,2,UJ2IeurQuLM
yt-20855,2,4,QLfX4FD7aiE
yt-20856,1,2,0w7Sah9pLoE
yt-20857,0,0,sCryez0rfbA
yt-20858,0,0,OUdkJZ24Xfg
yt-20860,2,3,7xnsseqg1Iw
yt-20861,0,1,KSHHZ4fnkBs
yt-20862,0,1,FG53xmDdw7k
yt-20863,1,2,Jh4tpeTceSg
yt-20864,0,1,zKmaBkTtdvw
yt-20866,0,1,ZOUSjqTH1xk
yt-20867,2,4,J1Kogbdg8G0
yt-20868,1,2,1y2IvCXZhts
yt-20870,0,1,j1m4J60umVo
yt-20871,1,2,UsQkqNo8NRQ
yt-20872,1,2,Kmbb1rWnULY
yt-20873,2,3,SW2-c9nfqyo
yt-20875,2,3,UMS0Drd3GFU
yt-20876,0,1,iW8sc8zkki8
yt-20877,0,1,lXuy4100wNw
yt-20878,2,3,novideo-20878
yt-20879,0,1,w-BHsxOg81o
yt-20880,2,3,xk5jUWlygLc
yt-20881,0,1,DFWl2lnHNLg
yt-20882,2,3,pXeOtkaIxgU
yt-20883,0,1,--5sNldseEg
yt-20884,2,3,UuO1ky07nHM
yt-20885,2,3,novideo-20885
yt-20888,1,2,XV8ah3XFXhk
yt-20889,1,2,ZZdgDDFhsBo
yt-20890,2,3,tu-CtoGqZpc
yt-20892,1,2,yHNSkqg1xfg
yt-20893,1,2,yL76f9B0VEY
yt-20894,2,3,cvfEQLPSO2k
yt-20895,1,2,3fTo5rW8gy4
yt-20897,0,1,IiYkb1IhAEg
yt-20898,0,1,pVr3l8JGt7c
yt-20900,1,2,TiEQn2Hiip4
yt-20901,2,3,RP6Key8CWhM
yt-20902,0,1,Xn9OvxpuqE0
yt-20903,2,3,hNbNkY8oEVk
yt-20905,0,1,NxypeHZMIGQ
yt-20906,0,0,Q9VzYEgSy2A
yt-20907,1,2,CNkbSCOyazw
yt-20909,2,3,KdgSw94DlVk
yt-20910,0,1,novideo-20910
yt-20911,1,2,OhrX7At2UAs
yt-20913,2,3,DC05VUtSHmA
yt-20914,0,1,A0TQEvbQD4M
yt-20915,1,2,unB18Si-rwg
yt-20916,0,1,lXvo5vZ4jH8
yt-20919,2,3,8qWFCf7Ab7Y
yt-20922,1,2,3q5B4rpRom0
yt-20923,2,3,unB18Si-rwg
yt-20924,0,1,zfnti01UWC8
yt-20926,0,1,dQW42_O6VRk
yt-20929,2,3,6K0qqR-yEz8
yt-20930,0,1,FKUx0wyv55c
yt-20931,2,3,WfshEpeYqSo
yt-20932,1,2,q7CMp9JmnUM
yt-20934,2,3,JYDdphFR3vs
yt-20935,2,3,Y75S3K2qeo0
yt-20936,0,1,_jvlVlpK-Dk
yt-20937,0,1,PwsyBi25uJs
yt-20941,1,2,novideo-20941
yt-20943,2,3,XgHRpThvZR8
yt-20944,2,4,MkQvNpe2SZM
yt-20945,2,4,KQ5TlF6BiBg
yt-20946,2,3,LJDxqnJksc0
yt-20947,2,3,MZoCP9okU5U
yt-20949,2,3,3-RDBxuBJgo
yt-20950,2,3,ZOUSjqTH1xk
yt-20951,2,3,0_3CtQGpPp4
yt-20952,2,3,KUst3NjZEFo
yt-20953,0,1,EfazORmwLRg
yt-20954,1,2,IZEV83xOL8c
yt-20955,2,3,1YZ5yFrk090
yt-20956,1,2,SBsiT7R0z9g
yt-20957,0,1,iBMRSv8ZNTE
yt-20958,0,1,KdgSw94DlVk
yt-20959,2,3,UhFdcBIIrBk
yt-20960,2,3,SFLG6xdxvkU
yt-20961,2,3,zN5TKG6iqjg
yt-20962,0,1,Abq4vNaZH-w
yt-20963,2,3,igT1JoEKc5U
yt-20964,1,2,exXMeMHS3yw
yt-20966,2,3,bTrQpy0B3zk
yt-20967,1,2,tnlSskv2xVo
yt-20968,1,2,kp-CzXTyAx0
yt-20970,0,1,SuQU6hINx0E
yt-20972,1,2,404SiFMvAIE
yt-20973,2,3,GIEK7nlklo0
yt-20974,0,1,XfVcdNB0mrk
yt-20975,2,3,b845mDdsHLE
yt-20976,2,3,mURdo7tzxe4
yt-20978,1,2,8jZ1tAdG-F4
yt-20979,1,2,dALpT-qyhyQ
yt-20980,2,3,x56_pH5OCkU
yt-20981,1,2,novideo-20981
yt-20982,0,1,VcjzHveiXSc
yt-20983,2,3,novideo-20983
yt-20986,0,1,n6MMqbaqaEo
yt-20987,1,2,IXlUxLf3H8I
yt-20988,2,3,F-vNhkiQoIc
yt-20989,0,1,9GxGuzEmBk0
yt-20990,2,3,w6jbE2JwY7w
yt-20991,2,3,m0_SMiOecko
yt-20992,2,3,novideo-20992
yt-20993,1,2,z9aJrIzbuaw
yt-20994,1,2,ifE4Xi-M6xQ
yt-20995,0,1,XHJ-m2MC4Js
yt-20996,2,3,1-gq-k1goEQ
yt-20999,0,1,TAbTqyETpx4
yt-21001,2,3,NTl1K1C8VQ8
yt-21002,2,3,h9xeuHC0cXY
yt-21003,0,1,niltj5SIwtE
yt-21004,2,3,1VTLzDSRNCE
yt-21005,1,2,DrLKtYWWUyk
yt-21006,1,2,novideo-21006
yt-21007,2,3,s6pRiWORI2I
yt-21008,1,2,ksMUV_tnuD8
yt-21009,0,1,INgFRp5kB4s
yt-21010,1,2,FLdLJm5y3ZQ
yt-21011,0,1,AkD944uT-lM
yt-21012,2,3,rlP-UDX4fo4
yt-21013,2,3,m2f2u2l4DXA
yt-21014,0,0,xdw2TuvMBTA
yt-21015,0,1,H0bKUYV7g44
yt-21016,0,1,A4j-zDQNszA
yt-21017,2,3,oqhzw42jS38
yt-21018,2,3,V4-EH5j-e2Y
yt-21019,0,1,_6nCS7fmiO0
yt-21020,1,2,vWD9nT-m-tI
yt-21021,2,3,yNuU2vm2784
yt-21022,0,0,NoKIWNmfmhU
yt-21023,0,1,1oQBjQl_ifg
yt-21024,0,1,D1B0WfBkOhQ
yt-21026,1,2,ptpl25AWYCs
yt-21027,0,1,u-igVg4Wvn4
yt-21028,0,1,f2l7cloYz7Q
yt-21029,0,1,novideo-21029
yt-21030,1,2,jFrKRdtmTcY
yt-21031,2,3,1VRlsD09id8
yt-21033,0,0,CbaOJDGBFmA
yt-21034,1,2,BtNBhnz1hBM
yt-21035,2,3,Aj15i4Mbr-8
yt-21036,1,2,2IW4iAru8NI
yt-21038,0,1,BGWRRszQaqU
yt-21039,0,1,hu2Dt5ksXfg
yt-21040,2,3,QiIw6-U9IKA
yt-21041,0,0,Ep61tpBLF_k
yt-21042,2,3,WfshEpeYqSo
yt-21043,0,1,LG_fedoFXLc
yt-21044,1,2,yR883GXnAIw
yt-21045,2,3,Y3T20pSx4C0
yt-21046,2,3,KtsGF5KnlnU
yt-21047,0,1,n-yNxY6ocAo
yt-21048,0,1,zrT4TWr15RE
yt-21049,0,1,novideo-21049
yt-21050,2,3,6dB3eZcHg5A
yt-21051,2,3,YoD3GqU9HJQ
yt-21052,2,3,8UH6G1LnXR8
yt-21054,1,2,_qi-cUpod7M
yt-21055,2,3,Fdj7w1fRW_s
yt-21056,1,2,X7fl-jN24j0
yt-21057,0,1,1dUj6AUvM0g
yt-21058,1,2,RVJ2eQa87Rc
yt-21059,0,1,74A7-OztFQ8
yt-21060,0,1,MfJ75ixwnUc
yt-21063,0,1,pPfXu54nGDc
yt-21064,2,3,5MFMC7A56cs
yt-21065,2,3,P051rbLjttY
yt-21066,2,3,OJfUukdKIBE
yt-21068,2,3,EHRDz3U8jHQ
yt-21069,0,1,78Uz8gG4PvE
yt-21071,0,1,d2xjsCHotic
yt-21072,1,2,wF0BFR24WLo
yt-21074,2,3,DpOVWtJCiho
yt-21076,2,4,ndno3H-pKIw
yt-21077,2,3,9x1RsFVJ7N8
yt-21078,2,3,m0_SMiOecko
yt-21079,2,3,MhEQyO4-2o4
yt-21080,2,3,x-WA6DuriJw
yt-21081,2,3,Oz4XWLh9Evo
yt-21082,2,3,_wUW1tKmVZA
yt-21083,1,2,nOOOd4jNlbU
yt-21084,1,2,xYFR5YJ5gv0
yt-21087,0,1,LUYCgH0rgEs
yt-21088,2,3,9hABSMgOZZQ
yt-21089,2,3,tWWmISWfWTs
yt-21090,2,3,AMK7Qgctj1I
yt-21091,1,2,aUgYVg3wLNI
yt-21092,0,1,NUXEQaYRLwA
yt-21093,0,1,eUD-VrN92KI
yt-21094,1,2,L4hadXV-X6A
yt-21095,0,1,S8_9HGlzrLQ
yt-21096,2,4,Jh4tpeTceSg
yt-21097,0,1,BuOKBmq-RGw
yt-21098,2,3,qbgXdNtbGU4
yt-21099,1,2,La0641AvllM
yt-21100,2,4,hCN0s8-iS-o
yt-21101,2,3,8KJgt3P8vso
yt-21102,0,1,aOAEI7eRzUQ
yt-21103,0,1,FM8dg8dQ46Y
yt-21104,1,2,IK4OvuGTFoI
yt-21105,2,3,nSHX-ZX6pmY
yt-21106,2,3,5Fk8d2uRcR8
yt-21107,0,1,nEY7rdDT2nk
yt-21108,2,3,btwY37G_p6s
yt-21111,2,3,rSlpeFsOsds
yt-21112,2,3,no5U-HncuHU
yt-21113,1,2,yJu04jEOfjg
yt-21115,0,1,NsbBcPpWtKw
yt-21117,0,1,5RnscnAPNms
yt-21118,1,2,Gq1ddYQTTbY
yt-21119,2,3,WfshEpeYqSo
yt-21121,0,1,7llx4BsSOFA
yt-21122,2,4,gta_KMYTC2E
yt-21124,0,1,mTSYjbaQyo8
yt-21125,1,2,7O8YxutDTzM
yt-21126,2,3,QquXYHla7lg
yt-21127,0,0,p-0ZQOssfTM
yt-21128,1,2,DyRGZpjl_YA
yt-21130,1,2,xpybjgwDwIY
yt-21131,2,3,aEHQ0wMdy1c
yt-21132,0,0,_TtJdmFFgO8
yt-21133,0,1,To8lG6rgmjY
yt-21134,2,3,YCR4MI3gZAo
yt-21136,1,2,1oQ-7Q4rtqY
yt-21138,0,1,oEQ2T4Ph4IY
yt-21140,1,2,ar_SIWMZakk
yt-21141,1,2,9o5w0m66ykA
yt-21142,2,3,WZ1amV_zR6E
yt-21143,0,1,F4DuvBgOWJg
yt-21144,2,3,pb4qYO7o8wA
yt-21145,1,2,LJBYbMSc8dk
yt-21146,0,1,wnMMIA0h7f4
yt-21147,2,4,novideo-21147
yt-21148,2,4,UyW3Oq33M2Y
yt-21149,0,0,-1rnXkLbPK8
yt-21150,0,1,h9oZAf8e2zE
yt-21151,2,3,novideo-21151
yt-21152,0,1,Tho5xQo6R1c
yt-21153,2,3,CVt3UBCUirg
yt-21155,0,1,26DGitDLjX4
yt-21157,2,3,1VRlsD09id8
yt-21158,1,2,OuhSkIVzsmY
yt-21159,2,3,tXKH0NO0a9M
yt-21160,0,1,blCSl6aTdz4
yt-21161,0,1,unB18Si-rwg
yt-21162,2,3,ENyDEYmluFE
yt-21163,0,1,eHqemH_c-vw
yt-21164,0,1,8PjZLkD7H6I
yt-21165,0,1,_KMT40jFA8c
yt-21166,1,2,1u0BM8qnAsk
yt-21167,2,3,FzAxMZ43MCo
yt-21168,0,1,H0bKUYV7g44
yt-21169,2,3,bgI0r1-k9Rc
yt-21170,0,1,tuqPFKF5NJo
yt-21171,1,2,uRFP_2R1xlU
yt-21172,0,1,teS7GwIzNP0
yt-21173,0,0,K1qbmYXgp2I
yt-21174,1,2,tAHK6E03ORo
yt-21175,2,4,-VH2Xbe7mvI
yt-21176,0,1,EVj3Fz35VJw
yt-21177,0,1,6TLvvR20z-M
yt-21180,0,1,T5lbFpTBOS8
yt-21181,0,1,WW3nx4OEeUo
yt-21182,0,1,5RnscnAPNms
yt-21183,0,1,3FfQzI9ndXM
yt-21184,2,3,CCdRLdqaO4I
yt-21185,1,2,cI8LtJ5xKN8
yt-21186,0,1,wy2lvyrkxWE
yt-21187,1,2,6OvoxTiRo8U
yt-21188,2,3,otb_EcWkYXY
yt-21189,0,1,LD1rdSmbsjU
yt-21191,0,0,hE77Il2WbqI
yt-21192,0,1,-FXN5kU3YOY
yt-21193,1,2,Nb_73Xm5d1M
yt-21194,2,3,yTnHjR_HyMA
yt-21195,1,2,MGwXrqjIdxA
yt-21198,0,1,pe50HWMGMq0
yt-21199,2,3,C3z79NQUX28
yt-21200,0,1,8uJe2WQYzEY
yt-21201,0,1,_6aArYZ3LlA
yt-21202,0,1,tNqB59WBAZs
yt-21204,0,0,WD5HrfQ1HPw
yt-21205,2,3,LJDxqnJksc0
yt-21206,1,2,MH8xffY9eyI
yt-21207,2,3,a24fsHb7eGg
yt-21208,1,2,2pOo1MGJ6mc
yt-21209,2,3,3KLFI81dR0A
yt-21214,0,1,5cmXXsN5ykc
yt-21215,2,3,Jh4tpeTceSg
yt-21216,2,3,MJJYgZFTjso
yt-21217,2,3,x9naNmKWG9o
yt-21218,2,3,novideo-21218
yt-21219,1,2,NQ4sX6jJ_54
yt-21220,2,3,m0_SMiOecko
yt-21221,2,3,Y75S3K2qeo0
yt-21223,0,1,6z4cKnBfbPw
yt-21224,0,1,novideo-21224
yt-21226,1,2,i5Kybh7ZtEs
yt-21227,2,3,hmp4ZVhgm8o
yt-21228,0,1,EdNZv0KC2yk
yt-21230,0,1,TkvjDcrWvgI
yt-21231,1,2,RmAxFcTdILo
yt-21232,0,1,xgSJrjE-tlc
yt-21233,2,3,1RR2DRRF7fI
yt-21234,1,2,dYfGYirFV6M
yt-21235,1,2,AFwtCgii6lA
yt-21236,0,1,ppmF2kFwaa0
yt-21237,2,3,L2ievKIPbJk
yt-21239,1,2,P2cQty2XFsM
yt-21240,0,1,oXXFG_i3qfE
yt-21242,1,2,xNtU89S3YZ4
yt-21244,1,2,eiryqwNdR9w
yt-21245,1,2,8qWFCf7Ab7Y
yt-21246,1,2,gb9m0jTcvIs
yt-21247,2,3,dYfGYirFV6M
yt-21248,2,3,LbmOatgx-34
yt-21249,2,3,novideo-21249
yt-21251,2,3,Hux1Rot8W2M
yt-21252,0,1,m8uS-uA_rzQ
yt-21253,1,2,DNDoBCMszBA
yt-21254,0,1,gTlPF78lD0Q
yt-21257,0,0,t8L8Jg2lE9g
yt-21258,0,0,EEN5X6bBtQc
yt-21259,1,2,NL13sOVVPd8
yt-21260,2,3,fYXfRVrPU2E
yt-21261,0,1,NLgu0wcTCd4
yt-21262,2,3,P0EOKdVKMqQ
yt-21263,1,2,Y3T20pSx4C0
yt-21264,2,3,TolY-AIkpOE
yt-21267,0,1,mURdo7tzxe4
yt-21268,1,2,2pOo1MGJ6mc
yt-21269,2,3,C3z79NQUX28
yt-21271,2,4,0tYTvthMPXA
yt-21275,0,1,BtNBhnz1hBM
yt-21276,0,1,AVKCwG_kMDQ
yt-21277,2,3,RffjlOYCPCM
yt-21278,2,3,RFwt9E_ZGcc
yt-21280,0,1,_mxJyqc8Fws
yt-21281,2,3,Fk7bhFqKpRQ
yt-21282,2,3,vtcOQGJfARE
yt-21283,1,2,YE3gujWAhgI
yt-21284,0,0,aEHQ0wMdy1c
yt-21285,2,3,p522K4lYI3Q
yt-21287,2,3,6R5MR4zgQMs
yt-21288,1,2,qWiUGAeYloc
yt-21289,0,0,PmbQ2BhlTdo
yt-21290,0,1,OX-TLXxg1dE
yt-21291,0,0,mbcEkJYW8Bo
yt-21292,0,0,f4vNA7vNmxY
yt-21293,0,0,novideo-21293
yt-21295,1,2,nyc3QgMmclU
yt-21296,0,1,arcq0Pmpdvo
yt-21297,1,2,cubwW09zRnA
yt-21298,1,2,3Rip8VHeA38
yt-21299,2,3,8UH6G1LnXR8
yt-21300,0,1,EXMRW8h3fuw
yt-21301,2,4,yLV4MyNTSvo
yt-21303,0,1,8nnrrUraIjw
yt-21304,0,1,emmH8iQewZY
yt-21305,2,3,k9hI5L5rMSY
yt-21306,0,1,jrkUi8Wgh8A
yt-21308,1,2,yqOZ74mR-gI
yt-21309,2,3,mtOVL0hJFu8
yt-21311,2,4,m0_SMiOecko
yt-21312,2,3,mZhm1zQ_RQg
yt-21313,2,3,UZMx7RqOPAY
yt-21315,1,2,3_Rpl0b7rOQ
yt-21316,2,3,gUuaONG8nGE
yt-21317,0,0,G4ISKu6Dl0w
yt-21318,2,3,FqfaM7yKapo
yt-21319,1,2,O_Xv-X5eke8
yt-21320,2,3,qMAeQeZDgqA
yt-21321,0,1,UiSAG3N1feU
yt-21323,0,1,cCJi_9GV44c
yt-21324,2,3,RllOvVuC0JM
yt-21327,0,1,q0CHu1hb1Cs
yt-21329,0,1,3-RDBxuBJgo
yt-21330,2,3,l8z4Kcasy70
yt-21331,2,3,XsmEUYIjrcY
yt-21334,0,1,27wowf_ypOY
yt-21335,0,1,CdS2Z37eJHk
yt-21338,1,2,we79RwXpPyc
yt-21339,2,3,e4ASO3Kclqg
yt-21340,0,1,vVw3GejDOIs
yt-21341,2,3,1KZNiZnHQ_Q
yt-21342,2,3,1KZNiZnHQ_Q
yt-21343,0,1,novideo-21343
yt-21344,2,3,6Wx3NpeNOgE
yt-21345,0,1,iPGvMvJWBGU
yt-21346,2,3,novideo-21346
yt-21347,0,0,H0bKUYV7g44
yt-21348,1,2,38WpQsCVJno
yt-21349,2,3,J9e-b-mek9A
yt-21350,0,1,3lYX1XPfoz4
yt-21353,0,1,f_iZIGzqe5M
yt-21354,0,1,bSD15awGihE
yt-21355,2,3,yL76f9B0VEY
yt-21356,2,3,xudo1vw3oOk
yt-21357,2,3,t16W8hH9hqY
yt-21358,1,2,_0LEstroeog
yt-21359,2,3,EA-pVOEVzoI
yt-21360,2,3,xdf0A68TjNg
yt-21361,0,1,zTOMEmtYNEY
yt-21362,1,2,PbInrq4rxR0
yt-21363,2,3,g1UhspNtUiQ
yt-21364,1,2,pNbpijn86ec
yt-21365,1,2,wH-aOw0aHHI
yt-21366,2,3,vpoVEhc2Xgk
yt-21367,1,2,UtKKM5zVblc
yt-21368,2,3,1Ym_jsAdMa4
yt-21369,0,1,JRyKjJJavLE
yt-21370,1,2,ia9LnWEmDJw
yt-21372,2,3,KdgSw94DlVk
yt-21374,2,3,IyoZBHfRydM
yt-21375,2,4,2hB7nn5Wk0M
yt-21376,1,2,nijTweiRP-M
yt-21377,2,3,h8O3os4k9DY
yt-21379,0,1,nzF44KFi8gA
yt-21380,0,1,0IUPr4zLkAY
yt-21382,0,1,G2JWmYEVYPs
yt-21383,1,2,Cp4jZ0KjgiM
yt-21384,2,3,1hi8P9usbW8
yt-21386,0,1,EFAHPeD6D8M
yt-21387,0,1,aO7D8vwY_u8
yt-21389,1,2,RsER5CUBLfo
yt-21390,2,3,v7o4j-bq524
yt-21393,0,1,8mJPMAORnt0
yt-21394,2,4,J9e-b-mek9A
yt-21395,0,1,uMPtyxwECCc
yt-21396,2,3,Gi6lzegB1ck
yt-21397,0,1,XLb9fujOmyI
yt-21398,2,3,kZ-kcl7Bom4
yt-21399,1,2,kNLCKUG5c80
yt-21400,0,1,33MVEVgaaz8
yt-21401,2,3,YWW7oSgN5Tg
yt-21402,1,2,Y75S3K2qeo0
yt-21403,2,3,PCFpZ0u_fyM
yt-21404,2,4,yLV4MyNTSvo
yt-21405,0,1,AxaIZ36B4C4
yt-21406,1,2,crxMMjAcugo
yt-21407,1,2,uMGgFazG5nI
yt-21408,0,1,V7c2PbgNuxU
yt-21410,0,1,k4VurHbhoyM
yt-21411,2,3,1VRlsD09id8
yt-21412,0,1,9nDJYc10Wgg
yt-21413,2,3,novideo-21413
yt-21414,2,3,hNbNkY8oEVk
yt-21416,0,1,2pAhCAnWzKI
yt-21417,2,4,Jp9vCKIe3S8
yt-21418,0,1,RllOvVuC0JM
yt-21419,2,3,zJgt-WbE7oc
yt-21420,2,3,e9D9FXhs2v0
yt-21421,2,3,Te84MZ1xdrI
yt-21422,1,2,novideo-21422
yt-21423,1,2,JPFM5x3ETio
yt-21425,2,3,7w2HnzE1uzg
yt-21426,1,2,nmMTjQCjABA
yt-21427,0,1,4Tfdp1jgoTU
yt-21429,2,3,yLV4MyNTSvo
yt-21431,2,3,Xx1Uqc41MUs
yt-21432,2,3,Nwj5tU2Ikio
yt-21433,2,3,U_uibzXsajc
yt-21434,0,1,EzsWDhMDvhM
yt-21435,0,1,QI1hWq4K3dw
yt-21436,2,3,0s10ZRUJ15c
yt-21437,1,2,dmB8zyVTamc
yt-21438,2,3,3kXpCmuHUMY
yt-21439,0,1,IJKrEsyXzR0
yt-21440,1,2,-HHOOoGC1NQ
yt-21441,2,3,7pdagiR3I6g
yt-21442,0,1,novideo-21442
yt-21444,2,3,uAmRgtUKcIo
yt-21446,2,3,ZlDY-HGy25U
yt-21447,2,3,H7EFBFU0xDM
yt-21448,2,3,liHBWu-KmZM
yt-21449,2,3,nntYFfh3w80
yt-21450,2,3,UwDMGQnnKDA
yt-21455,1,2,6XfiLUkMYbw
yt-21456,2,3,H5WZyDQmS40
yt-21457,0,1,mxQiAhEjYEo
yt-21458,2,3,Yx91AEBKtDs
yt-21459,1,2,h8O3os4k9DY
yt-21460,0,1,novideo-21460
yt-21461,2,3,m0_SMiOecko
yt-21462,2,3,rSlpeFsOsds
yt-21463,2,3,EDWijIbFugU
yt-21464,2,3,5g4TGqJibz0
yt-21465,2,3,NUXEQaYRLwA
yt-21467,0,1,m3eWdLl6U6Q
yt-21468,2,3,jOASMPYiJy8
yt-21470,2,3,xnHwkS95sWs
yt-21471,0,1,Nm8on_ZzXQc
yt-21472,1,2,hm3saqzhpOM
yt-21473,2,3,vI1P16MO6IM
yt-21474,2,3,EA-pVOEVzoI
yt-21475,1,2,YD3OakzpBLc
yt-21476,0,1,Ma60BMXLe7s
yt-21477,1,2,7TdkfaEYZmI
yt-21478,2,4,PP26J7AXdP4
yt-21479,2,3,r1T3EId9bYk
yt-21480,2,4,pXeOtkaIxgU
yt-21481,2,3,m0_SMiOecko
yt-21482,2,3,Ia4RNWhq9K0
yt-21483,2,3,I5pLLeWFheA
yt-21484,1,2,_QjGMChHEQc
yt-21485,1,2,VfxOv_Ig2ac
yt-21487,2,3,2c50hFi9pDs
yt-21489,0,1,Fw4nZayuZmQ
yt-21490,2,3,9vALoBZH4e8
yt-21491,2,4,YoD3GqU9HJQ
yt-21492,1,2,ecP7pOzPfRg
yt-21493,0,1,KeZHrBkQXSg
yt-21494,0,1,novideo-21494
yt-21496,0,0,B_D7bGmFPE4
yt-21497,2,3,EHRDz3U8jHQ
yt-21499,2,3,RjcLvkeKQDI
yt-21500,2,3,y-eH5oo7BP0
yt-21501,0,1,oHibNbmAZ8w
yt-21502,2,3,0adDCIPFUX4
yt-21503,2,3,OQgMgX8Q78Q
yt-21504,1,2,tfGgBydEyak
yt-21505,2,3,Jbz1ZgOqm7c
yt-21506,2,3,m0_SMiOecko
yt-21507,0,1,wry4-XPuN6M
yt-21508,2,3,qAoMIMeh7ns
yt-21509,1,2,7Oc8-eclkrY
yt-21510,2,3,Xf_rYZnJiWY
yt-21512,2,3,PqoR7JoUUw4
yt-21513,0,1,vbdj-bmFHsA
yt-21514,2,3,b3QBfxONl3g
yt-21515,1,2,NW5ZrDYzJEI
yt-21516,0,1,1YZ5yFrk090
yt-21518,2,3,dYBUHBF-yLo
yt-21520,0,1,zTWaXO4gEcs
yt-21521,1,2,L7nSIvR_1Is
yt-21522,2,3,lMSJr89kc3c
yt-21524,0,1,hEPwTYii9aM
yt-21525,2,3,-IF8S-7vGTg
yt-21526,0,1,tBd95gKGJQ0
yt-21527,0,0,MbZJ1zJSxoY
yt-21531,2,3,gf7-aWa7JVU
yt-21532,2,3,VX24pMefwkU
yt-21533,1,2,aUgYVg3wLNI
yt-21534,2,3,GRsQOzKNbRY
yt-21535,0,1,j3P39jboPe0
yt-21536,2,3,PCFpZ0u_fyM
yt-21537,0,1,4nLHa77wGXw
yt-21538,2,3,HyXYwx9AHHI
yt-21539,1,2,OWEyvbfVQq8
yt-21540,2,3,DKnCq4ZHNIY
yt-21541,1,2,Yq0EiGZrFlU
yt-21542,1,2,mD_D1JArYZE
yt-21543,0,1,zy4wJz-muPo
yt-21544,2,3,Ia4RNWhq9K0
yt-21545,2,4,2jysaWqxYuw
yt-21546,2,3,g844vfYjkLM
yt-21547,0,1,R_OpyFugANM
yt-21549,0,1,UgAD2hx0fs8
yt-21550,1,2,dnJpbAqpiP0
yt-21551,0,0,sY4kfafLR1k
yt-21552,2,3,qGKAHFvdYT8
yt-21553,0,1,fzQSr9zTB4U
yt-21554,0,0,0Ohst0dczQA
yt-21555,2,3,ZOUSjqTH1xk
yt-21556,0,1,AxaIZ36B4C4
yt-21557,1,2,novideo-21557
yt-21559,0,1,DfOtovCaiRA
yt-21560,2,3,rW1eGZ12ybg
yt-21561,2,3,3MNaSIqPHOY
yt-21562,0,1,8Ct8hdSvO5g
yt-21564,0,1,uGEJhF86pg4
yt-21566,2,3,F9MctqJgJVk
yt-21567,2,3,3DHoBRZ9nDs
yt-21570,1,2,K0XSZTOf6UY
yt-21571,2,3,VaF4-XBfpus
yt-21572,0,1,vCfJ48JKFJQ
yt-21573,1,2,WTQV3cE2UCk
yt-21574,0,1,wzpxgL4vxR0
yt-21575,1,2,DPngQ7jbcOQ
yt-21576,0,1,tQQlBWoP2o8
yt-21577,2,3,sjC-Xoo_WGE
yt-21578,0,1,TzRfhe1vktc
yt-21579,0,1,JWm8nwsFT7o
yt-21580,2,3,BBSVM4juSk0
yt-21581,0,1,W0QhNV_inds
yt-21583,2,3,EAlbSp4bzNs
yt-21584,0,0,I--mpV8DzmQ
yt-21585,0,1,VvYfCHlU2wA
yt-21586,2,4,Da6ljj6yT0U
yt-21587,2,3,3FfQzI9ndXM
yt-21588,0,1,7zFG6XcXU2g
yt-21589,2,3,QokMrwVKzZY
yt-21590,2,3,PCFpZ0u_fyM
yt-21591,2,3,2oKqU0lQih8
yt-21592,0,1,LGZRpXF0LV0
yt-21593,1,2,N39Ma8PU3B8
yt-21594,2,3,CBVGd8NfMxk
yt-21595,1,2,c2BGFBbNmII
yt-21596,0,1,iGmH_zlvqaY
yt-21597,2,3,HXFC38CGuB0
yt-21598,2,3,8UH6G1LnXR8
yt-21599,2,3,vpoVEhc2Xgk
yt-21600,2,3,novideo-21600
yt-21602,2,4,YoD3GqU9HJQ
yt-21603,2,3,5nsNrWU8V5M
yt-21605,2,3,R7pYv_z38k4
yt-21606,1,2,QdxJ53Yr4KI
yt-21607,0,1,pdImt5Nc0yk
yt-21608,1,2,BtNBhnz1hBM
yt-21609,2,3,fNlj3FQZxS0
yt-21610,1,2,mReNPLJ9tMc
yt-21612,1,2,CVVqjf_OZF4
yt-21613,0,1,oQrsOCH4IEE
yt-21614,2,3,1VTLzDSRNCE
yt-21615,2,3,Gr99c48-g3c
yt-21616,2,3,8qWFCf7Ab7Y
yt-21617,2,3,MJJYgZFTjso
yt-21618,0,1,QABcwbmN8Ms
yt-21619,2,3,UPImfRUK0P4
yt-21620,2,3,GuuVRIgwR2M
yt-21621,0,1,tUvUWQPPblY
yt-21622,0,1,novideo-21622
yt-21623,0,1,OVpQGCu15O4
yt-21624,1,2,KnbW9KxU_EI
yt-21626,2,3,NQ4sX6jJ_54
yt-21627,2,3,7EHxQ9gLJzc
yt-21630,0,0,ZOUSjqTH1xk
yt-21631,0,1,k0kwnAub5Y8
yt-21632,0,0,OE8DhuaYdpE
yt-21633,0,1,4EPnmoWBUfU
yt-21635,2,3,VkuFXSGqxe8
yt-21636,0,1,ZPeyAwIhNf4
yt-21638,2,3,4UyfK_NgGUg
yt-21639,0,1,5Fk8d2uRcR8
yt-21640,0,1,ZrsI0V-X-Jo
yt-21642,2,3,mPQuhb-8_28
yt-21644,2,4,qmraiz5g5AM
yt-21645,2,3,278NjEVO8EY
yt-21646,0,1,Q1cVdKaAny4
yt-21647,0,1,d4tQMYMIRv8
yt-21648,0,0,t8HbZI1pP3A
yt-21650,1,2,o0JJlBYEK0c
yt-21651,0,1,w6mv_20HMnk
yt-21652,2,3,ZOUSjqTH1xk
yt-21653,1,2,novideo-21653
yt-21654,2,3,FyWtzmH05k4
yt-21656,0,1,0nylvwyR6Pw
yt-21660,1,2,bPxVGnu7pUM
yt-21661,1,2,bk2BfibXznM
yt-21662,2,3,MWNw4_ZJLrs
yt-21664,0,1,xXNmFv5KeSg
yt-21667,1,2,PjBNMbI6-sk
yt-21668,0,1,Ct8Z_Kadi2U
yt-21669,2,3,GzunX8tsTac
yt-21670,0,1,Csk6jFPgHUU
yt-21671,0,1,novideo-21671
yt-21672,0,1,8pMVKWUsa1o
yt-21674,0,1,CHZ4Zcxavxw
yt-21675,1,2,yqOZ74mR-gI
yt-21676,2,3,pdImt5Nc0yk
yt-21677,0,1,jUqj2nP5Du8
yt-21679,0,1,0IoioOain7c
yt-21680,0,1,CFTyyxTabmE
yt-21684,0,0,pvEUpDkjpbE
yt-21685,2,3,zQiCkbGdrvE
yt-21687,0,0,fx3WrCnA4-E
yt-21688,2,3,PqoR7JoUUw4
yt-21689,1,2,H0bKUYV7g44
yt-21690,2,3,9hABSMgOZZQ
yt-21691,0,0,OuJ24MkHhuY
yt-21692,0,1,NLgu0wcTCd4
yt-21693,2,4,ejPRQ37seqk
yt-21694,0,1,e7gPX_FAHGo
yt-21695,1,2,nfaADx4pcX8
yt-21696,0,1,1XRVcZ3IePo
yt-21697,0,1,JpjqX1twB_w
yt-21699,1,2,ZKsJBBwjmqU
yt-21703,2,3,GVlWJoOcy6c
yt-21704,1,2,xk5jUWlygLc
yt-21706,0,1,wxUREwR_y_k
yt-21707,2,3,RJEqYDdf5T8
yt-21708,0,1,WxYrZSEOh38
yt-21709,2,3,6SdmGg9b4ac
yt-21710,1,2,HFaN27pfOYc
yt-21711,0,1,QZgYrxXlzDY
yt-21712,0,1,y4Ql8-l4swM
yt-21713,0,0,_jvlVlpK-Dk
yt-21716,2,3,fPFOW0_aJr0
yt-21717,0,0,uzYdEkQzyaw
yt-21718,2,4,drkmIiDS7dE
yt-21719,0,1,ER_YyYb7I4w
yt-21720,2,3,JNd9sOjS5gM
yt-21721,0,1,x6-s0qBiQ3I
yt-21722,0,1,ZTDRgKtuL2Y
yt-21723,1,2,novideo-21723
yt-21724,1,2,P8dxOmcuDa8
yt-21725,2,3,K6ey_5APvHw
yt-21726,2,3,unB18Si-rwg
yt-21727,1,2,Gn5Z7VckXVk
yt-21728,0,0,novideo-21728
yt-21729,1,2,PLCR4rhl9Rw
yt-21730,2,3,B8hSd7EGF3Y
yt-21731,1,2,6K0qqR-yEz8
yt-21733,2,3,PCFpZ0u_fyM
yt-21734,0,1,NoKIWNmfmhU
yt-21735,1,2,novideo-21735
yt-21737,1,2,h4UMYASh0xw
yt-21738,0,1,t3Q8Haoiv6g
yt-21739,0,1,2LDGKB9tvmk
yt-21740,2,3,XN_1-0UBB0E
yt-21741,0,1,K3b5Q9M8tJc
yt-21742,2,3,HtqyzjEuwlE
yt-21743,1,2,y9UtWHfG31U
yt-21744,2,3,nytpJhM15Ps
yt-21745,1,2,WEBMAcgErY0
yt-21746,0,1,huAEwxDq4JY
yt-21748,0,1,xnHwkS95sWs
yt-21751,1,2,KbX0k0QvvFk
yt-21752,0,1,1gCjeEnE5Tg
yt-21753,0,1,tFC1kNdxCu0
yt-21758,1,2,ZOUSjqTH1xk
yt-21761,0,1,GceG3HakyFo
yt-21762,0,1,9XvlHN0UPbk
yt-21764,1,2,mPD7127DaCc
yt-21765,1,2,GbCJp2HqDJ4
yt-21766,0,1,HZGmuIAu0v0
yt-21767,1,2,XeODiGQcQTg
yt-21768,1,2,H0bKUYV7g44
yt-21769,1,2,lcC_n98e-Tw
yt-21770,2,3,k_z_iSulTuU
yt-21771,0,1,H0bKUYV7g44
yt-21773,1,2,DN8Y5hq8qro
yt-21774,2,3,IvZS9GW_C9s
yt-21775,2,3,_meH_tg8UwM
yt-21776,2,3,yL76f9B0VEY
yt-21777,0,1,dN2YtmNIJUM
yt-21779,2,3,9mlFzXfmbh4
yt-21780,1,2,9Yi54QJsgKU
yt-21782,1,2,2tsEkcfFRRk
yt-21783,1,2,t36UFQm30qg
yt-21784,0,1,fPFah3Ypm_c
yt-21786,0,0,m0_SMiOecko
yt-21787,0,1,NK-EG-bxX18
yt-21788,0,1,rPdBBGV3dpk
yt-21789,0,1,k31jxfcDfaI
yt-21791,0,1,NQ4sX6jJ_54
yt-21792,1,2,7O8YxutDTzM
yt-21793,2,3,hE77Il2WbqI
yt-21794,1,2,PgYar4XYv1s
yt-21795,1,2,GRFusZGdzOo
yt-21798,2,3,YoD3GqU9HJQ
yt-21799,2,3,HM5BUqIugV8
yt-21800,0,1,JGDdMxxSEiw
yt-21801,1,2,KHXhp5DXWoo
yt-21802,2,3,LRF8nUcEb8I
yt-21804,0,1,Las1_k6RsHw
yt-21805,0,1,WapjNE6LTag
yt-21806,2,3,VkuFXSGqxe8
yt-21807,1,2,cpqFhiRP4yU
yt-21809,1,2,9pL_pJM0oTI
yt-21810,2,3,1YZ5yFrk090
yt-21811,1,2,lfRQ8SQj5Wc
yt-21812,0,1,uNvNnJqIEGI
yt-21813,0,1,v4RiM8y89og
yt-21815,0,1,EDH5TMcB4Ec
yt-21816,2,3,NW5ZrDYzJEI
yt-21817,0,1,novideo-21817
yt-21819,1,2,rnIz7k95rxw
yt-21822,0,1,jgbzFxgNXZ8
yt-21823,2,3,zJgt-WbE7oc
yt-21824,0,0,wwGJJ4Yj3FA
yt-21825,2,3,SV9ZgPtPVHo
yt-21826,2,3,fdTn5qZcYMI
yt-21827,2,3,kMPsunBqONs
yt-21828,2,3,Iykno64pNHI
yt-21829,0,1,v3Mn_pzh3VE
yt-21830,0,0,suibKgFNx5A
yt-21831,2,4,unB18Si-rwg
yt-21832,1,2,2M50swpH-vs
yt-21834,1,2,_uPjqtGxgPE
yt-21835,1,2,j-SnN52MELc
yt-21836,1,2,JRS_A1iLWGs
yt-21837,2,3,wxUREwR_y_k
yt-21838,2,3,I5pLLeWFheA
yt-21839,2,3,iWpp9d57i8w
yt-21840,0,1,4EPnmoWBUfU
yt-21841,0,1,TATnECsyKSI
yt-21842,2,3,d6Hd7Q8s4nA
yt-21843,2,3,4xywRUZjeN0
yt-21844,2,3,ers85k9s6u4
yt-21845,0,1,FTKDwF3JyXo
yt-21846,0,1,FmcOVi-j99M
yt-21847,1,2,y9UtWHfG31U
yt-21848,0,1,Gi6lzegB1ck
yt-21849,0,1,BZKi4RQq-BY
yt-21850,0,1,ninn1S3HsIg
yt-21851,2,3,ZE0SWTfC8cg
yt-21854,1,2,GIEK7nlklo0
yt-21855,0,0,6GdkvDpj5Gg
yt-21856,0,1,KediK7s96GQ
yt-21858,2,3,ahe50XsM_eI
yt-21859,0,1,xudo1vw3oOk
yt-21861,2,3,VkuFXSGqxe8
yt-21862,2,3,C3z79NQUX28
yt-21863,2,3,Poy35rRTf3Y
yt-21864,2,3,gtTGTnJ65Cs
yt-21865,0,1,wH-aOw0aHHI
yt-21866,2,3,fg8cOimDKuk
yt-21869,2,3,dgAnqLuNaSQ
yt-21870,0,1,Qa47A0i-OAw
yt-21871,0,1,JA2Nfbe41hY
yt-21872,2,3,86PRU2XXSi8
yt-21873,2,3,GuXeLXpW7BY
yt-21874,1,2,CND2zexr0wk
yt-21875,0,1,9fST9veuDyw
yt-21876,1,2,aO7D8vwY_u8
yt-21877,2,3,Ej4T3xyE5PI
yt-21878,0,1,Z7y2v5_Zxpk
yt-21880,1,2,JRGElToFaHQ
yt-21881,1,2,0NfArkRDato
yt-21882,0,1,Ml2mvtzW9oM
yt-21884,2,3,EnEKUoYyXvw
yt-21885,2,3,I9LOAnKgfZc
yt-21886,1,2,stgh3yE52-o
yt-21887,1,2,sUQ37mPTx9w
yt-21888,1,2,-VDjG0yKBls
yt-21889,2,3,6Wx3NpeNOgE
yt-21890,1,2,erNKleMRuAE
yt-21895,2,3,VX24pMefwkU
yt-21896,1,2,OxTH4sqaUto
yt-21897,0,1,oAAeIeLWOXE
yt-21898,0,1,UyULin3LcOU
yt-21899,0,1,IsBdqCaHfdI
yt-21901,2,4,pqinvobBwRQ
yt-21902,0,1,gKSNOH04WiY
yt-21903,0,1,novideo-21903
yt-21904,0,1,y8M4p1rCCgc
yt-21906,2,3,PSDZRrtFYn4
yt-21908,2,3,IbNMuIDeHAM
yt-21909,2,3,LcUSIKVjXng
yt-21910,2,3,V4B8nSbF4Bo
yt-21911,2,3,2Dv0IBFwmn4
yt-21913,1,2,BtNBhnz1hBM
yt-21914,2,3,OOOhBmWQiy8
yt-21915,0,1,9XvlHN0UPbk
yt-21916,2,3,Nd1Xc6OKRGc
yt-21917,2,3,Bghp4Zh9y_g
yt-21918,1,2,0mE4xrSsLRo
yt-21920,0,1,fzQSr9zTB4U
yt-21921,0,1,5hoWPP_0uJc
yt-21923,2,3,SUrocDwxz_Q
yt-21924,0,1,hiUANxZBtjM
yt-21925,0,1,CaODYoZzBAw
yt-21927,0,1,v4tXgIs1u2c
yt-21928,2,3,dfyVsdRfJ4U
yt-21932,0,1,byjL37tX2tY
yt-21933,0,1,ZxHpXD_LDxQ
yt-21934,0,1,NBVYqdMK_QU
yt-21935,2,3,9yi9kqNKq0c
yt-21936,2,3,WfshEpeYqSo
yt-21937,2,3,PH_8xiKFBxk
yt-21938,2,3,-BK_OEyGS-4
yt-21939,0,1,w7b_ulZFQSU
yt-21940,1,2,DV5zCjjKLZg
yt-21943,2,3,NgxEWirrOZs
yt-21944,2,3,EA-pVOEVzoI
yt-21945,1,2,BFuz4UsYRVo
yt-21946,0,1,9TmO9LA0c0U
yt-21949,0,1,W0_X7zGXM2I
yt-21950,2,3,MWDvXA_8VTA
yt-21951,1,2,ZJ8VhVDgzys
yt-21953,2,3,e0Nz6S4z5Hw
yt-21954,2,3,YlFFG-59awU
yt-21955,2,3,ZE0SWTfC8cg
yt-21956,2,3,jYwhdx7PAUU
yt-21960,1,2,XeODiGQcQTg
yt-21961,0,1,novideo-21961
yt-21964,1,2,HzI0fCr7UVw
yt-21965,1,2,novideo-21965
yt-21966,2,3,CwxAadXk3qA
yt-21967,1,2,Ni9t1uBzbMc
yt-21969,2,3,4ilLmHYKvzw
yt-21970,1,2,9hABSMgOZZQ
yt-21971,2,3,5-SZmhg_qek
yt-21972,2,3,YKC3Vjjzw_4
yt-21974,2,3,XgHRpThvZR8
yt-21975,2,3,NJAynZCKKbs
yt-21976,1,2,AoxElu86RyE
yt-21977,1,2,GHzaMI--BC8
yt-21978,2,3,vpoVEhc2Xgk
yt-21980,2,3,sXuskB0pRvY
yt-21981,1,2,a2R29Br5rpk
yt-21982,1,2,R5GuibemimM
yt-21983,1,2,8Onktbb6acM
yt-21986,0,1,rZJT646i4TY
yt-21987,2,3,2CRDRGUW1Yo
yt-21988,2,3,novideo-21988
yt-21989,0,1,novideo-21989
yt-21993,2,3,novideo-21993
yt-21994,2,3,neZ5elrDZxM
yt-21995,0,1,QLfX4FD7aiE
yt-21997,2,3,dN9pbpQ1-aI
yt-21998,0,1,yEMY0GeVMsE
yt-21999,2,3,m0_SMiOecko
yt-22002,0,1,IsBdqCaHfdI
yt-22003,2,4,izjmMyE5mq8
yt-22004,2,3,DvTbjFIIa_A
yt-22005,1,2,RFwt9E_ZGcc
yt-22006,2,3,PxIcD9LMpco
yt-22007,2,3,kCl8nzzZQW8
yt-22009,0,1,YGTaASXDQQU
yt-22010,0,1,H0bKUYV7g44
yt-22012,2,3,F9MctqJgJVk
yt-22015,2,3,m0_SMiOecko
yt-22016,2,3,w9wbVT7Hnws
yt-22017,1,2,n7SABpul19A
yt-22018,2,3,iRmZXzKS6e4
yt-22020,0,1,YD3OakzpBLc
yt-22021,2,3,-VDjG0yKBls
yt-22022,2,3,pXeOtkaIxgU
yt-22024,0,1,eEpdZUoQ0oI
yt-22025,0,1,4ifQRSpMk08
yt-22026,2,4,bAJG__vlRhQ
yt-22027,1,2,CrK-ll6O2lw
yt-22028,0,1,9VqKFr2-6uU
yt-22030,0,1,VBmpKaC_z0Q
yt-22032,2,3,GHzaMI--BC8
yt-22034,0,1,DPQ6Ss3Y_4w
yt-22036,2,3,mTSYjbaQyo8
yt-22037,2,3,JE9MPHNUqqM
yt-22038,2,4,OSs3ozdU08w
yt-22039,2,3,5EF-UPK0bTE
yt-22040,2,3,L3rXqbZGEgA
yt-22041,2,3,vsdLVZ5-KD8
yt-22042,0,0,e1aWJzC0mTM
yt-22044,1,2,QdxJ53Yr4KI
yt-22046,2,3,YoD3GqU9HJQ
yt-22047,2,3,pcjBOBGyz4Y
yt-22048,0,1,gLq3Y4CSsQc
yt-22050,2,3,jaklqSNMo3I
yt-22052,0,1,novideo-22052
yt-22053,2,4,8p_212flO7Y
yt-22054,2,3,rbbdXVIGnVk
yt-22055,0,1,qUwaIayRIqg
yt-22056,1,2,dovEgXIFr6c
yt-22057,1,2,FF1CIL_9eEs
yt-22059,0,1,HTihlxMzUDI
yt-22060,1,2,B5yFBe8iF5s
yt-22061,1,2,QOrcsyzYTC0
yt-22062,0,1,4UX3VKx6V9A
yt-22063,2,3,OhrX7At2UAs
yt-22064,0,1,ZwP_Yz9q5jw
yt-22065,1,2,oCsrlIDzeYI
yt-22066,2,3,IZoaCc585LI
yt-22067,0,1,FupdJSoFPeI
yt-22068,0,1,cRXumus1Ewk
yt-22069,1,2,F9MctqJgJVk
yt-22070,2,3,bBIduwa6jR4
yt-22071,1,2,9coKy-Eyx8g
yt-22072,2,3,QpIbaDqvjE0
yt-22073,0,1,aO7D8vwY_u8
yt-22074,2,3,ICLWKeTEPcU
yt-22075,2,3,OtE4fdf3QmQ
yt-22076,0,1,DEHFNPjj08Q
yt-22077,0,1,R-csGsWOlyI
yt-22078,0,1,UO-Y4VfXy1Y
yt-22079,2,3,m0_SMiOecko
yt-22080,0,1,aCtnXWxmgng
yt-22081,0,1,hcBvTJhV7MU
yt-22082,2,3,PZ7MmCGR8Ak
yt-22083,1,2,FLdLJm5y3ZQ
yt-22084,2,3,ZKnofnbfQYE
yt-22086,2,3,4ac-iyAsDbk
yt-22088,2,3,BhDzgZmnYOA
yt-22089,1,2,BmRGypRvMKQ
yt-22090,1,2,LT55cjmCvEM
yt-22091,0,1,X0sHVkIaBjo
yt-22092,2,3,Ia4RNWhq9K0
yt-22093,0,1,Y9cfgZ6ult8
yt-22094,1,2,RP6Key8CWhM
yt-22095,0,1,uS_VHgsW1v4
yt-22096,2,4,xwVlyRlmiQg
yt-22097,2,3,kXsz-r_p_Ok
yt-22098,1,2,yoD6NIPfS_8
yt-22099,2,4,Rlnem0n9J0k
yt-22100,0,1,zdYE3GdkmA0
yt-22101,2,3,A2NIjD-Xq38
yt-22102,0,1,novideo-22102
yt-22103,2,3,upFsMCBvxNQ
yt-22105,0,1,rb6xDZ6OGSQ
yt-22108,0,0,1YZ5yFrk090
yt-22109,0,1,BT9D1phDhjQ
yt-22110,2,3,m0_SMiOecko
yt-22112,1,2,OC0Rd7Mh2S0
yt-22113,0,1,miyR7b0h7Eo
yt-22114,0,1,enVAxAV_Sg4
yt-22115,2,3,heu9I49HjjY
yt-22116,2,3,QMw8qHS-uic
yt-22117,0,0,J4_YAesJBgA
yt-22120,1,2,mraw40532V8
yt-22121,1,2,hglZvkBaQ2g
yt-22122,0,1,DmEwUihbsDM
yt-22123,1,2,xsdf8br31Bs
yt-22126,2,3,m0_SMiOecko
yt-22127,0,1,5Zt-bUk5Pfk
yt-22129,0,1,zwHzaQYxu84
yt-22130,2,3,m0_SMiOecko
yt-22131,1,2,uK-MGDE2dE4
yt-22132,2,3,pkseu5q2vnU
yt-22135,2,3,aUMhQauUd-c
yt-22136,2,3,5i_X2SFHqDY
yt-22138,2,3,myvGBPHW4-E
yt-22139,2,4,_QDX1gi3AAw
yt-22140,2,3,8PjZLkD7H6I
yt-22142,2,3,mZhm1zQ_RQg
yt-22143,2,4,EY34hxvOWlE
yt-22146,1,2,q-0pe5Eh20k
yt-22147,1,2,DGMZp0Q57q8
yt-22148,2,3,lXvo5vZ4jH8
yt-22149,0,1,H0bKUYV7g44
yt-22150,2,3,novideo-22150
yt-22151,0,1,DN8Y5hq8qro
yt-22153,0,1,npu1sASOflU
yt-22154,0,1,9ADb6s-Ezvc
yt-22155,2,3,tm3SnDw9xqI
yt-22156,0,1,ZsMTiYXeH0o
yt-22157,0,1,9FMxPk9gzQE
yt-22158,2,3,JeFaQd2fq-8
yt-22159,0,1,xYFR5YJ5gv0
yt-22160,2,3,9c7_WmYzXKY
yt-22162,0,0,YSyBk_v-JJs
yt-22164,1,2,1y2IvCXZhts
yt-22165,2,3,UCJPIZrDmgk
yt-22166,2,3,novideo-22166
yt-22167,1,2,ovqEPByBoF4
yt-22168,2,3,-ged3TsXlU8
yt-22169,0,1,H5WZyDQmS40
yt-22170,2,3,qAOpkXErt5M
yt-22172,2,3,novideo-22172
yt-22173,1,2,sXtqM0eNuWU
yt-22174,1,2,qAoMIMeh7ns
yt-22175,0,1,P8r3_ZCukg0
yt-22176,0,1,3LQSbZt4V3A
yt-22177,2,3,dN2YtmNIJUM
yt-22179,1,2,rb6xDZ6OGSQ
yt-22180,2,3,H28T9nN1pW8
yt-22182,2,3,77uCzqCXMzo
yt-22183,2,3,m0_SMiOecko
yt-22184,2,4,LKLuI2IW79I
yt-22185,1,2,jdER8H4fsyg
yt-22187,2,3,no5U-HncuHU
yt-22188,1,2,2wkLV1UvNyk
yt-22190,0,1,-c39jDfC2W8
yt-22193,2,3,jClfbqmOg8k
yt-22194,2,3,afIobcaBrY4
yt-22195,2,4,VkuFXSGqxe8
yt-22196,0,1,eZw_irtcyiE
yt-22197,2,3,Fpo_OmFwiBA
yt-22198,0,0,he5KrEXE12g
yt-22199,0,1,9ADb6s-Ezvc
yt-22200,2,3,d9zOE9hZTQs
yt-22202,2,3,pXdKUWlLH0g
yt-22203,0,0,UNzmQtYQqb0
yt-22204,0,1,noWrHYVxkaU
yt-22205,2,3,MbPkYJB90q0
yt-22206,1,2,lXvo5vZ4jH8
yt-22207,2,3,sepI2oMcbsM
yt-22208,0,1,ombpleaOWyg
yt-22210,0,1,UdKKpt_DmxY
yt-22212,1,2,0DhcEIBaZHA
yt-22213,2,3,7FXVFkHBNd8
yt-22214,0,1,MTXSKSDO50M
yt-22215,0,0,Y69M0ze-3as
yt-22217,2,3,aWhUmTwnQqA
yt-22218,0,1,O3cfp3XGYY4
yt-22219,1,2,VZSFaT_mkLM
yt-22220,1,2,My1CKWZzCew
yt-22221,1,2,t6BQPZTO6jQ
yt-22222,1,2,TeYFrJ8x-Xs
yt-22223,0,1,sIpop6Hg810
yt-22224,1,2,AxaIZ36B4C4
yt-22225,0,1,8eS4xNtf07k
yt-22226,0,1,oKieT1EnPpw
yt-22227,1,2,q11oZixMRY8
yt-22228,1,2,87YSAS3LJlw
yt-22229,2,3,1XRVcZ3IePo
yt-22230,2,4,CVt3UBCUirg
yt-22231,1,2,EsOgyP7ZuV4
yt-22233,0,1,M61ww_tthbc
yt-22234,0,1,_11226v0kjk
yt-22235,1,2,9XM_T3Z27rA
yt-22237,1,2,novideo-22237
yt-22238,2,4,goG7eF5wm-Q
yt-22240,0,1,tPWDIxvvK48
yt-22241,2,3,jk3ppAAaT6s
yt-22242,0,1,uJRq7aISZdo
yt-22244,0,1,3w88Py8mQys
yt-22245,0,1,Qg0TuMAycBU
yt-22246,0,1,Opu9JsigOQc
yt-22247,2,3,xbwQhMvvJ6s
yt-22248,0,1,9bd64aBJs08
yt-22249,2,3,cGzF9PnZmbw
yt-22252,2,3,WHmlGgNUZ_E
yt-22256,0,1,9RuhptF34ig
yt-22259,1,2,DWhIP1sPP88
yt-22260,2,4,wJbhkoOCFy4
yt-22261,2,3,TQkQhTb6KoE
yt-22262,2,3,d87McwKQzk4
yt-22263,0,1,aN962fydUQ0
yt-22265,0,1,TPQnk10dGuw
yt-22266,2,3,WLpzIsjsNUo
yt-22267,0,1,FuZVA3s7b1c
yt-22268,2,3,umoINFVUxUk
yt-22270,2,3,IHjCD-q6bMw
yt-22271,2,3,mZhm1zQ_RQg
yt-22272,2,3,jO6wyIVeVmM
yt-22275,2,4,qO-y0PrwiHc
yt-22276,2,3,jOFElUa3gWo
yt-22277,2,3,cD1ewmnSKoQ
yt-22278,0,1,K2GRx01R8N4
yt-22280,0,1,DC05VUtSHmA
yt-22281,0,1,fDNJv2YIEdc
yt-22282,0,1,_DYGMk88IaA
yt-22283,0,1,RnbfCrH8mgs
yt-22284,0,1,tw239OvPD2I
yt-22285,1,2,qKahoohkUpM
yt-22286,1,2,PMpmRb07Foc
yt-22287,2,3,QokMrwVKzZY
yt-22288,0,1,novideo-22288
yt-22289,2,3,s0nuKKa7Lv0
yt-22290,0,1,aY9kHHHITIw
yt-22291,2,3,NUXEQaYRLwA
yt-22293,2,4,8qWFCf7Ab7Y
yt-22294,1,2,pphIQIqfw88
yt-22295,0,1,JZoMFCeO5Vw
yt-22296,0,1,axE8bF_lemQ
yt-22301,2,3,qa4dR5F9TZU
yt-22302,2,3,zTOMEmtYNEY
yt-22303,0,0,2Dv0IBFwmn4
yt-22304,2,3,tw0yv1hQ33o
yt-22305,2,3,DC05VUtSHmA
yt-22307,1,2,XSR_RHsn70E
yt-22309,2,3,Plg9P8sBAYE
yt-22310,1,2,yshJrqjFPyM
yt-22311,2,3,IJ9vVLJA0Zw
yt-22313,2,3,oyEohr0_wV8
yt-22314,1,2,8W6YN6k7WBk
yt-22315,1,2,k2BZWzTuKeM
yt-22316,1,2,gdZbz7hYh_I
yt-22317,2,4,JqEoOucZhDk
yt-22318,0,1,uJRq7aISZdo
yt-22320,0,1,QLtUbCVk9lY
yt-22321,0,1,76zHukv5Tro
yt-22322,0,1,cxqK7uAsbVk
yt-22325,0,1,RQWL1m55C58
yt-22327,0,0,_vQc3-omWds
yt-22328,1,2,CCdRLdqaO4I
yt-22330,2,3,uCzrjQVChyE
yt-22331,0,1,-WTqfVsiShA
yt-22332,0,1,p0y5M_yN8oA
yt-22333,0,1,DOGjXcIHMrM
yt-22334,0,1,O_FdhHNNmeM
yt-22337,1,2,yHIAzhMYE-k
yt-22338,2,3,0IUPr4zLkAY
yt-22340,2,3,3D6EmaSogzc
yt-22341,2,3,AZgT7vQdNlg
yt-22342,0,1,AMx3TJHI8eo
yt-22345,2,3,yL76f9B0VEY
yt-22346,0,1,IufTpRTKM7M
yt-22347,2,3,kSFDu7qonAg
yt-22348,2,4,1VTLzDSRNCE
yt-22350,0,1,xYFR5YJ5gv0
yt-22351,0,1,6wfB6uAy6A4
yt-22352,2,3,nK9CbpEhY-g
yt-22353,0,1,NBhSwiU5DW0
yt-22354,2,3,TmrJHEtur4Y
yt-22357,1,2,OTZFm5PQrrs
yt-22358,0,1,eOzZWv8hBr8
yt-22359,1,2,9ZyiZ97MNvc
yt-22361,2,3,m0_SMiOecko
yt-22362,1,2,7O8YxutDTzM
yt-22363,2,3,nEY7rdDT2nk
yt-22364,2,3,pXu9urbN6eA
yt-22365,0,1,5m1b0MguLNQ
yt-22367,0,1,bVftMFsmCBg
yt-22368,1,2,CFTyyxTabmE
yt-22370,1,2,b3QBfxONl3g
yt-22371,0,1,Ae_sdJQ-7sA
yt-22372,0,1,cp_5nkdxMuo
yt-22373,0,1,Wsybj-jrLIk
yt-22374,0,1,Tjxwc8YDXO4
yt-22375,1,2,Ku1VllsV2yg
yt-22376,0,1,y2tkxhVww4M
yt-22377,2,3,tNQaP0-MXmc
yt-22378,1,2,UvKk4-jpv0Y
yt-22379,0,1,BeviUUIVxmE
yt-22380,0,1,i5Kybh7ZtEs
yt-22381,2,3,245tJt9MIgU
yt-22382,0,1,ycOWu_WDDEg
yt-22384,0,1,EHRDz3U8jHQ
yt-22386,2,3,5MFMC7A56cs
yt-22387,0,1,unB18Si-rwg
yt-22388,2,3,dX7qmhhwT20
yt-22389,2,3,WPLfGtVBqSQ
yt-22390,1,2,JA2Nfbe41hY
yt-22392,0,1,fzQSr9zTB4U
yt-22393,2,4,hIyUCqJqGqI
yt-22394,2,3,nZA8mmrTOYo
yt-22395,2,3,fgggbL_ag8I
yt-22396,1,2,6LKq_oX0aYY
yt-22398,0,1,OWh2jtr30j8
yt-22401,2,3,dPPgumaP92M
yt-22402,2,3,Abq4vNaZH-w
yt-22403,1,2,8ochocxoUmc
yt-22406,1,2,m0_SMiOecko
yt-22407,2,3,Uk0B3EKJZj0
yt-22408,0,1,4fow5lC2lHE
yt-22410,2,3,ViZ_MpOdfq0
yt-22411,1,2,TM1VmKAh1HU
yt-22412,0,1,11NF0g1-QaU
yt-22413,2,4,MCRlYg2l4Jg
yt-22414,1,2,AakZ1GefwxI
yt-22415,2,3,9fahTyWlf64
yt-22416,1,2,iy1F0N1-EeA
yt-22417,2,4,QCSR6ETBoXA
yt-22419,0,1,mXA6ij3CWZs
yt-22420,1,2,rmA2BCEq-Gc
yt-22422,0,1,H5GugjMxU-w
yt-22423,2,4,tuqPFKF5NJo
yt-22424,2,3,KExJ6oyPtTw
yt-22425,0,1,4UyfK_NgGUg
yt-22426,0,1,6TLvvR20z-M
yt-22427,2,3,mamqI405FPg
yt-22429,0,1,qpGHlrNOrRU
yt-22430,0,1,xxmRMBtquOg
yt-22431,0,0,xF6fXIv54Q8
yt-22433,0,1,rcHJ9QJkpuI
yt-22434,1,2,CWgX1XGKDpk
yt-22435,1,2,rSlpeFsOsds
yt-22436,2,3,DC05VUtSHmA
yt-22438,2,4,c4rTmJO-LWo
yt-22439,2,4,votMLdtgTLY
yt-22441,2,3,852q17z1D-A
yt-22442,0,1,P051rbLjttY
yt-22444,2,3,jk_lf4f3grs
yt-22446,2,3,C41NWw9WtX0
yt-22447,0,1,YurHTzNPwRY
yt-22448,2,4,fwYZBXBlmsM
yt-22450,0,1,Y_CnG5F3vfA
yt-22451,2,3,_wUW1tKmVZA
yt-22453,1,2,OVlJczrBw0k
yt-22454,1,2,ilsSBu6D5mQ
yt-22455,2,3,1aMdZeXOBIU
yt-22456,0,1,ssXmk2twDiE
yt-22457,1,2,C3z79NQUX28
yt-22458,0,1,LGEUmX6SWSg
yt-22459,2,3,QuykpW1qpc8
yt-22460,0,1,GJ7N9k7PvJM
yt-22461,1,2,uCPkx7vX6ek
yt-22462,0,1,wyGhOyZs5us
yt-22464,1,2,d9zOE9hZTQs
yt-22465,0,1,IcEUtxoz7YI
yt-22466,2,3,a2R29Br5rpk
yt-22467,0,1,novideo-22467
yt-22469,1,2,W0QhNV_inds
yt-22470,2,3,Tnw86705kOM
yt-22471,2,3,m0_SMiOecko
yt-22472,0,1,pxNYd-XxSWY
yt-22473,1,2,o7V2dbhZO4I
yt-22474,1,2,j-SnN52MELc
yt-22476,1,2,xk5jUWlygLc
yt-22477,2,3,J5e-YUg0qYg
yt-22478,0,1,V1xrTDHu4KY
yt-22479,2,4,rSlpeFsOsds
yt-22480,2,3,ueBx19_YN14
yt-22482,2,4,bBIduwa6jR4
yt-22483,2,3,-G_CjdQZgf0
yt-22484,2,3,RnEiqCtr7Jc
yt-22485,2,3,1VTLzDSRNCE
yt-22486,1,2,OLHNtZxyX5s
yt-22488,1,2,hIyUCqJqGqI
yt-22490,2,3,lcLhi-TSHRY
yt-22491,2,4,_jvlVlpK-Dk
yt-22492,1,2,TfgdwInk4l4
yt-22494,2,3,lswNS8NPKt4
yt-22496,1,2,m0_SMiOecko
yt-22499,0,1,N8RECTk1ZqI
yt-22500,0,1,fp3YpxUKQ5U
yt-22501,0,1,LM2w4-p0JX4
yt-22504,0,1,bc66dYfdx2o
yt-22505,0,1,Zu90jlvKgYo
yt-22506,1,2,HxKLQVUU-rg
yt-22507,2,3,tENdVriyYD0
yt-22508,2,3,rSlpeFsOsds
yt-22509,0,1,58frGISFQUE
yt-22511,1,2,6-hnCvWos6M
yt-22512,0,1,If-8xEShseU
yt-22513,1,2,_F1KF6cAYeM
yt-22514,2,3,m0_SMiOecko
yt-22515,2,3,FqfaM7yKapo
yt-22516,0,1,5yrJD3OqzYM
yt-22517,2,3,sRFUAJAJ78M
yt-22518,2,3,n8KIGEzeaLw
yt-22519,0,1,_vQc3-omWds
yt-22520,1,2,j84zsPtsDnU
yt-22521,0,1,H5WZyDQmS40
yt-22522,0,1,ERUZo-m4V2U
yt-22527,1,2,byfd3lZHehE
yt-22528,2,3,_OUuECyAgD4
yt-22529,2,3,YVd5ck3hTc4
yt-22530,1,2,wHJS9fKOdVY
yt-22531,2,3,lCQkRj9IoPs
yt-22532,0,1,1veitumiKwc
yt-22533,2,3,PD1FAHUt68o
yt-22534,0,1,sn9O03NgeTs
yt-22536,2,4,xivu81EIMds
yt-22538,1,2,EaG2sOJXetQ
yt-22539,1,2,Fw4nZayuZmQ
yt-22540,0,0,_Kvvp529hQY
yt-22542,1,2,5_q5pFKRzTk
yt-22543,2,3,mroCUfVoX24
yt-22544,2,3,eFQ1CSw8TiY
yt-22545,0,0,qpGHlrNOrRU
yt-22546,1,2,ampVLMUjMWI
yt-22547,1,2,X_PAY1WOfFU
yt-22548,1,2,b2dW41IE1LY
yt-22550,0,1,qyA9O6ykNHM
yt-22551,2,3,wWq__Nm4gCg
yt-22552,2,3,Pe0SmG6Rzj0
yt-22554,2,3,XY9GhLNm37g
yt-22555,1,2,noWrHYVxkaU
yt-22556,1,2,pRerRF3DE_w
yt-22557,2,3,dYBUHBF-yLo
yt-22559,2,3,xnHwkS95sWs
yt-22560,1,2,87YSAS3LJlw
yt-22561,0,1,SPfoGr2LhTQ
yt-22563,2,4,p0_KZrRMySM
yt-22564,0,1,WAGN6X9jaBw
yt-22566,0,0,M64inCtMxA8
yt-22567,2,3,aUgYVg3wLNI
yt-22568,1,2,EDH5TMcB4Ec
yt-22569,0,1,J_bi9jZ6N9o
yt-22571,0,0,mHg4Wat0bdc
yt-22572,1,2,EievWzNG42E
yt-22573,2,3,UOa33kjCmXs
yt-22574,1,2,0tQkK6CUM8I
yt-22575,0,1,CWgX1XGKDpk
yt-22576,1,2,_vQc3-omWds
yt-22577,0,1,fDNJv2YIEdc
yt-22578,0,1,WrqzM6WEZ7s
yt-22579,0,1,0NjppfLG1zs
yt-22581,1,2,GceG3HakyFo
yt-22582,2,3,VkuFXSGqxe8
yt-22583,0,0,vpoVEhc2Xgk
yt-22584,2,3,Z9k5dWX3Vlc
yt-22585,2,3,DSbgJUhUn2I
yt-22586,2,3,iBMRSv8ZNTE
yt-22587,0,1,TLkd509bRCQ
yt-22588,0,1,THe-q_7bl4M
yt-22589,2,3,HgqqkgWFnmM
yt-22590,2,3,EA-pVOEVzoI
yt-22592,1,2,SGX6aguU5QM
yt-22593,2,3,StEbUmobvwo
yt-22594,1,2,nMZ0lUs7y6U
yt-22595,2,3,6CDVijRO7QI
yt-22596,0,1,mdyEvpIb8a0
yt-22597,2,4,UX9OD8BqgFo
yt-22598,2,3,RMtMThc8n1w
yt-22599,2,3,IeSXMofYCbk
yt-22600,2,3,zTOMEmtYNEY
yt-22601,1,2,m0_SMiOecko
yt-22602,1,2,WdSkD7w2jSg
yt-22603,2,3,VkuFXSGqxe8
yt-22604,2,3,OuhSkIVzsmY
yt-22605,0,1,Y75S3K2qeo0
yt-22607,0,1,pRerRF3DE_w
yt-22608,1,2,j_KufzDiE6s
yt-22609,1,2,tENdVriyYD0
yt-22612,2,3,IfEQvQya5E0
yt-22613,0,1,gUuaONG8nGE
yt-22614,2,3,UBAY26elr-w
yt-22615,0,1,Abq4vNaZH-w
yt-22616,2,4,CZYks3pUD6A
yt-22618,2,3,mCcBif83Rw0
yt-22619,2,3,J9e-b-mek9A
yt-22620,0,1,gEU-icnR8xE
yt-22621,1,2,DC05VUtSHmA
yt-22622,0,1,linvXAI_qnM
yt-22623,0,1,IbNMuIDeHAM
yt-22624,2,3,c0mWoXlglyU
yt-22625,0,1,0rsgMpwMRrY
yt-22626,1,2,FIJwkne06Ks
yt-22627,2,3,m0_SMiOecko
yt-22628,0,0,5UO4wQC7fDQ
yt-22629,2,3,hEOpSXxiSyY
yt-22630,2,3,DmEwUihbsDM
yt-22631,0,1,_jvlVlpK-Dk
yt-22632,0,0,1fetkayHhn0
yt-22635,1,2,4oMn3-EJ7MA
yt-22636,0,1,GaTfGKoQOdE
yt-22637,2,3,roB6y6pEUoU
yt-22638,1,2,6gTVfZrPT6Q
yt-22639,0,0,DK-L1hS6Iy4
yt-22640,2,3,TXDff6oLYoY
yt-22641,0,1,0JrwiWATqhg
yt-22643,0,0,b33FyBQjyuw
yt-22644,0,1,novideo-22644
yt-22645,2,4,DC05VUtSHmA
yt-22646,2,3,QNxQ9tt5CGo
yt-22647,0,0,fx3WrCnA4-E
yt-22648,1,2,FXYiAYSIJac
yt-22649,2,3,DG1Wx_AMIhk
yt-22651,2,3,1acubdOzQ_o
yt-22653,2,3,novideo-22653
yt-22654,2,3,6MIpO-cImEI
yt-22655,0,1,UWZa9JjNcMI
yt-22656,0,1,7a9rn4S5Yb8
yt-22657,2,3,mrQC1FXt_N0
yt-22658,2,3,NUXEQaYRLwA
yt-22659,2,3,nfn44RWKWEQ
yt-22661,1,2,aC4z15yg4mQ
yt-22662,2,4,YoD3GqU9HJQ
yt-22663,1,2,9bd64aBJs08
yt-22665,2,3,pTxU6pPJXkU
yt-22666,0,1,vDe4czvr2MI
yt-22667,1,2,lZJ5okn5ayI
yt-22668,0,1,Ep6Hm0H0F7s
yt-22669,0,1,QmfvaL9RgkE
yt-22671,0,1,1dUj6AUvM0g
yt-22672,2,3,w_l0c65LRyk
yt-22673,2,3,IyoZBHfRydM
yt-22675,2,4,rAiWs3FCLiI
yt-22676,0,1,y9gjqRAn4S8
yt-22677,2,4,m0_SMiOecko
yt-22678,0,1,0IoioOain7c
yt-22680,0,1,U9SA10ZnA6Y
yt-22681,0,1,dFb-OlXqwv0
yt-22682,2,3,SyL--B-jKmk
yt-22684,0,1,novideo-22684
yt-22685,1,2,CVt3UBCUirg
yt-22686,2,3,6qkoLTMYu-k
yt-22687,1,2,OVlJczrBw0k
yt-22689,2,3,m0_SMiOecko
yt-22692,0,1,GIcjXk4ie2w
yt-22694,2,3,6dB3eZcHg5A
yt-22695,2,3,YFM8Axmv-jc
yt-22696,2,4,CFTyyxTabmE
yt-22697,2,3,Ku1VllsV2yg
yt-22698,1,2,J9e-b-mek9A
yt-22699,2,3,ZZ5oqJMmJQM
yt-22700,2,3,yIpwnybFGzg
yt-22701,1,2,J9e-b-mek9A
yt-22702,1,2,KAwu-qCXLDM
yt-22703,1,2,2zGOv0BgsMA
yt-22704,1,2,lZUv2RoazCg
yt-22705,0,1,76zHukv5Tro
yt-22706,2,3,GsvsGEcsklY
yt-22707,2,3,hmp4ZVhgm8o
yt-22708,0,1,x6QDSYgZUqk
yt-22710,2,3,pjbnL3s4RKU
yt-22711,1,2,ar_SIWMZakk
yt-22712,2,3,JKzxzFlg0F4
yt-22713,0,1,VFjIX9M0eag
yt-22714,0,1,RcfL3oNSmNE
yt-22715,1,2,dX7qmhhwT20
yt-22716,1,2,m1wlHkEnnAU
yt-22717,0,1,unB18Si-rwg
yt-22718,2,3,JH5qHfBPZcE
yt-22719,2,3,WmY8zspxcTE
yt-22720,0,1,gSiKulYq6Mw
yt-22721,0,1,ge6w_dEJL8w
yt-22723,2,3,73880rs8aNw
yt-22725,2,3,3-RDBxuBJgo
yt-22726,2,3,RN0zNNH89h8
yt-22727,0,1,_AVxGbtBQM4
yt-22728,2,3,NUXEQaYRLwA
yt-22729,0,1,GnJFUxDaMz4
yt-22731,0,1,S26GpyFefDA
yt-22732,0,1,PEGrRtsehHQ
yt-22733,0,1,TATnECsyKSI
yt-22734,2,3,KvEzctr8B_c
yt-22735,1,2,whxGkuoVBJQ
yt-22736,1,2,Njyhw_Nfkgk
yt-22737,0,1,8ochocxoUmc
yt-22738,2,3,TOdmO5CeDsE
yt-22739,1,2,hm6QOQiB-l4
yt-22740,0,1,qh85fT3ARe8
yt-22741,0,1,07elfppOTmY
yt-22744,1,2,H0bKUYV7g44
yt-22745,1,2,k9TtUR_tj3g
yt-22746,0,1,cwWdJQyxK_o
yt-22747,0,1,If4Z6vvxkNo
yt-22748,1,2,BbFgkWTIUvM
yt-22749,0,1,Ijl_QGtUxTk
yt-22750,2,3,Y-6dOXDBflA
yt-22751,0,1,LX8uxJOhhnE
yt-22753,2,3,jNz57DyXmHs
yt-22755,0,1,L8s4OkGHZ_g
yt-22757,2,3,j97Tn5H0FAc
yt-22758,2,3,5xs2VuRy4bw
yt-22759,2,3,RFMEfhqfPas
yt-22762,2,3,BFuz4UsYRVo
yt-22764,0,1,NpSAv-NLIok
yt-22765,0,1,novideo-22765
yt-22766,0,1,rysufXzqcIs
yt-22767,2,3,xk5jUWlygLc
yt-22768,1,2,Bp3yeibMgQ4
yt-22769,2,3,eomYHZ7jwYw
yt-22770,2,3,sYcgRT4n_FQ
yt-22771,0,1,_kvdcBWLW_I
yt-22772,1,2,IwDoNLKJ-jE
yt-22774,2,3,5-dRwmUGcRk
yt-22775,1,2,75rjPTsmahk
yt-22776,2,3,D-WhXYgdm40
yt-22777,1,2,LxR8TNK5wLA
yt-22778,2,3,0Y2mwEJ26N0
yt-22779,1,2,Eifv1zrQF3A
yt-22780,1,2,-6zy7UiVjaw
yt-22781,1,2,novideo-22781
yt-22782,2,3,8UH6G1LnXR8
yt-22783,1,2,NboWrLZ2-HI
yt-22784,2,3,uu2zRlPidNk
yt-22785,1,2,7pdagiR3I6g
yt-22787,2,3,GHzaMI--BC8
yt-22789,0,1,WX9wLg_RqPY
yt-22790,1,2,q11oZixMRY8
yt-22791,0,1,_ezXvdgV0hY
yt-22792,0,1,xYFR5YJ5gv0
yt-22793,2,3,owFWmMIqP4A
yt-22794,2,3,rt3Hdy8WTA4
yt-22795,2,3,yTnHjR_HyMA
yt-22796,0,1,HtqyzjEuwlE
yt-22798,2,4,baF_fW59odg
yt-22801,2,3,l8xUFhkVwIM
yt-22803,1,2,uRbjPF-1Udo
yt-22805,2,3,bXxd3Z7GQE0
yt-22806,1,2,SOWsUZozSuQ
yt-22807,0,1,fZAgIUH2DMs
yt-22810,2,3,m0_SMiOecko
yt-22811,2,3,ecP7pOzPfRg
yt-22812,2,3,KHclGBt8L6Q
yt-22813,2,3,q11oZixMRY8
yt-22814,2,3,DN8Y5hq8qro
yt-22815,0,1,IbaaKV-lvt8
yt-22816,0,1,cC6JmVBrhSw
yt-22817,2,3,V-nZDGMn4tA
yt-22818,1,2,auv0_8Gofd4
yt-22819,2,4,53LyRClbD40
yt-22820,1,2,hof4KDEExCk
yt-22821,0,1,novideo-22821
yt-22823,2,3,putg0H-9a54
yt-22824,0,1,iPRnGn4-6K0
yt-22825,1,2,P-_XPKeK4fs
yt-22826,2,3,C3z79NQUX28
yt-22827,0,0,GzunX8tsTac
yt-22829,1,2,7bRoiuc27w8
yt-22831,2,3,p8svUkNcN-E
yt-22832,2,3,smIWKisHbUY
yt-22833,2,3,gMkZJwg9ICU
yt-22834,2,3,m0_SMiOecko
yt-22835,2,3,c0iP96eKztY
yt-22836,2,3,Q8rVABwCPps
yt-22837,0,1,rK9kWL-AapM
yt-22838,0,1,RwyP5iuao0c
yt-22839,2,3,Hg2S_aE2kJs
yt-22840,2,3,yoD6NIPfS_8
yt-22841,0,1,0jXvt4qBoDw
yt-22842,2,3,VFuA_A53Nwo
yt-22844,2,3,yL76f9B0VEY
yt-22845,2,3,wO0gyA3wr0U
yt-22846,1,2,QT7BeR6TqXg
yt-22847,2,3,iBMRSv8ZNTE
yt-22848,1,2,YojVgKa-GSk
yt-22849,1,2,P9_OJEvDy60
yt-22850,0,0,_Ye-akTTRzc
yt-22851,1,2,v_igYR2JtXU
yt-22852,2,3,smswglTiOGQ
yt-22853,0,1,JKcPOfjjbKU
yt-22854,2,3,VkuFXSGqxe8
yt-22855,2,3,m0_SMiOecko
yt-22856,0,1,pFzErSz4Aq8
yt-22857,1,2,yXX3GsGc8Rw
yt-22858,2,3,KeLtaHQCM6A
yt-22860,0,1,AU8mTlRdr3A
yt-22862,1,2,DC05VUtSHmA
yt-22863,1,2,2xXhXan72Gs
yt-22864,2,3,NUXEQaYRLwA
yt-22865,0,1,PXoCDdnDlCw
yt-22866,0,1,HSnKRW7ffcY
yt-22867,0,1,NWYSsAv7Qxo
yt-22868,0,1,ZZ5oqJMmJQM
yt-22869,2,3,mSAWbrM7fYk
yt-22870,1,2,E8zcHOl5Yuc
yt-22873,2,3,m0_SMiOecko
yt-22874,0,1,VeNi4CZGotM
yt-22875,2,3,HtqyzjEuwlE
yt-22877,0,1,RnEiqCtr7Jc
yt-22879,0,1,e1Uqw-tE6nU
yt-22880,2,3,GgOOdZ-h1U0
yt-22882,0,1,sRFUAJAJ78M
yt-22885,2,4,WfshEpeYqSo
yt-22886,0,1,teOogaNfvIU
yt-22887,1,2,EA-pVOEVzoI
yt-22888,2,3,zyaJLd5qjyY
yt-22889,0,1,mitSurcP298
yt-22890,2,3,hcxuw7E2qX8
yt-22892,2,3,m0_SMiOecko
yt-22893,2,3,Ep61tpBLF_k
yt-22894,2,3,novideo-22894
yt-22895,0,1,tJ-4if1_2fg
yt-22896,0,1,3SSh-E4zWA0
yt-22900,2,3,a2R29Br5rpk
yt-22901,1,2,kUV0BgRzdcA
yt-22902,2,3,DDtyKUaeYhc
yt-22903,0,1,BFuz4UsYRVo
yt-22904,0,1,QokMrwVKzZY
yt-22906,0,1,GceG3HakyFo
yt-22907,0,0,yWUiSwZuv9g
yt-22908,1,2,_gJhtfneVrg
yt-22909,1,2,-k2e_2zhrcU
yt-22910,0,1,b845mDdsHLE
yt-22911,1,2,NboWrLZ2-HI
yt-22912,2,3,b_x9tMcie0g
yt-22913,2,3,TM1VmKAh1HU
yt-22915,2,3,y3FWQuK8ftw
yt-22917,0,0,DN8Y5hq8qro
yt-22918,2,3,XWUm6rZr1nI
yt-22920,0,1,POu_1X62aJw
yt-22921,2,3,ZsZZaId9tiI
yt-22922,0,0,k-_pA5XgHI8
yt-22923,2,3,sBcv58DvnTc
yt-22924,2,4,m0_SMiOecko
yt-22925,0,1,IM-h36KAGjk
yt-22927,2,4,dYBUHBF-yLo
yt-22928,2,3,1PNeS3aXJ8o
yt-22929,0,0,9ADb6s-Ezvc
yt-22930,0,0,mvBIWbowH-o
yt-22932,1,2,yO31zdoFQ7U
yt-22933,0,1,K8QtAVB4aY0
yt-22934,2,4,vn2e5NxsfEM
yt-22936,2,3,5BNwGO6zySI
yt-22937,0,1,PxEP4kaCtTc
yt-22938,0,1,L2om4-YEh_A
yt-22939,0,1,_-sXeX9ntsM
yt-22941,2,3,o-klRa1czi4
yt-22942,0,1,R88bnvHA2a8
yt-22943,2,3,MJJYgZFTjso
yt-22944,0,1,AxaIZ36B4C4
yt-22945,2,4,H6_W36DpGM0
yt-22946,2,3,miyR7b0h7Eo
yt-22947,2,3,qUYXLiYjMxQ
yt-22948,2,4,m0_SMiOecko
yt-22949,0,1,2MoVwEn3Z74
yt-22951,0,1,uEUYUE2_-qw
yt-22952,2,3,UBAY26elr-w
yt-22953,2,3,m_-uP7Axf94
yt-22954,1,2,z2wHLqQdoTw
yt-22955,0,1,MVwMQIdEEls
yt-22956,1,2,ImF5JPp-hFs
yt-22959,1,2,QNxQ9tt5CGo
yt-22960,1,2,pXdKUWlLH0g
yt-22961,2,3,JGDdMxxSEiw
yt-22963,2,3,w1cfRTk-DQ0
yt-22965,1,2,RvsPgNnP8YI
yt-22966,2,3,_tJ92azcWyI
yt-22967,0,1,AmKAk1yNA1E
yt-22968,0,1,eUjz2ER_4-w
yt-22969,0,1,WvCKbDxymqo
yt-22970,0,1,1PNWFxBcRzg
yt-22972,0,0,pCabfVMypvU
yt-22973,1,2,Cosu9w5Jg6s
yt-22974,2,3,lBVRhz9dTzo
yt-22975,0,1,TkvjDcrWvgI
yt-22976,2,3,vI1P16MO6IM
yt-22977,2,3,zS8XbFF9IXY
yt-22978,2,3,Al1j8NDAjZk
yt-22979,2,3,m0_SMiOecko
yt-22980,0,1,novideo-22980
yt-22981,2,3,RP6Key8CWhM
yt-22982,2,4,O_-e5eN1ZtY
yt-22989,0,1,SokbHyqSxDU
yt-22990,0,1,M0CK91nhS-0
yt-22991,2,3,a2R29Br5rpk
yt-22992,1,2,9Pb78_JD7bQ
yt-22993,2,3,aUmRiEhOjBE
yt-22994,0,1,1VTLzDSRNCE
yt-22996,0,1,yshJrqjFPyM
yt-22998,2,3,iM67BWrGY0Q
yt-22999,2,3,Iykno64pNHI
yt-23000,1,2,HUTbAtHEVMk
yt-23003,2,3,yypLKij21-Y
yt-23004,2,4,8UH6G1LnXR8
yt-23005,0,1,lNxpRA-0mpQ
yt-23006,2,3,mZhm1zQ_RQg
yt-23007,0,1,pzEOJlyyUBQ
yt-23009,0,1,QSAZYenZnjs
yt-23010,0,1,7rnMarOyziE
yt-23011,0,1,Am2cxRMHNJY
yt-23012,0,1,fzQSr9zTB4U
yt-23013,1,2,novideo-23013
yt-23014,1,2,grjkynz4saE
yt-23015,1,2,mD_D1JArYZE
yt-23016,0,1,Rmhs-z1ktfk
yt-23017,1,2,SehPGgmabxs
yt-23018,0,1,xX7fCDt8KOY
yt-23020,2,3,gh_Yqe0g3eA
yt-23021,2,3,v9eIe5-icSc
yt-23023,2,3,3TycaVO0Rso
yt-23024,2,3,qz_jXBGN_Dg
yt-23026,1,2,DcYW0GoIcA0
yt-23027,0,1,novideo-23027
yt-23028,1,2,yrzGb7hnUc8
yt-23029,2,3,LDGyooZNX2c
yt-23030,1,2,2pOo1MGJ6mc
yt-23031,2,3,Ad1wNFNSAEM
yt-23032,2,3,5kJsWfNeXog
yt-23033,0,1,Vbu2G8y4PRc
yt-23034,1,2,ovB7D1Cx3JE
yt-23035,2,3,4Iwrb3RNcwI
yt-23036,2,4,lxdup1bcUR0
yt-23037,1,2,MzwruwQFHdQ
yt-23038,2,3,Ia4RNWhq9K0
yt-23039,1,2,8uJe2WQYzEY
yt-23040,0,1,31kwC9YC9SE
yt-23041,1,2,novideo-23041
yt-23043,0,1,MhEQyO4-2o4
yt-23044,0,1,UqKyO3Fb7KQ
yt-23046,2,3,g1UhspNtUiQ
yt-23048,1,2,iDxF7wbFNtw
yt-23049,0,1,SGmHjavi56Y
yt-23050,2,3,eKogL9pVKKo
yt-23051,2,4,1oQ-7Q4rtqY
yt-23052,1,2,YJg7e1yYJXs
yt-23053,2,3,a0XBVmY8IPk
yt-23054,2,3,1VRlsD09id8
yt-23055,0,1,B4GZka91AXo
yt-23056,0,1,sA2QCuP9X9s
yt-23057,0,1,RWldANxa45Y
yt-23058,1,2,Bp3yeibMgQ4
yt-23060,2,3,Aexm2diDfYw
yt-23061,0,1,blCSl6aTdz4
yt-23062,2,3,4LZbxNOzFkM
yt-23064,2,3,7Yp5Cqdxbmw
yt-23065,0,1,b8L4B2ie_D0
yt-23066,2,3,MJJYgZFTjso
yt-23067,2,3,-xi8IqnX5iU
yt-23068,0,1,1JuASh_Xk7o
yt-23070,0,1,RQWL1m55C58
yt-23071,2,3,hmp4ZVhgm8o
yt-23072,1,2,u6NFgW_Pmd8
yt-23074,0,1,2OZdb_ubBF4
yt-23075,2,3,4x4xOr7bCpU
yt-23076,1,2,PDABVPjA8v0
yt-23077,1,2,N81EmtzsemU
yt-23078,0,1,a5ooWRkDbFI
yt-23079,2,3,Iykno64pNHI
yt-23080,0,1,9XvlHN0UPbk
yt-23081,2,3,OhrX7At2UAs
yt-23082,2,3,hRmBPjSUdjM
yt-23083,0,1,2ZSkzU7Qoe0
yt-23084,0,1,HJjaseDFEZA
yt-23085,2,3,XY9GhLNm37g
yt-23086,1,2,ZOUSjqTH1xk
yt-23087,0,0,DN8Y5hq8qro
yt-23088,2,3,GgOOdZ-h1U0
yt-23089,0,1,B8hSd7EGF3Y
yt-23090,2,3,novideo-23090
yt-23092,0,1,PieAN7E44NQ
yt-23093,1,2,Yq0EiGZrFlU
yt-23094,2,3,ESWm0WrMS4c
yt-23095,0,1,_-sXeX9ntsM
yt-23096,0,1,PwsyBi25uJs
yt-23097,1,2,0oPnMrM_P3Y
yt-23098,0,0,mMvStvbUydc
yt-23099,1,2,FF3CZtpZCF0
yt-23100,0,1,LhfEPqLF9Qo
yt-23101,0,1,Ha7SwQgi_i0
yt-23102,2,3,_RJjGCDSNdk
yt-23103,2,3,H7EFBFU0xDM
yt-23104,2,3,mirt3bUAVNQ
yt-23105,2,3,YbvDZVM5GGY
yt-23106,1,2,u6NFgW_Pmd8
yt-23107,0,1,Vj-c7f5cN3U
yt-23108,0,1,nJeRPQfdEs8
yt-23109,1,2,sbEuHLezUbE
yt-23110,0,0,zWwcE-Rfu8M
yt-23111,1,2,cBElxl_X0D8
yt-23112,2,3,pXeOtkaIxgU
yt-23113,0,1,H0bKUYV7g44
yt-23114,0,1,DN8Y5hq8qro
yt-23115,1,2,8qWFCf7Ab7Y
yt-23116,0,1,TeYFrJ8x-Xs
yt-23117,1,2,zTWaXO4gEcs
yt-23118,2,3,BObJiy5noaM
yt-23119,0,1,KdgSw94DlVk
yt-23120,2,4,novideo-23120
yt-23121,0,1,89OtctjaI1Q
yt-23122,0,1,nsAJupnqCfA
yt-23124,2,3,wwQpj7iC3hM
yt-23125,2,3,Ocz7vT-9YFg
yt-23126,1,2,KdgSw94DlVk
yt-23127,2,3,yLV4MyNTSvo
yt-23128,2,4,HDl76vkOQQs
yt-23129,2,3,novideo-23129
yt-23130,2,3,3IGe_SCmjqQ
yt-23131,0,1,novideo-23131
yt-23133,0,1,VMTOdy-UlW4
yt-23134,1,2,63-uuYTref0
yt-23135,0,1,23hph_b4uwY
yt-23136,1,2,Dy1tJJc9C04
yt-23137,2,3,OWNXeUkzqbM
yt-23138,1,2,bpv-4RRcm0A
yt-23141,2,3,ZOUSjqTH1xk
yt-23142,2,3,Edh5ni2JVns
yt-23143,1,2,MJJYgZFTjso
yt-23145,2,4,3TycaVO0Rso
yt-23146,0,1,uCPkx7vX6ek
yt-23147,1,2,m1wlHkEnnAU
yt-23148,1,2,_cQa43SMBjo
yt-23149,2,3,4Qhs8FbvI9M
yt-23150,2,3,8qWFCf7Ab7Y
yt-23151,1,2,GDBcC-qBtg0
yt-23152,2,3,ywXxD6UclSs
yt-23156,2,3,HrL5oCB7Kl4
yt-23158,2,3,LykotTtdTSQ
yt-23159,0,1,xk5jUWlygLc
yt-23160,2,3,qKahoohkUpM
yt-23161,2,3,4UyfK_NgGUg
yt-23162,1,2,m-3btcmaDqM
yt-23163,1,2,ZpqJgmftaTg
yt-23164,1,2,HlWr0KxtfwM
yt-23165,2,3,_G3YdfbNtY8
yt-23167,2,3,m0_SMiOecko
yt-23168,1,2,ENZ8tCNNJVc
yt-23169,2,3,WTnC_b9Ed5c
yt-23170,2,4,z6o6I25klrc
yt-23171,0,1,novideo-23171
yt-23172,1,2,Hfw6P3T2hRc
yt-23173,0,1,aH1o9CDsS5Q
yt-23174,2,3,6mhlN0VdTmY
yt-23175,1,2,ekiO4ZMZxyE
yt-23176,2,4,K6OSYL5tZGY
yt-23177,2,3,BlZu5aLWqWc
yt-23178,2,4,8UH6G1LnXR8
yt-23179,0,0,Mc3jS6HZdCg
yt-23180,0,1,teS7GwIzNP0
yt-23181,0,1,D8YeNdODv60
yt-23182,2,3,-AVpfcE3F3E
yt-23183,2,3,xW9E9epD8sg
yt-23184,2,3,IcVpCeocy44
yt-23185,2,3,TEc0hbzEt70
yt-23186,2,4,vTPFSwH5E4c
yt-23187,1,2,9gCTKeysOjI
yt-23188,0,1,4UONQ2QPKeg
yt-23189,0,1,e9oSGVpTWB4
yt-23190,0,0,lQ1cg2ldIQk
yt-23191,2,3,rD_ketmxFy0
yt-23194,2,3,ZOUSjqTH1xk
yt-23195,0,1,novideo-23195
yt-23197,2,4,Tnw86705kOM
yt-23198,0,1,u1MnApNpV3c
yt-23199,0,1,H4Fe1VxN3rU
yt-23200,2,4,t36UFQm30qg
yt-23201,2,3,5MFMC7A56cs
yt-23202,1,2,FIJwkne06Ks
yt-23203,0,1,NxypeHZMIGQ
yt-23205,2,3,KLCV2JQP9pQ
yt-23206,0,1,Ol4WwWUXJmI
yt-23207,0,1,9TmO9LA0c0U
yt-23209,1,2,pRerRF3DE_w
yt-23210,2,3,J8lKbuwtcpo
yt-23211,2,3,tAHK6E03ORo
yt-23212,0,1,mTSYjbaQyo8
yt-23214,2,3,92wST-C7Z5E
yt-23215,0,1,novideo-23215
yt-23216,0,1,rOaV0ZD8BpA
yt-23217,2,3,xiXxxrB9sqA
yt-23218,0,1,novideo-23218
yt-23219,0,1,qCMW7u4excc
yt-23220,2,3,koFDm_xeP9c
yt-23221,1,2,ptpl25AWYCs
yt-23222,0,1,LcfLbSJpeU4
yt-23223,2,3,bRkdS5v0gtk
yt-23225,1,2,mtOVL0hJFu8
yt-23227,0,1,nMCuI938c7A
yt-23228,1,2,ySqcW7RD1nU
yt-23229,1,2,wWY7tm4tB-k
yt-23230,0,1,xcec4LgyRjE
yt-23231,2,3,h8O3os4k9DY
yt-23232,0,1,AMK7Qgctj1I
yt-23233,1,2,1y2IvCXZhts
yt-23235,2,3,DJAPdRPKgPw
yt-23236,2,3,J9e-b-mek9A
yt-23237,2,3,ZkDeK5VXFhA
yt-23238,2,3,L2ievKIPbJk
yt-23239,0,1,lZJ5okn5ayI
yt-23240,1,2,Aj15i4Mbr-8
yt-23241,0,1,meSgmfYdDCU
yt-23242,2,3,S5cO_keWwtY
yt-23243,2,3,7pMd3-LjOdc
yt-23244,2,3,ywdkzZxMsrI
yt-23245,2,3,DK-L1hS6Iy4
yt-23247,2,4,qt4rVgyr1Rg
yt-23248,2,3,d2xjsCHotic
yt-23249,0,0,Ye5ao1Us4_0
yt-23250,0,1,btrzODCnxOg
yt-23251,0,1,uRFP_2R1xlU
yt-23252,0,1,xNAyCs4OT9Q
yt-23253,1,2,SF8clEjTXMk
yt-23254,2,3,mWsHkjwRF28
yt-23255,0,1,DFWl2lnHNLg
yt-23256,0,1,rZJT646i4TY
yt-23257,2,4,8N_0SwRhM8Q
yt-23258,0,1,-3J1B9xOsqk
yt-23259,2,3,USSeIZN8hJA
yt-23260,0,1,DSpc6CwpZlE
yt-23261,1,2,Poy35rRTf3Y
yt-23262,2,4,dj5EFDulRDA
yt-23264,2,3,HtqyzjEuwlE
yt-23266,1,2,SCY4OAMdrWY
yt-23267,2,3,SAwjGnGGTMg
yt-23268,2,3,_kBt-B3CTHY
yt-23269,2,3,LKLuI2IW79I
yt-23270,0,1,ZXsECV50YIg
yt-23272,0,1,sepI2oMcbsM
yt-23273,1,2,yeijUtM0Wcw
yt-23275,1,2,JGDdMxxSEiw
yt-23276,1,2,L7cl8usQ1qQ
yt-23277,2,3,9TmO9LA0c0U
yt-23278,2,3,A2eDX41X24w
yt-23279,2,3,aEHQ0wMdy1c
yt-23282,1,2,NE2InWnXMbc
yt-23283,2,3,e8xuMrIV7TM
yt-23284,1,2,BMm3DtjVm7U
yt-23285,2,4,MNTqerzkn38
yt-23286,2,3,xakDlcDSwZs
yt-23287,2,3,3myqQX4A7uQ
yt-23288,2,3,yX2xZoVZV64
yt-23289,0,1,tuqPFKF5NJo
yt-23290,0,0,C3z79NQUX28
yt-23291,1,2,bXZWusMdCQo
yt-23292,2,4,J9e-b-mek9A
yt-23295,0,1,CmnLijwQC-4
yt-23296,0,1,Z2CKcuXHu90
yt-23300,1,2,P2SqIVgq9qY
yt-23303,0,1,Cvxqh5HCtdo
yt-23304,1,2,MSZGa0bWhh8
yt-23305,0,1,z1qzRm-aHz8
yt-23306,2,3,y_2blw-sShU
yt-23308,0,1,6VcDlvHDlJ0
yt-23309,0,1,ZonBD5rhFCk
yt-23310,1,2,NrgGP6qbdZw
yt-23311,0,1,F7Shvwh1JjM
yt-23312,2,3,fk3BKMaP_Ug
yt-23314,0,1,kSFDu7qonAg
yt-23315,2,3,yRaa6DwOi0c
yt-23316,0,0,V-nZDGMn4tA
yt-23319,0,1,xWu0AseEO1s
yt-23320,0,1,94VGIkGwAPA
yt-23321,2,3,rYeD4rKUCCM
yt-23322,0,1,mvBIWbowH-o
yt-23323,2,3,6j-mJi4n6Is
yt-23324,2,3,FynBPlOeffI
yt-23325,0,1,i0Ae16B9uu8
yt-23328,0,1,nRvjb4VG2K8
yt-23330,0,0,ySqcW7RD1nU
yt-23331,1,2,0NfArkRDato
yt-23333,1,2,4n2K1GP-pF8
yt-23335,2,3,oTuJbEAWJ60
yt-23337,2,3,nRvjb4VG2K8
yt-23339,1,2,EI1KY1NMx3I
yt-23340,1,2,xrJoVONnIU0
yt-23342,0,1,Ul5CC3J0H38
yt-23343,1,2,rOaV0ZD8BpA
yt-23345,1,2,U9A1T7N7dJg
yt-23346,2,3,hCN0s8-iS-o
yt-23347,0,1,QmfvaL9RgkE
yt-23348,2,3,P9_OJEvDy60
yt-23349,2,3,2Grmuqg2Flg
yt-23350,0,1,I2Oh9b2bd4U
yt-23351,0,1,vpoVEhc2Xgk
yt-23352,0,1,xnC7dnggm4g
yt-23353,1,2,novideo-23353
yt-23354,2,4,mdyEvpIb8a0
yt-23355,0,0,8aP8T2lkpWw
yt-23356,0,1,kFhbROgtYXM
yt-23357,2,4,QUHOO61WPJE
yt-23360,0,1,CG0rkDhRXZk
yt-23361,2,3,novideo-23361
yt-23362,0,1,VsrJ205yPqk
yt-23364,0,1,Mg_AUGwRZM8
yt-23365,2,3,DfvoyAYUGFQ
yt-23366,0,1,Z_IdUcquIaU
yt-23367,1,2,7kCc4g8vT1I
yt-23369,1,2,KqtFyOAn8bE
yt-23370,2,3,m0_SMiOecko
yt-23373,0,0,_TtJdmFFgO8
yt-23374,0,1,ak9yz8sZST0
yt-23375,0,0,C_E_n2qz1G0
yt-23377,0,1,hP4DF8Xbh7o
yt-23378,0,1,tlbUIhSrTJA
yt-23380,0,1,dgtsHQs5bOU
yt-23381,2,3,QLfX4FD7aiE
yt-23382,2,3,T2RfleNg7vQ
yt-23383,2,3,EA-pVOEVzoI
yt-23385,0,1,Lz_s6S4u4jg
yt-23386,0,1,BGpSMJm64xE
yt-23387,0,1,pfpQutA9hPA
yt-23388,1,2,DC05VUtSHmA
yt-23390,2,3,FM8dg8dQ46Y
yt-23391,0,1,iBMRSv8ZNTE
yt-23392,0,1,sSsE-qrxCG8
yt-23393,1,2,wDifK9g8qi4
yt-23394,1,2,HJjaseDFEZA
yt-23398,2,4,7hMfGlt-AfU
yt-23400,2,3,LRljCIJYKDQ
yt-23401,2,3,5MFMC7A56cs
yt-23402,0,1,aEHQ0wMdy1c
yt-23403,0,1,novideo-23403
yt-23404,0,1,RXIFaDQTyF0
yt-23406,2,3,l0dXBW82v6c
yt-23407,1,2,HNE1jQkN0yI
yt-23408,1,2,l8xUFhkVwIM
yt-23409,2,3,FqfaM7yKapo
yt-23410,1,2,ZS4_w1xK3OE
yt-23411,2,3,zYtSGXAxeag
yt-23413,2,3,__BeH8xh7y0
yt-23414,1,2,88P_tXG9nVk
yt-23415,1,2,novideo-23415
yt-23416,0,1,yxNVrEwIDik
yt-23417,1,2,O_-e5eN1ZtY
yt-23419,1,2,YNjNrqxOkAo
yt-23420,0,1,jBdmVowp6V4
yt-23423,0,1,5wuM6IiVyIM
yt-23424,0,1,6brbFbsmdb4
yt-23425,0,1,8Pq3EebghLw
yt-23427,0,0,uJRq7aISZdo
yt-23428,1,2,diOkxTDJWgI
yt-23429,1,2,tqA8sNAPIYI
yt-23430,0,0,rW1eGZ12ybg
yt-23431,2,4,novideo-23431
yt-23432,2,3,ieOh_BcmVWM
yt-23433,0,1,5Fd8OxSbi_E
yt-23434,0,1,ytitID15C9w
yt-23435,2,3,LeXgAvlmQV0
yt-23439,0,1,P_PloaHWfoA
yt-23440,2,3,UCJPIZrDmgk
yt-23441,2,3,oqhzw42jS38
yt-23442,0,1,xrtYyae2P_0
yt-23444,2,4,J9e-b-mek9A
yt-23445,2,3,bLoV5iaKiIo
yt-23446,2,3,y-43jnpJONI
yt-23447,2,3,bjg5dhnQTkk
yt-23448,0,1,_jvlVlpK-Dk
yt-23449,0,0,H0bKUYV7g44
yt-23450,2,3,5XJU5pu352I
yt-23451,2,3,xyARkLZQty4
yt-23453,2,3,KEKjepewwfw
yt-23454,0,1,-_p544IMzow
yt-23456,1,2,vI1P16MO6IM
yt-23457,2,3,yTnHjR_HyMA
yt-23458,2,3,5i_X2SFHqDY
yt-23459,0,1,tZRoFcDRcXI
yt-23462,2,3,KpWFsH1Xe0s
yt-23463,2,3,yS_vPLU3qDk
yt-23464,1,2,MXb873U6HvI
yt-23466,1,2,GfMym551Ews
yt-23467,1,2,PkLeE7ksifI
yt-23468,0,1,clMCo6tblTM
yt-23469,1,2,LlY2aZ3eq1k
yt-23471,0,1,qpRyDwqjB8w
yt-23473,2,3,NMYuG6WfmOQ
yt-23474,1,2,_F_JlDNGoi0
yt-23475,1,2,kqAATyo_b74
yt-23476,1,2,Z3CT--naLJg
yt-23477,2,3,zwUdm26TZaM
yt-23478,2,3,7vKUC7DqNVU
yt-23479,0,1,yAMbcwnDn8w
yt-23481,0,1,OMQLXHJhhYs
yt-23482,1,2,vJv2MpQSeWg
yt-23484,0,1,JVNY5NJTyFs
yt-23485,2,3,Q8rVABwCPps
yt-23486,1,2,vsEprFM8wYo
yt-23487,0,1,18qxgNVD6Vw
yt-23488,2,3,tYNyDdPW59k
yt-23489,2,3,Q2-sdYOcPng
yt-23490,0,0,OkavjvFXQtM
yt-23491,2,3,yL76f9B0VEY
yt-23492,2,3,tm3SnDw9xqI
yt-23493,0,1,R0tiR_G7hes
yt-23494,0,1,YZlRBOFzIfU
yt-23496,2,3,rFZZBcCp2i8
yt-23497,0,1,Fr5XQctPPtI
yt-23498,0,1,MNvIVYlAV5M
yt-23499,0,1,m9wgPfpHreE
yt-23500,2,3,Aewz7QIILk8
yt-23501,2,3,tAHK6E03ORo
yt-23502,2,3,2PezFGI3Mvk
yt-23504,0,0,nyrKuICnA4c
yt-23506,1,2,1ZwZLRPXXGY
yt-23509,0,0,BBSVM4juSk0
yt-23512,0,0,novideo-23512
yt-23513,0,1,xYFR5YJ5gv0
yt-23515,2,4,D7G5xZ83ji4
yt-23516,2,3,JRGkCsn2HH8
yt-23518,0,1,xq2JhUq00bM
yt-23519,2,3,1VTLzDSRNCE
yt-23520,0,0,DK-L1hS6Iy4
yt-23521,0,0,qZ9fnQzku-Y
yt-23523,0,1,aTz6zBQld0M
yt-23524,2,3,grqxlQPhCt0
yt-23525,1,2,wOtdtp3kP98
yt-23526,1,2,-RISaZ7i54Q
yt-23527,0,1,w_7htNGWw7c
yt-23528,2,3,rpy-F_ORuPw
yt-23529,1,2,u8uAz2jJM5w
yt-23530,2,3,WOdUJoLRfSc
yt-23531,1,2,gKz40oYeHwg
yt-23532,2,3,qnGRpD-mA0U
yt-23533,2,3,4q9YGVyD5MA
yt-23534,1,2,86PRU2XXSi8
yt-23536,0,1,K2GRx01R8N4
yt-23538,2,4,novideo-23538
yt-23539,0,0,9TmO9LA0c0U
yt-23541,1,2,nzF44KFi8gA
yt-23542,1,2,ROkG3HBWQ20
yt-23543,0,1,wjkwoa74XyA
yt-23545,1,2,egcQeROOwSo
yt-23546,1,2,tcIwnNAMqso
yt-23548,1,2,UTfiBDf01jo
yt-23549,1,2,4Cg09EoRyrE
yt-23550,0,1,cu5YVG-q0_E
yt-23551,1,2,dB2Csm7FQPc
yt-23552,2,3,8CklEfc4L6I
yt-23553,2,3,ZOUSjqTH1xk
yt-23554,2,3,novideo-23554
yt-23555,0,1,XfuXoBA9H4E
yt-23556,0,1,PJ3aque-ECs
yt-23557,2,3,zQiCkbGdrvE
yt-23560,2,3,CWk1-t6ccyQ
yt-23561,2,3,AmKAk1yNA1E
yt-23562,2,3,-AVpfcE3F3E
yt-23563,2,3,XKCNrOCYtko
yt-23564,2,3,DzGPajjBF4g
yt-23566,0,1,eyOY_Y4qnqY
yt-23567,0,1,JWm8nwsFT7o
yt-23568,2,3,m0_SMiOecko
yt-23569,2,3,Ep61tpBLF_k
yt-23570,2,3,novideo-23570
yt-23573,2,3,pwXLJJ6u3vA
yt-23576,2,3,5MmASHcIgpU
yt-23577,2,3,m0_SMiOecko
yt-23578,0,1,7vsW0QbkBmo
yt-23579,1,2,pXeOtkaIxgU
yt-23581,0,1,NjYR7ur1Wg8
yt-23583,0,1,Wr_530gpHEY
yt-23585,0,1,RtGzL8vUq_k
yt-23586,0,1,LM2w4-p0JX4
yt-23587,2,3,m0_SMiOecko
yt-23588,0,1,_jvlVlpK-Dk
yt-23589,2,3,novideo-23589
yt-23590,1,2,fKFRx7Wb5MA
yt-23591,2,3,0tYTvthMPXA
yt-23592,1,2,sX5ORTz9SAo
yt-23593,2,4,Eu8gtoG1Iek
yt-23595,2,3,5iBW6zHxgHg
yt-23596,2,3,TsrAiN7mpTk
yt-23597,1,2,1VTLzDSRNCE
yt-23599,0,1,UhFdcBIIrBk
yt-23600,0,1,_Eg0acYBJs4
yt-23601,2,3,gbEIOp9fZX0
yt-23603,1,2,ptpl25AWYCs
yt-23604,0,1,0kYlM0uu26s
yt-23607,0,1,5hoWPP_0uJc
yt-23609,1,2,C_1VjcKhQM8
yt-23611,2,3,oR2KgdB4aeg
yt-23612,1,2,GbCJp2HqDJ4
yt-23614,2,3,Oa0ETWGWGuo
yt-23615,1,2,8aSjuB4o4dA
yt-23616,0,1,bNvs2zRaJ5g
yt-23617,1,2,RoqSu0nOqWI
yt-23618,0,1,aCLWnyse5rI
yt-23619,0,1,ZS4_w1xK3OE
yt-23624,2,4,vpoVEhc2Xgk
yt-23625,0,1,4m_jvmSRt3Q
yt-23626,0,1,2IIbCmhdo1U
yt-23628,1,2,bzBhQOAB9Xs
yt-23629,1,2,h_BtNJhCQ6M
yt-23630,2,3,Kc4GGo-2lLs
yt-23631,1,2,S8GK7VAdk1Y
yt-23633,2,3,ioKo-n1PUgo
yt-23634,0,1,wRb6nE1sJRY
yt-23637,2,3,yyqtpW7Tga4
yt-23639,0,1,uENbiDmFjKg
yt-23640,0,1,novideo-23640
yt-23641,1,2,oR2KgdB4aeg
yt-23643,1,2,zmDi7rQ5LEc
yt-23644,1,2,yrCyCk7N7Ls
yt-23645,0,1,9XvlHN0UPbk
yt-23647,2,3,VkuFXSGqxe8
yt-23648,1,2,qAoMIMeh7ns
yt-23650,2,3,1VRlsD09id8
yt-23652,0,1,trk8YAemWY0
yt-23653,0,1,ZpqJgmftaTg
yt-23654,2,3,m0_SMiOecko
yt-23656,0,1,6-AG86sycok
yt-23657,0,1,pXeOtkaIxgU
yt-23658,0,1,1YZ5yFrk090
yt-23659,2,3,y_hy8DfxDsw
yt-23660,2,3,IftyFd0KzjA
yt-23663,2,3,F9MctqJgJVk
yt-23664,0,1,YPmW3Lan6k8
yt-23665,2,3,wngiub8zON0
yt-23666,2,3,-G_CjdQZgf0
yt-23667,1,2,aMvugC9VVjk
yt-23670,1,2,RRvUFB4ddvs
yt-23671,0,1,Ku1VllsV2yg
yt-23672,0,1,fJ_JxhtEpf8
yt-23673,2,3,tAHK6E03ORo
yt-23674,1,2,M0JBaNhjC48
yt-23675,0,1,wH-aOw0aHHI
yt-23676,2,3,0SmP7KUKQdk
yt-23677,2,3,js3AebN1HNo
yt-23680,2,3,zTEHASiIuyA
yt-23681,0,1,NfFY4towC1Q
yt-23682,2,3,IWEh6oySQAk
yt-23683,0,1,_wNMeBTJ7C8
yt-23685,0,1,qpGHlrNOrRU
yt-23686,2,3,ea_q0MnFT6E
yt-23687,1,2,rSlpeFsOsds
yt-23688,0,1,xtGv_kgHPE8
yt-23689,2,3,hsqxzUVWEII
yt-23690,2,4,K8QtAVB4aY0
yt-23691,1,2,-Fa-n9q-WJQ
yt-23692,1,2,GRFusZGdzOo
yt-23693,1,2,Y5FnCh-NGGE
yt-23694,0,1,DGMZp0Q57q8
yt-23695,2,3,m0_SMiOecko
yt-23698,0,1,WOdUJoLRfSc
yt-23699,1,2,73bjFJRBwK4
yt-23702,0,1,YBWm8wotXQI
yt-23703,2,3,pxNYd-XxSWY
yt-23704,2,3,_FoIY4MdolE
yt-23706,2,3,Yq0EiGZrFlU
yt-23707,1,2,MJJYgZFTjso
yt-23709,0,1,vQW0tIVWuO0
yt-23710,0,0,1nvwgIuP474
yt-23711,1,2,AwNcdcdux1M
yt-23712,0,1,9WcVh6h_opw
yt-23713,2,3,-FzeRVd4B-Y
yt-23715,0,0,pn9GzvSC6fQ
yt-23716,1,2,BhDzgZmnYOA
yt-23717,2,3,unB18Si-rwg
yt-23718,1,2,dr9ggH1Fy2Q
yt-23719,2,3,I6fAVO3COUg
yt-23720,0,0,VvYfCHlU2wA
yt-23721,0,1,lq-STRyZvok
yt-23722,2,3,epwXjvLUr7E
yt-23723,2,3,LcUSIKVjXng
yt-23724,1,2,_6nCS7fmiO0
yt-23725,2,3,27wowf_ypOY
yt-23726,2,3,6endLusiXo0
yt-23727,2,3,MhEQyO4-2o4
yt-23728,1,2,GbCJp2HqDJ4
yt-23729,0,1,FuZVA3s7b1c
yt-23730,1,2,hArDpQVdTYA
yt-23732,2,3,BFuz4UsYRVo
yt-23733,2,4,88P_tXG9nVk
yt-23734,2,3,yLV4MyNTSvo
yt-23735,0,1,tODX17NVR-o
yt-23736,2,3,YdMph8UqYSU
yt-23738,0,1,RP2fIzpFoUw
yt-23739,0,1,SBoUaoSaTP0
yt-23740,1,2,__327YUWJHs
yt-23741,2,3,1VRlsD09id8
yt-23742,0,1,N9cQ7mQreOY
yt-23744,0,0,6GdkvDpj5Gg
yt-23745,1,2,P9Nf8IWiFgA
yt-23746,2,3,Gut0tPd5kWk
yt-23747,2,3,h3EFevb9N6Y
yt-23748,0,1,6xcBXtW54e4
yt-23749,0,1,542m-mksuc0
yt-23750,0,1,7E0JyMVC59Q
yt-23751,0,1,FAMWKeR_m-A
yt-23752,0,1,_jEguERgMQE
yt-23754,2,3,njQ1T00qtYs
yt-23756,0,1,AzpdfMNQQYE
yt-23757,2,3,WOdUJoLRfSc
yt-23758,0,1,UINr0I5ucpM
yt-23759,1,2,1ZwZLRPXXGY
yt-23762,0,1,6EfHYn45yek
yt-23763,2,3,qz_jXBGN_Dg
yt-23764,1,2,C3z79NQUX28
yt-23765,2,3,N4kwBph9MQo
yt-23766,0,1,1JFTTciH_1I
yt-23767,2,3,WSZnZPF5eJY
yt-23768,0,1,o0xbhlphYTw
yt-23769,0,1,exXMeMHS3yw
yt-23772,1,2,RDGuNzyn4Uk
yt-23773,2,3,6dB3eZcHg5A
yt-23774,1,2,Ni9t1uBzbMc
yt-23775,0,1,YhobX7mHyLw
yt-23776,0,1,xU7AVCl4XRs
yt-23777,0,1,LQgrdwHgN5U
yt-23778,0,1,HnkSDxtJ64Q
yt-23779,2,3,b_x9tMcie0g
yt-23780,2,3,DN8Y5hq8qro
yt-23781,0,1,novideo-23781
yt-23782,0,0,pdBmBpioCQM
yt-23783,2,3,MNJzvE0R770
yt-23786,2,4,NyQuiPMP5Eo
yt-23787,1,2,novideo-23787
yt-23788,2,3,DC05VUtSHmA
yt-23789,2,3,5MFMC7A56cs
yt-23790,1,2,CVt3UBCUirg
yt-23791,2,3,NWaRM1VFxDQ
yt-23792,0,0,-VDjG0yKBls
yt-23793,0,1,tfGgBydEyak
yt-23794,0,1,OMQLXHJhhYs
yt-23795,0,0,my5WePg_TAY
yt-23796,2,3,_zBTDA5JvQM
yt-23797,1,2,YS5e5OxkiVE
yt-23798,2,3,Eq8Ic1fZqMc
yt-23799,2,3,m0_SMiOecko
yt-23800,2,3,GCpIKuZY4Es
yt-23801,2,4,k0NbnlUxniI
yt-23802,0,1,DNShNE1rsc8
yt-23803,2,3,novideo-23803
yt-23805,2,3,UhFdcBIIrBk
yt-23806,1,2,Vt4vxu8mNQQ
yt-23808,0,1,Iykno64pNHI
yt-23809,2,3,VkuFXSGqxe8
yt-23810,2,3,8tFDTZmJAxU
yt-23811,1,2,KkXseuPYIOs
yt-23812,0,1,sYa1w-4KH5s
yt-23813,0,1,0P5y-EJJmPc
yt-23814,1,2,UKmkMUNDtyM
yt-23815,0,1,GaTfGKoQOdE
yt-23816,2,3,wz1VGF_sUgA
yt-23818,2,3,RN0zNNH89h8
yt-23819,0,1,KdgSw94DlVk
yt-23820,1,2,JWuRrPSAfKc
yt-23821,2,4,HykkwYN7kRw
yt-23822,1,2,jUqj2nP5Du8
yt-23823,2,4,GbXDSAzdoso
yt-23824,0,1,oZN2Ni9yXB4
yt-23825,2,3,f0sW4dNrcFA
yt-23826,0,1,_kBt-B3CTHY
yt-23827,2,3,_nGtH-JQV5w
yt-23828,2,4,XGl4mWDiW8o
yt-23829,0,1,DO_5qpubT3o
yt-23831,1,2,i5Kybh7ZtEs
yt-23832,1,2,TeYFrJ8x-Xs
yt-23833,1,2,xdHqJ60vuZc
yt-23834,2,3,XuctF-ee5TU
yt-23835,2,3,wsoO8wZ5fZ8
yt-23836,2,3,JeFaQd2fq-8
yt-23837,2,3,G1tmehqVBMc
yt-23838,2,3,abVYw35n9D8
yt-23840,2,3,novideo-23840
yt-23841,2,3,0m7gb6NFAvs
yt-23842,2,3,m0_SMiOecko
yt-23843,2,3,b3QBfxONl3g
yt-23844,1,2,610Qr8u4Imo
yt-23845,2,3,5etBJ2O6OpA
yt-23846,2,3,cSZjxaA9-QQ
yt-23847,2,3,uVtDt2-oDJA
yt-23848,0,1,sX5ORTz9SAo
yt-23850,2,3,54zS-aJEyAs
yt-23854,2,3,wRb6nE1sJRY
yt-23855,0,1,JVNY5NJTyFs
yt-23857,1,2,fpmZTP1SZpw
yt-23859,0,1,J9e-b-mek9A
yt-23860,2,3,4z81tgLwdWU
yt-23861,0,1,9GslDD2Zqm4
yt-23862,0,1,lQG5NuY8s_A
yt-23863,1,2,T834fbfSy0Q
yt-23864,2,3,cqhZMrQi2UM
yt-23865,0,1,SCLp9QD06fU
yt-23866,1,2,Us7MokoLOgw
yt-23867,0,1,DcijVp73bHQ
yt-23868,2,3,vpoVEhc2Xgk
yt-23869,0,1,7JmYRZ5BW0M
yt-23870,0,1,CEJFCcXU5k4
yt-23871,2,3,RtjdWGITElo
yt-23873,2,3,9ZyiZ97MNvc
yt-23874,0,1,zNzXyUhlgR4
yt-23875,0,1,ycOWu_WDDEg
yt-23876,2,3,gzXMnlrrLHY
yt-23878,0,1,Jh4tpeTceSg
yt-23879,1,2,n9CLcz7Pdn8
yt-23880,0,1,wqxe30fkMJo
yt-23881,1,2,novideo-23881
yt-23882,0,1,oZN2Ni9yXB4
yt-23883,1,2,9ZyiZ97MNvc
yt-23884,1,2,o1cioGCRYLA
yt-23886,2,3,MhEQyO4-2o4
yt-23888,1,2,FP3WrKvLqb4
yt-23890,0,1,X1ClnL1hMdo
yt-23891,1,2,a-fICv4ZWBk
yt-23892,2,4,tAHK6E03ORo
yt-23893,0,1,i5Kybh7ZtEs
yt-23894,2,3,8qWFCf7Ab7Y
yt-23895,2,3,2B3rLbAONOk
yt-23899,0,1,7jBNkBPx_90
yt-23900,0,1,q-DrLtogmQ4
yt-23901,0,0,bB0lFdB2myw
yt-23902,0,1,LIEmNQGNdnc
yt-23903,0,1,5PSgss-08nE
yt-23904,2,3,fbbbEOQGcSM
yt-23905,1,2,aOnobwEpVlc
yt-23906,2,3,FqfaM7yKapo
yt-23907,1,2,SV9ZgPtPVHo
yt-23908,2,3,v9D3PKmtfYA
yt-23909,1,2,ketQg9CpX8Y
yt-23910,0,1,P_PloaHWfoA
yt-23911,0,1,Y8NsM0bu12w
yt-23912,2,3,nyc3QgMmclU
yt-23913,2,3,yypLKij21-Y
yt-23914,1,2,8qWFCf7Ab7Y
yt-23915,2,3,TeYFrJ8x-Xs
yt-23916,0,1,lAhzQPMkFZs
yt-23917,2,3,mTa5XS4ixV8
yt-23918,1,2,J9e-b-mek9A
yt-23919,0,1,USyJsBuFOYs
yt-23920,0,1,XgpfsHU6UJo
yt-23921,2,3,biLd7JJb71Q
yt-23922,2,3,PSDZRrtFYn4
yt-23923,1,2,HykkwYN7kRw
yt-23924,2,3,BCHDTcTNbag
yt-23926,0,1,HblNpnupClY
yt-23927,2,3,J9e-b-mek9A
yt-23928,0,1,baF_fW59odg
yt-23929,0,1,cCJi_9GV44c
yt-23931,2,4,NWaRM1VFxDQ
yt-23933,0,1,b4zHQiJEaCY
yt-23934,0,1,vk6YTwdytzU
yt-23935,0,1,XZFkYZXnZGI
yt-23938,0,1,9KOMrYH6yJI
yt-23940,2,3,sBcv58DvnTc
yt-23942,2,4,1VTLzDSRNCE
yt-23943,2,3,HHuKvDTumv8
yt-23945,2,3,QIv7bExNpL0
yt-23946,2,3,58frGISFQUE
yt-23947,0,1,h7SYlvY9TIs
yt-23948,0,1,2B3rLbAONOk
yt-23949,1,2,9gGc3-cGYBA
yt-23951,0,1,8p7FIUTswoU
yt-23952,0,1,2ErEoTWdmvo
yt-23953,2,3,PdUOl_04osk
yt-23954,2,3,yOwEGfFW4LE
yt-23955,1,2,mZhm1zQ_RQg
yt-23956,2,3,QyyEhXGKQrc
yt-23957,0,1,0Y2mwEJ26N0
yt-23958,1,2,qGKAHFvdYT8
yt-23959,2,3,TeYFrJ8x-Xs
yt-23961,1,2,Plg9P8sBAYE
yt-23962,1,2,u-TgF7WA7l4
yt-23964,2,3,lIB4Jm8DQ4Y
yt-23965,0,1,Ep61tpBLF_k
yt-23966,0,0,dKFEjEj2tG0
yt-23967,1,2,novideo-23967
yt-23969,1,2,yqOZ74mR-gI
yt-23970,2,3,L2ievKIPbJk
yt-23971,2,4,WTnC_b9Ed5c
yt-23972,2,3,ccCK3UD6m0E
yt-23974,0,1,JW5ThLne4SM
yt-23975,0,1,9TmO9LA0c0U
yt-23976,0,1,pdImt5Nc0yk
yt-23978,1,2,8-bDTTm3vuE
yt-23979,0,1,3-RDBxuBJgo
yt-23980,1,2,YoD3GqU9HJQ
yt-23981,2,3,5hoWPP_0uJc
yt-23982,1,2,SpIahCT23Ek
yt-23983,2,3,7pdagiR3I6g
yt-23984,1,2,lXvo5vZ4jH8
yt-23985,0,1,2ckTjFoTSqI
yt-23986,2,3,i_vo0D9g-Ng
yt-23987,2,3,YH8Zpy8gjg4
yt-23988,0,1,GZACPpWG5zw
yt-23989,0,1,NpeJn2aDVrg
yt-23990,2,3,OdIi7tpBefM
yt-23991,1,2,novideo-23991
yt-23992,2,4,uwD7JrO0QhQ
yt-23994,2,4,Tt4b41FP9RU
yt-23995,2,3,P051rbLjttY
yt-23997,2,3,yTnHjR_HyMA
yt-23998,0,1,A6Ol82fm7k8
yt-24000,1,2,A4eKIepGAzg
yt-24001,2,3,rSlpeFsOsds
yt-24002,2,3,9gGc3-cGYBA
yt-24003,2,3,v7zlnATufOw
yt-24004,2,3,m0_SMiOecko
yt-24005,1,2,ve_bSLhj5f0
yt-24006,0,0,x57P1iA-1O4
yt-24007,0,1,bAw0buPDiYg
yt-24008,0,1,S86vkV0rMJQ
yt-24009,2,3,x56_pH5OCkU
yt-24011,1,2,iRmZXzKS6e4
yt-24012,1,2,LSIrdcGiZBA
yt-24013,1,2,mII5n4W9j-U
yt-24014,2,3,lxc8Z9kejo4
yt-24017,2,3,VkuFXSGqxe8
yt-24018,0,1,SJNaFfvYahA
yt-24019,2,4,pPxJSWbJrtw
yt-24020,1,2,j84zsPtsDnU
yt-24021,2,3,dYBUHBF-yLo
yt-24023,1,2,ohZPP4JribY
yt-24024,2,3,J1Kogbdg8G0
yt-24025,1,2,6zw2pf1552g
yt-24026,2,3,FfD-4kAxI4w
yt-24027,2,3,Ep61tpBLF_k
yt-24028,0,1,0uBQOW3Fmns
yt-24029,0,1,mURdo7tzxe4
yt-24030,2,4,GeomkpGlE0U
yt-24031,0,1,2dHl2VxTZJU
yt-24032,2,4,xmh7pcytW5g
yt-24033,0,1,lL7gffq17Xg
yt-24034,1,2,uDolWO-hDS8
yt-24035,2,3,keEEMcro60s
yt-24036,0,1,qHfsZrHTzaM
yt-24037,1,2,lJcH7obRpdk
yt-24038,2,3,laLIidriPrs
yt-24039,1,2,grqxlQPhCt0
yt-24040,0,1,vpoVEhc2Xgk
yt-24041,1,2,rkwAJjH90Kc
yt-24042,2,4,DWilN6bQJ9U
yt-24043,2,3,qt4rVgyr1Rg
yt-24044,0,0,Am2cxRMHNJY
yt-24046,0,1,Tr7m7-2C9Wk
yt-24047,2,3,IyoZBHfRydM
yt-24048,2,3,PcZXQtJLAw0
yt-24049,2,3,yTQpxhfA-3Y
yt-24050,1,2,TeYFrJ8x-Xs
yt-24051,0,0,zaOiWaQPiHE
yt-24052,2,3,ihClCa2SAIQ
yt-24053,1,2,DmEwUihbsDM
yt-24054,2,3,mNs8SyB-TbQ
yt-24056,0,1,k4VurHbhoyM
yt-24057,1,2,j84zsPtsDnU
yt-24058,1,2,2WO0nOmXp70
yt-24059,0,1,nRiOdCjHQEc
yt-24060,1,2,Y75S3K2qeo0
yt-24061,2,3,Poy35rRTf3Y
yt-24062,2,3,fYXfRVrPU2E
yt-24063,1,2,1ZwZLRPXXGY
yt-24065,1,2,-NB23RLT-BI
yt-24066,0,1,aEHQ0wMdy1c
yt-24067,0,1,07elfppOTmY
yt-24069,0,1,t1-7W5QWMqk
yt-24070,1,2,-HCMY2dhJVU
yt-24071,0,1,CmnLijwQC-4
yt-24072,0,1,kSFDu7qonAg
yt-24073,2,3,DC05VUtSHmA
yt-24074,0,1,LQfWIjTTlGY
yt-24075,1,2,ZOUSjqTH1xk
yt-24076,2,3,cVHxTM7qG_o
yt-24077,0,1,63a5V7dllUI
yt-24078,2,4,rSlpeFsOsds
yt-24079,2,4,HXS-mMW28sg
yt-24080,2,3,SsSbu02eIIQ
yt-24081,0,1,vhMsCpu2z9o
yt-24082,2,3,iKVdCtp9T-4
yt-24083,0,1,xQdZ2ChNBhE
yt-24084,0,1,Xf0qiwN5xX4
yt-24085,2,3,yHNSkqg1xfg
yt-24087,1,2,8GSsz-FjPas
yt-24088,0,1,6-KgPPx3uwI
yt-24089,1,2,9YMyMhf3cpM
yt-24090,1,2,qWpJXV3Xnmo
yt-24091,2,3,pMuQR_lEI_s
yt-24092,1,2,RyeMKroyXmw
yt-24093,2,3,NwCeg1jqh2Y
yt-24094,1,2,xYfqabJjxzo
yt-24095,2,3,SH3-06sI77A
yt-24096,1,2,W6podiQRH2c
yt-24097,1,2,IyoZBHfRydM
yt-24098,0,1,qmraiz5g5AM
yt-24100,0,1,GIcjXk4ie2w
yt-24102,0,1,aDIzOeIsd2w
yt-24103,2,3,khPPsMQ7YzM
yt-24104,1,2,d0fYIpuDSH4
yt-24106,0,1,JVI0RnchI_Q
yt-24107,2,3,wJbhkoOCFy4
yt-24111,2,3,VRIwJKIrdMY
yt-24112,0,1,hqK5E9JT-wQ
yt-24113,1,2,9dlTKBXOEZM
yt-24117,0,1,RsgC3AJckTo
yt-24118,0,1,-cgVUON4Y3I
yt-24119,1,2,GcSgAw6GpI4
yt-24120,0,1,novideo-24120
yt-24121,0,1,novideo-24121
yt-24123,2,3,vsdLVZ5-KD8
yt-24124,2,4,hRT7Iief0sk
yt-24125,1,2,cfP0cBKHXo0
yt-24126,2,3,DC05VUtSHmA
yt-24127,2,3,qXhWC80735I
yt-24129,0,1,yDs3Lvj0Yn8
yt-24130,1,2,H0bKUYV7g44
yt-24131,0,0,hZD81LmW3cY
yt-24132,1,2,FcKoOn5eHS0
yt-24133,2,3,yL76f9B0VEY
yt-24134,0,1,G8kovWBZ5tI
yt-24135,2,3,pqinvobBwRQ
yt-24136,2,3,iVOLlTcX-mo
yt-24137,1,2,Kc4GGo-2lLs
yt-24138,2,3,5-dRwmUGcRk
yt-24139,1,2,Ryy3mT2_wIs
yt-24142,1,2,hbfMbfQw7AQ
yt-24143,2,3,7hMfGlt-AfU
yt-24144,2,3,XLQYUKvQO7Q
yt-24145,2,3,PhbrX7K2GYg
yt-24146,2,3,Pe0SmG6Rzj0
yt-24147,1,2,novideo-24147
yt-24148,0,1,QquXYHla7lg
yt-24149,0,1,-FjPwaH3_WY
yt-24150,2,3,VkuFXSGqxe8
yt-24151,0,1,RHq61MkozFk
yt-24152,2,3,UuZGDbTvdN0
yt-24153,0,1,rmA2BCEq-Gc
yt-24155,2,3,6SO57Bk33NE
yt-24156,2,3,-AVpfcE3F3E
yt-24157,2,3,D9DBGOCu6xw
yt-24158,2,3,teD2iHv2hZ8
yt-24159,2,3,BFuz4UsYRVo
yt-24161,0,1,9FMxPk9gzQE
yt-24162,1,2,RJtCS_JPMmo
yt-24163,0,1,Ma9wxNfR4WE
yt-24164,0,1,jJgumbOCf20
yt-24167,1,2,MdndAx5sn2w
yt-24168,1,2,p2OHilQDZlU
yt-24169,0,1,JijC3ygOdPc
yt-24171,0,1,7TdkfaEYZmI
yt-24172,2,3,CVt3UBCUirg
yt-24173,0,1,WbfouUwNJBA
yt-24174,0,1,mHg4Wat0bdc
yt-24175,1,2,GoudR2XszZs
yt-24176,1,2,BFuz4UsYRVo
yt-24177,0,1,-HCNpvHcEaY
yt-24179,2,3,pXeOtkaIxgU
yt-24180,1,2,lBPNuja7OoU
yt-24182,2,3,nNW5JJk_Jms
yt-24183,0,1,yOFtd313Q6k
yt-24185,1,2,x7MbioSF7-A
yt-24186,2,3,hSgq0CpTJOc
yt-24189,0,1,eOdS_joghKw
yt-24190,2,3,VkuFXSGqxe8
yt-24192,0,1,td4VFyTDeqo
yt-24193,2,3,Gz9czYlpAN0
yt-24194,2,3,3FfQzI9ndXM
yt-24195,0,1,sHoOplgaWWo
yt-24197,1,2,Kftr-xiG-hw
yt-24198,2,3,TK8Y27EogEw
yt-24199,1,2,7Evr9765tRc
yt-24200,0,1,_jvlVlpK-Dk
yt-24201,1,2,DykKWuD5OMQ
yt-24203,2,3,yHNSkqg1xfg
yt-24204,2,3,novideo-24204
yt-24205,1,2,ivKIW1sFE-I
yt-24206,2,4,ioSjfCuVnvs
yt-24207,2,3,Zu90jlvKgYo
yt-24208,0,1,tFC1kNdxCu0
yt-24209,2,3,P1amCSIPKF8
yt-24210,2,3,hULW0_SN1u0
yt-24211,1,2,pgr1-0eZ4wU
yt-24212,0,1,RgOln1BhzbY
yt-24213,2,3,1oQ-7Q4rtqY
yt-24214,2,3,novideo-24214
yt-24215,0,1,mitSurcP298
yt-24216,1,2,m0_SMiOecko
yt-24217,0,1,IZA7R1swt18
yt-24218,2,4,zGmVkufAIcA
yt-24219,1,2,Iwtp0xJjRng
yt-24220,2,4,uu2zRlPidNk
yt-24221,2,3,Nwj5tU2Ikio
yt-24222,0,1,tRo8CQnyIic
yt-24223,2,4,qKahoohkUpM
yt-24224,2,3,FNzEJuVv3qU
yt-24225,0,1,kkc7IIJlDpE
yt-24226,0,1,I_mXAG1yLLw
yt-24227,1,2,w3KQXGHzMaw
yt-24229,0,1,t6BQPZTO6jQ
yt-24231,2,3,KGXq4haYxWo
yt-24232,1,2,m0_SMiOecko
yt-24233,0,1,Bp3yeibMgQ4
yt-24235,1,2,Y3T20pSx4C0
yt-24236,0,1,O0btx0F03AQ
yt-24237,2,3,0l154Fz-9-g
yt-24238,1,2,rtEMyNqyMJ0
yt-24240,1,2,ncsa1omTsdU
yt-24241,2,3,TtMlD1uTN7I
yt-24242,1,2,zTOMEmtYNEY
yt-24244,0,1,YJg7e1yYJXs
yt-24245,0,1,novideo-24245
yt-24246,2,3,pY4yYLRINJ4
yt-24248,2,3,kjrOK7nLsiA
yt-24249,0,0,IsBdqCaHfdI
yt-24250,1,2,J9e-b-mek9A
yt-24251,0,1,30LRFFEkaU4
yt-24252,2,3,PtgjlufcRBg
yt-24253,2,3,7hMfGlt-AfU
yt-24254,2,4,vpoVEhc2Xgk
yt-24256,1,2,uK-MGDE2dE4
yt-24257,0,0,iyW48QOcGmg
yt-24258,2,3,NOi103fqt2U
yt-24260,2,3,25EGxD5Q7Gs
yt-24261,2,3,4dxqHZgFydU
yt-24262,0,1,R2qNMlxy99w
yt-24263,2,3,XLb9fujOmyI
yt-24265,2,3,Pe0SmG6Rzj0
yt-24266,1,2,yLV4MyNTSvo
yt-24267,1,2,T1jWC8z3Gig
yt-24269,2,4,sX5ORTz9SAo
yt-24270,2,3,YWW7oSgN5Tg
yt-24271,2,3,By4b43BuU4Q
yt-24272,2,3,F9MctqJgJVk
yt-24273,0,0,0P1mYlZ4B4I
yt-24274,2,3,8tet3k-677E
yt-24275,1,2,oZN2Ni9yXB4
yt-24276,0,1,51PcBjCbzOY
yt-24277,0,1,vcCoyEl_tpw
yt-24278,2,3,dYBUHBF-yLo
yt-24279,0,1,FAMWKeR_m-A
yt-24280,0,1,OJEOAeL_kMU
yt-24281,0,1,pUWyUUVfkOc
yt-24282,0,1,rZJT646i4TY
yt-24283,2,3,aRj0dfo3pQc
yt-24284,2,3,I5pLLeWFheA
yt-24285,2,3,_zg4pI-Qndc
yt-24288,0,0,sBcv58DvnTc
yt-24292,2,3,diOkxTDJWgI
yt-24294,0,1,wBzCaxmw9os
yt-24296,2,3,YcMbRj-jUxI
yt-24298,0,1,fP7vYBp6c9Q
yt-24299,2,3,ofUyg-pkYV8
yt-24300,2,3,Jkv1y6RSA_o
yt-24302,0,1,Eq8Ic1fZqMc
yt-24304,2,3,aUmRiEhOjBE
yt-24305,1,2,YXhtTgh-igs
yt-24307,1,2,cZh56UqDuAE
yt-24308,2,4,qsncg10fKIM
yt-24309,2,3,unB18Si-rwg
yt-24310,2,3,novideo-24310
yt-24311,0,1,vpoVEhc2Xgk
yt-24312,0,1,DsJlajUSem0
yt-24313,2,3,QpIbaDqvjE0
yt-24314,2,3,Fpo_OmFwiBA
yt-24315,0,1,LueaWiszyKM
yt-24316,2,3,1VTLzDSRNCE
yt-24317,0,1,zI_alFx21dk
yt-24318,2,3,L2ievKIPbJk
yt-24319,1,2,HrFVeChgWzo
yt-24320,1,2,G0O3xtSz2_M
yt-24321,2,3,uOvRcOhIgOY
yt-24324,1,2,bflBgZBwV3g
yt-24325,2,3,5_ZzO4c4bGE
yt-24327,2,3,H5WZyDQmS40
yt-24328,1,2,JimcBwl9V64
yt-24329,2,3,sX5ORTz9SAo
yt-24330,1,2,Poy35rRTf3Y
yt-24331,0,1,aHKhENM--G0
yt-24332,2,3,APHOL8Pmuq4
yt-24333,2,3,_F_JlDNGoi0
yt-24334,0,1,lvTBdyoNLM0
yt-24335,0,1,GJEjnf19Dqw
yt-24336,2,3,jHaA28qLf8I
yt-24337,2,3,tAHK6E03ORo
yt-24338,2,3,KCqHky2T-B8
yt-24339,2,3,yypLKij21-Y
yt-24340,0,1,0Y2mwEJ26N0
yt-24341,0,1,3aeJpHCTGMY
yt-24342,0,1,GIcjXk4ie2w
yt-24343,2,3,IjyH-MvF1tQ
yt-24344,2,3,IRObFMbFOIU
yt-24345,1,2,R_OpyFugANM
yt-24346,1,2,OhQXv414rPc
yt-24349,1,2,ZOUSjqTH1xk
yt-24350,1,2,PSDZRrtFYn4
yt-24351,1,2,FTKDwF3JyXo
yt-24352,1,2,HlWr0KxtfwM
yt-24353,2,3,rKgAAYXv5BM
yt-24354,1,2,9FZQ0My-Wrg
yt-24355,0,0,unB18Si-rwg
yt-24356,2,4,Dl5LrI9XmI0
yt-24357,0,1,7TMlJJsV10E
yt-24358,2,4,mPRO4nFVwy8
yt-24359,2,3,RN0zNNH89h8
yt-24360,1,2,dExQ0YjkPiM
yt-24361,0,1,ZlW7lcf54nI
yt-24365,1,2,dX7qmhhwT20
yt-24366,2,3,roB6y6pEUoU
yt-24367,0,1,rZJT646i4TY
yt-24368,2,3,UeuyX3AGVS0
yt-24369,2,3,IlW4Ljyc2rY
yt-24370,0,0,cCJi_9GV44c
yt-24371,0,1,FJagwas5CuY
yt-24372,2,3,F-vNhkiQoIc
yt-24373,1,2,HtqyzjEuwlE
yt-24374,0,1,ZlW7lcf54nI
yt-24375,0,1,lZJ5okn5ayI
yt-24377,1,2,76zHukv5Tro
yt-24378,2,3,vpoVEhc2Xgk
yt-24379,2,3,Ia4RNWhq9K0
yt-24383,2,3,aUgYVg3wLNI
yt-24384,0,1,o0xbhlphYTw
yt-24385,1,2,unB18Si-rwg
yt-24386,0,1,RbkVuJqb_YQ
yt-24388,0,1,V-nZDGMn4tA
yt-24389,0,1,6zWW6_5DDT8
yt-24390,2,3,SjBG8p6snGg
yt-24391,2,3,MhEQyO4-2o4
yt-24392,2,3,nMMIJWYUcE4
yt-24393,2,4,y-eH5oo7BP0
yt-24394,0,1,miyR7b0h7Eo
yt-24395,2,3,J9e-b-mek9A
yt-24396,2,3,yRHyuX8UyLk
yt-24397,1,2,w2mEM_VPaZQ
yt-24398,2,3,wbm9gWyUH54
yt-24399,2,3,HbIjYry4ZAc
yt-24401,2,3,T_h21T1MZVo
yt-24402,0,1,novideo-24402
yt-24403,2,3,DKn70lZxLHw
yt-24405,2,3,zmzViKuHvDw
yt-24406,2,3,JH5qHfBPZcE
yt-24407,2,3,C3z79NQUX28
yt-24408,0,1,rZJT646i4TY
yt-24409,0,1,KS9reJk4bpI
yt-24410,2,3,8UH6G1LnXR8
yt-24411,0,1,yafuPWp8TRY
yt-24413,1,2,OhQXv414rPc
yt-24414,0,0,RsgC3AJckTo
yt-24416,1,2,8WBuohKUIN4
yt-24417,0,1,EsOgyP7ZuV4
yt-24418,2,3,mPQuhb-8_28
yt-24419,1,2,U7B6JOjQb6A
yt-24420,0,1,uJRq7aISZdo
yt-24421,1,2,k4VurHbhoyM
yt-24422,1,2,W93B7cSaKLg
yt-24423,0,0,EDH5TMcB4Ec
yt-24424,2,3,l2KmCArrGOw
yt-24425,2,3,Rg9jY4y6lrk
yt-24426,1,2,qmraiz5g5AM
yt-24427,1,2,NxynorWXCms
yt-24429,0,1,NPGSQHkfksc
yt-24430,1,2,H6WRH9RNcNw
yt-24431,2,3,_FoIY4MdolE
yt-24432,0,1,YdUg2C08ay8
yt-24433,2,3,lXvo5vZ4jH8
yt-24434,0,1,AoxElu86RyE
yt-24435,1,2,HlWr0KxtfwM
yt-24436,2,3,4udGUaa-PKs
yt-24437,0,1,7FXVFkHBNd8
yt-24438,1,2,cfP0cBKHXo0
yt-24439,2,3,lIB4Jm8DQ4Y
yt-24440,0,1,tmerVM9YiMc
yt-24441,0,1,GzunX8tsTac
yt-24442,1,2,hm6QOQiB-l4
yt-24443,2,3,NwCeg1jqh2Y
yt-24444,2,3,lbkxLbZtPUY
yt-24446,0,0,aKbiackMXMk
yt-24448,0,1,BS6ZFEE8iwU
yt-24449,1,2,3-RDBxuBJgo
yt-24450,2,3,vLzxDhjjKug
yt-24451,2,3,pkseu5q2vnU
yt-24453,2,3,qMAeQeZDgqA
yt-24454,2,3,novideo-24454
yt-24456,1,2,PatLKH9RRPg
yt-24457,1,2,hhX9RUqJazg
yt-24458,2,3,m0_SMiOecko
yt-24459,1,2,LKBVAifN7gc
yt-24460,0,1,AxaIZ36B4C4
yt-24461,0,1,GAJzfHqFfjo
yt-24462,1,2,4lqLScgbQzI
yt-24463,2,3,pXu9urbN6eA
yt-24464,1,2,U6akWLsuYgo
yt-24466,2,3,LlxDEMjUfXQ
yt-24467,2,4,Con0qy_UFaA
yt-24468,2,4,pYh9qS7sLH8
yt-24469,2,3,tWSAeOxCdI8
yt-24470,0,0,onaEQFMRtUo
yt-24471,0,0,JA2Nfbe41hY
yt-24472,2,3,o2O9WDY5ii4
yt-24473,1,2,T1jWC8z3Gig
yt-24474,0,1,-GNhZklDf-Q
yt-24475,2,3,IHqJGDzFGiI
yt-24477,2,3,GHzaMI--BC8
yt-24482,0,1,ktwETEMGT6k
yt-24483,2,3,m0_SMiOecko
yt-24484,1,2,jvv-67ONtzo
yt-24485,2,3,MH8xffY9eyI
yt-24488,2,3,SGX6aguU5QM
yt-24489,1,2,FS3tbcttAps
yt-24491,0,1,dLnvo2YG8us
yt-24492,0,1,UmOeCHZfcP8
yt-24493,0,1,9ejcAz07WMg
yt-24494,2,3,YoD3GqU9HJQ
yt-24495,2,3,Eb8HkfgdYtw
yt-24497,1,2,PHt74nKN0HU
yt-24498,1,2,NBnZ12z72fM
yt-24499,0,1,OTZFm5PQrrs
yt-24500,1,2,pwq-txh6_VY
yt-24502,1,2,mZhm1zQ_RQg
yt-24503,0,1,u55V9qR_fXM
yt-24504,0,1,Y3JNU7H6WEI
yt-24505,1,2,F8HcrCPtadw
yt-24506,2,3,novideo-24506
yt-24508,2,4,IyoZBHfRydM
yt-24509,2,3,x56_pH5OCkU
yt-24510,1,2,bOMp3FbQ8aw
yt-24511,1,2,s0vWaeNugKQ
yt-24513,2,3,vqZ92trVpBc
yt-24514,2,3,YoD3GqU9HJQ
yt-24515,0,1,novideo-24515
yt-24516,1,2,URWOakc0F40
yt-24517,0,1,AhYTQIPW6dM
yt-24518,0,1,5TIb88zfR8U
yt-24519,0,1,oKNvHrDduss
yt-24520,0,1,2zXh1XqNU64
yt-24521,1,2,oZN2Ni9yXB4
yt-24523,0,1,cEwrdybyPus
yt-24524,1,2,s9_m1BAoC50
yt-24525,0,1,tmerVM9YiMc
yt-24526,0,1,xxmRMBtquOg
yt-24528,0,1,i1-Ccx0wFRA
yt-24529,2,3,I5pLLeWFheA
yt-24530,1,2,qlA7BsljdG0
yt-24531,2,3,nbJ8MrQgqqc
yt-24532,1,2,osWWHh2WD7A
yt-24534,2,3,6mhlN0VdTmY
yt-24535,1,2,BCHDTcTNbag
yt-24536,0,1,RHDX3l8RadY
yt-24537,0,1,r5IUTk6QLYU
yt-24538,0,1,uqbJrVvRj-g
yt-24540,2,3,-DaLzhF64DM
yt-24541,0,1,P051rbLjttY
yt-24542,2,3,tUG6hftaXgM
yt-24543,0,1,FM8dg8dQ46Y
yt-24545,1,2,t8LKmvuoDlo
yt-24546,1,2,_QjGMChHEQc
yt-24548,0,1,WD5HrfQ1HPw
yt-24549,0,1,M4yl9pIKqPc
yt-24552,2,3,J9e-b-mek9A
yt-24553,0,1,_H9Pr_j7M4U
yt-24554,1,2,-VDjG0yKBls
yt-24555,0,0,l8xUFhkVwIM
yt-24556,1,2,Ou2ERmoskGY
yt-24558,2,3,vI1P16MO6IM
yt-24559,2,3,9jf9oH1be-A
yt-24560,2,3,m0_SMiOecko
yt-24561,1,2,Tx8KkLzB0Jk
yt-24562,2,3,tAHK6E03ORo
yt-24563,2,3,J9e-b-mek9A
yt-24564,0,1,A4apa_nAv08
yt-24565,1,2,gAAQaqQl2eM
yt-24566,1,2,rVsDuNHwyk8
yt-24568,0,1,dOFQL-liask
yt-24569,2,3,4nim041V4Cg
yt-24571,2,3,IsBdqCaHfdI
yt-24572,2,3,1VTLzDSRNCE
yt-24573,0,1,bOMp3FbQ8aw
yt-24574,0,1,qPw-VFxzyJY
yt-24576,1,2,A4b0Hstemfo
yt-24578,0,1,t16W8hH9hqY
yt-24579,1,2,SvUqLNC_mPA
yt-24580,2,3,40ns51R4HwY
yt-24581,0,1,CWgX1XGKDpk
yt-24582,2,3,P77UiR1vj9Y
yt-24583,0,1,7E-h4GZQhDU
yt-24584,2,3,aCE9WpOrA_U
yt-24585,0,1,5eTa8HODGYU
yt-24586,2,4,8bXuN0iN5v8
yt-24587,1,2,_AVxGbtBQM4
yt-24588,0,0,xRk7AVuGgeU
yt-24590,2,3,QMw8qHS-uic
yt-24591,0,1,GcT8S-fFDQg
yt-24592,1,2,vKIARZUHGH0
yt-24593,1,2,OrVVe4dUAZo
yt-24594,0,1,DK-L1hS6Iy4
yt-24595,0,0,i0Ae16B9uu8
yt-24596,0,1,dvPC278gs-I
yt-24597,2,3,o4iinRtHD3U
yt-24598,1,2,XhcjvivTqGU
yt-24599,1,2,0hsHP29VbO8
yt-24600,2,3,xYFR5YJ5gv0
yt-24601,2,3,7YXvbfn4IXE
yt-24602,1,2,gSiKulYq6Mw
yt-24603,0,1,novideo-24603
yt-24604,0,1,ukseilGW2Gk
yt-24605,2,3,TPQnk10dGuw
yt-24607,0,1,LDGyooZNX2c
yt-24608,0,1,JN4Tb80wqxM
yt-24611,2,3,D-8WCKrxqGw
yt-24612,1,2,DZn60sILK6A
yt-24613,0,1,bTrQpy0B3zk
yt-24614,1,2,_wUW1tKmVZA
yt-24616,1,2,WCpKtlkGOuY
yt-24618,1,2,vypCmNRmr0A
yt-24619,1,2,pb4qYO7o8wA
yt-24621,2,3,UYlMVjEElQo
yt-24622,2,3,FqfaM7yKapo
yt-24623,2,3,V2-KLXGoznY
yt-24624,0,1,w41u63eippM
yt-24625,2,3,eKogL9pVKKo
yt-24627,2,3,92HfIjdzgII
yt-24628,2,3,pXeOtkaIxgU
yt-24629,2,3,XNg5CP8dw7U
yt-24630,0,1,Ti9MaMq61RM
yt-24631,2,3,IJ9vVLJA0Zw
yt-24632,2,3,z6o6I25klrc
yt-24633,1,2,X7fl-jN24j0
yt-24634,0,1,GCMhIGjZsRs
yt-24635,0,0,XGdufBP5q0M
yt-24637,2,3,38-ahnQ2CKg
yt-24638,2,3,7lNFoATfeZ4
yt-24639,2,3,CiAMHa9ta_M
yt-24640,2,3,ByQvcDGPtQI
yt-24642,2,3,Nyt1Q0QNpq8
yt-24644,2,3,ejPRQ37seqk
yt-24645,2,3,yFYXnKtEZfI
yt-24646,0,1,MGMyBNcXL5c
yt-24647,0,1,JCGGKi6lUsE
yt-24648,2,4,YiLwLsW_MAk
yt-24649,2,3,Bp3yeibMgQ4
yt-24650,2,4,upgzbGLuJsY
yt-24651,0,1,mURdo7tzxe4
yt-24652,2,3,I5pLLeWFheA
yt-24653,0,1,omTecnYGRy8
yt-24654,0,1,HvqZL7IH6Xk
yt-24656,0,1,g_KQ8yUELXg
yt-24657,2,3,-VYypiFjA3I
yt-24659,2,3,-V1Lx8awqog
yt-24660,1,2,pqinvobBwRQ
yt-24662,2,3,VNWCfMuahn4
yt-24664,0,1,cR6UT2vtq2c
yt-24665,0,1,ppVa-oUquhI
yt-24666,2,3,jKmcHlOGHJk
yt-24667,1,2,3aeJpHCTGMY
yt-24668,2,3,novideo-24668
yt-24670,2,3,YoD3GqU9HJQ
yt-24671,2,3,frpGiIWQIBo
yt-24672,0,1,CaODYoZzBAw
yt-24673,0,1,LgBh-NlhDvQ
yt-24674,2,3,m0_SMiOecko
yt-24676,2,3,uK-MGDE2dE4
yt-24678,1,2,Ubn-CKkx-GU
yt-24679,2,3,8Pq3EebghLw
yt-24680,1,2,yshJrqjFPyM
yt-24681,0,1,SCoohtwwij4
yt-24682,2,3,L2ievKIPbJk
yt-24683,0,1,LLJ_8ABRY8A
yt-24686,0,1,uzYdEkQzyaw
yt-24689,2,4,wWq__Nm4gCg
yt-24690,2,3,dWtB-pKaYrw
yt-24691,0,1,qlmoUeCjNtQ
yt-24692,0,1,1q8y6FWPEoA
yt-24693,2,3,zxLJd-1liF0
yt-24694,0,1,Abq4vNaZH-w
yt-24696,2,3,_FoIY4MdolE
yt-24697,1,2,GbCJp2HqDJ4
yt-24698,1,2,xNAyCs4OT9Q
yt-24699,2,3,9yi9kqNKq0c
yt-24700,0,1,5Tt5yqp-JC8
yt-24701,2,4,DcCAoLBiWuc
yt-24702,2,3,novideo-24702
yt-24703,0,1,lxdup1bcUR0
yt-24705,0,1,v4RiM8y89og
yt-24706,2,3,1uUiSGGltAs
yt-24707,2,3,NMYuG6WfmOQ
yt-24708,2,3,SaowleioZkA
yt-24709,0,1,Iykno64pNHI
yt-24710,2,3,ifE4Xi-M6xQ
yt-24711,0,1,Yq0EiGZrFlU
yt-24712,1,2,IjyH-MvF1tQ
yt-24714,0,1,j7UZFRVzl0Y
yt-24715,1,2,vKX91UIGt28
yt-24716,0,0,novideo-24716
yt-24717,1,2,c1v8hryvUiM
yt-24718,2,3,DNeUsrnWC1I
yt-24719,2,3,9coKy-Eyx8g
yt-24720,2,3,E4JinWhJlP4
yt-24722,0,1,WEBMAcgErY0
yt-24723,0,0,EA-pVOEVzoI
yt-24724,0,1,q76_w4QwriE
yt-24726,2,3,sXuskB0pRvY
yt-24728,2,3,pXeOtkaIxgU
yt-24729,2,3,KW9dcsXqkNM
yt-24731,2,3,FqfaM7yKapo
yt-24732,2,3,8UH6G1LnXR8
yt-24733,2,3,8V8wfW7UAJk
yt-24734,0,0,eIuaLn7H8y0
yt-24735,2,3,jX9arXV3ccE
yt-24736,0,1,tzQPRyqeIGg
yt-24737,2,3,BUTiridqfyM
yt-24738,1,2,cfP0cBKHXo0
yt-24739,2,3,ViIDQOQhJ4Y
yt-24742,0,0,7zFG6XcXU2g
yt-24743,2,3,GPizMGwA0Uc
yt-24745,0,1,VkuFXSGqxe8
yt-24746,1,2,JDHRxHGqH0Q
yt-24748,2,3,I0fDsCgxAdQ
yt-24749,2,3,novideo-24749
yt-24750,2,3,YFM8Axmv-jc
yt-24751,2,3,pbVR6dcFA5k
yt-24752,0,1,iGb5TL1wu9E
yt-24755,2,3,EA-pVOEVzoI
yt-24756,0,1,J8-WfWo4_3U
yt-24757,1,2,KboKz9sH7g0
yt-24759,0,1,N38gpjro4OA
yt-24761,2,3,NQ4sX6jJ_54
yt-24762,1,2,KrQC_ZH7Q_o
yt-24764,2,3,lXvo5vZ4jH8
yt-24765,1,2,HvqZL7IH6Xk
yt-24766,2,3,KoNsN022cwk
yt-24767,2,3,pXeOtkaIxgU
yt-24769,0,1,95tdH-GoaNw
yt-24770,1,2,DN8Y5hq8qro
yt-24771,2,3,crxMMjAcugo
yt-24772,1,2,QmvkN5defes
yt-24774,2,3,1KZNiZnHQ_Q
yt-24775,0,1,UnezKUzg2yM
yt-24777,1,2,ZOUSjqTH1xk
yt-24778,1,2,3qUsLgM_3aA
yt-24779,1,2,agd4Qx8tuLA
yt-24780,2,3,qJwNe7Xq21o
yt-24782,1,2,MSZGa0bWhh8
yt-24783,2,3,NOocHm4YRws
yt-24784,1,2,P_PloaHWfoA
yt-24786,1,2,VNFL3tnHd6s
yt-24788,0,1,qWVuTpylM4k
yt-24790,1,2,xpza_QqjdT8
yt-24791,2,3,SH3-06sI77A
yt-24792,0,1,qNxd-GJDhYY
yt-24793,0,1,QmfvaL9RgkE
yt-24794,2,3,-_du-3JWw_w
yt-24795,2,4,F9MctqJgJVk
yt-24796,1,2,GgOOdZ-h1U0
yt-24797,1,2,enO8nAdT_O8
yt-24798,1,2,0Y2mwEJ26N0
yt-24801,0,1,8j2Y9OOLTxs
yt-24802,2,3,K0XSZTOf6UY
yt-24803,1,2,Xi_BwJ6T_3s
yt-24804,2,3,1VTLzDSRNCE
yt-24805,2,3,1FrqdfjJewQ
yt-24806,0,1,KdgSw94DlVk
yt-24808,2,3,P051rbLjttY
yt-24809,2,3,g1UhspNtUiQ
yt-24810,2,3,PkLeE7ksifI
yt-24812,1,2,GooTesfDbFA
yt-24813,2,3,iJOqTKoWOwg
yt-24814,1,2,6u7B_yIiDb4
yt-24815,2,3,m0_SMiOecko
yt-24816,2,3,UN8yQjQGz6M
yt-24817,0,1,UvKk4-jpv0Y
yt-24818,2,3,9gGc3-cGYBA
yt-24819,2,3,HykkwYN7kRw
yt-24820,0,1,6j-mJi4n6Is
yt-24821,1,2,OhrX7At2UAs
yt-24822,2,3,TPQnk10dGuw
yt-24823,2,4,vJv2MpQSeWg
yt-24824,2,3,GJpZNvMareA
yt-24827,0,1,m0_SMiOecko
yt-24829,1,2,zxLJd-1liF0
yt-24830,0,1,YtrnbVqiSZM
yt-24831,0,1,449nXQft214
yt-24832,2,3,novideo-24832
yt-24833,1,2,OhrX7At2UAs
yt-24834,2,3,P051rbLjttY
yt-24835,2,3,Khv8MWrL99g
yt-24837,0,1,pCabfVMypvU
yt-24838,0,1,8uJe2WQYzEY
yt-24839,2,3,tAHK6E03ORo
yt-24841,1,2,5Fd8OxSbi_E
yt-24842,0,1,LCIDe5L-N5Y
yt-24843,2,3,D-8WCKrxqGw
yt-24844,0,0,6PAyvTq4Ahc
yt-24845,2,4,mZhm1zQ_RQg
yt-24846,2,4,qMAeQeZDgqA
yt-24848,1,2,d8AEnhoC7IM
yt-24849,0,0,26j9hwLQHxk
yt-24851,0,1,I0fDsCgxAdQ
yt-24856,2,3,1YZ5yFrk090
yt-24857,2,3,W0Xx5OzQP7o
yt-24858,1,2,PBY9jGOpjfQ
yt-24859,1,2,07C1KJrlTPk
yt-24860,2,3,jvv-67ONtzo
yt-24861,0,1,-imuUuHXJMo
yt-24862,1,2,0gn0jISSgsk
yt-24863,2,3,lxdup1bcUR0
yt-24865,2,4,MvO5xi3CGm8
yt-24867,0,1,fn4eih72BL0
yt-24868,0,1,xNtU89S3YZ4
yt-24870,1,2,0mfy3SJfS7k
yt-24871,1,2,p2OHilQDZlU
yt-24872,1,2,tmerVM9YiMc
yt-24873,1,2,QGCpBOTJXhg
yt-24874,1,2,GRFusZGdzOo
yt-24875,0,0,novideo-24875
yt-24876,0,1,d9rnYFKjwCg
yt-24879,0,1,PgFmpMs5t8Y
yt-24880,0,1,oNW4SkzSi08
yt-24881,1,2,zgkqYNnHMak
yt-24882,2,3,Q1xrr1efk9Y
yt-24884,2,3,eWHRd7pWMeE
yt-24885,2,3,xkGOxPfnqI4
yt-24886,2,3,WceL3-PUXm0
yt-24887,2,3,jvE8btgaS9c
yt-24888,1,2,gYo64GVh46I
yt-24889,0,1,qt4rVgyr1Rg
yt-24892,0,1,LK4Ub8UzVk8
yt-24893,0,1,uTJtDjyPFZc
yt-24894,0,1,_vQc3-omWds
yt-24895,0,1,0etWJDRZj0s
yt-24898,0,1,xlciEfqSzNc
yt-24899,1,2,ptOGJfaXDk4
yt-24900,2,3,Ia4RNWhq9K0
yt-24901,1,2,ZpqJgmftaTg
yt-24902,0,1,Dn46MxQwBgs
yt-24903,0,1,0-ovtBg_Hjo
yt-24904,2,3,188SQ0R8NyQ
yt-24906,1,2,jaklqSNMo3I
yt-24907,2,3,QokMrwVKzZY
yt-24909,0,1,UtKKM5zVblc
yt-24910,2,3,m4dKlzk6FOw
yt-24911,0,1,rnIz7k95rxw
yt-24912,2,3,ZRN4duqATNY
yt-24914,0,1,dGlHMZQtO7U
yt-24915,2,3,8HjR25QB_Io
yt-24916,2,3,vpoVEhc2Xgk
yt-24918,0,1,K8_ukQCDh3Q
yt-24920,1,2,nYWMVHOWNcU
yt-24921,2,3,W93B7cSaKLg
yt-24922,0,1,0IUPr4zLkAY
yt-24924,2,3,BQ4mdxV5Hls
yt-24925,0,1,9hjf3k2Sjjc
yt-24927,2,3,UCJPIZrDmgk
yt-24928,2,3,jBxaqIGa98Y
yt-24929,2,3,EA-pVOEVzoI
yt-24930,0,1,Suex0bSJJCI
yt-24931,2,3,kHwHSMPne2U
yt-24932,0,1,HBGgi36Aulc
yt-24933,0,1,7xCIfAW0CPw
yt-24934,1,2,WscFqyln2i8
yt-24935,1,2,L8s4OkGHZ_g
yt-24936,0,1,B-S-uuiwd_U
yt-24937,0,1,SCeV9iiSN3k
yt-24938,2,3,novideo-24938
yt-24939,2,3,VTNyWzq3kj8
yt-24940,0,1,dyUKWm0u-ms
yt-24941,2,3,1oQ-7Q4rtqY
yt-24943,2,3,xnLTZXHxSa0
yt-24944,2,4,YFM8Axmv-jc
yt-24946,0,1,-xJhcn93M40
yt-24948,2,4,My1CKWZzCew
yt-24952,1,2,otgbqsn7RrA
yt-24953,0,1,CJh_bOMBAqM
yt-24954,2,3,IZQgynGB5Bg
yt-24955,2,3,I6a-drf1VUQ
yt-24956,0,1,oKieT1EnPpw
yt-24957,2,3,6-hnCvWos6M
yt-24958,1,2,pRerRF3DE_w
yt-24959,1,2,WaH9UCAc1E8
yt-24960,0,1,lh0gA99YbVs
yt-24962,2,3,itKTfFjh50I
yt-24963,0,1,vHO06AjYvA4
yt-24964,2,3,-AVpfcE3F3E
yt-24965,0,1,SuQU6hINx0E
yt-24966,0,1,0VHdlG-cyA4
yt-24967,2,3,oUrXO8cMqdY
yt-24968,2,3,_F_JlDNGoi0
yt-24969,0,1,oAAeIeLWOXE
yt-24970,2,3,SEzFaTZy1Xw
yt-24971,2,3,Nwj5tU2Ikio
yt-24972,0,1,unB18Si-rwg
yt-24973,2,3,TEc0hbzEt70
yt-24974,2,3,lq-STRyZvok
yt-24975,2,3,CZST0i3qmC0
yt-24976,2,3,tMFYPR9s_n0
yt-24977,2,3,1VRlsD09id8
yt-24978,2,3,DC05VUtSHmA
yt-24979,1,2,O_-e5eN1ZtY
yt-24980,0,1,GAwdWWUPgnA
yt-24981,1,2,gozEx2t-sk0
yt-24982,0,1,RQWL1m55C58
yt-24983,0,1,TxpmVP2EnCU
yt-24984,2,3,1amSL0WIS-Y
yt-24985,0,1,0e0NfzF-jcY
yt-24986,2,3,Ep61tpBLF_k
yt-24987,2,3,77uCzqCXMzo
yt-24989,0,1,3XUVFzxonzk
yt-24990,2,3,_l_aiZT6kQ0
yt-24992,0,1,y-eH5oo7BP0
yt-24993,2,4,ctVqOm2D4NM
yt-24994,0,1,gL1eFLq5KDM
yt-24995,0,1,lpcZUVgQEOg
yt-24996,2,3,y-ddH3fyaLs
yt-24998,0,0,UNyyd6eZNJU
yt-24999,0,1,novideo-24999
yt-25000,2,3,t_31b272Oi8
yt-25001,2,3,jVVo3io5J3A
yt-25002,1,2,shbOcnkyMok
yt-25003,2,3,F-ni1DFtdr8
yt-25004,2,3,8lH9cp2JEx4
yt-25005,1,2,0CkZ4OoFnzE
yt-25006,2,4,yni-Rl_gvHo
yt-25007,0,1,ebFXTffZLuE
yt-25008,0,1,e3-0Le2ytZE
yt-25009,0,1,AtACJmS8MCg
yt-25010,0,1,OOseF5E2kqo
yt-25011,2,3,-9Ab1oIsyPM
yt-25012,2,3,0tYTvthMPXA
yt-25014,1,2,ZuK4ACMjAGc
yt-25015,0,1,CFC9Xu9U0Do
yt-25016,0,1,uRFP_2R1xlU
yt-25017,0,1,rh6hYPhbur0
yt-25018,2,4,md8ndSY7jUk
yt-25019,0,1,WKHQE36chOs
yt-25020,2,3,hof4KDEExCk
yt-25021,0,1,-VWrqKzVXDw
yt-25022,1,2,tYNTU4bh6e4
yt-25023,0,1,TPQnk10dGuw
yt-25024,1,2,tb-f9smxiWg
yt-25025,1,2,QNxQ9tt5CGo
yt-25026,0,1,zTOMEmtYNEY
yt-25027,2,3,m0_SMiOecko
yt-25028,2,3,xcs6zZmScR0
yt-25029,2,3,ZSw4nXr-Nwg
yt-25030,2,3,jE2A55tf_YY
yt-25031,2,3,-PjY7odIQ1k
yt-25032,0,1,rcHJ9QJkpuI
yt-25033,2,3,bXZWusMdCQo
yt-25034,0,1,lounYQ5WELM
yt-25035,2,3,7FXVFkHBNd8
yt-25036,2,4,h7fitFBcLCE
yt-25037,2,3,DycGCnStUIY
yt-25038,0,0,AlefKV2fe6s
yt-25040,2,3,Y3T20pSx4C0
yt-25042,1,2,3iQkb7qj96Y
yt-25043,1,2,TujT5qsdbkk
yt-25044,2,3,4H_oD2w4C0k
yt-25045,0,1,Zr5F6ehgkZI
yt-25047,0,1,MhEQyO4-2o4
yt-25048,2,3,yL76f9B0VEY
yt-25051,0,1,o0xbhlphYTw
yt-25052,2,4,YoD3GqU9HJQ
yt-25053,1,2,m9wgPfpHreE
yt-25054,2,3,89OtctjaI1Q
yt-25055,2,3,8CklEfc4L6I
yt-25056,2,3,mbcEkJYW8Bo
yt-25057,0,1,novideo-25057
yt-25059,0,1,pqopSaHIgv4
yt-25061,0,1,ekpJa8wLCe0
yt-25062,2,3,ZL6-nQZwjSo
yt-25063,0,1,e-emDJdenXg
yt-25064,2,3,C3z79NQUX28
yt-25065,1,2,PESTJ3zfUKo
yt-25066,2,3,85nahFDPlSg
yt-25067,2,4,V6tY_hjw3DM
yt-25068,2,3,e-dFO5o7YI0
yt-25069,0,1,ETes49S-ts0
yt-25070,0,1,CWgX1XGKDpk
yt-25071,2,3,l0dXBW82v6c
yt-25072,1,2,mZhm1zQ_RQg
yt-25073,2,3,hSgq0CpTJOc
yt-25074,0,1,y-eH5oo7BP0
yt-25076,1,2,aaLkHKhnoCA
yt-25078,1,2,L7cl8usQ1qQ
yt-25079,0,1,novideo-25079
yt-25081,0,1,4NQFwvuWOFs
yt-25083,2,4,P051rbLjttY
yt-25084,0,1,PvV3NIeB3G4
yt-25086,2,4,m0_SMiOecko
yt-25088,0,1,ILgXoS4REsg
yt-25089,1,2,OPCiNPL5ro0
yt-25090,2,3,kKzQScAZ-rA
yt-25093,0,1,hxdRSl5gufQ
yt-25094,0,1,novideo-25094
yt-25095,2,3,KrQC_ZH7Q_o
yt-25097,2,3,m0_SMiOecko
yt-25098,2,3,PkLeE7ksifI
yt-25100,2,4,vpoVEhc2Xgk
yt-25101,2,3,NQ4sX6jJ_54
yt-25102,2,3,BFuz4UsYRVo
yt-25103,2,3,qMAeQeZDgqA
yt-25104,2,3,oZN2Ni9yXB4
yt-25106,0,1,V4-EH5j-e2Y
yt-25107,2,3,mR4mhT0psRs
yt-25108,2,4,wdmYXIBMvvE
yt-25110,2,3,3sJ9hxIKLVk
yt-25111,0,1,d3-ZO8viWdI
yt-25112,0,1,m1JYobTvgYs
yt-25113,1,2,1y2IvCXZhts
yt-25114,0,1,iSKWtgdT6eA
yt-25115,2,3,IfEQvQya5E0
yt-25117,2,4,YFM8Axmv-jc
yt-25118,0,1,Y75S3K2qeo0
yt-25119,1,2,DPngQ7jbcOQ
yt-25120,0,0,wDWr8NhtDWM
yt-25121,0,1,exXMeMHS3yw
yt-25122,2,3,l5gNpa_QekA
yt-25123,2,3,3m8xP36gpvc
yt-25124,0,1,I81Qrs7zIgg
yt-25126,0,1,RwyP5iuao0c
yt-25127,1,2,Y75S3K2qeo0
yt-25128,1,2,SGX6aguU5QM
yt-25129,2,3,petbI3v0fWk
yt-25130,1,2,7pMd3-LjOdc
yt-25132,2,3,245tJt9MIgU
yt-25133,2,3,hJpi0P3yY9g
yt-25134,2,3,epwXjvLUr7E
yt-25135,2,3,p2OHilQDZlU
yt-25136,1,2,zxLJd-1liF0
yt-25137,1,2,YdVPy-RxV78
yt-25140,0,1,kGse0tGRc1k
yt-25141,2,3,iQIAnyUYEI4
yt-25142,0,1,sj4Uw96Z_yI
yt-25147,2,3,iboxnAqyM5A
yt-25148,2,3,38-ahnQ2CKg
yt-25149,2,3,yTnHjR_HyMA
yt-25150,0,1,IyoZBHfRydM
yt-25151,0,0,unB18Si-rwg
yt-25153,2,3,novideo-25153
yt-25154,2,3,y_hy8DfxDsw
yt-25155,2,3,2yfMZjey-Rs
yt-25156,2,4,Gz9czYlpAN0
yt-25157,1,2,3xxPWp4wTi0
yt-25158,0,1,AXyV5nMtBgI
yt-25160,1,2,dYBUHBF-yLo
yt-25161,2,3,JZ167sda6aA
yt-25162,1,2,wjkwoa74XyA
yt-25163,1,2,50_ePQkWBhE
yt-25164,2,3,1VTLzDSRNCE
yt-25166,0,1,YYvLBm8oadQ
yt-25167,2,4,mZhm1zQ_RQg
yt-25168,2,3,TeYFrJ8x-Xs
yt-25169,2,3,ZOUSjqTH1xk
yt-25170,0,1,lQIz8m1hTsc
yt-25172,1,2,9OUdCwBRosc
yt-25173,1,2,ywdkzZxMsrI
yt-25174,0,1,SdPhzSx1OEA
yt-25175,2,3,_RJjGCDSNdk
yt-25176,2,3,VkuFXSGqxe8
yt-25177,0,1,novideo-25177
yt-25180,2,3,MhEQyO4-2o4
yt-25181,2,4,Y3T20pSx4C0
yt-25183,0,0,m0_SMiOecko
yt-25184,2,3,Ep61tpBLF_k
yt-25185,2,4,qkS_iEL_Zds
yt-25186,0,1,giu3Fu3ttB4
yt-25187,0,1,H0bKUYV7g44
yt-25188,1,2,D-1FqwsJooo
yt-25190,2,3,UBAY26elr-w
yt-25192,0,1,1YZ5yFrk090
yt-25193,0,1,o0xbhlphYTw
yt-25194,0,1,K3A1zTTSLcE
yt-25196,1,2,novideo-25196
yt-25197,2,3,TW2kwE44_JQ
yt-25198,0,1,LIotajEMl-c
yt-25199,2,3,1VTLzDSRNCE
yt-25200,1,2,iq7k6DHU8tA
yt-25201,2,3,tAHK6E03ORo
yt-25202,0,1,fn4eih72BL0
yt-25203,1,2,8qWFCf7Ab7Y
yt-25204,2,3,4m_jvmSRt3Q
yt-25205,0,1,D_o2CaLlz8A
yt-25206,2,3,uSyQ2_lhuvI
yt-25207,1,2,JiybeCMqmV0
yt-25208,1,2,AZ8fwLiIshI
yt-25209,1,2,V6FuzQq9hRU
yt-25211,0,1,tzH80XVdt7Q
yt-25213,1,2,Uhv9JUM4OWs
yt-25214,1,2,VJx5K8DIkAQ
yt-25215,2,3,PCFpZ0u_fyM
yt-25216,2,3,82kasMSWOSU
yt-25217,2,4,YojVgKa-GSk
yt-25218,2,3,yHNSkqg1xfg
yt-25219,2,3,vpoVEhc2Xgk
yt-25220,1,2,novideo-25220
yt-25221,1,2,3LQSbZt4V3A
yt-25222,2,3,I5pLLeWFheA
yt-25223,2,3,lounYQ5WELM
yt-25224,0,1,RsVSRyuR7K0
yt-25225,0,1,MhEQyO4-2o4
yt-25227,0,1,YnzgOUBR7pc
yt-25228,2,3,t36UFQm30qg
yt-25229,1,2,4UyfK_NgGUg
yt-25232,0,1,s9cvwkU0cUY
yt-25233,0,1,BB_ILsG3uXA
yt-25234,2,3,-yApQoSgOrM
yt-25235,2,3,8qWFCf7Ab7Y
yt-25236,2,3,7pGa7eUaZdc
yt-25237,1,2,5an2yW2g_HQ
yt-25238,2,3,0Vt75QY6Pr8
yt-25239,2,4,dYBUHBF-yLo
yt-25241,2,3,1oQ-7Q4rtqY
yt-25242,2,3,udeyypQDi5w
yt-25243,1,2,0Z-zXqTO3b4
yt-25244,2,3,RN0zNNH89h8
yt-25246,0,1,ZuK4ACMjAGc
yt-25247,2,3,oHibNbmAZ8w
yt-25248,2,3,novideo-25248
yt-25249,2,4,2WfoJ_L3lHg
yt-25250,0,0,KT78CCbrqgU
yt-25254,2,3,balRzO-G8eU
yt-25255,2,3,B-9JGc_rvXg
yt-25256,2,3,CBVGd8NfMxk
yt-25257,1,2,UkBIk52H2yQ
yt-25258,0,1,v9QN-uOoD7c
yt-25259,2,3,OuiPbUReHDs
yt-25260,2,3,zc8l0-fVyko
yt-25261,2,3,DC05VUtSHmA
yt-25262,0,1,MhOfvffUbEY
yt-25263,1,2,6dB3eZcHg5A
yt-25266,2,3,JNhSAtoeM9w
yt-25267,2,3,FqfaM7yKapo
yt-25268,2,3,tAHK6E03ORo
yt-25269,0,1,mTSYjbaQyo8
yt-25270,0,1,ujP3Fb1PJgY
yt-25272,0,1,Abq4vNaZH-w
yt-25273,1,2,Fe8Mh4FKZ4I
yt-25274,0,1,-wq4XLNqR1Q
yt-25275,1,2,3SgI8RKVgl4
yt-25276,2,4,swMgpONVUTw
yt-25277,0,0,novideo-25277
yt-25278,0,1,pCabfVMypvU
yt-25279,2,3,1kyirPaUQwg
yt-25281,2,3,enVAxAV_Sg4
yt-25282,2,3,GZACPpWG5zw
yt-25286,1,2,YoD3GqU9HJQ
yt-25287,1,2,pXeOtkaIxgU
yt-25288,1,2,yoD6NIPfS_8
yt-25289,1,2,HH42bwHLbVU
yt-25290,0,1,OVpQGCu15O4
yt-25291,2,3,aGWfgeP7u9E
yt-25292,0,1,0SmP7KUKQdk
yt-25293,0,1,ekOdWMhbdh0
yt-25295,2,3,QAtPYVJzeZ4
yt-25296,1,2,J9e-b-mek9A
yt-25297,0,1,9TmO9LA0c0U
yt-25298,0,1,ATWAlBNnBUk
yt-25299,2,3,iKhRnkaXZeI
yt-25301,1,2,g1UhspNtUiQ
yt-25303,0,1,Uo72ijyLlGU
yt-25304,2,4,tAHK6E03ORo
yt-25305,1,2,d7IHPrwhOss
yt-25308,1,2,bUswGiwRrjM
yt-25310,0,1,kwrfYl1rAjg
yt-25313,1,2,fQ7P3lT27vQ
yt-25314,0,1,sBcv58DvnTc
yt-25315,2,3,C3z79NQUX28
yt-25316,0,1,8oVpLsFr38A
yt-25317,0,1,MSZGa0bWhh8
yt-25318,2,3,tCfU8b-XWHI
yt-25319,2,3,JKbYlkCT1PA
yt-25320,1,2,2Wqlf1eWrgI
yt-25321,2,3,QGCpBOTJXhg
yt-25323,2,3,Fz0Pnfi5Bss
yt-25324,1,2,oZN2Ni9yXB4
yt-25325,1,2,lXvo5vZ4jH8
yt-25326,0,1,zaOiWaQPiHE
yt-25327,0,1,uXFOFvBbagw
yt-25328,2,3,novideo-25328
yt-25329,2,3,rKgAAYXv5BM
yt-25330,0,1,v4RiM8y89og
yt-25331,2,4,s0nuKKa7Lv0
yt-25332,2,4,VqHcKbY3Jm4
yt-25333,1,2,Iykno64pNHI
yt-25334,2,3,P051rbLjttY
yt-25335,0,1,pCabfVMypvU
yt-25336,0,1,4WrHocm3Yow
yt-25337,2,3,pXeOtkaIxgU
yt-25338,2,3,ejPRQ37seqk
yt-25339,2,4,0l154Fz-9-g
yt-25340,2,3,WfshEpeYqSo
yt-25341,2,3,923pBLu0Eto
yt-25343,0,1,novideo-25343
yt-25344,1,2,U46un3z29No
yt-25345,2,3,pXeOtkaIxgU
yt-25346,0,1,aPKo6wwTWoM
yt-25347,2,3,3kXpCmuHUMY
yt-25348,2,3,u7whJGwIipQ
yt-25349,1,2,oMCQn9gtJ4Q
yt-25350,0,1,bZAjeSUFiEE
yt-25351,2,3,Rotau7SrnxM
yt-25352,0,1,tLN-EfQ5rUc
yt-25355,2,4,YD3OakzpBLc
yt-25356,1,2,M4yl9pIKqPc
yt-25357,0,1,tEbr1xTKeMg
yt-25358,2,3,4_2PDhU2AlE
yt-25360,1,2,rbNskSNF9tE
yt-25363,0,1,QIbKkXoy6z8
yt-25364,1,2,SZyCzPf24ZY
yt-25366,0,1,eHTYAg9mpRI
yt-25367,0,1,Xv96izCPxus
yt-25368,0,1,UWZa9JjNcMI
yt-25369,2,3,HU3IEzXXD6c
yt-25370,2,3,GHzaMI--BC8
yt-25371,2,3,C_1VjcKhQM8
yt-25372,2,3,0aUFMeYYPdY
yt-25375,2,3,AVKCwG_kMDQ
yt-25376,2,3,unB18Si-rwg
yt-25377,0,1,ZS4_w1xK3OE
yt-25378,2,3,0adDCIPFUX4
yt-25379,2,3,TEc0hbzEt70
yt-25380,2,3,VcjzHveiXSc
yt-25381,2,3,drg3RyPk9e8
yt-25382,0,1,bOMp3FbQ8aw
yt-25384,2,3,7pdagiR3I6g
yt-25385,1,2,KR29LHq3dWg
yt-25386,2,3,mSk3DGJCmrc
yt-25387,0,1,NxypeHZMIGQ
yt-25389,2,3,1dUj6AUvM0g
yt-25390,2,3,245tJt9MIgU
yt-25392,2,3,9hmhPF0bj9I
yt-25393,0,1,YD3OakzpBLc
yt-25394,0,1,9I0eFi2GYvY
yt-25395,2,3,1FrqdfjJewQ
yt-25396,2,3,sXuskB0pRvY
yt-25398,1,2,AxaIZ36B4C4
yt-25399,2,3,mZhm1zQ_RQg
yt-25400,0,0,0CkZ4OoFnzE
yt-25401,0,1,H5WZyDQmS40
yt-25402,2,3,diOkxTDJWgI
yt-25403,0,1,c0iP96eKztY
yt-25404,0,1,PkuIIbz26TM
yt-25405,2,3,ePPdP_mXeiQ
yt-25407,0,1,novideo-25407
yt-25408,1,2,ihl0zMt0x9g
yt-25409,2,3,yjvr_kjUEys
yt-25410,2,3,WLvNduYzKgc
yt-25411,1,2,76zHukv5Tro
yt-25412,0,1,cCJi_9GV44c
yt-25413,0,1,Nm8on_ZzXQc
yt-25414,2,3,u-iGWi3t-nw
yt-25415,1,2,ZpqJgmftaTg
yt-25416,0,1,QmfvaL9RgkE
yt-25417,1,2,VWKzNha0JOc
yt-25419,1,2,3okKhqMnD2g
yt-25420,2,3,VkuFXSGqxe8
yt-25421,0,1,novideo-25421
yt-25422,0,1,hvbBN0_Eet4
yt-25423,2,3,kHPHjZQ6KSE
yt-25424,2,3,8AhBrF_y9AM
yt-25426,0,1,dTcYnF1rSjA
yt-25428,1,2,VNFL3tnHd6s
yt-25429,1,2,Xx1Uqc41MUs
yt-25430,2,3,isaWzqolN44
yt-25431,1,2,QFmkDY-LQXg
yt-25432,1,2,sJw4ipms6tw
yt-25433,0,1,Q2-sdYOcPng
yt-25435,2,3,QLfX4FD7aiE
yt-25437,1,2,ZOUSjqTH1xk
yt-25438,0,1,HM5BUqIugV8
yt-25439,0,1,PqH8VDPjGrE
yt-25440,1,2,FM8dg8dQ46Y
yt-25441,2,3,81Ir39n_K-A
yt-25443,2,3,SGX6aguU5QM
yt-25444,1,2,LJDxqnJksc0
yt-25445,2,3,bh4WXFZTFCw
yt-25446,0,1,C3z79NQUX28
yt-25447,2,3,kpm0prijQeA
yt-25449,1,2,t36UFQm30qg
yt-25450,0,0,xhpA_5GjH6s
yt-25451,0,0,FupdJSoFPeI
yt-25452,0,1,-VWrqKzVXDw
yt-25453,0,1,ZHy4NzqhUaY
yt-25454,2,4,_9CO4EiS0qc
yt-25455,0,1,mURdo7tzxe4
yt-25457,2,4,z6o6I25klrc
yt-25458,1,2,sIpop6Hg810
yt-25459,1,2,p0y5M_yN8oA
yt-25460,2,3,_kBt-B3CTHY
yt-25462,1,2,mwh_60brRjc
yt-25463,1,2,pXeOtkaIxgU
yt-25464,2,3,VkuFXSGqxe8
yt-25465,0,0,GfxqV1ARSGw
yt-25468,1,2,mdea1AWMcqA
yt-25469,0,1,Of43L-Xj3g0
yt-25470,1,2,MTQJ_WcJYrg
yt-25471,1,2,05OqGt0-3_Y
yt-25472,2,4,GcGlMpye-yY
yt-25473,2,3,x9KHkDWtmhc
yt-25474,0,1,Y75S3K2qeo0
yt-25475,2,4,dYBUHBF-yLo
yt-25476,0,1,fulCCOU6joE
yt-25477,2,3,BxAXIxZqN6A
yt-25478,2,4,V0Va_HxkKps
yt-25480,0,0,HBGgi36Aulc
yt-25481,0,1,8YqBHMHc5A4
yt-25482,2,3,HyXYwx9AHHI
yt-25484,1,2,oBgdV3AhRWs
yt-25485,0,1,zTOMEmtYNEY
yt-25486,1,2,0uTkpD8_goo
yt-25489,0,1,WdvHe3U235o
yt-25490,2,3,tAHK6E03ORo
yt-25491,1,2,3qUsLgM_3aA
yt-25492,2,3,s6w4ge4KRAE
yt-25493,0,0,4EPnmoWBUfU
yt-25494,2,3,ywdkzZxMsrI
yt-25495,2,3,vpoVEhc2Xgk
yt-25496,2,3,m0_SMiOecko
yt-25497,0,1,JI4yW3AUjbc
yt-25498,0,1,nzF44KFi8gA
yt-25499,2,3,DC05VUtSHmA
yt-25501,2,3,9nDAgz1euZk
yt-25502,2,3,LXeCatSUNRk
yt-25503,1,2,gKz40oYeHwg
yt-25504,2,3,zQiCkbGdrvE
yt-25505,0,1,4nPZtcbOTEE
yt-25506,0,1,egfCUyX2KQs
yt-25507,2,3,sBcv58DvnTc
yt-25510,2,3,UVwj3xZUaM4
yt-25512,0,1,gz5dmj0xmKE
yt-25513,2,3,m6tXUZYXv5Q
yt-25514,2,3,-QwlIJk3zEo
yt-25515,2,3,lOfHTsy5g4Q
yt-25516,0,1,PoJHFctgteM
yt-25518,1,2,ROkG3HBWQ20
yt-25519,0,1,3bkIYqsEUXg
yt-25520,1,2,6g-xu1AZPbg
yt-25521,2,3,NMYDKwAlr5U
yt-25522,0,1,qmraiz5g5AM
yt-25524,1,2,ZqLEVEsiqNs
yt-25525,0,1,CUtYc6Z64uI
yt-25526,2,3,pXeOtkaIxgU
yt-25527,1,2,suibKgFNx5A
yt-25528,0,1,9hABSMgOZZQ
yt-25529,2,3,hNBWjmZ4gTk
yt-25530,2,4,QyyEhXGKQrc
yt-25531,1,2,dN8L4k_8imM
yt-25532,0,1,CxijDbTLp0M
yt-25534,1,2,uOwQPICmsog
yt-25535,0,1,i2XmEt3ftec
yt-25536,2,4,novideo-25536
yt-25538,2,3,v_J-aRYrFEg
yt-25539,2,3,9hmhPF0bj9I
yt-25541,0,1,novideo-25541
yt-25542,2,3,ef4TPcurx5E
yt-25543,0,1,7pnRUVobdgM
yt-25544,1,2,CTO2sVn3SR4
yt-25545,2,3,WSCH4FRaRyQ
yt-25546,2,3,FdVL3t5V-Z0
yt-25547,2,3,1VTLzDSRNCE
yt-25548,2,3,YoD3GqU9HJQ
yt-25549,0,0,bp3TTTMJwGE
yt-25550,0,1,ifyxV7JkmV0
yt-25551,0,1,_FQ0-RjvU1Q
yt-25553,2,3,GyLjJn9iMrQ
yt-25554,1,2,Rf5T8HjnGBo
yt-25555,0,1,novideo-25555
yt-25556,1,2,hx0jhcOL014
yt-25557,2,3,JfND7FWw-pc
yt-25559,1,2,Br02-X3E330
yt-25560,1,2,jVkqxC4ST2Y
yt-25561,0,1,novideo-25561
yt-25562,1,2,FxZGUeXl03M
yt-25563,0,1,GcSgAw6GpI4
yt-25565,0,1,novideo-25565
yt-25567,0,1,FcdwRcrZJ00
yt-25568,1,2,HAA9JBWd3Ls
yt-25569,0,1,439EHKYXHvQ
yt-25570,1,2,ibxTzWfac68
yt-25571,2,3,qpGHlrNOrRU
yt-25573,2,3,qMAeQeZDgqA
yt-25574,0,0,UuyjFjiACCg
yt-25575,2,3,v2OrJg6LaE8
yt-25576,1,2,1VTLzDSRNCE
yt-25577,2,3,iWU0mPVJO8U
yt-25579,0,1,h0Yi8pnwQAY
yt-25581,2,3,m0_SMiOecko
yt-25582,1,2,40ns51R4HwY
yt-25584,2,4,m0_SMiOecko
yt-25586,2,4,NQ4sX6jJ_54
yt-25587,2,3,shRpOw7-gYo
yt-25591,2,4,IJ9vVLJA0Zw
yt-25592,2,3,DC05VUtSHmA
yt-25593,0,1,rBXe77S2zAk
yt-25594,1,2,xwquU-4IGLU
yt-25595,1,2,hyNXMVrypRI
yt-25596,2,3,1VTLzDSRNCE
yt-25599,0,1,EY34hxvOWlE
yt-25601,2,3,GIcjXk4ie2w
yt-25602,1,2,id3-1yMuAp0
yt-25603,2,3,MNJzvE0R770
yt-25604,0,1,gh_Yqe0g3eA
yt-25605,2,3,5_ZzO4c4bGE
yt-25607,0,1,K3b5Q9M8tJc
yt-25608,1,2,MemFyWUOYI4
yt-25609,0,1,jD7zUmcdJw8
yt-25610,0,1,pQ_L1jq92pA
yt-25612,1,2,38WpQsCVJno
yt-25613,2,3,jRwxZiAXeV4
yt-25614,0,1,MXf7VTZEhbk
yt-25615,2,3,1Wnk4JaDimI
yt-25616,2,3,hLQ-hI2Sdg0
yt-25617,0,1,lgbADhdrtQ8
yt-25618,2,3,iQEYWDOuG7Q
yt-25619,0,0,zwwVFse75Is
yt-25620,2,3,iRmZXzKS6e4
yt-25621,2,3,oa4FO8--QNw
yt-25622,2,3,P9Nf8IWiFgA
yt-25623,0,1,_gAU7JcQO6k
yt-25624,2,3,tAHK6E03ORo
yt-25625,1,2,6BXMSfbG-GM
yt-25627,2,3,sYOVgXMTDnc
yt-25628,0,1,G0O3xtSz2_M
yt-25630,2,4,mD_D1JArYZE
yt-25631,2,3,TEc0hbzEt70
yt-25632,2,3,CBVGd8NfMxk
yt-25633,0,1,ZC6eA8Cfjjs
yt-25634,2,3,m0_SMiOecko
yt-25635,2,3,mNs8SyB-TbQ
yt-25636,0,1,zaOiWaQPiHE
yt-25637,0,1,439EHKYXHvQ
yt-25639,2,3,rSlpeFsOsds
yt-25640,1,2,BtNBhnz1hBM
yt-25641,2,3,c77LGfAfYJM
yt-25642,2,3,V-nZDGMn4tA
yt-25643,1,2,-KoN1FWrXLo
yt-25644,2,3,yL76f9B0VEY
yt-25645,0,1,Hd_b2SW-vdo
yt-25646,2,3,m0_SMiOecko
yt-25647,0,1,lZJ5okn5ayI
yt-25648,2,3,ktwETEMGT6k
yt-25649,0,1,k-_pA5XgHI8
yt-25651,2,3,yeTvwHe4h5Q
yt-25652,2,3,idAVZ1sJ2Lg
yt-25654,2,4,m0_SMiOecko
yt-25655,1,2,IsBdqCaHfdI
yt-25657,0,1,ZpqJgmftaTg
yt-25659,2,3,8jQMheu5oDc
yt-25660,2,3,wAx7pesU_ac
yt-25661,2,3,3FfQzI9ndXM
yt-25662,1,2,AOvh-BFb1pw
yt-25663,0,1,FyWtzmH05k4
yt-25664,0,1,51PcBjCbzOY
yt-25665,2,3,pbMcHtJYKmQ
yt-25666,1,2,o5kSp3pfPz4
yt-25667,1,2,qz_jXBGN_Dg
yt-25668,2,3,SH3-06sI77A
yt-25669,2,3,tAHK6E03ORo
yt-25670,2,3,BtNBhnz1hBM
yt-25671,1,2,0n5VgU_cw6c
yt-25672,2,3,4wo0IEJA280
yt-25673,2,3,PH_8xiKFBxk
yt-25674,0,1,GCay3-U9pxE
yt-25675,2,3,i0Ae16B9uu8
yt-25678,0,1,9TmO9LA0c0U
yt-25679,1,2,vAQLpFocves
yt-25680,2,3,QokMrwVKzZY
yt-25681,0,1,CHw4H9QyWbM
yt-25683,0,1,3sa6H0xBZfU
yt-25684,2,3,ecP7pOzPfRg
yt-25685,0,1,novideo-25685
yt-25687,2,3,O8UbebwydaQ
yt-25688,0,1,kdpl7l4IZ28
yt-25689,0,1,8tR0YQxyjdI
yt-25690,2,3,qh85fT3ARe8
yt-25691,0,1,ZarY61rCiDU
yt-25692,2,3,uOvRcOhIgOY
yt-25694,2,3,qGKAHFvdYT8
yt-25695,1,2,T1ptxofz_hA
yt-25696,0,1,1XRVcZ3IePo
yt-25697,2,3,vpoVEhc2Xgk
yt-25698,2,4,hcBvTJhV7MU
yt-25699,1,2,vKvCDkV5XQc
yt-25700,0,1,JuoBg_sRxKA
yt-25701,1,2,_aFV98DwMRY
yt-25702,0,1,pPEkjWBdqxA
yt-25704,0,0,H0bKUYV7g44
yt-25705,0,1,XdJXrpQc5uw
yt-25706,2,3,rmA2BCEq-Gc
yt-25707,0,1,Y75S3K2qeo0
yt-25711,0,1,novideo-25711
yt-25713,0,1,PGOw3fzvUew
yt-25714,1,2,Bp_m4auqBG0
yt-25715,0,1,PQF5zRcljks
yt-25716,1,2,81w2ir4SMXg
yt-25717,0,1,MdndAx5sn2w
yt-25718,2,3,Z9k5dWX3Vlc
yt-25720,2,3,Xx1Uqc41MUs
yt-25721,2,3,IIvTCKyAx90
yt-25722,1,2,PvV3NIeB3G4
yt-25723,2,4,dudOCiqUrd8
yt-25724,0,1,ptpl25AWYCs
yt-25725,2,4,jaklqSNMo3I
yt-25726,0,1,zhyHyeWp8qM
yt-25727,0,1,Ep61tpBLF_k
yt-25730,0,1,5Zt-bUk5Pfk
yt-25731,1,2,rM4H4wAGQ-A
yt-25732,2,3,MJJYgZFTjso
yt-25733,1,2,lwrg6SyK2EY
yt-25734,2,3,m0_SMiOecko
yt-25735,2,3,NY3X_6i4eME
yt-25737,0,1,REEs2dmC2ag
yt-25738,0,1,tnr4Xn8bBb0
yt-25739,1,2,8P3Y0b9uvvw
yt-25740,2,3,Bx7LnTVRGpY
yt-25741,2,4,F9MctqJgJVk
yt-25743,1,2,C3z79NQUX28
yt-25744,0,1,J9e-b-mek9A
yt-25746,0,1,H0bKUYV7g44
yt-25748,2,3,QY22yLb7IH0
yt-25749,1,2,zhngeBSdLpc
yt-25750,0,1,rmA2BCEq-Gc
yt-25751,0,1,-BK_OEyGS-4
yt-25752,0,1,qVHRQuearVc
yt-25753,2,3,NWaRM1VFxDQ
yt-25754,2,3,Uk0B3EKJZj0
yt-25755,0,1,K8_ukQCDh3Q
yt-25758,2,3,lpcZUVgQEOg
yt-25759,2,3,m0_SMiOecko
yt-25760,2,3,VkuFXSGqxe8
yt-25761,0,1,rb6xDZ6OGSQ
yt-25762,1,2,-Fa-n9q-WJQ
yt-25763,0,1,Xf0qiwN5xX4
yt-25766,2,3,Z_IdUcquIaU
yt-25767,2,3,coiezdLS08o
yt-25769,1,2,D-uZmr5IIXY
yt-25770,2,3,c6KtDVUHB3A
yt-25773,1,2,ivJPanKeQz8
yt-25774,1,2,O_-e5eN1ZtY
yt-25775,0,1,VkuFXSGqxe8
yt-25776,0,1,Da6ljj6yT0U
yt-25777,1,2,C8miItgPG9E
yt-25778,2,3,QHCj3oHrxEs
yt-25779,0,1,E3OcWQlV02M
yt-25781,0,1,itDpHvtRysE
yt-25782,1,2,ExCgQEQuCGQ
yt-25783,1,2,96xL32RbH5U
yt-25784,2,4,2CRDRGUW1Yo
yt-25785,1,2,gUNBTgEuhYY
yt-25786,0,1,IM-h36KAGjk
yt-25787,1,2,yTnHjR_HyMA
yt-25788,1,2,o_e89L4bRjc
yt-25790,0,1,wjkwoa74XyA
yt-25791,2,3,-DNfMMg7kac
yt-25792,2,3,hmp4ZVhgm8o
yt-25793,0,1,_HDrT1rZ5lc
yt-25794,0,1,unB18Si-rwg
yt-25795,1,2,xoDlGYvTK78
yt-25796,0,1,AdoHh0KlG-o
yt-25797,0,1,qcFU3KGNuVo
yt-25798,2,3,8UH6G1LnXR8
yt-25799,2,3,novideo-25799
yt-25800,1,2,DcYW0GoIcA0
yt-25801,0,1,g-FTNr1hDD0
yt-25802,0,1,DMaO5PcQ-Mg
yt-25803,1,2,_wUW1tKmVZA
yt-25804,1,2,-Knz3Uiu4RI
yt-25805,0,1,aUxywGzItxo
yt-25806,1,2,m0_SMiOecko
yt-25807,2,3,XHqFoc0Gpk0
yt-25808,2,4,4m_jvmSRt3Q
yt-25809,1,2,W93B7cSaKLg
yt-25811,1,2,4pIncVG1SRY
yt-25813,0,1,vI1P16MO6IM
yt-25815,0,1,J9e-b-mek9A
yt-25817,2,3,RQ_87n6BH10
yt-25818,2,3,xUlvu2hgZwA
yt-25819,0,1,LQ_IPXxEyGQ
yt-25822,0,1,FzqYFKERtUQ
yt-25823,1,2,G3cOtJ-Kmjc
yt-25824,0,1,XdJXrpQc5uw
yt-25825,0,1,QQwQ90T1rjE
yt-25826,1,2,y9UtWHfG31U
yt-25827,1,2,B_wmvqYSHZU
yt-25829,1,2,aEHQ0wMdy1c
yt-25830,1,2,igt7Em1dKLY
yt-25831,0,1,XhcjvivTqGU
yt-25832,1,2,tAHK6E03ORo
yt-25833,1,2,Jbz1ZgOqm7c
yt-25834,1,2,I8eozOk62U4
yt-25835,2,3,VaF4-XBfpus
yt-25837,0,1,novideo-25837
yt-25838,0,1,-lIB3vNY-lg
yt-25839,2,3,OWh2jtr30j8
yt-25840,0,1,m3Azj2vAp6I
yt-25841,2,3,m0_SMiOecko
yt-25842,2,3,WfshEpeYqSo
yt-25843,2,3,WOdUJoLRfSc
yt-25844,0,1,d8UeayAtZDo
yt-25845,0,1,novideo-25845
yt-25846,2,3,ZOUSjqTH1xk
yt-25847,0,1,1qyMWtUu9KQ
yt-25848,2,4,TEc0hbzEt70
yt-25849,0,1,9EiZB3AwlGI
yt-25850,2,3,JYDdphFR3vs
yt-25852,0,1,KUIjBVsuROY
yt-25853,1,2,DcYW0GoIcA0
yt-25854,0,1,novideo-25854
yt-25855,2,3,EwiMLHfwePg
yt-25857,0,1,qRbAaAP23nk
yt-25859,1,2,QFH3yh9sD9Y
yt-25860,0,1,9XvlHN0UPbk
yt-25861,2,3,L2ievKIPbJk
yt-25862,0,1,LRF8nUcEb8I
yt-25863,2,3,IWF2ukdI3Fs
yt-25864,2,3,f1orGPiOOdY
yt-25865,2,3,EJKfz3PFAzk
yt-25866,1,2,26yj_7OnOgE
yt-25868,0,1,PkVpVjTCBMY
yt-25869,0,1,SPTOhjRvtNc
yt-25870,0,1,sdke5tUZXjw
yt-25871,2,3,3yzavS-7Lxw
yt-25872,2,3,8UH6G1LnXR8
yt-25874,2,3,ku-JZpDMg0I
yt-25875,0,1,0Y2mwEJ26N0
yt-25878,2,3,-HHOOoGC1NQ
yt-25880,2,3,pb4qYO7o8wA
yt-25881,2,3,Qcc77EXE6cc
yt-25882,0,1,CEh2uc8q-YI
yt-25883,2,3,sTeR8L0DjMs
yt-25884,1,2,HBGgi36Aulc
yt-25885,2,3,novideo-25885
yt-25887,0,1,jeZFTotQrks
yt-25888,2,3,SGmZEURQ9SA
yt-25889,1,2,zwUdm26TZaM
yt-25890,2,3,tuqPFKF5NJo
yt-25893,2,3,xk5jUWlygLc
yt-25894,1,2,LH7dW_EWXYc
yt-25896,1,2,fjZDPtppWoo
yt-25897,1,2,0hsHP29VbO8
yt-25898,2,3,2c50hFi9pDs
yt-25899,0,1,AmKAk1yNA1E
yt-25901,2,3,7kCc4g8vT1I
yt-25904,2,3,1FrqdfjJewQ
yt-25906,2,3,uyEp4CAbzPk
yt-25907,2,3,WfshEpeYqSo
yt-25908,2,3,umoINFVUxUk
yt-25909,0,1,scOIfJftpf4
yt-25910,1,2,novideo-25910
yt-25911,0,1,J9e-b-mek9A
yt-25912,0,1,Wo1AB1oKQbI
yt-25913,2,3,oZ1hvGNm7h8
yt-25914,1,2,CWgX1XGKDpk
yt-25915,1,2,3w88Py8mQys
yt-25916,2,3,id3-1yMuAp0
yt-25919,0,1,8p7FIUTswoU
yt-25920,1,2,iK-wqkZIBeI
yt-25922,0,1,XsqI8dhlHNY
yt-25924,0,1,uAe4jCHKX4Y
yt-25925,0,1,gmq73FjpuSg
yt-25926,2,3,qz_jXBGN_Dg
yt-25927,1,2,PcUc5BEVThc
yt-25929,0,1,ZFbHUDObndQ
yt-25930,0,1,fkVcaKvZgoA
yt-25931,2,3,LZgk2qP1zlo
yt-25932,0,1,zeCZCU6b3ko
yt-25933,2,3,xbwQhMvvJ6s
yt-25934,2,3,WfshEpeYqSo
yt-25935,2,4,yNuU2vm2784
yt-25936,0,1,xdBdDXdDMCo
yt-25939,0,1,bpFyi_RRjuA
yt-25940,1,2,GSiyicNHnQM
yt-25941,0,1,unB18Si-rwg
yt-25942,2,3,VWKzNha0JOc
yt-25943,0,1,KJbg_lutvmQ
yt-25944,1,2,188SQ0R8NyQ
yt-25945,0,1,dHkHfGTaZsA
yt-25946,2,3,GuKBqsA9Xtg
yt-25948,2,3,zMVlSPEhol0
yt-25949,2,3,A2qTxWYXuTI
yt-25950,2,4,HJkdBQAMGok
yt-25951,2,3,3-RDBxuBJgo
yt-25952,0,1,novideo-25952
yt-25953,2,3,DC05VUtSHmA
yt-25954,0,1,h0Yi8pnwQAY
yt-25955,2,3,3LQSbZt4V3A
yt-25956,1,2,rN9tj7eEfm0
yt-25957,0,1,DqnTtrreSFU
yt-25958,2,3,_1Y3lmqtxws
yt-25959,1,2,xcH3d0w9Xxw
yt-25960,2,4,pXeOtkaIxgU
yt-25961,2,4,Hux1Rot8W2M
yt-25962,1,2,6TAHX-LwliU
yt-25964,2,4,Zu90jlvKgYo
yt-25966,0,1,sv2WaYHEIRs
yt-25967,0,1,YIfJYUaCuJs
yt-25968,2,3,udeyypQDi5w
yt-25969,0,1,0qTFQ4zhLPE
yt-25970,1,2,novideo-25970
yt-25973,0,1,kPg6sepUtaY
yt-25974,2,3,ZOUSjqTH1xk
yt-25975,0,1,ZS4_w1xK3OE
yt-25976,0,0,PWoNftxGtqM
yt-25978,0,0,3kXpCmuHUMY
yt-25979,2,3,VkuFXSGqxe8
yt-25980,1,2,vpoVEhc2Xgk
yt-25981,2,4,9hABSMgOZZQ
yt-25982,1,2,Ep61tpBLF_k
yt-25983,1,2,H5WZyDQmS40
yt-25984,2,3,3QAGvvaNnAA
yt-25985,2,3,zJgt-WbE7oc
yt-25986,2,4,nytpJhM15Ps
yt-25989,0,1,ptOGJfaXDk4
yt-25990,1,2,pNOw-k4LH4Y
yt-25991,0,1,qTvLAElb5PI
yt-25992,0,1,EMLzsksedW4
yt-25993,2,3,OTZFm5PQrrs
yt-25994,2,3,zJgt-WbE7oc
yt-25995,2,3,T2RfleNg7vQ
yt-25996,1,2,UHb2ArPYfEM
yt-25997,0,1,xYFR5YJ5gv0
yt-26000,1,2,1oQ-7Q4rtqY
yt-26001,1,2,LSRcimS7RWM
yt-26004,0,1,TFIXWU4IU2s
yt-26005,0,1,AUdrab_8q2U
yt-26006,2,3,_qLK1sKKxo0
yt-26007,1,2,FFfC2dvnwWQ
yt-26008,2,3,y3FWQuK8ftw
yt-26009,1,2,lQPHUvfyOI8
yt-26010,1,2,tENdVriyYD0
yt-26011,2,3,1KZNiZnHQ_Q
yt-26012,2,4,ZOUSjqTH1xk
yt-26013,0,1,CWgX1XGKDpk
yt-26014,0,1,ZS4_w1xK3OE
yt-26016,0,1,frJ4Q_IYd1s
yt-26017,0,1,rOaV0ZD8BpA
yt-26018,0,1,rZ7o5rbIbxA
yt-26020,2,3,x7MbioSF7-A
yt-26021,2,3,a2R29Br5rpk
yt-26022,2,3,UCJPIZrDmgk
yt-26023,2,3,dyDMHEeeaUw
yt-26024,2,3,_zg4pI-Qndc
yt-26026,2,3,m0_SMiOecko
yt-26028,1,2,1ZwZLRPXXGY
yt-26029,2,3,JH5qHfBPZcE
yt-26030,1,2,9uX7sYev8OY
yt-26033,0,1,UB4mjl6s3o4
yt-26034,0,1,DM0Yivbiot4
yt-26035,2,3,SGmHjavi56Y
yt-26036,0,1,Il6c0SozdgE
yt-26037,0,1,Ia4RNWhq9K0
yt-26039,2,3,zIcJC44DI4Y
yt-26040,2,3,j84zsPtsDnU
yt-26041,1,2,9yi9kqNKq0c
yt-26042,2,3,m0_SMiOecko
yt-26043,0,1,pRerRF3DE_w
yt-26044,1,2,xjvIW7D3xtU
yt-26046,0,1,1xZwp1H5hNc
yt-26047,1,2,99ybadSUhC8
yt-26049,0,1,RkESngOgNY8
yt-26050,1,2,e1Uqw-tE6nU
yt-26051,1,2,GyLjJn9iMrQ
yt-26052,1,2,hhX9RUqJazg
yt-26053,1,2,a6u-3yTcrug
yt-26055,2,3,novideo-26055
yt-26057,0,1,YhobX7mHyLw
yt-26058,0,1,5Zt-bUk5Pfk
yt-26059,0,1,VkuFXSGqxe8
yt-26060,2,3,EEL3Bbjnmpk
yt-26061,1,2,JapL9Mf-9uI
yt-26062,0,1,novideo-26062
yt-26064,1,2,-shPG--27D0
yt-26065,1,2,LJBYbMSc8dk
yt-26066,2,3,gxi_KMEBkFE
yt-26067,0,1,lNxpRA-0mpQ
yt-26068,1,2,OAmGuRLFFZE
yt-26070,2,4,ayWc8_rZgoo
yt-26071,2,3,kHPwpDDL-Co
yt-26072,0,1,novideo-26072
yt-26073,2,3,Ku1VllsV2yg
yt-26074,0,1,isIuenK2WCs
yt-26076,2,3,C3z79NQUX28
yt-26077,2,3,unB18Si-rwg
yt-26078,2,3,hvBpEd7GOXA
yt-26079,1,2,WTnC_b9Ed5c
yt-26080,0,1,CdkVZmuUZnE
yt-26081,1,2,8ZLmMa12tfk
yt-26082,0,1,7e8IgUrLmDM
yt-26083,0,1,99ybadSUhC8
yt-26084,1,2,1VTLzDSRNCE
yt-26085,0,1,Ho4pbT__VVE
yt-26086,1,2,eXZIhGewguE
yt-26087,2,4,ku-JZpDMg0I
yt-26088,0,0,clMCo6tblTM
yt-26089,0,1,50_ePQkWBhE
yt-26091,2,3,erazHdPBzqQ
yt-26093,2,3,HtqyzjEuwlE
yt-26094,2,4,WOdUJoLRfSc
yt-26096,2,3,m0_SMiOecko
yt-26097,2,3,fokpAzL-spY
yt-26098,1,2,jrkUi8Wgh8A
yt-26099,2,3,OE3noz0lCeo
yt-26100,1,2,cbRkSzFq_O8
yt-26101,0,1,fz2VJlaadp0
yt-26103,1,2,Ze5-h6W2NCY
yt-26104,1,2,V-nZDGMn4tA
yt-26105,1,2,he5KrEXE12g
yt-26106,0,0,novideo-26106
yt-26107,2,3,n5bK-nSQxvE
yt-26108,1,2,WfshEpeYqSo
yt-26109,0,1,K34hgbbSSpQ
yt-26110,1,2,C3z79NQUX28
yt-26112,1,2,B7ZC8Celszo
yt-26113,0,1,G42ofJShJzg
yt-26114,2,3,EqaTFT5ABRU
yt-26115,2,3,9I9ZkuW-w50
yt-26117,1,2,8qWFCf7Ab7Y
yt-26119,2,3,xI6rccsaNCU
yt-26120,2,4,sALWH7gxkng
yt-26121,0,1,AI7p_hwTak0
yt-26122,1,2,_-sXeX9ntsM
yt-26123,2,3,Edumd-GNwwc
yt-26124,0,1,QiIw6-U9IKA
yt-26125,2,4,1VTLzDSRNCE
yt-26126,2,3,fcwowpdUkAY
yt-26128,0,1,wbm9gWyUH54
yt-26129,0,1,pUNt8QgQwvQ
yt-26130,2,4,pNbpijn86ec
yt-26131,0,0,VZSFaT_mkLM
yt-26132,1,2,novideo-26132
yt-26133,2,3,tU4TaICcWOA
yt-26134,0,1,9A2Ue8sX1gg
yt-26135,2,3,9yi9kqNKq0c
yt-26137,0,1,WW8BIIlIt60
yt-26138,0,1,aep5x8G9CWw
yt-26139,0,1,i2XmEt3ftec
yt-26140,0,1,nH6aJeWGH2U
yt-26141,1,2,Qv8olomiWPQ
yt-26142,2,3,m0_SMiOecko
yt-26144,0,1,KE1_wHoU9jU
yt-26146,0,1,isaWzqolN44
yt-26147,0,1,J9e-b-mek9A
yt-26148,0,1,WRX-Nbtmcwk
yt-26149,2,3,4WhUhTzxoeM
yt-26152,0,1,4_AY7toqwE4
yt-26153,1,2,uBNs7d6cQDo
yt-26154,0,0,0iicJ9494Gg
yt-26156,1,2,mgfpAmwu7YI
yt-26159,0,1,uz3_FvDWcz4
yt-26161,1,2,LIxlPUTvzEg
yt-26162,0,1,bBIduwa6jR4
yt-26163,2,3,YDaPeHVWCkc
yt-26166,0,1,JI4yW3AUjbc
yt-26167,1,2,_QjGMChHEQc
yt-26168,0,1,-VDjG0yKBls
yt-26169,2,3,RP6Key8CWhM
yt-26170,0,1,EdKJ2MArvnU
yt-26172,2,3,eRJ1JkbP6GM
yt-26173,0,1,jOFElUa3gWo
yt-26174,0,1,ZbSeq33jAs4
yt-26176,2,3,m0_SMiOecko
yt-26177,0,1,Nyt1Q0QNpq8
yt-26178,0,1,d_eZ4O5HiMQ
yt-26179,2,3,saD2ZaQqjRQ
yt-26180,2,3,lxdup1bcUR0
yt-26181,2,3,4I0rXxzZdI4
yt-26182,2,3,245tJt9MIgU
yt-26184,0,1,Rc0ZGv58hnw
yt-26185,1,2,nudy2GzMfWI
yt-26186,2,4,HtqyzjEuwlE
yt-26187,2,3,MJJYgZFTjso
yt-26188,0,1,8PjZLkD7H6I
yt-26189,0,1,8ochocxoUmc
yt-26191,2,3,ktwETEMGT6k
yt-26192,0,1,2sprZFianpc
yt-26193,0,1,M4yl9pIKqPc
yt-26194,1,2,Ia4RNWhq9K0
yt-26195,0,1,-x-amOsh8cQ
yt-26196,0,1,o0xbhlphYTw
yt-26197,2,3,FqfaM7yKapo
yt-26198,2,3,B-zaLvhYxEc
yt-26199,2,3,VFuA_A53Nwo
yt-26200,0,1,8qWFCf7Ab7Y
yt-26202,2,3,mtOVL0hJFu8
yt-26206,2,3,Fh0zf-U0QKM
yt-26207,1,2,W93B7cSaKLg
yt-26208,2,3,Dr5zSI-8ZBg
yt-26209,2,4,novideo-26209
yt-26211,1,2,H_F1OlsgMn8
yt-26212,1,2,GuXeLXpW7BY
yt-26213,2,3,NZPlEA1I8eI
yt-26214,0,1,StjkPSoqSHk
yt-26215,0,1,pbNR62xqITk
yt-26217,0,1,g8GKqFqbtQM
yt-26218,1,2,GIuWsXDXssA
yt-26219,1,2,UzCSv6AV-UQ
yt-26220,2,3,eg_a_Sbi3gs
yt-26221,2,3,dnkLb4eP2SM
yt-26223,0,1,8TYueSko998
yt-26224,1,2,QY7n-06brwI
yt-26226,1,2,w1cfRTk-DQ0
yt-26229,2,3,MCRlYg2l4Jg
yt-26230,1,2,9-fA8eOvsbs
yt-26231,0,1,m0_SMiOecko
yt-26233,2,3,qMG3BDlmtwI
yt-26234,0,1,vS99HF47vVE
yt-26235,2,3,GIkPxr0NULA
yt-26236,2,3,LXI_helL278
yt-26239,0,1,V4inXNDVL5M
yt-26240,0,1,L_2jZTANM7E
yt-26242,2,3,m0_SMiOecko
yt-26243,2,3,wZjdgFAU0Mk
yt-26246,2,3,WlXkeTfola8
yt-26247,1,2,6FBYX0kFQNU
yt-26249,1,2,7o4deSI588Y
yt-26250,1,2,dX7qmhhwT20
yt-26251,1,2,Z_LpchYYXOw
yt-26252,2,3,DcYW0GoIcA0
yt-26253,2,3,UYsbXBcfOjk
yt-26254,1,2,-VWrqKzVXDw
yt-26256,1,2,DN8Y5hq8qro
yt-26257,0,1,novideo-26257
yt-26258,2,3,P49zOa5-pB4
yt-26260,2,3,mZhm1zQ_RQg
yt-26262,2,3,ZOUSjqTH1xk
yt-26264,0,1,J3GqMQg1Aok
yt-26265,2,3,lcLhi-TSHRY
yt-26266,2,3,x6QDSYgZUqk
yt-26267,0,1,HIIXouQoRys
yt-26268,0,1,YissuUf5g18
yt-26269,0,1,k6HRFEpHdqk
yt-26270,0,1,novideo-26270
yt-26271,2,3,9TV0En4G_c4
yt-26273,1,2,Rl46Q0srLWw
yt-26274,0,1,_VJ7KIQ5hh4
yt-26275,0,1,hXVvknE1IO8
yt-26276,0,1,wH-aOw0aHHI
yt-26277,2,3,Iykno64pNHI
yt-26279,0,1,-o8TmxSmOJU
yt-26280,1,2,U9Ogs-mUhpQ
yt-26281,2,3,snPGQusf_M0
yt-26282,2,3,jKo0Oc_mS0E
yt-26283,0,1,pqSoxY8t24M
yt-26284,0,1,pRerRF3DE_w
yt-26285,2,3,-ANgTHPqjFc
yt-26286,1,2,Ubn-CKkx-GU
yt-26287,0,1,eFcQdfuG_vY
yt-26288,2,3,ctVqOm2D4NM
yt-26289,1,2,-jzu56Ye18k
yt-26290,1,2,A6IMtk3TJEk
yt-26291,0,1,QTkyxOspTw0
yt-26292,0,1,Fkirot6o9Ro
yt-26293,2,3,sBcv58DvnTc
yt-26294,2,3,RbU4wwnyt50
yt-26297,0,1,vpxVjZmHj50
yt-26298,0,1,zTOMEmtYNEY
yt-26299,2,3,TqWdXD23lLU
yt-26300,2,3,mReNPLJ9tMc
yt-26301,0,1,WLSLpHsHgqY
yt-26302,2,3,2egBI4B-TgY
yt-26303,2,3,HFypvjjhIhs
yt-26304,0,1,8uJe2WQYzEY
yt-26305,1,2,iZN_hzqcYBo
yt-26306,1,2,kq6Ud6GO_JY
yt-26307,0,1,3nLgrq3H22s
yt-26308,1,2,CGJvuc56fyU
yt-26309,0,1,cfP0cBKHXo0
yt-26310,0,1,uYyYP43mLig
yt-26315,0,1,foxKzsswWkk
yt-26316,2,3,m0_SMiOecko
yt-26317,0,1,9XvlHN0UPbk
yt-26318,0,1,x8oojlwR2Rc
yt-26319,0,1,DMaO5PcQ-Mg
yt-26321,0,1,IsBdqCaHfdI
yt-26322,0,1,F85faLwfcBI
yt-26323,2,3,lZJ5okn5ayI
yt-26324,0,1,0pNGcZG_7UE
yt-26325,0,1,I8RiLg8jLtc
yt-26326,2,3,u6NFgW_Pmd8
yt-26328,2,3,c0iP96eKztY
yt-26330,0,1,1VRlsD09id8
yt-26332,2,3,R6gMnQMtxIQ
yt-26334,2,3,XcNXSJgzmLo
yt-26335,0,1,iZN_hzqcYBo
yt-26336,1,2,vdzQSC98iPs
yt-26337,2,3,-gkhRF5d6aU
yt-26338,0,1,jBSPfZ6MTlA
yt-26339,1,2,yytZTSfusR0
yt-26340,2,3,I5pLLeWFheA
yt-26341,1,2,tnm6aShGR-I
yt-26343,2,3,UjTKeCpH4QU
yt-26344,1,2,Mk_zsSgR7jk
yt-26345,2,3,JGDdMxxSEiw
yt-26346,2,3,4x4xOr7bCpU
yt-26347,0,1,smLKWm27R8o
yt-26348,0,1,J9e-b-mek9A
yt-26349,2,4,mbcEkJYW8Bo
yt-26350,0,1,vbbUMVoPXnc
yt-26352,0,1,novideo-26352
yt-26353,0,1,qdS8PTXLamc
yt-26354,0,1,6q7Xbgeq2SQ
yt-26355,2,3,uK-MGDE2dE4
yt-26356,2,3,o0xbhlphYTw
yt-26357,2,3,Awi5YLCzRzk
yt-26358,2,3,rcGmFmrvTKI
yt-26359,0,1,xF6fXIv54Q8
yt-26360,2,4,MyB614iZ6mQ
yt-26361,2,4,W5nMzJ1CwcE
yt-26362,2,4,PpkvGZjOkM0
yt-26363,1,2,yqOZ74mR-gI
yt-26365,0,1,1c_xqNB2W58
yt-26366,1,2,VIfGQEiamIs
yt-26367,1,2,84eEATRf5AU
yt-26368,0,1,1oQBjQl_ifg
yt-26370,0,1,WZJb-QoUUKo
yt-26371,0,1,nuO9l5KlASI
yt-26372,2,3,-AVpfcE3F3E
yt-26373,0,1,qHfsZrHTzaM
yt-26374,0,1,UiSAG3N1feU
yt-26375,2,3,TTaNrX9v4oQ
yt-26376,0,1,yCOu66sSRlQ
yt-26378,0,1,BHuVISvio2Y
yt-26379,1,2,R5f00nmec-g
yt-26380,1,2,y_hy8DfxDsw
yt-26381,2,3,hxdRSl5gufQ
yt-26382,1,2,FNYeN_YrAxg
yt-26383,0,1,_46CzJJudnc
yt-26384,0,1,sMn2cizzguU
yt-26385,2,3,4xywRUZjeN0
yt-26387,2,3,LcUSIKVjXng
yt-26388,2,3,pXeOtkaIxgU
yt-26389,0,1,4EPnmoWBUfU
yt-26390,2,3,EzviZNYD6x4
yt-26391,2,3,Svu_1UwiOAc
yt-26393,0,1,UVwj3xZUaM4
yt-26394,2,3,GRFusZGdzOo
yt-26395,1,2,y-eH5oo7BP0
yt-26397,2,3,6mDzX7C12bk
yt-26398,2,3,245tJt9MIgU
yt-26400,2,3,69xYOr3cEhE
yt-26401,0,1,enV0M7iJSsw
yt-26402,2,3,qh85fT3ARe8
yt-26403,2,3,6K0qqR-yEz8
yt-26404,2,3,tuz6F0gvkNQ
yt-26405,0,1,8SBtMMDcebU
yt-26406,1,2,1cqnP_2sQps
yt-26407,2,3,YPqypDFPsIo
yt-26408,2,3,9yi9kqNKq0c
yt-26409,0,1,QOuut66kLCg
yt-26410,1,2,DKn70lZxLHw
yt-26411,1,2,ZzW9IPTruQ0
yt-26412,0,1,5Fd8OxSbi_E
yt-26414,1,2,vJWxsTJyXjY
yt-26415,2,4,bA-mZAoRQuA
yt-26416,1,2,Ubn-CKkx-GU
yt-26417,2,3,NibQSiyQPxw
yt-26418,2,3,E2oHS_YET24
yt-26420,2,4,sepI2oMcbsM
yt-26424,0,1,YXhtTgh-igs
yt-26425,2,4,vA98rMnBKNQ
yt-26426,0,1,1A13Eail-nw
yt-26427,0,1,dapK2TiM_Rg
yt-26428,2,3,Hl3Bg0grAwY
yt-26429,2,3,V0Va_HxkKps
yt-26430,2,4,NyfWXDbJ7nw
yt-26431,1,2,AuFArbFXeVY
yt-26432,1,2,YC8IrLnaAyg
yt-26433,0,1,novideo-26433
yt-26434,2,3,sXuskB0pRvY
yt-26439,1,2,Z3_umP8CgBs
yt-26440,2,3,FuLiO6B1nQw
yt-26441,0,1,kGWv1jigTAM
yt-26442,0,1,_vQc3-omWds
yt-26443,2,3,hmp4ZVhgm8o
yt-26447,0,1,dWtB-pKaYrw
yt-26449,2,3,FTKDwF3JyXo
yt-26450,0,1,SA657GN3fSI
yt-26451,2,3,m0_SMiOecko
yt-26452,0,1,-QOvjCH-xB4
yt-26453,0,1,pXeOtkaIxgU
yt-26455,2,3,CFTyyxTabmE
yt-26456,0,1,z_UDt-RGp48
yt-26457,1,2,5MFMC7A56cs
yt-26458,0,1,BIsFDQXWaQg
yt-26459,2,3,NJ-ik7Lwjoc
yt-26460,0,1,ddCdVDnguWI
yt-26461,1,2,m4EQeQRte84
yt-26462,2,4,YoD3GqU9HJQ
yt-26463,0,1,oeA_er6HaDY
yt-26465,1,2,R81W8AqaFmI
yt-26466,0,1,1bmHfss_cg8
yt-26468,2,3,m9BTZhjwbsA
yt-26469,0,1,awG7q2XUhU8
yt-26470,2,4,BB-JtRfzijs
yt-26471,0,1,L7diazg7HbQ
yt-26472,2,3,hmp4ZVhgm8o
yt-26473,2,3,peHYRcZ_zP8
yt-26474,0,1,3iCJd3WqyvM
yt-26475,2,3,hqqfKmahbqY
yt-26476,0,1,QLfX4FD7aiE
yt-26477,1,2,y_hy8DfxDsw
yt-26479,1,2,aqNcmNTKVjg
yt-26480,0,1,sZgbTEpm7XA
yt-26481,0,1,tJbx31WXc7g
yt-26482,0,1,zwwVFse75Is
yt-26483,0,1,novideo-26483
yt-26485,0,1,ZS4_w1xK3OE
yt-26487,2,3,eruCRqf4fzE
yt-26488,0,1,Rc0ZGv58hnw
yt-26489,1,2,qPw-VFxzyJY
yt-26490,0,1,PA7JkAGFSXM
yt-26491,2,3,VfP_rEbsfrs
yt-26493,2,3,DC05VUtSHmA
yt-26494,2,3,J9e-b-mek9A
yt-26495,0,1,6OvoxTiRo8U
yt-26496,2,3,yeqeOY-dFKY
yt-26497,0,1,wjkwoa74XyA
yt-26498,1,2,zhyHyeWp8qM
yt-26499,0,1,fn4eih72BL0
yt-26501,1,2,WlXkeTfola8
yt-26502,2,3,u63N6kzG_qk
yt-26503,2,3,lxc8Z9kejo4
yt-26505,1,2,oT0og4yIswc
yt-26506,1,2,OCI_i2ZMXXM
yt-26507,2,3,BLX7sTQqkYA
yt-26508,2,3,ddfw7-hR3fU
yt-26509,2,4,rSlpeFsOsds
yt-26510,1,2,FuZVA3s7b1c
yt-26512,1,2,y_hy8DfxDsw
yt-26513,0,1,Fw-Cplqw8fw
yt-26515,0,1,Qyk58Zr7_1s
yt-26516,2,4,novideo-26516
yt-26517,0,1,kXYEmWHtNVA
yt-26518,1,2,tPWDIxvvK48
yt-26521,2,3,ZlW7lcf54nI
yt-26522,2,3,KrQC_ZH7Q_o
yt-26523,1,2,V-nZDGMn4tA
yt-26524,2,3,hCN0s8-iS-o
yt-26525,2,4,Ep61tpBLF_k
yt-26526,0,1,B2t2vztIhvw
yt-26527,2,3,SDqZYV_p7xI
yt-26529,1,2,BGYCFQscdaE
yt-26531,2,3,K7b7vGEr6CU
yt-26532,2,3,4ifQRSpMk08
yt-26533,2,3,dYfGYirFV6M
yt-26534,2,3,0wmAXBtSrFo
yt-26536,2,4,fKse611y8lI
yt-26537,2,3,yTnHjR_HyMA
yt-26538,2,3,H9d5iv53lGE
yt-26539,2,4,qCdB13Sg3Ss
yt-26540,2,3,k39DNH5efmM
yt-26541,2,3,KB4t6WLtQtk
yt-26542,1,2,Nyt1Q0QNpq8
yt-26543,2,3,5ccHDMhlHMs
yt-26545,2,4,tAHK6E03ORo
yt-26547,0,1,dX7qmhhwT20
yt-26548,0,1,-ZiOaapkBeQ
yt-26549,2,3,zxLJd-1liF0
yt-26550,0,1,xYFR5YJ5gv0
yt-26551,1,2,OMQLXHJhhYs
yt-26552,2,3,92JB4apdOrw
yt-26553,0,1,QyyEhXGKQrc
yt-26554,0,1,VkuFXSGqxe8
yt-26555,2,4,GHzaMI--BC8
yt-26558,2,3,Abq4vNaZH-w
yt-26560,2,3,TeYFrJ8x-Xs
yt-26561,2,3,SZf0hgLOFcw
yt-26563,0,1,4jjsMHMD154
yt-26565,0,1,rOaV0ZD8BpA
yt-26566,2,3,Ia4RNWhq9K0
yt-26568,0,1,nFsU9NcrZ4U
yt-26569,0,1,tuqPFKF5NJo
yt-26570,2,3,chpg0RHxytw
yt-26571,0,1,MJJYgZFTjso
yt-26572,2,3,nyc3QgMmclU
yt-26573,2,3,k46MhSlsGqU
yt-26574,0,0,novideo-26574
yt-26575,2,3,dYfGYirFV6M
yt-26576,1,2,ubEJjNNsuyE
yt-26577,0,1,lNSRp4eayR4
yt-26578,2,3,m0_SMiOecko
yt-26579,0,1,_-sXeX9ntsM
yt-26580,0,1,peQ2RwyxXpM
yt-26581,2,4,1YZ5yFrk090
yt-26582,0,1,im8BhedAxOI
yt-26583,0,1,j8zJm63fU8o
yt-26585,0,1,rKSGAFJT63A
yt-26586,1,2,o0-b_pguFtk
yt-26587,0,1,gp6yVQz0vcU
yt-26588,0,1,gjUvyUFa1VQ
yt-26589,1,2,m0_SMiOecko
yt-26590,0,1,GZACPpWG5zw
yt-26591,2,3,l64TJ-wyV9M
yt-26592,1,2,vI1P16MO6IM
yt-26593,0,1,JH5qHfBPZcE
yt-26595,2,3,_vfwIFOW59U
yt-26596,2,3,2f9aOJJxJm4
yt-26597,2,3,315rKvtBQcc
yt-26599,1,2,xABqJVC5z34
yt-26600,0,1,EEPYu9_NCcY
yt-26601,1,2,-P4OoK-wzZY
yt-26602,0,0,2zGOv0BgsMA
yt-26603,1,2,y9UtWHfG31U
yt-26605,2,3,nqUzEDp6wFM
yt-26606,0,1,qnTDIrwlFTM
yt-26607,0,1,f1orGPiOOdY
yt-26608,2,3,Ma60BMXLe7s
yt-26610,0,1,novideo-26610
yt-26611,0,1,novideo-26611
yt-26612,2,3,GIEK7nlklo0
yt-26613,2,3,VkuFXSGqxe8
yt-26615,1,2,UYsbXBcfOjk
yt-26616,0,1,BIsFDQXWaQg
yt-26619,0,1,nyAb7v4X_Nc
yt-26621,2,3,VkuFXSGqxe8
yt-26622,0,1,kjDI0bW98PY
yt-26623,0,1,QNxQ9tt5CGo
yt-26624,0,1,ExCgQEQuCGQ
yt-26625,0,1,Bw-I-niLsvc
yt-26628,1,2,rBQ2eOudzrM
yt-26629,0,1,8TVSG65XHsY
yt-26630,1,2,YD3OakzpBLc
yt-26631,1,2,mURdo7tzxe4
yt-26632,2,3,8PoMfRIgp4s
yt-26634,2,3,H5WZyDQmS40
yt-26635,1,2,LcUSIKVjXng
yt-26636,1,2,RnEiqCtr7Jc
yt-26637,2,3,YVd5ck3hTc4
yt-26638,2,3,l153V0bQnbg
yt-26639,2,3,MhEQyO4-2o4
yt-26640,2,3,mZhm1zQ_RQg
yt-26641,1,2,NUXEQaYRLwA
yt-26643,1,2,5c7PvevPRXA
yt-26644,0,1,JD0ffz_OdHE
yt-26645,1,2,9zNFIx3xlPU
yt-26646,2,3,705KDETtyig
yt-26647,2,3,N9V-7TPtVzQ
yt-26648,1,2,hj-M5lR-NCc
yt-26649,0,1,Rc0ZGv58hnw
yt-26650,2,3,f1Oo0dBNgik
yt-26651,2,3,xdf0A68TjNg
yt-26652,2,3,izjmMyE5mq8
yt-26653,2,3,m0_SMiOecko
yt-26654,0,0,fDNJv2YIEdc
yt-26655,2,3,m0_SMiOecko
yt-26656,2,4,o1BmXqFMM_0
yt-26657,0,1,fE0w8cJxt8Y
yt-26658,2,4,GMfYIAiRTQU
yt-26662,2,3,GM0ggmgLsiM
yt-26663,0,1,V4inXNDVL5M
yt-26665,0,1,novideo-26665
yt-26666,2,3,fjZDPtppWoo
yt-26667,2,3,novideo-26667
yt-26668,1,2,d2uD3cBxkHo
yt-26669,2,3,pjbnL3s4RKU
yt-26670,0,1,zwUdm26TZaM
yt-26671,2,3,novideo-26671
yt-26672,2,3,juj3l33q6eA
yt-26673,2,3,novideo-26673
yt-26674,1,2,MZWVCgXG_ro
yt-26675,0,1,4Tfdp1jgoTU
yt-26676,0,1,G6KHT5DdEIk
yt-26677,0,1,3yzavS-7Lxw
yt-26678,0,1,RijDdVu-qQo
yt-26679,0,1,6iZO0uT-MG4
yt-26680,0,1,wwQpj7iC3hM
yt-26681,0,1,Y75S3K2qeo0
yt-26682,2,3,unB18Si-rwg
yt-26684,0,0,UWZa9JjNcMI
yt-26685,2,3,m0_SMiOecko
yt-26686,2,3,LmBgCe6idyA
yt-26687,2,3,ug7g_a63n8Y
yt-26688,2,3,o8-4eE2YgDw
yt-26689,0,0,Yq0EiGZrFlU
yt-26690,1,2,zxLJd-1liF0
yt-26691,2,3,vph7ZQWnPYk
yt-26692,0,1,Wr_530gpHEY
yt-26693,0,1,6u7B_yIiDb4
yt-26694,2,3,Nyt1Q0QNpq8
yt-26695,0,1,novideo-26695
yt-26696,2,3,vpoVEhc2Xgk
yt-26697,1,2,novideo-26697
yt-26699,2,3,94jIWHb6Vek
yt-26700,0,1,GVK1SmCQqpQ
yt-26701,2,3,_QDX1gi3AAw
yt-26702,2,3,dPPgumaP92M
yt-26703,2,3,sepI2oMcbsM
yt-26704,2,3,Pe0SmG6Rzj0
yt-26705,0,1,novideo-26705
yt-26706,0,1,AhH2k6d3BPU
yt-26707,2,3,B_oYIyjkRsI
yt-26710,0,1,sX5ORTz9SAo
yt-26711,2,4,YoD3GqU9HJQ
yt-26712,0,1,bSsoNOO8-fI
yt-26713,2,3,MJJYgZFTjso
yt-26714,0,1,tn63YEUjoFo
yt-26715,0,1,fn4eih72BL0
yt-26716,0,1,Mr3i4lufoxI
yt-26717,0,1,7Zho-4OviEk
yt-26718,1,2,rTjF397Ww00
yt-26719,2,3,jXcy0F1Zsv8
yt-26720,1,2,QDZFjDdZ_5E
yt-26721,2,3,w2mEM_VPaZQ
yt-26722,1,2,oZN2Ni9yXB4
yt-26723,2,3,6FBYX0kFQNU
yt-26724,1,2,g1UhspNtUiQ
yt-26725,2,3,BObJiy5noaM
yt-26726,2,3,Pe0SmG6Rzj0
yt-26729,1,2,bpuojewOdK4
yt-26730,0,1,rTjF397Ww00
yt-26732,1,2,96J-PnnWQpY
yt-26733,0,1,4x9ll6i1Pdg
yt-26734,0,1,fkVcaKvZgoA
yt-26735,2,3,tSFrUUO4AoE
yt-26737,0,1,A7tJ_LXHlLY
yt-26738,2,3,i5s6RUdIJeg
yt-26739,2,3,1oQ-7Q4rtqY
yt-26740,2,4,vcCoyEl_tpw
yt-26741,2,3,Q0VE8pxTBnU
yt-26742,0,1,rFioh-ET-pI
yt-26743,0,1,tySlj0sixuI
yt-26744,2,3,tAHK6E03ORo
yt-26745,1,2,3fTo5rW8gy4
yt-26746,0,1,bdGT_96FlNA
yt-26747,1,2,A6qGjS2n9mo
yt-26749,2,3,PmTI9iG8eTc
yt-26750,0,1,gN0qrg1YtIM
yt-26752,0,1,ixhBgB0YO-M
yt-26753,2,3,lZJ5okn5ayI
yt-26754,0,1,e1J50E6547s
yt-26755,2,3,YoD3GqU9HJQ
yt-26756,2,3,IyoZBHfRydM
yt-26757,1,2,rgQ5jmW90fc
yt-26758,2,3,vFmjs6Efzq4
yt-26759,2,3,AJmR4KLH_9s
yt-26760,2,3,zRZUOiKDNbM
yt-26761,2,3,pzSuYucC7M8
yt-26762,0,0,UWZa9JjNcMI
yt-26763,0,1,dFb-OlXqwv0
yt-26764,0,1,rOaV0ZD8BpA
yt-26766,0,1,unB18Si-rwg
yt-26767,0,1,CfQ87BJv4XM
yt-26768,2,3,r1IMf2ncHkw
yt-26769,0,1,-0ZEcyC0Cqw
yt-26770,2,3,DC05VUtSHmA
yt-26771,2,3,bVftMFsmCBg
yt-26772,2,3,vpoVEhc2Xgk
yt-26773,2,3,UPBMizCgCv4
yt-26774,0,1,FZWeWVEF5l4
yt-26775,0,1,RP6Key8CWhM
yt-26776,2,3,8cAerMoXL5I
yt-26777,2,4,ix-eRb4jqvc
yt-26778,0,1,ReejhPZfYmw
yt-26779,1,2,r2eR2sZAXsU
yt-26780,1,2,pkseu5q2vnU
yt-26781,2,3,1VRlsD09id8
yt-26782,1,2,QNxQ9tt5CGo
yt-26783,1,2,-AVpfcE3F3E
yt-26785,1,2,novideo-26785
yt-26786,2,3,HCr25w_SiFs
yt-26787,1,2,pXdKUWlLH0g
yt-26788,1,2,4nPZtcbOTEE
yt-26791,2,3,UowHP8QnlEU
yt-26792,1,2,MQSPZC9WrQg
yt-26793,1,2,jrVknoTp0Ro
yt-26794,2,3,m0_SMiOecko
yt-26795,2,3,5UXGwEGW51A
yt-26796,1,2,ZpqJgmftaTg
yt-26797,2,3,aiKZP7HYBmQ
yt-26798,0,1,N1gmF_eMXb0
yt-26799,2,4,Jsp1lHawITg
yt-26800,0,1,uT6TT5h9mSU
yt-26801,0,1,JA2Nfbe41hY
yt-26802,2,3,LJBYbMSc8dk
yt-26803,0,1,Ubn-CKkx-GU
yt-26805,0,1,wRb6nE1sJRY
yt-26806,0,1,oBgdV3AhRWs
yt-26807,0,1,Wr_530gpHEY
yt-26808,1,2,Fpo_OmFwiBA
yt-26809,2,3,nSSlzTAzTqg
yt-26810,2,3,h-p2bTSLEDo
yt-26812,1,2,78vUsZi-gYo
yt-26814,1,2,fE0w8cJxt8Y
yt-26815,0,1,Ei2DSUP-swU
yt-26817,0,1,TsT6VztDqXE
yt-26819,1,2,BABRe53fna4
yt-26820,0,1,0Y2mwEJ26N0
yt-26821,2,3,v7WOvfeRZYw
yt-26822,0,1,1qGT-g_LJYM
yt-26823,0,1,JYeJ3yK0Y0g
yt-26824,2,3,tAHK6E03ORo
yt-26826,0,1,i5Kybh7ZtEs
yt-26827,2,3,_JWElztTpMs
yt-26831,2,3,RJEqYDdf5T8
yt-26832,0,1,KdgSw94DlVk
yt-26833,2,4,NwCeg1jqh2Y
yt-26835,1,2,8t6BymiIRn0
yt-26836,1,2,owYZDV-7dZY
yt-26837,0,1,tps5QtddJIc
yt-26838,2,3,yypLKij21-Y
yt-26839,0,1,vpoVEhc2Xgk
yt-26840,1,2,9KOMrYH6yJI
yt-26843,2,3,Q0neHlUVitk
yt-26844,1,2,rk_fAWhNtoA
yt-26846,0,1,novideo-26846
yt-26847,2,3,aTUTXUcVguc
yt-26848,0,1,ZL6-nQZwjSo
yt-26849,2,3,l0dXBW82v6c
yt-26850,2,3,b9gPs6V0RGs
yt-26851,2,3,IyoZBHfRydM
yt-26852,0,1,d3_v8xkLvRc
yt-26853,0,1,RwDlrHI0z10
yt-26854,0,1,H8i3cx6273A
yt-26856,1,2,1Hef4OovCxQ
yt-26857,0,1,9bd64aBJs08
yt-26858,2,3,7qjueN2sDx4
yt-26859,0,1,KJbg_lutvmQ
yt-26860,2,4,0tYTvthMPXA
yt-26861,0,1,n2TGz2XHIt8
yt-26862,2,4,pXeOtkaIxgU
yt-26865,2,3,J9e-b-mek9A
yt-26866,0,1,986ZY6x-3Q0
yt-26870,1,2,DC05VUtSHmA
yt-26871,0,1,x1PMiz3gOcI
yt-26872,2,3,q-w3_tpQGs4
yt-26873,2,3,ej6WLXuJqkY
yt-26876,2,3,hcBvTJhV7MU
yt-26878,2,3,_1d44FHjmKA
yt-26879,1,2,pXeOtkaIxgU
yt-26880,2,3,7u3jQ28biL0
yt-26881,0,1,graTjqAy4ZQ
yt-26882,0,1,HJmOKq1pAWM
yt-26883,2,3,JH5qHfBPZcE
yt-26884,2,3,p0y5M_yN8oA
yt-26885,0,1,hArDpQVdTYA
yt-26888,0,1,Yq0EiGZrFlU
yt-26889,2,3,JeFaQd2fq-8
yt-26891,0,1,fpWhJS9qyZA
yt-26894,2,3,TeYFrJ8x-Xs
yt-26895,1,2,8uMomOgtwWA
yt-26896,2,3,ImF5JPp-hFs
yt-26898,1,2,ADjgtf7d2yc
yt-26899,0,1,5Fd8OxSbi_E
yt-26900,2,3,5ibJilsuivk
yt-26901,0,0,FUWh-oxPPYE
yt-26902,0,1,nPTB_mDa78I
yt-26904,2,3,yW_W_ydkqZ8
yt-26905,1,2,mR4mhT0psRs
yt-26907,2,3,E8DG2Z0Gyy0
yt-26908,0,1,o7V5yOCttmc
yt-26910,1,2,8qWFCf7Ab7Y
yt-26913,0,1,pPEkjWBdqxA
yt-26914,0,1,9TmO9LA0c0U
yt-26915,2,3,1KZNiZnHQ_Q
yt-26916,2,3,SKOhI2mcBcI
yt-26917,1,2,69ltnXV8bQ0
yt-26918,2,3,ZTxpIzgiDSE
yt-26921,1,2,9bZuk5HXK3k
yt-26922,2,3,BvUSKnLQaWo
yt-26923,1,2,-G_CjdQZgf0
yt-26924,0,1,OhwD1UD-5Sw
yt-26925,1,2,C41NWw9WtX0
yt-26926,2,3,q11oZixMRY8
yt-26927,1,2,7qUjIEkYGGw
yt-26928,0,1,uKs_LvBRUoI
yt-26930,2,3,Y75S3K2qeo0
yt-26931,0,1,fZhlzul24Z0
yt-26932,0,1,uF18TAKRtjE
yt-26933,2,3,1VTLzDSRNCE
yt-26934,0,1,Xca8Z8aRaCo
yt-26937,1,2,OxzRTxeJAII
yt-26938,1,2,U9Ogs-mUhpQ
yt-26939,1,2,jrVknoTp0Ro
yt-26940,0,1,i1-Ccx0wFRA
yt-26942,1,2,BxYx_iE4xYw
yt-26943,2,3,qK3GTkuYLjg
yt-26944,2,3,DK-L1hS6Iy4
yt-26945,0,1,S7zoLvtpxkU
yt-26946,2,3,C3z79NQUX28
yt-26947,1,2,yeONpikIWAo
yt-26948,1,2,bcJea8f0cnc
yt-26949,0,1,zihBB8A8jko
yt-26950,0,0,5PSgss-08nE
yt-26951,2,3,a2R29Br5rpk
yt-26952,2,3,1VTLzDSRNCE
yt-26954,1,2,C41NWw9WtX0
yt-26955,1,2,V-nZDGMn4tA
yt-26956,2,4,tL7tHO-BsL4
yt-26957,2,3,novideo-26957
yt-26959,1,2,CFTyyxTabmE
yt-26960,2,3,yE9GifwnuqI
yt-26961,1,2,ifE4Xi-M6xQ
yt-26963,1,2,pzSuYucC7M8
yt-26965,2,3,uu2zRlPidNk
yt-26966,2,3,h4UMYASh0xw
yt-26967,2,3,iRmZXzKS6e4
yt-26968,0,1,lXmC-Bstmyw
yt-26970,0,1,F4DuvBgOWJg
yt-26971,2,3,m0_SMiOecko
yt-26972,0,1,06HSulZR5oc
yt-26973,2,3,J9e-b-mek9A
yt-26975,0,1,FR0f40WtJMA
yt-26976,1,2,yHNSkqg1xfg
yt-26977,1,2,gRNv7yTFj_A
yt-26978,0,1,WOG75l_STQg
yt-26980,2,4,NQ4sX6jJ_54
yt-26981,2,3,Ia4RNWhq9K0
yt-26982,2,3,1VTLzDSRNCE
yt-26984,2,3,nZA8mmrTOYo
yt-26985,0,0,lH0hOoRKW8g
yt-26986,2,3,xcH3d0w9Xxw
yt-26987,0,1,FuZVA3s7b1c
yt-26989,2,4,surebk-9f2Y
yt-26990,2,3,vTPFSwH5E4c
yt-26992,2,3,BxAXIxZqN6A
yt-26993,1,2,hBCCr6c7Lu4
yt-26995,2,3,1VTLzDSRNCE
yt-26997,1,2,xwquU-4IGLU
yt-26998,2,3,Eifv1zrQF3A
yt-26999,0,1,6zWW6_5DDT8
yt-27001,1,2,dxu9M3lZzU8
yt-27002,2,3,0qbYAUZkGhQ
yt-27003,0,1,7X3tALnEA7w
yt-27004,2,3,w2mEM_VPaZQ
yt-27005,1,2,pMQQInJ6c68
yt-27006,1,2,qoptRJfxJyU
yt-27007,1,2,fx3WrCnA4-E
yt-27013,2,3,FnlgmLn8H7I
yt-27014,2,3,0adDCIPFUX4
yt-27015,2,3,D-8WCKrxqGw
yt-27018,2,3,9hABSMgOZZQ
yt-27019,0,1,GKhxwhN-20k
yt-27020,2,3,rgk11K2P48s
yt-27021,1,2,C41NWw9WtX0
yt-27022,0,1,PhbrX7K2GYg
yt-27023,2,3,-G_CjdQZgf0
yt-27025,1,2,lVenyArYHXw
yt-27026,0,0,DN8Y5hq8qro
yt-27027,1,2,0l154Fz-9-g
yt-27028,1,2,o0xbhlphYTw
yt-27029,2,3,pXeOtkaIxgU
yt-27030,2,3,1GLrT1BxS8A
yt-27033,1,2,-HHOOoGC1NQ
yt-27034,0,1,KltRQNn96r0
yt-27037,1,2,hBCCr6c7Lu4
yt-27038,1,2,UN7OsH_E0gU
yt-27039,2,3,HXe7FS4ULmE
yt-27041,2,3,J9e-b-mek9A
yt-27043,2,3,y_2blw-sShU
yt-27044,1,2,mReNPLJ9tMc
yt-27046,2,3,novideo-27046
yt-27047,0,1,wyQGvdbRQts
yt-27048,1,2,ApRudMUJuts
yt-27050,2,3,VWKzNha0JOc
yt-27052,1,2,RCSaW1O1s_Y
yt-27054,1,2,RQWL1m55C58
yt-27055,0,1,bBIduwa6jR4
yt-27056,2,3,U6ExdcCkASY
yt-27057,0,1,dOFQL-liask
yt-27058,2,3,3Qwtpxh25fM
yt-27059,2,4,J9e-b-mek9A
yt-27060,0,1,45uEpNp_78U
yt-27062,1,2,QIml2V52MWg
yt-27065,2,3,lbkxLbZtPUY
yt-27066,2,4,x56_pH5OCkU
yt-27067,1,2,mB9VFz0KVRM
yt-27069,0,0,H5WZyDQmS40
yt-27070,0,1,8YqBHMHc5A4
yt-27071,1,2,PFDdP357mfc
yt-27072,2,3,1G4d_Sk25dg
yt-27073,2,3,IyoZBHfRydM
yt-27075,2,3,mrQC1FXt_N0
yt-27077,1,2,stgh3yE52-o
yt-27080,0,1,iwp17WTGT0o
yt-27081,1,2,ur7RUOor4vQ
yt-27082,0,1,HCWPY1ORW_8
yt-27083,2,3,AxaIZ36B4C4
yt-27084,2,3,9Vs4_IFDAeY
yt-27085,2,3,3-RDBxuBJgo
yt-27086,0,0,meSgmfYdDCU
yt-27087,2,3,VkuFXSGqxe8
yt-27088,0,1,3AkjI9tpL0U
yt-27089,0,1,MCRlYg2l4Jg
yt-27090,1,2,E8pQZgrH7G0
yt-27091,1,2,exXMeMHS3yw
yt-27092,2,3,6BDgAIczVws
yt-27095,0,1,w5QedgzVTqw
yt-27097,0,1,eGSP9HekvRE
yt-27098,0,1,hCN0s8-iS-o
yt-27100,0,1,fr2o1-3idrs
yt-27101,1,2,E1iXIj8Bbxw
yt-27102,2,3,qKahoohkUpM
yt-27103,0,1,tuqPFKF5NJo
yt-27104,2,3,1VTLzDSRNCE
yt-27106,0,1,228P8KCq-wQ
yt-27107,2,3,8UH6G1LnXR8
yt-27108,1,2,udxqg8TV7AA
yt-27109,2,4,a5i_OqbtKg4
yt-27111,2,3,4yxW1vfs6sg
yt-27112,2,3,GMfYIAiRTQU
yt-27113,2,3,nMMX60Bk5OU
yt-27114,2,3,PLCR4rhl9Rw
yt-27117,0,0,qR1OaEjS8VA
yt-27118,1,2,o1LJAjdLCLM
yt-27119,0,1,gTcy27t9_H0
yt-27120,2,3,--5sNldseEg
yt-27121,1,2,NWaRM1VFxDQ
yt-27124,2,3,novideo-27124
yt-27125,0,1,Dr5zSI-8ZBg
yt-27126,0,1,_QjGMChHEQc
yt-27128,2,4,hIyUCqJqGqI
yt-27129,2,3,rKSGAFJT63A
yt-27130,1,2,XGl4mWDiW8o
yt-27132,2,3,vpoVEhc2Xgk
yt-27134,2,3,s0nuKKa7Lv0
yt-27135,2,3,kpzEMv0j3wI
yt-27136,2,3,-bowX8VgZ5s
yt-27137,2,3,YojVgKa-GSk
yt-27138,0,1,I5pLLeWFheA
yt-27140,1,2,MJJYgZFTjso
yt-27141,0,0,oSChm16bfo0
yt-27142,0,1,FuZVA3s7b1c
yt-27143,0,1,tERSI-IjGpE
yt-27144,0,1,_jvlVlpK-Dk
yt-27147,2,3,GM0ggmgLsiM
yt-27148,0,1,wzssGnQ_gi0
yt-27149,0,1,F1sAgoAzAn4
yt-27150,2,3,exPfwMYpUuc
yt-27151,2,3,gPqFpmqGVQo
yt-27152,2,3,xCkjdAMMIsk
yt-27154,2,3,_F_JlDNGoi0
yt-27156,1,2,AakZ1GefwxI
yt-27157,1,2,I5pLLeWFheA
yt-27158,1,2,odnvmjcAVcI
yt-27159,2,3,balRzO-G8eU
yt-27160,0,1,nEY7rdDT2nk
yt-27161,2,3,4x9ll6i1Pdg
yt-27162,1,2,BhDzgZmnYOA
yt-27163,2,4,mC78b-hq0tQ
yt-27164,2,3,C93ShVz0kfw
yt-27165,2,3,m0_SMiOecko
yt-27168,1,2,LNK607qmtYw
yt-27169,2,3,novideo-27169
yt-27170,2,3,novideo-27170
yt-27171,0,1,Y1yig18IgjA
yt-27172,1,2,EPGxkt_gwWg
yt-27173,2,3,I2Oh9b2bd4U
yt-27174,2,3,5i_X2SFHqDY
yt-27175,2,3,HfnmGQFFQ64
yt-27176,2,3,JD0ffz_OdHE
yt-27177,2,3,1dUj6AUvM0g
yt-27178,1,2,yO31zdoFQ7U
yt-27179,0,1,k0NbnlUxniI
yt-27180,2,4,1Vr4jioABO4
yt-27181,2,3,pXeOtkaIxgU
yt-27182,0,0,HYF_DV-OemE
yt-27183,1,2,kmBJi_QRGAs
yt-27184,0,1,Pi03mX7p_6w
yt-27185,2,3,HrASHVK6kOk
yt-27187,0,1,ZHr_AZbeDuo
yt-27188,2,3,77uCzqCXMzo
yt-27189,2,3,y9UtWHfG31U
yt-27190,2,3,XeODiGQcQTg
yt-27191,1,2,5blAFhpDtlo
yt-27192,1,2,jYwhdx7PAUU
yt-27194,2,3,n5bK-nSQxvE
yt-27195,0,1,j3UiMruu8co
yt-27197,2,3,vpoVEhc2Xgk
yt-27200,2,3,cpqFhiRP4yU
yt-27201,0,1,0JWevdN_RSM
yt-27202,0,1,8SBtMMDcebU
yt-27203,0,1,fwYA2nZMN7Q
yt-27204,1,2,C3z79NQUX28
yt-27206,0,1,PFDdP357mfc
yt-27207,1,2,npu1sASOflU
yt-27208,1,2,novideo-27208
yt-27210,0,1,KQoufpALmCI
yt-27211,2,3,pkseu5q2vnU
yt-27212,1,2,ICLWKeTEPcU
yt-27215,0,1,rK7lrOasHHk
yt-27216,2,3,k9hI5L5rMSY
yt-27217,2,3,bHAgBiVuG7Y
yt-27218,2,3,yhV-veGX0QY
yt-27219,1,2,P8qQgmx91nM
yt-27221,0,1,u7QfPnPvLhs
yt-27222,0,0,WdQubJsvPOE
yt-27224,0,1,QZgYrxXlzDY
yt-27225,2,3,izjmMyE5mq8
yt-27226,2,3,MWDvXA_8VTA
yt-27227,2,3,MJJYgZFTjso
yt-27228,1,2,vpoVEhc2Xgk
yt-27229,1,2,hqyI0oV0FuM
yt-27230,2,3,tAHK6E03ORo
yt-27231,2,3,X_PAY1WOfFU
yt-27232,2,3,biLd7JJb71Q
yt-27234,2,3,25nu91Izivg
yt-27235,2,3,1YZ5yFrk090
yt-27237,0,1,hOL89S-mb9k
yt-27238,0,1,gHg7pDXS8vc
yt-27239,2,3,K8F29h6fPSA
yt-27240,0,1,g_uqYmDkDdk
yt-27242,2,3,jE1iWiEBNag
yt-27243,2,3,RffjlOYCPCM
yt-27244,2,3,yHNSkqg1xfg
yt-27245,2,3,8FElawh3Ob8
yt-27246,2,4,g1UhspNtUiQ
yt-27248,2,3,8YsbehD2stY
yt-27249,2,4,v9D3PKmtfYA
yt-27250,0,1,cMhYjUnkTbg
yt-27251,2,3,OTkZUd5IM6Q
yt-27252,0,1,NxypeHZMIGQ
yt-27253,2,3,bA-mZAoRQuA
yt-27255,1,2,245tJt9MIgU
yt-27256,0,1,4ImiCsUZuTA
yt-27257,2,3,odDkCE3aLbU
yt-27258,0,1,xlciEfqSzNc
yt-27259,2,3,Y75S3K2qeo0
yt-27260,0,1,Bp3yeibMgQ4
yt-27263,0,1,P_PloaHWfoA
yt-27265,1,2,mZhm1zQ_RQg
yt-27266,2,3,x9bE08fbq9I
yt-27267,0,1,FvIn75XLolo
yt-27268,0,1,921o5dhjI5w
yt-27269,0,1,tQQlBWoP2o8
yt-27271,2,4,mPRO4nFVwy8
yt-27272,2,3,TEc0hbzEt70
yt-27273,1,2,y3R_6FvDef4
yt-27274,1,2,qx6TLt8Uzqs
yt-27275,2,3,ArmFfieVzTI
yt-27276,2,3,TkvjDcrWvgI
yt-27277,2,3,5zm970vfZrU
yt-27278,1,2,-ZzTl-igagU
yt-27279,0,1,Y75S3K2qeo0
yt-27280,0,1,HXFC38CGuB0
yt-27281,2,3,06xNp4aikiA
yt-27282,0,1,_KMT40jFA8c
yt-27283,2,3,qt4rVgyr1Rg
yt-27284,0,1,H0jIiPBBvCo
yt-27287,0,1,VkuFXSGqxe8
yt-27288,2,3,sXuskB0pRvY
yt-27289,0,1,Yq0EiGZrFlU
yt-27290,1,2,uaQGqL6mXsw
yt-27291,0,1,sgXHENpr36k
yt-27292,1,2,novideo-27292
yt-27293,2,3,iaJN_IyMndk
yt-27294,2,4,arcq0Pmpdvo
yt-27295,1,2,xYFR5YJ5gv0
yt-27296,0,1,xyFvpYh1v9k
yt-27297,2,4,s0nuKKa7Lv0
yt-27298,1,2,p4frTp4QxPM
yt-27299,0,0,sUKlBrOCET4
yt-27300,2,3,QyyEhXGKQrc
yt-27301,0,1,novideo-27301
yt-27302,2,4,C41NWw9WtX0
yt-27304,2,3,7AYeTawPNxQ
yt-27305,0,1,uoQ3b6iYUtM
yt-27307,1,2,YP7iaieE-Bw
yt-27308,2,3,rL_AtASNDO4
yt-27309,0,1,IVyIg8_2V6k
yt-27310,0,1,novideo-27310
yt-27311,0,1,k-_pA5XgHI8
yt-27312,1,2,YKLEegy06aU
yt-27314,1,2,3SgI8RKVgl4
yt-27315,1,2,_wUW1tKmVZA
yt-27316,0,1,-kHqYPhX-zU
yt-27317,2,3,GbXDSAzdoso
yt-27318,2,3,fMew7fpBHTc
yt-27319,0,1,v9a9JB9q7BY
yt-27320,2,3,P051rbLjttY
yt-27321,0,1,VGctO5rW-yo
yt-27322,0,1,TUHJ5xrjbsY
yt-27323,0,0,frZhEPFk6v4
yt-27324,0,1,FuZVA3s7b1c
yt-27326,2,3,8cnhmXyC7bY
yt-27327,2,3,G4ISKu6Dl0w
yt-27328,2,3,LykotTtdTSQ
yt-27329,2,3,cfP0cBKHXo0
yt-27330,2,3,3TNFoDkPOJc
yt-27332,0,1,KKEszrd1ElY
yt-27334,2,3,OWEyvbfVQq8
yt-27337,1,2,AmKAk1yNA1E
yt-27338,2,3,Poy35rRTf3Y
yt-27339,0,1,YJg7e1yYJXs
yt-27340,1,2,_cQLagZjDb0
yt-27341,2,3,cWi4Q0OnlrE
yt-27343,0,1,J_a2z4JTzhM
yt-27344,1,2,0adDCIPFUX4
yt-27346,1,2,XjvzYh2RAwE
yt-27348,2,3,NDn1DoAdyh0
yt-27349,2,3,1VTLzDSRNCE
yt-27351,2,3,mjuOeZjO_Dc
yt-27352,1,2,ZOUSjqTH1xk
yt-27353,2,3,yypLKij21-Y
yt-27354,2,3,z3y8HamDZi0
yt-27357,2,3,pXeOtkaIxgU
yt-27358,0,1,KOXIrIUMB0Q
yt-27359,0,1,H5WZyDQmS40
yt-27360,0,1,mMc8BPa1vU0
yt-27361,0,1,1VTLzDSRNCE
yt-27364,0,1,OLHNtZxyX5s
yt-27365,0,1,Y4lTDBEr0BM
yt-27366,0,1,Odfb22wk7Dc
yt-27367,2,3,MgfKb_sm5Rg
yt-27368,0,1,_vQc3-omWds
yt-27369,1,2,hEOpSXxiSyY
yt-27370,0,1,g-QrOQzeEHo
yt-27371,1,2,8vlAPKP2Ddo
yt-27374,0,1,_9e77Wop0nI
yt-27375,0,1,737pOSulycM
yt-27376,2,3,7iI8Qv665mg
yt-27378,2,3,YDaPeHVWCkc
yt-27379,0,1,EsOgyP7ZuV4
yt-27380,2,3,lguUYadipG4
yt-27381,1,2,EA-pVOEVzoI
yt-27382,0,0,rOaV0ZD8BpA
yt-27383,1,2,gKz40oYeHwg
yt-27385,2,3,XeODiGQcQTg
yt-27386,2,3,C3z79NQUX28
yt-27387,2,3,IyoZBHfRydM
yt-27389,1,2,GNgJrDWxiL4
yt-27392,2,3,MJJYgZFTjso
yt-27394,2,3,i5JWhOsZoY8
yt-27395,2,3,bu344PNf8wI
yt-27396,0,1,mc484fveZeU
yt-27397,1,2,ne-n8yc4HlU
yt-27398,0,0,-o8uo8FZyGc
yt-27402,0,1,ekOdWMhbdh0
yt-27403,1,2,J9e-b-mek9A
yt-27404,0,1,FWNRX26KJoI
yt-27406,2,3,Yq0EiGZrFlU
yt-27407,2,4,YoD3GqU9HJQ
yt-27408,2,3,c-R0wex3hJw
yt-27410,1,2,9KOMrYH6yJI
yt-27414,1,2,RN0zNNH89h8
yt-27415,1,2,t_mSN9ZvdbY
yt-27416,2,3,QbcoYX5j-MA
yt-27417,0,1,vIJiS-wQ6Qg
yt-27418,0,1,C-lqGzsRizg
yt-27422,0,1,a9h7BN2RXmM
yt-27423,1,2,SGmHjavi56Y
yt-27424,0,1,k4VurHbhoyM
yt-27425,2,3,pb4qYO7o8wA
yt-27426,0,0,lZJ5okn5ayI
yt-27427,0,1,r-gXobi1YYs
yt-27428,0,1,Q7ufMZTWZ5I
yt-27429,0,1,idcUsyJwURY
yt-27430,1,2,nyrKuICnA4c
yt-27431,2,3,JVK6bvNod-0
yt-27432,2,3,PH_8xiKFBxk
yt-27433,0,1,Q50IWVyZSXU
yt-27434,0,1,T5lbFpTBOS8
yt-27435,0,1,HJY7sHY-jDo
yt-27436,1,2,1Ym_jsAdMa4
yt-27437,2,3,ZvJzrYItNNs
yt-27438,2,4,dYBUHBF-yLo
yt-27439,2,4,RMtMThc8n1w
yt-27441,1,2,FuZVA3s7b1c
yt-27442,2,3,VkuFXSGqxe8
yt-27443,0,1,DOMjC8q6fwM
yt-27444,0,1,AJCGtESM2Ng
yt-27445,1,2,1JuASh_Xk7o
yt-27446,1,2,Y69M0ze-3as
yt-27447,1,2,s2w0X6aL1Do
yt-27448,2,3,4UyfK_NgGUg
yt-27450,1,2,0IicDqWjSac
yt-27452,1,2,iRmZXzKS6e4
yt-27453,1,2,S0bhIAmmy6M
yt-27454,0,1,al3Oo8XSotM
yt-27455,2,3,2hB7nn5Wk0M
yt-27456,2,3,ZS0queQni3Q
yt-27457,2,3,cqhZMrQi2UM
yt-27458,2,3,Xi_BwJ6T_3s
yt-27459,2,3,qhgzaUlUyyQ
yt-27460,1,2,GHzaMI--BC8
yt-27461,2,3,C3z79NQUX28
yt-27462,0,1,9TmO9LA0c0U
yt-27463,0,0,YSLEyRy4zig
yt-27464,1,2,LKc7GVCieb0
yt-27465,0,1,9XvlHN0UPbk
yt-27466,2,4,D-8WCKrxqGw
yt-27467,0,1,QNxQ9tt5CGo
yt-27468,0,1,XdkYUOeS9yI
yt-27469,0,1,ZpqJgmftaTg
yt-27470,1,2,w0unPcWrJ8k
yt-27472,0,1,QmfvaL9RgkE
yt-27473,2,3,ZOUSjqTH1xk
yt-27475,2,3,dYBUHBF-yLo
yt-27476,2,4,BFuz4UsYRVo
yt-27477,0,1,-0ZEcyC0Cqw
yt-27478,2,4,_F1KF6cAYeM
yt-27480,1,2,ffyk6ABUK1Y
yt-27481,1,2,crxMMjAcugo
yt-27482,2,3,YlcSaAr4qRY
yt-27483,2,3,MCRlYg2l4Jg
yt-27484,2,3,wEqWKQ02Kd4
yt-27485,1,2,aXzIxPjRbrs
yt-27487,0,1,xNtU89S3YZ4
yt-27490,2,3,akqH01FIZGo
yt-27491,2,3,zxLJd-1liF0
yt-27492,0,1,UNyyd6eZNJU
yt-27493,2,3,m0_SMiOecko
yt-27494,1,2,PLCR4rhl9Rw
yt-27495,0,1,1VTLzDSRNCE
yt-27497,0,1,u8uAz2jJM5w
yt-27498,2,3,RfWc4Y-OScs
yt-27499,0,1,PKYEDPlruA0
yt-27500,0,0,2szlFt-RKCs
yt-27502,2,3,5H3NuRl7Ppw
yt-27503,1,2,VPEEjN7kXq0
yt-27504,0,0,D3thusGhePs
yt-27506,1,2,SGX6aguU5QM
yt-27507,1,2,pXeOtkaIxgU
yt-27508,1,2,SsSbu02eIIQ
yt-27509,2,4,CXJKqR0D4CE
yt-27512,0,1,wE8Am0Nt5tA
yt-27513,0,1,quh_CvlTGBo
yt-27516,2,3,sBcv58DvnTc
yt-27517,1,2,8KJgt3P8vso
yt-27518,2,3,d8AEnhoC7IM
yt-27519,0,1,a-fICv4ZWBk
yt-27520,0,1,QgQLBED7lmw
yt-27521,2,3,CFTyyxTabmE
yt-27522,2,3,TptiRpHaCQs
yt-27523,2,3,ubWeTetwH5Y
yt-27524,2,3,1VRlsD09id8
yt-27525,2,3,Uukd7soxraA
yt-27526,0,1,yFHGxv3mqgY
yt-27527,0,0,rcHJ9QJkpuI
yt-27528,1,2,Ni9t1uBzbMc
yt-27530,2,3,wAx7pesU_ac
yt-27531,1,2,AySkVxTUgzs
yt-27533,2,3,hwm0LJKXMQk
yt-27534,2,4,_FoIY4MdolE
yt-27535,2,3,0tYTvthMPXA
yt-27536,0,1,AoxElu86RyE
yt-27537,2,3,hoq2UD8fxYw
yt-27538,0,1,_eG47nvF3tE
yt-27540,1,2,HU3IEzXXD6c
yt-27542,2,3,wF0BFR24WLo
yt-27543,0,1,Abq4vNaZH-w
yt-27545,0,1,fDNJv2YIEdc
yt-27546,0,1,JxAWGSZIp2c
yt-27547,0,1,eHTYAg9mpRI
yt-27548,2,3,8UH6G1LnXR8
yt-27549,2,3,ABo2UjE1Bc0
yt-27550,0,1,SC017sSMzlc
yt-27551,2,3,novideo-27551
yt-27552,0,1,fx3WrCnA4-E
yt-27553,2,3,OMv4JdsmtXk
yt-27554,2,3,kCNf-F8LAhs
yt-27555,2,3,dN2YtmNIJUM
yt-27556,2,3,mZhm1zQ_RQg
yt-27557,0,0,uu2zRlPidNk
yt-27558,0,1,ifjhUtUrZNE
yt-27559,1,2,4x4xOr7bCpU
yt-27560,0,1,C3z79NQUX28
yt-27561,2,3,P051rbLjttY
yt-27562,2,3,LVSzMYTIz1Q
yt-27563,2,3,mSTQm2clrZc
yt-27564,1,2,3L8baN4Cwx0
yt-27565,2,4,0rsgMpwMRrY
yt-27566,2,3,1VTLzDSRNCE
yt-27567,1,2,W4ix7mH9c0U
yt-27568,0,1,ZTPhLQaGi2M
yt-27569,2,3,IJ9vVLJA0Zw
yt-27571,0,1,nFsU9NcrZ4U
yt-27572,0,0,Bkc9zpGB9PI
yt-27573,2,3,21B7Ah6LWbA
yt-27574,0,1,DqsuzmLQUP0
yt-27575,0,1,qh85fT3ARe8
yt-27576,0,1,Y75S3K2qeo0
yt-27578,0,1,k9hI5L5rMSY
yt-27579,2,3,VDayebVfHLo
yt-27580,2,3,icjuek7f1_Y
yt-27581,0,1,1ZwZLRPXXGY
yt-27582,0,1,CExYQhNw-V8
yt-27583,2,3,gU5Mmet35XE
yt-27584,1,2,yNuU2vm2784
yt-27585,2,3,9KOMrYH6yJI
yt-27586,0,1,o_TgclSYS64
yt-27589,2,3,3TycaVO0Rso
yt-27591,0,1,SEfTuEUOT_A
yt-27592,0,1,rD_ketmxFy0
yt-27593,1,2,lHsD5PT4XXk
yt-27594,0,1,BX2ZOHKIdTs
yt-27595,1,2,pS0107zVfEQ
yt-27596,2,3,EHRDz3U8jHQ
yt-27597,0,1,LB-F4aFu1lw
yt-27598,0,1,9KOMrYH6yJI
yt-27599,2,4,DUo_iaFuJl0
yt-27600,1,2,0hsHP29VbO8
yt-27601,1,2,NboWrLZ2-HI
yt-27602,0,1,guWnyG8XRGo
yt-27604,2,3,dPPgumaP92M
yt-27606,2,3,OhrX7At2UAs
yt-27607,0,1,YVJjs0uBrVc
yt-27608,1,2,J9e-b-mek9A
yt-27609,2,3,dhfV1KJQ054
yt-27610,2,3,0gafYXgVQcY
yt-27611,1,2,lZJ5okn5ayI
yt-27612,2,3,N6TY2PqEa6Q
yt-27614,2,3,jrVknoTp0Ro
yt-27615,2,4,tWtyInXpNfo
yt-27617,2,4,PvW8lMLYEnI
yt-27618,1,2,-XgCDBRV0Tg
yt-27619,2,3,Mk_zsSgR7jk
yt-27620,2,4,novideo-27620
yt-27621,0,0,pKFULe6Mm38
yt-27622,0,0,novideo-27622
yt-27623,0,0,LpC8tcThs6g
yt-27624,2,3,eEpdZUoQ0oI
yt-27625,2,3,9Vbuuf0YQFw
yt-27626,2,3,m0_SMiOecko
yt-27627,2,4,WfshEpeYqSo
yt-27628,2,3,VbSO4ZuqT_k
yt-27629,2,4,ISjgxAVk2TU
yt-27630,0,1,YJg7e1yYJXs
yt-27633,2,3,m0_SMiOecko
yt-27634,2,3,DR_CsQVK1Bk
yt-27635,2,3,snPGQusf_M0
yt-27636,1,2,DUo_iaFuJl0
yt-27638,2,4,PdUOl_04osk
yt-27639,0,1,-p4k30TTF2U
yt-27641,2,3,bmYa6b2nG9I
yt-27642,0,0,BhDzgZmnYOA
yt-27643,0,1,BjzrXH_q6ho
yt-27644,1,2,xgSJrjE-tlc
yt-27647,0,0,V_4TGyA8aHY
yt-27649,1,2,wyDtNw-bBFM
yt-27651,1,2,SGmHjavi56Y
yt-27652,2,3,bxX9jV6tA24
yt-27653,0,1,tuqPFKF5NJo
yt-27654,0,1,VFuA_A53Nwo
yt-27655,0,1,xEqOmV_syJU
yt-27656,2,3,shc4A5SupfU
yt-27659,0,1,50_ePQkWBhE
yt-27660,2,3,D-uZmr5IIXY
yt-27661,0,1,sHoOplgaWWo
yt-27662,2,3,dALpT-qyhyQ
yt-27663,0,1,m8EqVsUbIHs
yt-27664,2,3,UKpExvEDGx8
yt-27665,2,3,qUiOE9gNXYM
yt-27666,0,1,3RLLJbacMuA
yt-27669,0,1,8YkC0pER4OY
yt-27670,1,2,P_egRkOOOkY
yt-27671,2,3,PkLeE7ksifI
yt-27672,1,2,Xax9dwAtZhM
yt-27673,2,4,enO8nAdT_O8
yt-27674,2,3,mQzOURgV-yA
yt-27677,1,2,CAzl_a-UDek
yt-27678,2,4,DonpxR7JgOI
yt-27679,2,3,1VTLzDSRNCE
yt-27680,0,1,AS6tOTEKLkU
yt-27682,0,1,31S1IoauUjg
yt-27684,2,3,EA-pVOEVzoI
yt-27686,2,3,novideo-27686
yt-27687,2,3,novideo-27687
yt-27688,2,3,6cSmP8AmPwY
yt-27689,2,3,TQkQhTb6KoE
yt-27690,2,3,BABRe53fna4
yt-27691,1,2,KbETC8E2ilU
yt-27692,1,2,2WO0nOmXp70
yt-27693,0,1,AmKAk1yNA1E
yt-27694,0,1,wDifK9g8qi4
yt-27697,2,3,VkuFXSGqxe8
yt-27698,0,1,r0kt3lymWlI
yt-27699,2,3,Cl6P3FtOiFs
yt-27700,1,2,RfWc4Y-OScs
yt-27701,1,2,eKw_JBUH2kQ
yt-27702,0,1,3DRIfOkS_7M
yt-27703,2,3,hmp4ZVhgm8o
yt-27704,1,2,hUfkQthRND8
yt-27705,0,1,novideo-27705
yt-27706,2,3,Mu9HE9RJ0H0
yt-27708,2,3,BenmwYiPn8U
yt-27709,2,3,DN8Y5hq8qro
yt-27710,2,4,BObJiy5noaM
yt-27711,0,1,MtE25lbaomQ
yt-27713,2,4,vcn2ZJXGDfM
yt-27714,2,3,DC05VUtSHmA
yt-27715,1,2,d_eZ4O5HiMQ
yt-27717,2,3,m0_SMiOecko
yt-27720,1,2,VQmXS4syZhs
yt-27723,0,1,Hok9Cu-fnYM
yt-27724,2,3,fKoS95zpevY
yt-27725,1,2,KOVYdaWkHuA
yt-27727,0,1,gzxnzsif2iE
yt-27729,2,3,9fST9veuDyw
yt-27730,2,3,novideo-27730
yt-27731,1,2,d3-ZO8viWdI
yt-27732,0,1,PjBNMbI6-sk
yt-27733,2,4,G1tmehqVBMc
yt-27734,0,1,UNyyd6eZNJU
yt-27735,1,2,3aeJpHCTGMY
yt-27736,2,3,FNzEJuVv3qU
yt-27739,1,2,Da6ljj6yT0U
yt-27741,2,3,BFuz4UsYRVo
yt-27742,2,3,VkuFXSGqxe8
yt-27743,2,3,C41NWw9WtX0
yt-27744,2,3,iAeUvusAeVU
yt-27745,0,1,nyc3QgMmclU
yt-27746,1,2,3DHoBRZ9nDs
yt-27747,0,1,V4inXNDVL5M
yt-27748,0,0,_lZzIESX_nw
yt-27749,1,2,jM4xfVwgxR4
yt-27750,2,3,M8i5kIoLUAc
yt-27751,0,1,PFDdP357mfc
yt-27754,0,0,XYumIVMLbmc
yt-27755,2,3,PkLeE7ksifI
yt-27756,0,1,SE9ORZd8WaY
yt-27759,2,3,WOdUJoLRfSc
yt-27760,2,3,C3z79NQUX28
yt-27761,2,3,WmJUxeuMF2U
yt-27762,1,2,t36UFQm30qg
yt-27763,2,3,Hck0YZK_Cng
yt-27764,2,3,BABRe53fna4
yt-27765,0,1,0tYTvthMPXA
yt-27766,0,1,CaODYoZzBAw
yt-27767,0,0,kds86xxXU84
yt-27769,1,2,dFzjZfNS9-0
yt-27770,0,1,pCHgs1t7peI
yt-27771,0,1,GMCwvJFn1iY
yt-27772,2,3,y9UtWHfG31U
yt-27774,0,1,Y75S3K2qeo0
yt-27775,2,3,C3z79NQUX28
yt-27776,0,1,0GwZgpgv8sk
yt-27777,0,1,937KCN4e-AM
yt-27779,2,4,58frGISFQUE
yt-27780,1,2,0pckjCWj2Fc
yt-27781,1,2,crxMMjAcugo
yt-27782,0,1,novideo-27782
yt-27783,1,2,dj5EFDulRDA
yt-27784,2,3,Te2z4j23NJI
yt-27785,1,2,N1YZSGQHYMs
yt-27786,2,3,EMLzsksedW4
yt-27787,2,3,dOFQL-liask
yt-27788,1,2,NHl4zhBBHoU
yt-27791,1,2,zYodOL84bJc
yt-27793,2,3,yLV4MyNTSvo
yt-27794,2,3,Fq8VxeyPpUQ
yt-27796,2,3,0Bh9MKnnDQU
yt-27797,2,4,y3FWQuK8ftw
yt-27798,2,3,Nyh7YF10a4E
yt-27800,2,3,Nm8on_ZzXQc
yt-27801,1,2,GsSgOUV4Mrg
yt-27802,2,3,yTnHjR_HyMA
yt-27803,2,3,F1h6I4rHCyM
yt-27804,1,2,8GF_8mDgWoA
yt-27805,0,1,63-uuYTref0
yt-27806,2,3,tYNyDdPW59k
yt-27807,1,2,v1Px4hB18UM
yt-27808,2,4,JjNksd5w6J8
yt-27809,2,3,Zt48SKYliOs
yt-27810,1,2,OUdkJZ24Xfg
yt-27811,0,1,-VDjG0yKBls
yt-27812,0,0,ZxOTIrmImgc
yt-27814,2,3,4x9ll6i1Pdg
yt-27815,2,3,DSbgJUhUn2I
yt-27816,2,3,5blAFhpDtlo
yt-27817,0,1,W93B7cSaKLg
yt-27818,0,1,tAgEJhpAhSs
yt-27819,2,4,FXKw4ZnkqUU
yt-27820,0,1,djxffx3Jtqk
yt-27822,2,3,rcHJ9QJkpuI
yt-27823,0,1,z0HvlRm5NN8
yt-27824,2,3,yDeoGFshEhA
yt-27825,2,3,AsgIjdQBs5Q
yt-27826,2,3,nytpJhM15Ps
yt-27827,0,1,OMQLXHJhhYs
yt-27830,0,1,FupdJSoFPeI
yt-27831,1,2,npu1sASOflU
yt-27832,0,1,rOaV0ZD8BpA
yt-27834,2,3,wDnqgYM97Vs
yt-27835,2,3,DC05VUtSHmA
yt-27836,0,1,5WxZFYCpy54
yt-27837,0,1,xNAyCs4OT9Q
yt-27838,2,3,_zg4pI-Qndc
yt-27839,1,2,hqyI0oV0FuM
yt-27841,2,3,eIuaLn7H8y0
yt-27842,0,1,aU4PXdktazE
yt-27843,2,4,yL76f9B0VEY
yt-27845,2,3,yTnHjR_HyMA
yt-27846,2,3,TUHJ5xrjbsY
yt-27847,1,2,SMe5IFkK6SA
yt-27848,0,1,tYo7nFlPkIk
yt-27849,2,3,NfjTiQFh6HM
yt-27851,0,0,USW6u3zlR9M
yt-27852,2,3,ekiO4ZMZxyE
yt-27854,1,2,ewqz_E6edNE
yt-27855,1,2,FJZmdzAJb9A
yt-27857,0,1,_vQc3-omWds
yt-27859,1,2,cuSKyNJicYs
yt-27860,2,4,pXeOtkaIxgU
yt-27861,2,3,c0iP96eKztY
yt-27862,1,2,xYqyi-M8xa0
yt-27863,0,1,RIBEZaBR1dw
yt-27865,2,4,rx0rnIb0Jhw
yt-27866,2,4,YoD3GqU9HJQ
yt-27868,2,3,2WO0nOmXp70
yt-27870,0,1,rTjF397Ww00
yt-27871,0,1,8ochocxoUmc
yt-27872,0,1,cJEuB0VwuRM
yt-27873,0,1,FupdJSoFPeI
yt-27875,1,2,w_7htNGWw7c
yt-27876,2,3,oZ1hvGNm7h8
yt-27877,0,1,aO7D8vwY_u8
yt-27878,1,2,7kCc4g8vT1I
yt-27879,2,3,pkseu5q2vnU
yt-27880,2,3,LhnIMCN8c1s
yt-27882,1,2,ESrZ8FRQzbY
yt-27883,1,2,_LOkVOKT9vM
yt-27884,2,4,iWpp9d57i8w
yt-27885,2,3,RvaAa9fMfZQ
yt-27887,0,0,-bBTQlokgxw
yt-27888,2,3,J9e-b-mek9A
yt-27889,1,2,lOfHTsy5g4Q
yt-27890,2,3,m0_SMiOecko
yt-27891,2,3,XHqFoc0Gpk0
yt-27892,1,2,keP9qmqJ2Ns
yt-27894,0,1,f5_E51g-DQ4
yt-27896,2,3,t3Q8Haoiv6g
yt-27897,0,1,CRRLF5MKLGY
yt-27898,2,3,P051rbLjttY
yt-27900,2,3,fxCY4rWFEGI
yt-27901,0,1,J8-qBu3uVOc
yt-27902,2,3,fkVcaKvZgoA
yt-27903,2,3,T6MtAF_GSKQ
yt-27904,1,2,_zg4pI-Qndc
yt-27905,0,1,lJtc7SO8rWE
yt-27906,0,1,VkuFXSGqxe8
yt-27907,0,1,jg7iilmE82M
yt-27908,2,3,DvTbjFIIa_A
yt-27909,1,2,ZOUSjqTH1xk
yt-27910,1,2,8FEJisOsv90
yt-27911,2,3,DSbgJUhUn2I
yt-27912,1,2,CC9VGbkO94U
yt-27913,0,1,5WxZFYCpy54
yt-27914,2,4,J9e-b-mek9A
yt-27918,1,2,_zg4pI-Qndc
yt-27919,1,2,F8LTyMSsxQc
yt-27920,2,3,FV6t3FktgBY
yt-27921,0,0,zWX4DgOGfPA
yt-27922,2,3,6MhYCvWHQIE
yt-27923,2,3,c-DpVgTL7bc
yt-27924,2,3,wAx7pesU_ac
yt-27925,2,3,lOfHTsy5g4Q
yt-27926,0,1,NgSCGZeXifo
yt-27927,1,2,kNLCKUG5c80
yt-27928,2,3,Y3T20pSx4C0
yt-27930,0,1,gGIkgTG8FBk
yt-27931,0,1,HBGgi36Aulc
yt-27932,2,3,Y9cfgZ6ult8
yt-27933,2,3,QokMrwVKzZY
yt-27934,2,3,M8dFI5dIslc
yt-27935,1,2,FuZVA3s7b1c
yt-27936,0,1,YZgKS_QmaT4
yt-27937,0,1,exXMeMHS3yw
yt-27938,0,1,4oLANg-lKX4
yt-27939,2,3,bgI0r1-k9Rc
yt-27940,2,3,SH3-06sI77A
yt-27941,0,1,ZpqJgmftaTg
yt-27942,0,1,R59z3dcfiSE
yt-27943,2,3,T5mBV_fQ9kc
yt-27944,0,1,2wWn-bZUq-I
yt-27945,1,2,E4B5TUpYhKc
yt-27948,1,2,pXeOtkaIxgU
yt-27949,2,3,J9e-b-mek9A
yt-27951,0,1,8r1AzZUN984
yt-27952,0,1,XidaLcCEAWI
yt-27953,1,2,kmT9pFXTVlI
yt-27954,2,3,pXeOtkaIxgU
yt-27955,2,3,7CYSxJXMsfM
yt-27956,0,1,pXeOtkaIxgU
yt-27957,2,3,lounYQ5WELM
yt-27958,2,3,m0_SMiOecko
yt-27959,0,1,k-_pA5XgHI8
yt-27961,0,1,uWlrnHD3s7Q
yt-27963,0,1,0VHdlG-cyA4
yt-27964,2,3,u0Xb45wYLTs
yt-27965,0,1,Zj5c5WmZsMU
yt-27966,1,2,AxaIZ36B4C4
yt-27967,1,2,tAgEJhpAhSs
yt-27969,2,3,5-dRwmUGcRk
yt-27970,2,3,O7NFQz81YKE
yt-27971,0,1,JLE7uI-BGLY
yt-27972,0,1,uRFP_2R1xlU
yt-27973,1,2,HthTDmbUgLI
yt-27974,0,1,i5Kybh7ZtEs
yt-27975,2,3,6K0qqR-yEz8
yt-27976,1,2,FqfaM7yKapo
yt-27977,2,3,a2R29Br5rpk
yt-27978,2,3,qh85fT3ARe8
yt-27980,1,2,kNLCKUG5c80
yt-27982,0,1,rSlpeFsOsds
yt-27983,0,1,f2l7cloYz7Q
yt-27984,0,1,zaOiWaQPiHE
yt-27985,2,3,ZIbe5ctQ-X0
yt-27986,1,2,CwxAadXk3qA
yt-27987,2,3,VkuFXSGqxe8
yt-27988,1,2,LbmOatgx-34
yt-27989,1,2,n7SABpul19A
yt-27990,2,3,A4gpCGu6lEY
yt-27993,1,2,o98IhweLeN8
yt-27994,2,4,1VRlsD09id8
yt-27995,1,2,zTWaXO4gEcs
yt-28001,1,2,iDGD8uhBTIQ
yt-28004,2,3,R5f00nmec-g
yt-28005,0,0,uFGQEtGVi8A
yt-28006,2,3,GIcjXk4ie2w
yt-28007,2,3,CBVGd8NfMxk
yt-28008,0,1,VObMqKMNOjk
yt-28009,2,3,qagQdd6E2Zs
yt-28010,1,2,CKkrvYAuxYM
yt-28011,1,2,HT1YgGYkz_g
yt-28012,1,2,J-iwsaUXC7M
yt-28013,2,3,aJqe8gdh4pw
yt-28014,2,3,Z8Eb_cEngq4
yt-28015,0,1,wbm9gWyUH54
yt-28019,0,1,wGE3UcNFeMA
yt-28020,2,3,C93ShVz0kfw
yt-28021,0,1,w0kC3cQ1Wx8
yt-28022,2,3,8qWFCf7Ab7Y
yt-28023,2,3,NfFY4towC1Q
yt-28024,0,1,ix3N9O0wSms
yt-28025,2,3,TQkQhTb6KoE
yt-28026,0,0,QI1hWq4K3dw
yt-28027,2,3,OO8hfzFaZdE
yt-28029,0,1,m1wlHkEnnAU
yt-28030,2,3,unB18Si-rwg
yt-28031,1,2,8vKwPqLs7_o
yt-28032,2,3,tUO0U4x942g
yt-28034,2,3,iu8E8o55ZbI
yt-28035,1,2,S4DCQXC1n5Y
yt-28036,1,2,jvv-67ONtzo
yt-28037,2,4,f76jfV6Hj2w
yt-28039,2,3,26j9hwLQHxk
yt-28040,2,3,fYXfRVrPU2E
yt-28041,2,3,8p_212flO7Y
yt-28042,2,3,chnQ9l3vuHI
yt-28043,2,3,DpXJSyLaXJk
yt-28044,2,3,cJUcIbyBx0Q
yt-28045,2,3,QAtPYVJzeZ4
yt-28047,2,3,9yi9kqNKq0c
yt-28048,2,3,89nQRP7CKZQ
yt-28049,2,3,phcwtg7vFyw
yt-28050,0,1,bYQbf0kJE9o
yt-28052,0,1,HdpL0rxauiI
yt-28053,0,1,IWEh6oySQAk
yt-28054,0,1,2Dv0IBFwmn4
yt-28055,2,3,QHCj3oHrxEs
yt-28056,0,1,jv2vNQ_oeHE
yt-28059,2,3,sopvQ1SiFnI
yt-28060,2,3,YBT3tEQtL9E
yt-28065,2,4,qIceQUNrIxA
yt-28067,0,1,pCabfVMypvU
yt-28068,2,4,nu_GqQRV2xs
yt-28069,2,3,GpR5e29BhdQ
yt-28070,1,2,Y_0cRAQnjPg
yt-28072,0,1,U56aYL8rue8
yt-28073,1,2,3maqW8IAGJI
yt-28074,2,3,WmY8zspxcTE
yt-28075,2,3,yNuU2vm2784
yt-28076,0,0,BFuz4UsYRVo
yt-28078,0,1,yxmITgA-AI0
yt-28080,1,2,1Lppm38A9OA
yt-28081,1,2,XVRZCZEgwZ8
yt-28082,0,1,HSnKRW7ffcY
yt-28083,0,1,h_BtNJhCQ6M
yt-28084,2,4,v1CY60mkEP0
yt-28085,1,2,xCkjdAMMIsk
yt-28086,0,1,mWsHkjwRF28
yt-28088,2,3,xmh7pcytW5g
yt-28089,1,2,8qWFCf7Ab7Y
yt-28090,1,2,sX5ORTz9SAo
yt-28091,0,1,15r8clnxSDs
yt-28092,0,1,FG53xmDdw7k
yt-28093,2,3,nnpbrJmqxt0
yt-28094,0,1,8GuE8XjIbyQ
yt-28096,2,3,oZshLAbjzSI
yt-28097,0,0,RaBAsNRCLQk
yt-28098,2,4,spoPRK8ziB0
yt-28099,0,1,Iui_sBsp5pc
yt-28100,2,3,h3EFevb9N6Y
yt-28101,1,2,ouJ-kbF5Wog
yt-28103,0,1,wj5zRqjD8Fg
yt-28107,0,1,zL3xatR5sYY
yt-28108,0,1,FS4w3-kqbWc
yt-28109,2,3,Skouz5dTNlg
yt-28110,0,1,JWQrLRYpDfs
yt-28111,1,2,rD_ketmxFy0
yt-28112,2,3,rSlpeFsOsds
yt-28114,0,1,cqhZMrQi2UM
yt-28116,0,1,jLyMih-vjiw
yt-28117,1,2,Iq8bDJCY4Lw
yt-28119,0,1,3rXa-9_q1Ds
yt-28120,1,2,FWFw8QijdUg
yt-28121,2,3,mtOVL0hJFu8
yt-28123,2,3,HppG6EYJ7SI
yt-28124,1,2,AR3ZFpboky8
yt-28125,0,1,kzPwCq8LRB4
yt-28126,2,3,tAHK6E03ORo
yt-28127,0,1,SYMIDfUibB4
yt-28128,0,1,DN8Y5hq8qro
yt-28129,1,2,s0W0w2jeb18
yt-28130,2,3,yypLKij21-Y
yt-28132,0,0,novideo-28132
yt-28133,2,3,H45uMSjh3hQ
yt-28134,2,3,Dds-5GEBroI
yt-28135,0,1,s_3K1GsOl8c
yt-28136,1,2,m_hPNpFPS6w
yt-28137,2,3,iNavibj81Ps
yt-28138,0,1,iBMRSv8ZNTE
yt-28139,1,2,5KQF2Z3zOYU
yt-28140,2,3,tAHK6E03ORo
yt-28141,0,1,6G9tIFEkJ8w
yt-28142,1,2,Eifv1zrQF3A
yt-28143,2,3,OO8hfzFaZdE
yt-28144,1,2,GljlZ6iVtMc
yt-28145,2,4,FNzEJuVv3qU
yt-28146,2,3,9DV69NPdNKQ
yt-28148,0,1,ZpqJgmftaTg
yt-28149,1,2,jUqj2nP5Du8
yt-28150,1,2,QMw8qHS-uic
yt-28151,0,1,Dn46MxQwBgs
yt-28152,2,3,WfshEpeYqSo
yt-28153,0,1,sX5ORTz9SAo
yt-28154,2,3,pCabfVMypvU
yt-28155,0,0,H0jIiPBBvCo
yt-28156,0,1,b-BHtxHkefM
yt-28157,2,3,b_x9tMcie0g
yt-28158,2,3,BFuz4UsYRVo
yt-28159,2,3,yLV4MyNTSvo
yt-28162,0,1,gtVJJBmvEKI
yt-28164,2,3,_6nCS7fmiO0
yt-28166,2,4,DSbgJUhUn2I
yt-28168,0,1,kXkTALCT09s
yt-28169,2,3,ujvcs9qBY0I
yt-28170,0,1,DM-4SDsM3Rw
yt-28171,2,3,QokMrwVKzZY
yt-28172,1,2,s2w0X6aL1Do
yt-28174,2,3,-AVpfcE3F3E
yt-28175,0,1,RZXH7y4kk60
yt-28176,0,1,FfCngBFM4p4
yt-28177,2,3,gHg7pDXS8vc
yt-28179,1,2,IsBdqCaHfdI
yt-28181,0,1,om95dJAtQjg
yt-28182,0,1,ZLFJVq7hZ1I
yt-28183,1,2,nZA8mmrTOYo
yt-28184,2,3,y9UtWHfG31U
yt-28185,0,0,xYFR5YJ5gv0
yt-28186,0,1,1VTLzDSRNCE
yt-28188,0,1,-BCoq6FiEuw
yt-28189,2,3,-AVpfcE3F3E
yt-28190,1,2,iDb9YO6YeXw
yt-28191,2,3,kzuCtpaJSR0
yt-28192,0,1,RQWL1m55C58
yt-28194,2,3,IbNMuIDeHAM
yt-28195,2,4,Yq0EiGZrFlU
yt-28197,2,3,8N_0SwRhM8Q
yt-28198,2,3,YM6VhQFujmE
yt-28199,1,2,AySkVxTUgzs
yt-28200,0,1,HgqqkgWFnmM
yt-28201,0,1,T076FMO99_8
yt-28202,0,0,7-PhMFl-K8Q
yt-28203,1,2,dHyso6ptBFI
yt-28205,1,2,haKCo6RsZws
yt-28206,1,2,GVNz8fD1N1Y
yt-28207,0,1,qpGHlrNOrRU
yt-28208,1,2,EEuthwNRrZc
yt-28209,1,2,m0SgrKsUk6c
yt-28210,0,1,cTNauH6BeRk
yt-28212,0,1,0tPQJBRHt6k
yt-28213,2,3,_uPjqtGxgPE
yt-28214,1,2,1VTLzDSRNCE
yt-28215,0,1,wsljbtjkvhY
yt-28216,2,3,4o78WAI6PFI
yt-28217,1,2,uLpvLX5bQis
yt-28218,1,2,SGX6aguU5QM
yt-28219,2,3,07elfppOTmY
yt-28220,2,4,TEc0hbzEt70
yt-28221,0,1,0Baydln0oDY
yt-28223,0,1,9Me1v1rMx_U
yt-28224,0,1,6fwcLTIf9vA
yt-28225,1,2,6WxP5aK25K8
yt-28226,2,3,jE2A55tf_YY
yt-28227,1,2,y_hy8DfxDsw
yt-28228,0,1,tmqBx45Us2A
yt-28229,2,3,8tFDTZmJAxU
yt-28230,2,4,dX7qmhhwT20
yt-28231,2,3,BABRe53fna4
yt-28232,2,3,novideo-28232
yt-28233,2,3,3ALNefcqWgE
yt-28234,0,1,uzYdEkQzyaw
yt-28236,0,1,qpGHlrNOrRU
yt-28237,0,1,qbUK3m6y8Ps
yt-28238,2,3,5g4TGqJibz0
yt-28239,1,2,WOdUJoLRfSc
yt-28240,0,1,zpfYEh_9qYM
yt-28242,2,3,novideo-28242
yt-28243,2,3,m0_SMiOecko
yt-28244,0,1,9fST9veuDyw
yt-28245,1,2,Z97JSt35A2I
yt-28246,1,2,4jjsMHMD154
yt-28247,2,3,jKmcHlOGHJk
yt-28248,0,0,t-o0riNIFhM
yt-28250,1,2,5lXeSCXnxjI
yt-28251,2,3,vOSjhAkZeDw
yt-28252,1,2,HOW0GGRysbo
yt-28253,2,3,uK-MGDE2dE4
yt-28254,2,3,XOu5898HNzQ
yt-28255,2,3,QNxQ9tt5CGo
yt-28256,0,1,rCLX54yRVt0
yt-28257,0,0,9TmO9LA0c0U
yt-28258,0,1,eXgbfV2C6ic
yt-28259,2,3,Jmo32Cbm7UA
yt-28260,0,1,fXrrLDkCDII
yt-28261,1,2,h4UMYASh0xw
yt-28262,0,1,HIIXouQoRys
yt-28263,2,3,J9e-b-mek9A
yt-28264,1,2,szXwwGpPiKs
yt-28265,0,0,lVyvuhZkF-M
yt-28266,0,1,LJBYbMSc8dk
yt-28267,0,1,cIv5py54h-A
yt-28271,1,2,6zVLUwCAsFM
yt-28272,2,3,ar_SIWMZakk
yt-28273,0,1,PCTYJHD0-g0
yt-28274,0,1,-yzD04Xpxv4
yt-28275,2,3,z9aJrIzbuaw
yt-28276,0,1,7c2SrRP7HBw
yt-28277,0,0,EDH5TMcB4Ec
yt-28278,2,4,novideo-28278
yt-28279,0,1,pYLu9Gd4FJQ
yt-28280,0,0,-yzD04Xpxv4
yt-28282,0,0,Suex0bSJJCI
yt-28283,0,0,0n5VgU_cw6c
yt-28284,2,3,qh85fT3ARe8
yt-28285,0,0,f3f_HO5egPA
yt-28287,0,1,ILld-i0ooJk
yt-28288,1,2,Ta7n4bqs4HM
yt-28289,0,1,M4Ti1-wCajo
yt-28290,0,0,1T-OTedo0dk
yt-28291,2,3,pwXLJJ6u3vA
yt-28292,0,1,ygfvpEgq-H8
yt-28293,1,2,novideo-28293
yt-28295,2,3,2mPAha_miX8
yt-28296,2,3,v7WOvfeRZYw
yt-28297,2,3,m0_SMiOecko
yt-28298,0,1,1Fq7n3sYm04
yt-28299,2,3,3TycaVO0Rso
yt-28300,1,2,GceG3HakyFo
yt-28301,0,0,zk7-jWa7qgc
yt-28302,2,3,nH6aJeWGH2U
yt-28303,2,3,UBAY26elr-w
yt-28304,0,1,ZOUSjqTH1xk
yt-28306,0,1,gpB7kmjTqy8
yt-28307,2,3,zxLJd-1liF0
yt-28308,1,2,bfvYWoh_tRs
yt-28309,1,2,DC05VUtSHmA
yt-28310,2,3,sX5ORTz9SAo
yt-28311,2,3,d1dAHI8KBFc
yt-28312,2,3,v7zlnATufOw
yt-28313,1,2,mSk3DGJCmrc
yt-28314,1,2,_zBTDA5JvQM
yt-28315,2,3,VkuFXSGqxe8
yt-28316,0,1,Coafg-omz4s
yt-28317,0,1,novideo-28317
yt-28318,0,1,POpq6RYIx38
yt-28319,2,3,TdBiVYw2WH4
yt-28320,0,1,m0_SMiOecko
yt-28321,0,1,dRvSMRJDnlA
yt-28322,0,1,SL6EgMQeM2s
yt-28323,2,3,h4UMYASh0xw
yt-28324,2,3,mECXM9APD9Q
yt-28325,2,3,d7Eybfes0Ew
yt-28326,1,2,5wjtrINkBgQ
yt-28327,1,2,9e4SzOy8bbQ
yt-28328,2,3,Plg9P8sBAYE
yt-28329,1,2,qt4rVgyr1Rg
yt-28330,0,1,_-sXeX9ntsM
yt-28332,2,3,J9e-b-mek9A
yt-28333,0,1,novideo-28333
yt-28334,1,2,NxypeHZMIGQ
yt-28335,1,2,OLHNtZxyX5s
yt-28337,1,2,ywdkzZxMsrI
yt-28338,2,3,jBwBg0zK0Gc
yt-28339,0,0,8cnhmXyC7bY
yt-28341,2,3,fTLXau3D6Po
yt-28342,2,3,ndno3H-pKIw
yt-28343,0,1,novideo-28343
yt-28344,2,3,nKn1YZmEEKo
yt-28345,2,3,INgFRp5kB4s
yt-28347,2,4,KOmxQiMO9KY
yt-28348,2,3,rmA2BCEq-Gc
yt-28349,2,3,HtqyzjEuwlE
yt-28350,1,2,Ysq0XnUQd8E
yt-28352,2,3,8qWFCf7Ab7Y
yt-28353,2,3,m0_SMiOecko
yt-28354,2,4,_zg4pI-Qndc
yt-28355,1,2,BtNBhnz1hBM
yt-28356,1,2,h7fitFBcLCE
yt-28357,2,3,J9e-b-mek9A
yt-28358,1,2,Jv6VLUr1dsI
yt-28359,1,2,uu2zRlPidNk
yt-28360,2,3,YoD3GqU9HJQ
yt-28361,0,1,eZw_irtcyiE
yt-28362,0,1,ZOUSjqTH1xk
yt-28363,0,1,f_iZIGzqe5M
yt-28365,2,3,A0u0wE24oNA
yt-28366,0,1,1VTLzDSRNCE
yt-28367,0,1,RnEiqCtr7Jc
yt-28368,2,4,m0_SMiOecko
yt-28369,2,3,PKctTa8M8ys
yt-28370,1,2,QAtPYVJzeZ4
yt-28371,2,3,0NFBem5irLM
yt-28372,2,3,gw1xsL2_Qp4
yt-28373,0,1,gKohxH6Q23M
yt-28374,1,2,70-w6BoPZ3g
yt-28375,1,2,H0bKUYV7g44
yt-28376,0,0,05z5FqrvUAU
yt-28377,2,3,UiSAG3N1feU
yt-28378,1,2,lgbADhdrtQ8
yt-28379,2,3,RN0zNNH89h8
yt-28380,0,1,5MCBRjd-QaU
yt-28381,1,2,OZPGgi7HJNE
yt-28382,2,3,-ssFn7H3zzU
yt-28383,0,1,Aznn0lCRK30
yt-28385,0,1,uSZC7-wNRHU
yt-28386,1,2,IpZf2KRUofA
yt-28387,0,1,vn2e5NxsfEM
yt-28388,2,3,q4PqD0S7oM0
yt-28389,2,3,K2kZSQyCGS4
yt-28390,0,1,yeqeOY-dFKY
yt-28391,0,1,BN-sgMgnIAk
yt-28392,2,3,s0nuKKa7Lv0
yt-28393,2,3,m0_SMiOecko
yt-28394,1,2,sauTZ1NAbmo
yt-28396,0,1,yZqP0g3yoqs
yt-28397,2,4,Nwj5tU2Ikio
yt-28398,2,3,wF0BFR24WLo
yt-28399,2,3,0uBQOW3Fmns
yt-28401,0,0,mURdo7tzxe4
yt-28402,1,2,pXdKUWlLH0g
yt-28403,2,3,Plg9P8sBAYE
yt-28404,2,3,P77UiR1vj9Y
yt-28405,2,3,1VTLzDSRNCE
yt-28406,2,3,RaVVhV6N6KA
yt-28407,0,0,pUWyUUVfkOc
yt-28411,2,4,CFTyyxTabmE
yt-28412,0,1,t3Q8Haoiv6g
yt-28416,0,1,EXMRW8h3fuw
yt-28417,2,3,gTUu1j5-Zck
yt-28418,0,1,T4h0Seb3S-w
yt-28419,2,3,4pgJgf5TNcA
yt-28420,2,4,0xN-jS49OOA
yt-28421,2,3,58frGISFQUE
yt-28424,2,4,novideo-28424
yt-28425,2,3,novideo-28425
yt-28426,1,2,AkD944uT-lM
yt-28427,1,2,RbkVuJqb_YQ
yt-28431,0,1,t13TbpyA7c4
yt-28432,2,4,XY9GhLNm37g
yt-28433,2,3,Fls21k1zOA4
yt-28434,2,3,VkuFXSGqxe8
yt-28435,2,3,YYvLBm8oadQ
yt-28436,1,2,vJv2MpQSeWg
yt-28437,1,2,-UFH1sLavQI
yt-28438,0,1,3P9gWoUR9dk
yt-28439,0,1,7ChqJSHDGTs
yt-28440,0,1,85r6CRCAKyU
yt-28442,1,2,B-zaLvhYxEc
yt-28443,0,1,45sJVk2kntg
yt-28444,0,1,yMCJ-ZSS9ag
yt-28445,0,1,Z9k5dWX3Vlc
yt-28446,2,4,izjmMyE5mq8
yt-28447,0,0,MlApM6PpmIk
yt-28448,2,3,81Ir39n_K-A
yt-28449,2,3,xcH3d0w9Xxw
yt-28450,1,2,UbBZRyXK-Ds
yt-28451,1,2,lOfHTsy5g4Q
yt-28452,1,2,tm3SnDw9xqI
yt-28453,2,3,huaVhsK3cEs
yt-28454,1,2,Xi_BwJ6T_3s
yt-28455,0,1,bZAjeSUFiEE
yt-28456,1,2,e7HjIlJBOkw
yt-28457,0,1,9qgA5UxAYsw
yt-28459,0,1,XURGDvpcYTM
yt-28460,1,2,_bNHYSjZeyA
yt-28462,0,1,xwquU-4IGLU
yt-28463,0,1,exTtavEmiEE
yt-28466,0,1,8VPVWtqzvHY
yt-28467,2,3,05nsjEQLLlw
yt-28468,0,1,C3z79NQUX28
yt-28469,2,3,HP7zfdGFPJI
yt-28470,2,3,7FXVFkHBNd8
yt-28471,2,3,RP6Key8CWhM
yt-28472,0,1,S8GK7VAdk1Y
yt-28473,1,2,Hwl-Nbiw5dw
yt-28474,2,3,QSFa2YaBa1U
yt-28475,2,3,FTKDwF3JyXo
yt-28476,2,4,BFuz4UsYRVo
yt-28478,2,3,FNzEJuVv3qU
yt-28479,0,0,XqIXUnpfBqs
yt-28480,2,3,ktwETEMGT6k
yt-28481,2,3,JPn6Qoaa-R8
yt-28482,2,3,KbyuZZJxiP0
yt-28484,2,3,I81Qrs7zIgg
yt-28485,0,1,FC5GrQbgAz4
yt-28487,2,4,xivu81EIMds
yt-28488,2,3,ktwETEMGT6k
yt-28490,2,3,dYBUHBF-yLo
yt-28491,0,1,rZJT646i4TY
yt-28492,2,3,3-RDBxuBJgo
yt-28493,2,3,e9o2HkJy-3s
yt-28494,0,1,W0QhNV_inds
yt-28495,2,3,7hMfGlt-AfU
yt-28498,0,1,ERUZo-m4V2U
yt-28499,0,1,vuHiT2GwHds
yt-28500,0,0,f2l7cloYz7Q
yt-28502,2,3,MhEQyO4-2o4
yt-28503,0,1,ERUZo-m4V2U
yt-28504,2,3,P1amCSIPKF8
yt-28505,2,3,PLCR4rhl9Rw
yt-28508,0,1,_46CzJJudnc
yt-28509,2,4,uOvRcOhIgOY
yt-28511,2,3,sepI2oMcbsM
yt-28513,0,1,PTX5hCdGGpc
yt-28514,1,2,RGykvD39HEQ
yt-28516,0,1,uRFP_2R1xlU
yt-28517,0,0,rb6xDZ6OGSQ
yt-28518,0,1,unB18Si-rwg
yt-28519,1,2,Y75S3K2qeo0
yt-28521,0,1,PBY9jGOpjfQ
yt-28523,2,3,UE7TJ4WuBOA
yt-28524,0,1,LcPI_kgPtxI
yt-28525,2,3,PMWzbcnVNkY
yt-28526,0,1,8OHTP3wnyJA
yt-28527,2,3,5_ZzO4c4bGE
yt-28528,0,1,PGVr3R6UzuY
yt-28529,2,3,yTnHjR_HyMA
yt-28530,0,1,F9MctqJgJVk
yt-28533,2,3,V0Va_HxkKps
yt-28534,1,2,VNWCfMuahn4
yt-28535,2,3,f6T7rpQwe-c
yt-28536,2,3,QLfX4FD7aiE
yt-28539,0,1,RILUqYnn5aA
yt-28540,2,3,kHwHSMPne2U
yt-28541,2,3,GfMym551Ews
yt-28542,2,3,W0Xx5OzQP7o
yt-28543,0,1,lZJ5okn5ayI
yt-28545,2,3,gWBtENOKk8o
yt-28547,0,1,Ukyd6U0VlmE
yt-28549,2,3,ZOUSjqTH1xk
yt-28550,2,3,YoD3GqU9HJQ
yt-28552,0,1,954Q3fuIYKQ
yt-28553,0,1,rSlpeFsOsds
yt-28554,1,2,LykotTtdTSQ
yt-28555,1,2,Pa8-P_M5AOQ
yt-28556,2,3,V5KXGKqteJY
yt-28557,2,3,pnLqT9WavrY
yt-28560,2,3,LcUSIKVjXng
yt-28561,0,1,7WLHODsr0HY
yt-28562,0,1,tENdVriyYD0
yt-28563,0,0,Dx1ynbOsMZ0
yt-28564,2,3,3hsJ0hCLx5o
yt-28565,1,2,VkuFXSGqxe8
yt-28568,0,1,p56JNG0SE4Q
yt-28569,0,1,unB18Si-rwg
yt-28572,2,3,3TycaVO0Rso
yt-28573,0,0,gzXMnlrrLHY
yt-28575,2,3,i7a0LWguZhI
yt-28576,1,2,nsnJUhY3hBM
yt-28577,2,3,YoD3GqU9HJQ
yt-28578,1,2,DN8Y5hq8qro
yt-28579,2,3,xyFvpYh1v9k
yt-28580,0,1,uc_NhoIGwyU
yt-28582,2,3,v7zlnATufOw
yt-28583,0,1,FuZVA3s7b1c
yt-28584,1,2,F9MctqJgJVk
yt-28585,0,1,d_eZ4O5HiMQ
yt-28586,2,3,JpNEGYikLK0
yt-28588,0,1,QsN36utFELU
yt-28589,1,2,57iG9nuehO0
yt-28590,2,3,novideo-28590
yt-28591,2,3,ejcU9qjs07I
yt-28593,2,3,zrvNBzfIgN4
yt-28594,2,3,p2OHilQDZlU
yt-28596,0,1,_jvlVlpK-Dk
yt-28597,0,1,404SiFMvAIE
yt-28598,0,1,hArDpQVdTYA
yt-28599,2,3,1VTLzDSRNCE
yt-28600,2,3,NG6_1jvxOmk
yt-28601,2,3,8qWFCf7Ab7Y
yt-28602,2,3,uSyQ2_lhuvI
yt-28604,0,1,lNxpRA-0mpQ
yt-28605,2,3,hBCCr6c7Lu4
yt-28606,2,3,CFTyyxTabmE
yt-28607,2,3,Uo72ijyLlGU
yt-28608,0,1,ReejhPZfYmw
yt-28609,2,4,GOXdhI7RF3o
yt-28611,2,3,EQq9B_mvV74
yt-28612,2,3,SsSbu02eIIQ
yt-28613,2,4,9u5Eh1fUxxc
yt-28614,1,2,TXiIgr0uw1g
yt-28616,0,1,XV8ah3XFXhk
yt-28618,2,3,-NSq2W0FbQM
yt-28619,0,1,K8LfHhWo-Fg
yt-28620,0,1,Li25SFvZofU
yt-28621,1,2,CPqA99EeVIg
yt-28622,0,1,5LxhTcFswno
yt-28623,1,2,Df4Mj2qkyy4
yt-28624,2,3,7OIzJGq3jfY
yt-28625,0,1,CHJcnsKGtkA
yt-28626,2,3,NaBlyC3LzrY
yt-28627,1,2,aGBLRznVihA
yt-28628,0,1,hkJtcKqccuE
yt-28630,2,3,Ma9wxNfR4WE
yt-28631,0,1,XkB3HSQVKAY
yt-28632,0,1,DHUU9ug_SKY
yt-28633,2,3,uOw5pmz9j-I
yt-28634,2,3,8UH6G1LnXR8
yt-28635,1,2,3mW8cTZzbjk
yt-28636,2,3,zhngeBSdLpc
yt-28637,2,3,m0_SMiOecko
yt-28638,2,3,YoD3GqU9HJQ
yt-28639,0,1,zeCZCU6b3ko
yt-28640,0,1,PwsyBi25uJs
yt-28642,0,1,dFWLnITf9fE
yt-28643,1,2,JH5qHfBPZcE
yt-28644,0,1,RQWL1m55C58
yt-28646,0,1,DC05VUtSHmA
yt-28647,0,0,zsMLMZF9Pro
yt-28648,2,3,7hOI2sg67dg
yt-28651,0,1,_ADM5YFMuRY
yt-28654,0,1,YXhtTgh-igs
yt-28655,2,3,ktwETEMGT6k
yt-28656,2,3,m0_SMiOecko
yt-28657,0,1,YzXYoh_o6RY
yt-28658,1,2,LlxDEMjUfXQ
yt-28659,1,2,ZLFJVq7hZ1I
yt-28661,1,2,s0W0w2jeb18
yt-28662,0,0,novideo-28662
yt-28663,2,3,FP3WrKvLqb4
yt-28664,2,3,u1MnApNpV3c
yt-28665,2,3,novideo-28665
yt-28668,2,3,grqxlQPhCt0
yt-28670,2,3,qMAeQeZDgqA
yt-28672,2,3,Ep61tpBLF_k
yt-28673,2,3,id3-1yMuAp0
yt-28674,1,2,3sa6H0xBZfU
yt-28675,2,3,1VTLzDSRNCE
yt-28676,1,2,ph2CwieFEkY
yt-28677,2,3,XA3IOpAnCD0
yt-28679,0,1,j2uhTjJMS_E
yt-28680,1,2,_QjGMChHEQc
yt-28681,2,3,uK-MGDE2dE4
yt-28682,0,1,xD2716teL0U
yt-28683,0,1,Kw0AXnm2t_c
yt-28684,2,3,xyFvpYh1v9k
yt-28685,0,1,i4LSAhXJTqk
yt-28686,0,1,Gfutg1gQM70
yt-28687,0,1,hlt4nr5nz5Q
yt-28688,2,4,0adDCIPFUX4
yt-28689,2,3,SH3-06sI77A
yt-28690,2,3,PSDZRrtFYn4
yt-28691,2,3,mamqI405FPg
yt-28692,1,2,lq6dW5T-iN8
yt-28693,2,3,unB18Si-rwg
yt-28695,2,3,6zw2pf1552g
yt-28696,2,3,CVt3UBCUirg
yt-28697,0,1,N9V-7TPtVzQ
yt-28698,2,3,Zu90jlvKgYo
yt-28700,2,3,b3QBfxONl3g
yt-28701,1,2,hmp4ZVhgm8o
yt-28703,0,1,k4VurHbhoyM
yt-28704,2,3,suYJw7vkEyc
yt-28705,2,3,zq1lcB7yVWk
yt-28706,2,3,yuX-zBLlkpA
yt-28707,2,3,0JZvoMWMmxU
yt-28708,2,3,m0_SMiOecko
yt-28710,2,3,novideo-28710
yt-28711,0,1,1SAtwjFfn5c
yt-28712,1,2,FIJwkne06Ks
yt-28714,2,3,DC05VUtSHmA
yt-28717,0,1,f4mqdoI6AYs
yt-28718,0,1,PjCqN99rksw
yt-28719,0,1,FJmQad1LaSo
yt-28722,2,3,Hux1Rot8W2M
yt-28724,0,1,Zo9VQD8AEZk
yt-28725,0,1,0adDCIPFUX4
yt-28727,0,1,l_Zsob8qcek
yt-28728,2,3,xCkjdAMMIsk
yt-28729,2,3,m0_SMiOecko
yt-28730,2,3,kAEVdbe-kIs
yt-28731,0,1,wj5zRqjD8Fg
yt-28733,0,1,MWfKISXIGGs
yt-28734,2,3,F9MctqJgJVk
yt-28735,1,2,h8O3os4k9DY
yt-28736,0,1,novideo-28736
yt-28737,0,1,novideo-28737
yt-28738,2,3,KxSBtlpTy7k
yt-28739,0,1,UeuyX3AGVS0
yt-28741,2,3,46UOKi9n_aY
yt-28742,0,1,Zo9cuvXtDqg
yt-28744,2,4,UhFdcBIIrBk
yt-28745,2,3,qh85fT3ARe8
yt-28746,0,1,WcCJAHKIJFw
yt-28748,2,3,LJDxqnJksc0
yt-28749,0,1,yxcSo7M1-Ig
yt-28750,0,0,P3K_JvwZq3g
yt-28752,1,2,bQcvwFlvtNE
yt-28753,1,2,OuQXqDuayTU
yt-28754,2,3,8qWFCf7Ab7Y
yt-28755,2,3,M_SwzBtG2Js
yt-28756,1,2,BObJiy5noaM
yt-28758,2,3,6mDzX7C12bk
yt-28760,2,3,novideo-28760
yt-28761,0,1,IzZnyCIZOTU
yt-28762,2,3,1y2IvCXZhts
yt-28763,1,2,07C1KJrlTPk
yt-28764,1,2,LCsU2EDfZq8
yt-28766,0,1,AmKAk1yNA1E
yt-28767,0,1,ff6vbx_mCkg
yt-28769,2,3,C41NWw9WtX0
yt-28770,1,2,_2Dy4vTAbnY
yt-28772,0,1,WdQubJsvPOE
yt-28773,0,1,CVt3UBCUirg
yt-28774,1,2,Iykno64pNHI
yt-28775,1,2,CWk1-t6ccyQ
yt-28776,0,1,6K71BUCd4Jc
yt-28777,2,4,CAjQiiwn4zk
yt-28780,2,3,m4dN3WtP6Kc
yt-28781,0,1,RvZgQB6EX3I
yt-28782,2,3,qAoMIMeh7ns
yt-28783,0,1,Xg9hF50AsS0
yt-28784,0,1,jwxV4Xz23eM
yt-28785,1,2,APHOL8Pmuq4
yt-28786,0,1,IrLNfFMcBJY
yt-28787,1,2,PqPCBKYStVg
yt-28788,2,3,_wUW1tKmVZA
yt-28789,1,2,eLE867cgEbg
yt-28791,2,3,LuyweqHVW3Y
yt-28792,0,1,PatLKH9RRPg
yt-28793,2,3,novideo-28793
yt-28794,0,1,novideo-28794
yt-28795,1,2,YXRAfGbNB_k
yt-28796,0,1,cF7El7ayVqk
yt-28797,0,1,p5nTOB8w4-E
yt-28798,2,3,HyXYwx9AHHI
yt-28799,2,3,novideo-28799
yt-28800,0,1,Jv6VLUr1dsI
yt-28801,1,2,VFuA_A53Nwo
yt-28802,0,1,q46a33Squ0w
yt-28803,2,3,3FCJhXdYV84
yt-28804,2,3,USSeIZN8hJA
yt-28805,2,3,dj5EFDulRDA
yt-28806,0,1,8vfQ0bOYC1s
yt-28807,1,2,t27sZz1Ifks
yt-28809,2,3,HF47s3u55WY
yt-28810,2,3,kwhywEM944w
yt-28811,0,1,MBPBLHdcObs
yt-28812,1,2,8NB2ouFhOj0
yt-28814,2,4,3QZm3rjYPPA
yt-28815,2,3,8PjZLkD7H6I
yt-28816,1,2,7CYSxJXMsfM
yt-28817,2,3,PHt74nKN0HU
yt-28818,1,2,DxEXjuduLmI
yt-28819,2,3,fKse611y8lI
yt-28820,2,3,6D7wYLWGidY
yt-28821,0,1,Xn9OvxpuqE0
yt-28823,2,3,toGjytWXGHM
yt-28825,2,3,ERm2qBVX0_g
yt-28826,0,1,lMFkCsCBUMw
yt-28827,0,0,bc3UENA-mmA
yt-28829,0,1,drjF4_BOINc
yt-28830,2,3,6qeoTsHx484
yt-28831,2,3,J9e-b-mek9A
yt-28833,0,1,oZN2Ni9yXB4
yt-28835,1,2,YklpGz7cNu0
yt-28837,0,1,Pr1oxAR3oaY
yt-28838,2,4,ktwETEMGT6k
yt-28840,0,1,uTJtDjyPFZc
yt-28841,0,1,KGb_d94uEfE
yt-28843,0,1,zQiCkbGdrvE
yt-28844,0,1,J3ABn3dqRS8
yt-28845,2,4,nntYFfh3w80
yt-28846,1,2,0b3-1gRB1pQ
yt-28848,0,1,oAAeIeLWOXE
yt-28849,2,3,xcH3d0w9Xxw
yt-28850,2,3,xk5jUWlygLc
yt-28852,0,1,pxNYd-XxSWY
yt-28853,0,1,x8XjV1hMT5w
yt-28854,2,3,-AVpfcE3F3E
yt-28856,0,1,AMK7Qgctj1I
yt-28857,1,2,OoXZ1MM8L5E
yt-28858,2,3,K6OSYL5tZGY
yt-28859,2,3,4wRPJ8A_62s
yt-28860,0,1,pG53ABtGNjs
yt-28861,2,3,WaumF6MadEs
yt-28862,0,1,gKz40oYeHwg
yt-28863,0,1,tjWTPwPbr1g
yt-28864,2,3,RN0zNNH89h8
yt-28867,0,1,9TmO9LA0c0U
yt-28868,1,2,342745ue_gE
yt-28869,0,0,xYFR5YJ5gv0
yt-28871,0,1,LEUVza-lBYc
yt-28872,2,3,ZS9elU1JW9Q
yt-28874,0,1,Y75S3K2qeo0
yt-28875,0,1,lH0hOoRKW8g
yt-28877,2,3,P7BwzwS2oio
yt-28878,1,2,pe8hPYLi62U
yt-28879,2,3,0n5VgU_cw6c
yt-28880,0,1,qCZSJNgaOoU
yt-28881,1,2,TRDZ744Xd24
yt-28882,2,3,_kBt-B3CTHY
yt-28884,2,4,ZOUSjqTH1xk
yt-28885,2,3,vpoVEhc2Xgk
yt-28887,0,1,vQW0tIVWuO0
yt-28889,2,4,Y75S3K2qeo0
yt-28890,0,1,KrAH70Uydt8
yt-28891,1,2,dX7qmhhwT20
yt-28892,2,3,UKpExvEDGx8
yt-28893,0,1,tZRoFcDRcXI
yt-28894,2,3,yLV4MyNTSvo
yt-28896,2,3,mZhm1zQ_RQg
yt-28897,1,2,Ag9lFmFsPuM
yt-28898,2,4,mZhm1zQ_RQg
yt-28899,2,3,rmA2BCEq-Gc
yt-28900,0,1,4ifQRSpMk08
yt-28901,2,3,hmp4ZVhgm8o
yt-28902,2,4,enO8nAdT_O8
yt-28903,0,0,uuMgntua97I
yt-28904,2,3,HyXYwx9AHHI
yt-28905,2,3,3YcbOsuUUuA
yt-28906,2,3,pXeOtkaIxgU
yt-28907,2,3,uCPkx7vX6ek
yt-28908,0,1,_jvlVlpK-Dk
yt-28909,2,4,IJ9vVLJA0Zw
yt-28910,2,3,TfgdwInk4l4
yt-28911,0,1,RwyP5iuao0c
yt-28912,1,2,FIJwkne06Ks
yt-28913,0,1,qMAeQeZDgqA
yt-28914,0,1,VZSFaT_mkLM
yt-28915,0,1,TGlyjFGa57Y
yt-28916,0,1,novideo-28916
yt-28917,0,1,EsOgyP7ZuV4
yt-28918,0,1,ajNpsg1Do9U
yt-28919,2,3,yb1lhZruXH4
yt-28920,2,4,CFTyyxTabmE
yt-28921,0,1,CEDBmkhOCwY
yt-28922,2,3,xr-x8vL921M
yt-28923,0,1,le-j-ZeGGhE
yt-28924,0,1,N9V-7TPtVzQ
yt-28925,0,1,K1qbmYXgp2I
yt-28926,0,1,htL0oLCtcM4
yt-28928,2,3,h3EFevb9N6Y
yt-28929,0,1,1YZ5yFrk090
yt-28931,0,0,EEuPtLIG4Es
yt-28932,0,1,lDwCpVH2tC4
yt-28934,1,2,jrVknoTp0Ro
yt-28936,0,1,hiUANxZBtjM
yt-28938,1,2,CoHCDvIricU
yt-28939,0,1,lnDKRSjQWyk
yt-28940,1,2,NxypeHZMIGQ
yt-28941,2,3,l0dXBW82v6c
yt-28944,2,3,h6dXHKCs2h0
yt-28945,1,2,oVlV_Hm7k2g
yt-28946,0,1,novideo-28946
yt-28947,0,1,vT7pKGCmA4w
yt-28948,0,1,novideo-28948
yt-28950,2,3,uRiW3NRF2Ys
yt-28951,1,2,7nlIXbE4Z2k
yt-28952,2,3,L2ievKIPbJk
yt-28954,0,1,LNK607qmtYw
yt-28956,2,3,a2R29Br5rpk
yt-28957,0,1,exXMeMHS3yw
yt-28958,2,3,AdoHh0KlG-o
yt-28959,0,1,novideo-28959
yt-28960,2,3,jHZm_Sozorc
yt-28961,0,1,lJtc7SO8rWE
yt-28962,2,3,0NxHa_AUSJM
yt-28963,0,1,HtX-i0wQNUU
yt-28964,1,2,a2R29Br5rpk
yt-28966,2,3,m0_SMiOecko
yt-28968,1,2,k_q2JEHJj0g
yt-28969,1,2,tK6QFK5IJVQ
yt-28971,0,1,m0_SMiOecko
yt-28972,2,3,PCFpZ0u_fyM
yt-28973,2,3,5nsNrWU8V5M
yt-28975,1,2,rD_ketmxFy0
yt-28976,0,1,DiEVDSlL1M0
yt-28977,2,3,6UwuSUdhTGw
yt-28978,0,1,t9jx5d8VNWs
yt-28979,1,2,jxzEdQO8bGY
yt-28980,2,3,h0Xc7Xeu8Hc
yt-28981,0,1,FuZVA3s7b1c
yt-28982,1,2,UztiY0Apojk
yt-28983,0,1,7bCOEH2S-Q8
yt-28985,2,3,G4ccY_Fo3-Y
yt-28986,0,1,1ea88YJN_ec
yt-28987,0,1,b_w1q1YvVr8
yt-28989,2,3,diOkxTDJWgI
yt-28990,1,2,w2mEM_VPaZQ
yt-28991,2,3,ROPJbdR_o2E
yt-28993,0,1,kl0Tc82AcTo
yt-28994,2,3,YoD3GqU9HJQ
yt-28995,0,1,UPYcfKp0LWY
yt-28996,0,1,hiUANxZBtjM
yt-28998,1,2,jfL9cOUBhFQ
yt-28999,1,2,Xn6RQQisM2c
yt-29001,2,3,td4VFyTDeqo
yt-29002,1,2,dYBUHBF-yLo
yt-29003,1,2,FuZVA3s7b1c
yt-29004,2,4,xU9PbqgBuV8
yt-29005,1,2,5MFMC7A56cs
yt-29007,0,1,_QDX1gi3AAw
yt-29010,2,3,eg6TFMCbDWA
yt-29011,2,4,HFypvjjhIhs
yt-29014,2,3,xcH3d0w9Xxw
yt-29015,0,1,lXvo5vZ4jH8
yt-29018,2,3,m0_SMiOecko
yt-29019,1,2,fZXGeLq4wGw
yt-29020,1,2,819YuRumqWg
yt-29021,0,0,l8xUFhkVwIM
yt-29022,2,3,WgBoQYwsU8o
yt-29023,0,1,-igrsvVo03Y
yt-29024,0,1,MPB2gw5lJ48
yt-29025,2,3,zOtP_qpKmYY
yt-29027,1,2,wjkwoa74XyA
yt-29028,1,2,aomHwSBstFc
yt-29029,1,2,U1BkBcBndHM
yt-29030,1,2,CBVGd8NfMxk
yt-29031,2,3,m4dN3WtP6Kc
yt-29032,2,3,vpoVEhc2Xgk
yt-29033,2,3,b9GHZjBjja8
yt-29034,1,2,Bkc9zpGB9PI
yt-29035,1,2,WjovWkldUdw
yt-29036,0,1,_zg4pI-Qndc
yt-29037,1,2,d3-ZO8viWdI
yt-29038,2,3,unB18Si-rwg
yt-29040,1,2,Rf5T8HjnGBo
yt-29041,2,3,0m7gb6NFAvs
yt-29042,0,1,wDWr8NhtDWM
yt-29044,2,3,R9VkwvW2LDU
yt-29045,0,1,XLJ7tyehH70
yt-29047,0,1,FuZVA3s7b1c
yt-29048,2,3,188SQ0R8NyQ
yt-29052,1,2,mZC-BYx9PE0
yt-29053,1,2,sX5ORTz9SAo
yt-29055,2,3,1y2IvCXZhts
yt-29057,1,2,v1t0U_G42jY
yt-29058,1,2,38WpQsCVJno
yt-29059,2,3,UcHjsL-6Rdc
yt-29060,2,3,k_kHJJT7hlM
yt-29062,2,4,RzXgg5vpyWk
yt-29064,2,3,hilYswFYbQk
yt-29065,2,3,57TtzJ1mKF4
yt-29066,2,3,fZonbuBf5Gw
yt-29067,2,3,yTnHjR_HyMA
yt-29068,1,2,USteoz6VpLM
yt-29070,0,1,pPEkjWBdqxA
yt-29071,0,1,0IUPr4zLkAY
yt-29072,0,1,Vr39P9p3EHE
yt-29074,1,2,AxaIZ36B4C4
yt-29075,2,3,7CYSxJXMsfM
yt-29076,2,4,J1Kogbdg8G0
yt-29077,2,4,L2ievKIPbJk
yt-29078,0,1,1AqAmoMfAZs
yt-29079,2,3,hmp4ZVhgm8o
yt-29082,2,3,INgFRp5kB4s
yt-29083,1,2,cqhZMrQi2UM
yt-29084,2,3,Hux1Rot8W2M
yt-29085,0,1,GWOw3xB2JEM
yt-29086,1,2,bNvs2zRaJ5g
yt-29087,1,2,Aj15i4Mbr-8
yt-29088,1,2,0MvdUw-Dwhw
yt-29089,2,3,cD1ewmnSKoQ
yt-29090,0,1,xWu0AseEO1s
yt-29091,0,1,9u5Eh1fUxxc
yt-29092,1,2,teD2iHv2hZ8
yt-29093,0,1,PTX5hCdGGpc
yt-29095,1,2,zrDffY1O0Q4
yt-29096,0,1,UXbcx_VoYBM
yt-29097,0,1,novideo-29097
yt-29098,2,3,PDhB_dQvtM4
yt-29100,0,1,u-TgF7WA7l4
yt-29101,2,3,WfshEpeYqSo
yt-29102,2,3,nOufaOdiEQc
yt-29103,0,1,hE9VpSxrr2Q
yt-29104,2,3,sSdubts7svE
yt-29105,0,1,novideo-29105
yt-29106,1,2,ZOUSjqTH1xk
yt-29107,2,3,MJz9lmvKrZQ
yt-29108,0,1,78TGp5hNgVw
yt-29110,0,1,novideo-29110
yt-29111,2,3,m0_SMiOecko
yt-29113,2,3,VkuFXSGqxe8
yt-29114,1,2,q3ZmfnkywmY
yt-29115,0,1,tFLx0ADG61M
yt-29116,1,2,gy79v5J7rTs
yt-29118,1,2,vpoVEhc2Xgk
yt-29119,0,1,RijDdVu-qQo
yt-29120,0,1,1VTLzDSRNCE
yt-29121,1,2,R2hODjYQFgg
yt-29122,0,1,ytitID15C9w
yt-29123,0,1,7yGQsgevtso
yt-29124,2,3,m0_SMiOecko
yt-29125,0,1,AMK7Qgctj1I
yt-29126,2,3,5GZ_EL_Mjq4
yt-29127,0,0,H0bKUYV7g44
yt-29128,0,1,UgAD2hx0fs8
yt-29129,1,2,lTJ2mhH4rU8
yt-29130,2,3,DN8Y5hq8qro
yt-29131,2,3,sNIokf-BPus
yt-29132,0,1,KHMtzV8vkPI
yt-29133,1,2,W93B7cSaKLg
yt-29134,2,3,VGZ4L9WAI6Q
yt-29136,1,2,1y2IvCXZhts
yt-29137,2,3,0yEWcqIne_8
yt-29138,2,3,qh85fT3ARe8
yt-29140,2,3,StEbUmobvwo
yt-29141,1,2,o-3mzUJNov0
yt-29142,0,1,--D84UjD4XU
yt-29143,0,1,btrzODCnxOg
yt-29144,0,1,JH5qHfBPZcE
yt-29145,0,1,bKgJ205IuLg
yt-29146,0,1,77p1PBdKxNw
yt-29147,0,1,4UVgvn68Ok0
yt-29148,0,1,gzXMnlrrLHY
yt-29149,2,4,V7c2PbgNuxU
yt-29151,0,1,zk7-jWa7qgc
yt-29152,2,3,yfTxrMDBcwY
yt-29153,0,1,VxtTNn0Dezc
yt-29155,0,1,vNm6MUHP7Z8
yt-29156,2,3,tAHK6E03ORo
yt-29157,2,3,WfshEpeYqSo
yt-29158,1,2,VkuFXSGqxe8
yt-29159,2,3,Q1xrr1efk9Y
yt-29160,1,2,IRObFMbFOIU
yt-29161,2,3,dPPgumaP92M
yt-29163,1,2,9-tEltG5smM
yt-29164,2,3,w0pRLvUzCHA
yt-29165,2,3,IyoZBHfRydM
yt-29166,2,3,xjvIW7D3xtU
yt-29168,2,3,GuYFO-XUQPI
yt-29169,1,2,Q35vQalYuRA
yt-29173,2,3,bB1G0nT1PEY
yt-29174,0,1,Ct4Ym7b6oj0
yt-29175,2,3,i5nz9DpqWgQ
yt-29176,2,3,OOOhBmWQiy8
yt-29177,1,2,HrL5oCB7Kl4
yt-29178,1,2,eKWCjkSfBRM
yt-29179,2,3,HYF_DV-OemE
yt-29180,2,4,cKhmiSMFxGI
yt-29181,2,3,oqhzw42jS38
yt-29183,0,1,rOXfgcoI0hw
yt-29184,2,3,ReejhPZfYmw
yt-29185,0,1,_vQc3-omWds
yt-29186,0,1,keQvyFAcZC4
yt-29187,2,3,lIB4Jm8DQ4Y
yt-29190,2,3,uu2zRlPidNk
yt-29191,0,1,nkE6M85fay0
yt-29192,2,3,ZpqJgmftaTg
yt-29194,2,3,RMtMThc8n1w
yt-29195,2,3,dZrawkGng5Y
yt-29197,2,3,VX24pMefwkU
yt-29199,0,1,2LDGKB9tvmk
yt-29200,2,3,ZzRwF5F0C74
yt-29201,2,3,M7_xKTcfHEc
yt-29202,2,4,h3EFevb9N6Y
yt-29203,2,3,yL76f9B0VEY
yt-29204,1,2,I81Qrs7zIgg
yt-29205,2,3,1Kg4Zjo5bl8
yt-29206,2,3,MnIJRsf1K5E
yt-29208,0,0,PnmHxqu0U9E
yt-29209,0,1,zTOMEmtYNEY
yt-29211,0,1,99C4VKGf6T8
yt-29212,2,3,JFkeVjm5074
yt-29213,0,1,te6oDHMGQtM
yt-29214,0,1,OLhQKEMFdww
yt-29215,0,1,ombpleaOWyg
yt-29216,1,2,8h8dYmGsKZc
yt-29217,0,1,W93B7cSaKLg
yt-29218,2,3,9Vbuuf0YQFw
yt-29219,2,3,_G892dEk-as
yt-29220,0,1,G9BMEGDLOVs
yt-29221,0,1,28EeJQ4WsQ4
yt-29222,1,2,JWm8nwsFT7o
yt-29224,0,1,EoliXTlgO00
yt-29225,2,3,QokMrwVKzZY
yt-29226,0,1,sBcv58DvnTc
yt-29227,0,1,6Q-4QaySHRo
yt-29228,0,0,JijC3ygOdPc
yt-29229,2,3,novideo-29229
yt-29230,2,3,TeYFrJ8x-Xs
yt-29231,2,3,yTnHjR_HyMA
yt-29232,2,3,EY34hxvOWlE
yt-29233,2,3,H6_W36DpGM0
yt-29234,0,1,cCJi_9GV44c
yt-29235,1,2,uJRq7aISZdo
yt-29236,0,1,petbI3v0fWk
yt-29237,2,3,YF_L0vW3RaQ
yt-29239,0,1,SsxWq1SuRa8
yt-29240,0,1,EDH5TMcB4Ec
yt-29241,2,3,v7drRnkB-1E
yt-29243,2,3,4NQFwvuWOFs
yt-29244,2,3,novideo-29244
yt-29245,2,3,3yukAMcGuYA
yt-29246,2,3,Ep61tpBLF_k
yt-29247,2,3,VkuFXSGqxe8
yt-29251,2,3,UCJPIZrDmgk
yt-29252,0,1,aUgYVg3wLNI
yt-29253,0,1,qPw-VFxzyJY
yt-29254,2,3,novideo-29254
yt-29256,0,1,YxPwM2Sion8
yt-29257,2,3,ThAr-mzUGMM
yt-29258,2,3,qa4dR5F9TZU
yt-29259,0,1,LDGyooZNX2c
yt-29260,1,2,8YvFm8bpbKQ
yt-29261,1,2,IfEQvQya5E0
yt-29264,2,3,DamIL1cO2gE
yt-29265,0,1,GpNgqSTvceU
yt-29266,0,1,fzQSr9zTB4U
yt-29267,0,1,novideo-29267
yt-29268,0,1,O9oPxU0NmDc
yt-29269,0,1,9Me1v1rMx_U
yt-29270,2,3,YojVgKa-GSk
yt-29272,2,3,Rpsx7Ipf4BY
yt-29273,2,4,1D7JSRbalds
yt-29276,0,1,Y75S3K2qeo0
yt-29277,0,1,x8XjV1hMT5w
yt-29278,0,1,oA3lSKxewMM
yt-29281,0,1,28bL9Oc0D80
yt-29282,1,2,UzCSv6AV-UQ
yt-29283,0,1,IfocyeSWoRo
yt-29285,2,3,PkLeE7ksifI
yt-29287,1,2,XsmEUYIjrcY
yt-29288,0,1,novideo-29288
yt-29289,0,1,novideo-29289
yt-29290,0,1,BIBV5bM_nbo
yt-29291,0,1,S9QpVHXSTew
yt-29292,0,1,FuZVA3s7b1c
yt-29294,1,2,YJAlx6MYDPo
yt-29295,0,1,wDWr8NhtDWM
yt-29296,2,3,MJJYgZFTjso
yt-29297,0,1,IrLNfFMcBJY
yt-29298,1,2,4m5sKZsu6Bg
yt-29299,0,0,novideo-29299
yt-29301,1,2,o9YLYLorzKg
yt-29302,2,3,BFuz4UsYRVo
yt-29303,0,1,akWupXAgQPI
yt-29304,2,3,JeFaQd2fq-8
yt-29307,0,1,FP3WrKvLqb4
yt-29308,0,1,ypupdSOWizE
yt-29310,2,3,AZAcK1euqpw
yt-29311,2,3,XdJXrpQc5uw
yt-29312,2,3,yDs3Lvj0Yn8
yt-29313,2,4,DQVNohxGU1I
yt-29314,2,3,-iEkQsMgjcU
yt-29315,2,3,_00PNeVGiZU
yt-29316,1,2,Mu7yszqcFv8
yt-29317,2,3,nijTweiRP-M
yt-29318,2,3,FyWtzmH05k4
yt-29319,2,3,2CRDRGUW1Yo
yt-29321,2,4,dbzqo_uiAVc
yt-29322,2,3,FP3WrKvLqb4
yt-29324,2,3,z6o6I25klrc
yt-29325,2,3,qh85fT3ARe8
yt-29326,1,2,sVXYyvLRkHs
yt-29327,2,3,a2R29Br5rpk
yt-29328,0,0,UNyyd6eZNJU
yt-29329,1,2,xxmBEiWYYPA
yt-29330,2,3,Sox8CAYui5A
yt-29332,2,4,VDayebVfHLo
yt-29333,1,2,NS2saZ6onrc
yt-29334,2,3,hof4KDEExCk
yt-29335,1,2,zOtP_qpKmYY
yt-29337,1,2,0_3CtQGpPp4
yt-29338,2,3,8NKKfjKo9wo
yt-29339,0,1,H0bKUYV7g44
yt-29340,0,1,2TT6quG-ekw
yt-29341,0,1,-xi8IqnX5iU
yt-29342,0,1,1qGT-g_LJYM
yt-29344,0,1,26yj_7OnOgE
yt-29346,2,4,GHnf_LVEjuE
yt-29347,2,3,07elfppOTmY
yt-29348,0,1,gdZbz7hYh_I
yt-29349,2,3,RsER5CUBLfo
yt-29350,0,1,x57P1iA-1O4
yt-29351,0,1,vwSmSG3wLUU
yt-29352,0,1,IzcNbm4Mo-A
yt-29354,0,1,pUWyUUVfkOc
yt-29355,0,1,H0bKUYV7g44
yt-29358,1,2,L8YhZ2nuZ4s
yt-29359,1,2,5-dRwmUGcRk
yt-29361,0,1,KOq_xLH9m5s
yt-29362,0,1,sEzslNC8PpU
yt-29363,0,1,CA6M8l0FSnA
yt-29364,1,2,uTJtDjyPFZc
yt-29365,2,3,Sza8R0du6aI
yt-29366,2,3,MhEQyO4-2o4
yt-29368,2,4,DC05VUtSHmA
yt-29369,2,4,T0XYeiu2bVo
yt-29370,2,3,ueBx19_YN14
yt-29374,0,1,mHg4Wat0bdc
yt-29375,2,4,BFuz4UsYRVo
yt-29376,0,0,fKoS95zpevY
yt-29377,1,2,K8QtAVB4aY0
yt-29378,1,2,_QjGMChHEQc
yt-29379,0,1,0Y2mwEJ26N0
yt-29380,2,3,LFSGuTL18TU
yt-29382,2,3,BZJZTGYcCqc
yt-29383,0,1,novideo-29383
yt-29384,1,2,novideo-29384
yt-29386,2,3,1VTLzDSRNCE
yt-29387,1,2,novideo-29387
yt-29388,0,1,G2Cto08tkHs
yt-29389,0,1,rOaV0ZD8BpA
yt-29390,0,1,qlzk4s03WrQ
yt-29391,0,1,ilsSBu6D5mQ
yt-29393,2,3,m0_SMiOecko
yt-29395,2,4,yF1AbItlptw
yt-29396,1,2,mD_D1JArYZE
yt-29397,0,1,D5P3N2seChw
yt-29399,2,3,07elfppOTmY
yt-29400,2,3,EhSaLLfyOCY
yt-29401,0,1,UsqnslECL_k
yt-29402,2,3,8UH6G1LnXR8
yt-29404,0,1,Da6ljj6yT0U
yt-29405,2,4,fGzCMcKPHxE
yt-29406,1,2,jGoNVzEfAs8
yt-29407,0,1,t16W8hH9hqY
yt-29409,0,1,s9_m1BAoC50
yt-29410,1,2,_iEmUndN4WI
yt-29411,0,1,KDPxzre5v8Q
yt-29412,0,0,FO2EiKvzFuA
yt-29413,0,0,fp3YpxUKQ5U
yt-29416,0,1,unB18Si-rwg
yt-29417,1,2,C2NQfX-Pjp4
yt-29418,0,1,yd0J67jBz1o
yt-29419,2,3,OiZJcmn_v-E
yt-29420,2,3,mtOVL0hJFu8
yt-29421,0,1,RyeMKroyXmw
yt-29422,1,2,R__XzfQfMXY
yt-29423,2,3,m0_SMiOecko
yt-29424,2,3,FQRhof45K3I
yt-29425,2,3,ROPJbdR_o2E
yt-29426,2,3,1dUj6AUvM0g
yt-29428,2,3,2eM29Yc2pfI
yt-29429,0,1,Abq4vNaZH-w
yt-29432,2,3,jE2A55tf_YY
yt-29433,0,0,GceG3HakyFo
yt-29435,1,2,BecDNrpFuMo
yt-29436,2,3,1VTLzDSRNCE
yt-29437,2,3,km26ROgq4p8
yt-29438,1,2,yB8gro5K0T0
yt-29439,0,1,dabaN23Ip6U
yt-29440,2,3,shc4A5SupfU
yt-29443,0,0,QquXYHla7lg
yt-29444,2,3,2cpUtO-3-iU
yt-29445,0,1,SW2-c9nfqyo
yt-29446,1,2,Cme7daDaERc
yt-29447,0,1,JbSWwk9373U
yt-29448,1,2,MWq3SPpxEQQ
yt-29449,1,2,TeYFrJ8x-Xs
yt-29450,2,3,Da6ljj6yT0U
yt-29451,0,1,w4ZvhcwQYf0
yt-29452,0,1,1VTLzDSRNCE
yt-29453,0,1,NCy8ca2dE1s
yt-29454,0,0,nB0gb2qlyeY
yt-29455,1,2,DKbgiBF__zg
yt-29456,2,3,Je_WfPBE62w
yt-29457,2,3,TfgdwInk4l4
yt-29458,1,2,pKFULe6Mm38
yt-29459,0,1,neVGySPdmNI
yt-29460,1,2,OUdkJZ24Xfg
yt-29461,0,1,4SRr1wqCn_s
yt-29465,0,1,mTSYjbaQyo8
yt-29466,0,1,fPiervn1RlI
yt-29467,1,2,bvUu0Rg90NQ
yt-29468,2,4,P051rbLjttY
yt-29469,0,1,oYIJil5NStk
yt-29470,2,4,M4rraGCDSWY
yt-29471,2,3,DC05VUtSHmA
yt-29472,2,3,S87HQ509e4w
yt-29474,1,2,dY3ahmwdLfs
yt-29475,0,1,LjwEXH-8crA
yt-29476,0,1,kzPwCq8LRB4
yt-29478,0,1,u7IUj_YJjQE
yt-29482,2,3,m0_SMiOecko
yt-29483,1,2,JGDdMxxSEiw
yt-29485,2,4,sTrzG3ldXEY
yt-29486,2,3,y3IiPNIHPDE
yt-29487,2,3,r0hOaph5oBA
yt-29488,0,1,arqsSpdsLfk
yt-29490,2,3,aqmdbOdepJE
yt-29491,2,3,1kpbCN848L8
yt-29492,0,1,NSoBqzvgvac
yt-29493,2,3,Jw6l11taw1I
yt-29494,1,2,f7X0v7PJhd0
yt-29495,0,0,OUdkJZ24Xfg
yt-29496,2,3,7X3tALnEA7w
yt-29497,1,2,9s1mwVv8new
yt-29499,0,1,5RnscnAPNms
yt-29500,2,4,QdxzhRm5X9k
yt-29501,1,2,zYodOL84bJc
yt-29502,2,3,jXcy0F1Zsv8
yt-29503,0,0,hBW0F1XdnaA
yt-29504,0,1,OSp9vZ7OoyA
yt-29505,2,3,hFRO4aflP5I
yt-29508,2,3,JeFaQd2fq-8
yt-29509,1,2,5_ZzO4c4bGE
yt-29510,2,3,6_ld74UOvig
yt-29513,2,3,LrTQUXXp08Q
yt-29514,2,3,O_-e5eN1ZtY
yt-29515,1,2,seZOiYl_V1g
yt-29516,0,1,97vlSnirrII
yt-29517,0,1,or_7FUGQ670
yt-29518,0,1,DSTyuHEQKKU
yt-29519,2,3,zy8VGjCIkLw
yt-29520,0,1,Wr_530gpHEY
yt-29523,0,0,5RnscnAPNms
yt-29524,0,1,MOr-QUadz7w
yt-29526,2,3,uATp8oJI9bY
yt-29527,2,4,FK1wrr3z5nk
yt-29528,0,1,ycOWu_WDDEg
yt-29529,0,1,TErLUGuoES4
yt-29530,1,2,jYT2Mu1U2uM
yt-29531,2,3,hNbNkY8oEVk
yt-29532,2,3,A4eKIepGAzg
yt-29533,2,3,Vsuj-w0lV8Q
yt-29534,2,3,-SJ2Tt0t-VI
yt-29535,0,1,iBMRSv8ZNTE
yt-29536,0,1,GPyd_DH7zBE
yt-29537,2,3,sALWH7gxkng
yt-29538,2,3,IyoZBHfRydM
yt-29539,0,1,_Ye-akTTRzc
yt-29541,2,3,vpoVEhc2Xgk
yt-29542,1,2,LJBYbMSc8dk
yt-29543,1,2,hNbNkY8oEVk
yt-29544,1,2,8ochocxoUmc
yt-29546,2,3,TeYFrJ8x-Xs
yt-29547,1,2,y9fN-7_X6xw
yt-29548,0,1,vAmWhAOWOOs
yt-29553,1,2,novideo-29553
yt-29554,2,3,hdCCMRzIpb0
yt-29555,0,1,SPTOhjRvtNc
yt-29556,2,3,yypLKij21-Y
yt-29557,1,2,gWBtENOKk8o
yt-29558,2,3,FLdLJm5y3ZQ
yt-29559,2,3,1VTLzDSRNCE
yt-29560,0,1,bqlyMI4_uKc
yt-29561,0,1,mC3K6Z3kIJ0
yt-29562,2,3,Y-6dOXDBflA
yt-29564,0,1,ErNzbA9PJa4
yt-29565,0,1,vWD9nT-m-tI
yt-29566,1,2,8HTQ__mflN4
yt-29568,0,1,xhpA_5GjH6s
yt-29569,1,2,NJAynZCKKbs
yt-29570,2,3,6Wh4iSKSN_E
yt-29571,1,2,tWSAeOxCdI8
yt-29572,0,1,zeCZCU6b3ko
yt-29573,1,2,m0SgrKsUk6c
yt-29574,1,2,zhyHyeWp8qM
yt-29576,0,0,k_bbtO_LjmE
yt-29580,0,1,5RnscnAPNms
yt-29582,2,4,R6lBzS42IZM
yt-29583,1,2,4SxEc5X2I6M
yt-29584,0,1,1VTLzDSRNCE
yt-29585,1,2,J9e-b-mek9A
yt-29586,0,1,J9e-b-mek9A
yt-29587,2,4,FTKDwF3JyXo
yt-29588,0,1,uRFP_2R1xlU
yt-29589,0,1,6-KgPPx3uwI
yt-29590,0,0,X0hdCVrjKfg
yt-29591,2,3,J0PunAnFCZQ
yt-29592,2,3,novideo-29592
yt-29593,2,3,u6wuQkJDGks
yt-29594,0,1,K2kZSQyCGS4
yt-29595,1,2,NepfhiMi4EU
yt-29597,2,3,WmJUxeuMF2U
yt-29598,0,1,udXnhKkx-Gs
yt-29600,0,1,ff6vbx_mCkg
yt-29601,2,3,WfshEpeYqSo
yt-29604,2,3,Y4GOocD0SCs
yt-29605,1,2,tuqPFKF5NJo
yt-29607,0,1,lubv6JkEm98
yt-29608,0,1,3sa6H0xBZfU
yt-29609,1,2,novideo-29609
yt-29610,0,1,E7wCds9ogtc
yt-29611,2,3,tm3SnDw9xqI
yt-29612,2,3,ejPRQ37seqk
yt-29614,2,3,x6QDSYgZUqk
yt-29616,2,3,PkLeE7ksifI
yt-29618,1,2,cxUcldDtFJY
yt-29621,1,2,i5Kybh7ZtEs
yt-29622,1,2,SzrJ54z59Cs
yt-29623,1,2,HvHsPMLUyeg
yt-29624,0,1,dWtB-pKaYrw
yt-29625,2,3,8UH6G1LnXR8
yt-29627,2,3,Iykno64pNHI
yt-29629,0,1,WF--CvhmU14
yt-29632,2,3,jO6wyIVeVmM
yt-29633,2,3,P051rbLjttY
yt-29635,1,2,z8xxgFxN18g
yt-29636,1,2,petbI3v0fWk
yt-29637,0,1,xnC7dnggm4g
yt-29638,2,3,ihB-K5_SkcA
yt-29640,1,2,EXRLG-w49Js
yt-29641,1,2,Y75S3K2qeo0
yt-29642,0,1,jllUEByb4Xs
yt-29646,0,1,7A1oeUkTKps
yt-29649,0,1,CpYSoPS2eN4
yt-29650,1,2,4EHZvEfQpIM
yt-29652,0,1,UnezKUzg2yM
yt-29654,2,3,mgqeXk5RY5E
yt-29655,0,1,d2xjsCHotic
yt-29657,2,3,0soKH32Y1mQ
yt-29658,2,3,novideo-29658
yt-29659,0,1,QqvkZjhY2Ec
yt-29661,0,1,W0ScYG6b_eg
yt-29665,2,3,skTE4RESQf8
yt-29666,2,3,novideo-29666
yt-29668,1,2,CdaALgwXwdc
yt-29669,2,4,sWw5jNcz_ew
yt-29670,0,1,PCTYJHD0-g0
yt-29671,2,3,C3z79NQUX28
yt-29672,2,3,k1FMJmeViOc
yt-29673,2,3,novideo-29673
yt-29674,1,2,UN8yQjQGz6M
yt-29675,0,1,nyAb7v4X_Nc
yt-29676,2,3,vcCoyEl_tpw
yt-29677,2,3,IzcuqTzXWRQ
yt-29678,2,3,tm3SnDw9xqI
yt-29679,2,3,DC05VUtSHmA
yt-29681,2,3,Ef3pMjNz1y8
yt-29682,0,1,ChGA_j7WGVc
yt-29683,2,3,5-dRwmUGcRk
yt-29684,0,1,tENdVriyYD0
yt-29685,1,2,HU3IEzXXD6c
yt-29689,0,1,jO_xQwbaATc
yt-29690,0,1,mZYOFRx8ciw
yt-29691,0,1,jBdmVowp6V4
yt-29692,2,4,SGmHjavi56Y
yt-29694,0,1,JGLutYL52ys
yt-29696,0,1,D_yfTY1kXF4
yt-29697,1,2,s9fzEtwPKkc
yt-29698,1,2,HeJsUFtOE4M
yt-29699,2,3,MCRlYg2l4Jg
yt-29700,2,3,ZOUSjqTH1xk
yt-29701,1,2,_yxScFRr57U
yt-29702,0,1,Fje7aW_fqsE
yt-29703,2,3,FwlSZ2yXKeg
yt-29704,0,1,RwBwopYkQpo
yt-29705,2,3,QDZFjDdZ_5E
yt-29706,2,3,Xq8jj9XxJMI
yt-29708,0,1,hmkI3JEXjmU
yt-29709,1,2,exPfwMYpUuc
yt-29710,0,1,_vQc3-omWds
yt-29711,1,2,6nb2sS1mXTM
yt-29713,1,2,Q_BsKRzYE_w
yt-29714,1,2,rqUSK-n7BSg
yt-29716,1,2,AxaIZ36B4C4
yt-29717,1,2,XMi_eWA-Eto
yt-29718,0,1,7_BGEk10c28
yt-29719,1,2,i5Kybh7ZtEs
yt-29720,0,1,e1Uqw-tE6nU
yt-29721,0,1,oZN2Ni9yXB4
yt-29722,0,1,KNUWqzUY_iI
yt-29723,2,3,9Ad4vjJznco
yt-29724,0,1,k-_pA5XgHI8
yt-29725,2,3,OhrX7At2UAs
yt-29726,2,3,Ia4RNWhq9K0
yt-29727,2,3,l6ejVatyKc0
yt-29728,2,3,5TWVlB4mYZM
yt-29729,2,3,m0_SMiOecko
yt-29730,0,1,vkbAFOJliDc
yt-29734,2,3,Q8rVABwCPps
yt-29735,1,2,-G_CjdQZgf0
yt-29736,1,2,eaUSzMOAfr8
yt-29737,0,1,uu2zRlPidNk
yt-29738,0,1,novideo-29738
yt-29740,0,1,novideo-29740
yt-29742,2,3,YiD6Bz1BecI
yt-29743,0,1,F85faLwfcBI
yt-29744,0,1,zaOiWaQPiHE
yt-29745,0,1,npu1sASOflU
yt-29746,1,2,u4n7GLHhuN0
yt-29747,0,1,76zHukv5Tro
yt-29748,1,2,gF36GkI4fe0
yt-29749,0,1,_k3gAAso4-E
yt-29751,0,1,novideo-29751
yt-29752,0,1,L7eX61xOzjk
yt-29753,2,3,sX5ORTz9SAo
yt-29754,0,1,uRFP_2R1xlU
yt-29755,2,3,bCQE-nZfpjQ
yt-29756,0,0,HUTbAtHEVMk
yt-29758,1,2,VvYfCHlU2wA
yt-29759,2,3,mZhm1zQ_RQg
yt-29761,0,1,yTnHjR_HyMA
yt-29762,0,1,aBxJsR6CpaA
yt-29763,1,2,8fkLCFGkPuE
yt-29764,0,1,mURdo7tzxe4
yt-29765,0,1,CIE7lvwCJt8
yt-29766,1,2,cN4buy1vMgk
yt-29767,2,4,z0D6xjye0iU
yt-29768,2,3,tAHK6E03ORo
yt-29769,1,2,ejPRQ37seqk
yt-29770,0,1,novideo-29770
yt-29771,2,3,_FoIY4MdolE
yt-29772,0,1,AMtbHdH9wj8
yt-29773,0,1,0Y2mwEJ26N0
yt-29774,1,2,H2ZGCYsa9No
yt-29775,1,2,FJagwas5CuY
yt-29776,0,1,novideo-29776
yt-29778,1,2,dM-r52umA0s
yt-29779,0,1,jQB-_j5ZFgY
yt-29780,1,2,PbnXIIkkmLk
yt-29781,0,1,BRK9IeT0oY4
yt-29783,2,3,kjeJHxXNeXI
yt-29786,2,3,m0_SMiOecko
yt-29787,0,1,akqH01FIZGo
yt-29788,2,4,TdS3N_7re1o
yt-29789,0,1,tAHK6E03ORo
yt-29790,0,1,qTazb7Suc34
yt-29791,2,4,58frGISFQUE
yt-29792,1,2,fZKpMFXNKNA
yt-29793,1,2,32-7pbTPLF0
yt-29794,2,3,3FfQzI9ndXM
yt-29795,2,4,jE2A55tf_YY
yt-29796,1,2,p5nTOB8w4-E
yt-29799,1,2,_IeRb7S4BCE
yt-29800,2,3,uq5NEs5r2Z0
yt-29802,2,3,DzGopAxm8rA
yt-29803,1,2,_mU3V-hPEhg
yt-29804,1,2,gpptAZYRbWM
yt-29806,0,1,0JZvoMWMmxU
yt-29807,1,2,438yz8Qjhjg
yt-29809,0,1,u1MnApNpV3c
yt-29810,2,3,WSUcy_sh2Bg
yt-29811,2,3,QlzJcLlCAiw
yt-29813,2,4,8uJe2WQYzEY
yt-29815,1,2,y-eH5oo7BP0
yt-29816,0,1,H28T9nN1pW8
yt-29817,0,1,wPU8yypCpRc
yt-29818,2,3,mZhm1zQ_RQg
yt-29820,1,2,lNxpRA-0mpQ
yt-29821,2,3,1YZ5yFrk090
yt-29822,0,1,5RnscnAPNms
yt-29823,0,0,dYBUHBF-yLo
yt-29824,0,1,FcQBy28UiCc
yt-29825,2,3,tu-CtoGqZpc
yt-29827,1,2,yqOZ74mR-gI
yt-29829,0,1,rb6xDZ6OGSQ
yt-29830,2,3,Y75S3K2qeo0
yt-29831,2,3,P1Nd2Ec736g
yt-29833,0,1,9bd64aBJs08
yt-29834,2,3,wI-xyT74ZWY
yt-29835,1,2,pybrTCs6Qr8
yt-29837,2,3,mYNlaEORxVQ
yt-29838,0,1,ORDPpaggBUU
yt-29840,2,3,8jQHFJyXTsA
yt-29841,0,1,xNoraXp2q60
yt-29843,0,1,8RS99tJi3qQ
yt-29844,0,1,qHfsZrHTzaM
yt-29845,1,2,-BCoq6FiEuw
yt-29846,2,3,eW-bKCXmJKc
yt-29847,0,1,gzXMnlrrLHY
yt-29848,2,3,RN0zNNH89h8
yt-29849,0,1,m8EqVsUbIHs
yt-29850,2,3,hUs_-GiQLxQ
yt-29851,2,3,novideo-29851
yt-29852,0,1,QZfEzZy9pHw
yt-29853,2,4,bbdpEbRofkk
yt-29854,0,1,vbo9A7RreNg
yt-29855,0,1,Uo72ijyLlGU
yt-29856,1,2,Nyt1Q0QNpq8
yt-29857,1,2,29B2IaqF2CA
yt-29859,2,3,pXeOtkaIxgU
yt-29860,2,3,Ku1VllsV2yg
yt-29861,1,2,4qfvPGtkV_s
yt-29862,2,3,0NfArkRDato
yt-29864,2,3,BZJZTGYcCqc
yt-29866,2,3,WfshEpeYqSo
yt-29867,0,1,0qOaHVJ7PTo
yt-29868,1,2,X7fl-jN24j0
yt-29869,2,3,EvQnK4REB9E
yt-29871,2,3,m0_SMiOecko
yt-29872,2,3,1VTLzDSRNCE
yt-29873,1,2,G21j4A8HlYE
yt-29875,2,3,ff6vbx_mCkg
yt-29876,2,3,yrzGb7hnUc8
yt-29877,2,3,IHjCD-q6bMw
yt-29881,1,2,y_2blw-sShU
yt-29884,2,3,5_ZzO4c4bGE
yt-29885,2,3,ejPRQ37seqk
yt-29887,2,3,C3z79NQUX28
yt-29888,0,0,novideo-29888
yt-29890,2,4,HppG6EYJ7SI
yt-29892,0,1,DK-L1hS6Iy4
yt-29893,0,1,xwquU-4IGLU
yt-29894,0,1,6WxP5aK25K8
yt-29895,1,2,3ai4Wfh9S9o
yt-29896,2,3,r1rfPqN3I_Y
yt-29897,2,3,kl_RhT5EepM
yt-29898,1,2,O_-e5eN1ZtY
yt-29899,2,3,SDipoZ7efcQ
yt-29900,0,1,_LOkVOKT9vM
yt-29901,1,2,2pC1_zHxZvE
yt-29904,2,3,jOFElUa3gWo
yt-29905,2,3,fi0SO341BvY
yt-29906,0,1,deTmDfYFDdA
yt-29907,2,3,1FrqdfjJewQ
yt-29908,0,1,novideo-29908
yt-29909,2,4,YoD3GqU9HJQ
yt-29910,1,2,Dcx1KlIo3ic
yt-29911,2,3,8-bDTTm3vuE
yt-29912,0,1,188SQ0R8NyQ
yt-29913,2,3,RffjlOYCPCM
yt-29914,2,3,m0_SMiOecko
yt-29915,2,3,aaLkHKhnoCA
yt-29916,0,1,0w8kt3ytjKg
yt-29917,2,3,W3tPxFUlNL0
yt-29918,1,2,25La-mDRuWo
yt-29919,2,3,BFsvp5H9BH8
yt-29920,2,3,1VTLzDSRNCE
yt-29921,0,1,nRcpRf1vj9E
yt-29923,2,3,p2OHilQDZlU
yt-29925,2,3,zYtSGXAxeag
yt-29927,0,1,DsAkHtTZZms
yt-29928,2,4,VkuFXSGqxe8
yt-29930,0,0,ombpleaOWyg
yt-29931,0,1,LNK607qmtYw
yt-29933,0,1,1XRVcZ3IePo
yt-29934,0,1,peTMz360lQw
yt-29936,0,0,ac79nxOth8M
yt-29937,2,4,fSHZ8-EMmXI
yt-29938,2,3,zFljBmb_iIM
yt-29939,2,3,vMuNqFqJHnw
yt-29941,1,2,S95KMSX2iHM
yt-29942,0,1,IRObFMbFOIU
yt-29944,2,4,dYBUHBF-yLo
yt-29945,0,1,2bNwxKw2ghQ
yt-29946,1,2,DC05VUtSHmA
yt-29947,2,3,6XtCZRUlvBc
yt-29948,2,3,AE9NiGcTvIs
yt-29949,2,4,YoD3GqU9HJQ
yt-29950,0,1,AFHr6lALcDo
yt-29951,2,3,UCJPIZrDmgk
yt-29952,1,2,pb4qYO7o8wA
yt-29953,0,0,ZbZZh8TsYB8
yt-29955,0,1,unB18Si-rwg
yt-29956,2,3,e2pmfYaGgrY
yt-29958,2,3,QGCpBOTJXhg
yt-29959,2,3,QbcoYX5j-MA
yt-29961,0,1,1G1RBbrDt10
yt-29963,0,1,Y75S3K2qeo0
yt-29964,0,1,dyDMHEeeaUw
yt-29965,0,1,DjuNuXA0BQo
yt-29966,0,1,1XRVcZ3IePo
yt-29967,0,1,B2ls08y9bCg
yt-29968,0,1,zy4wJz-muPo
yt-29970,2,3,JGDdMxxSEiw
yt-29971,2,3,2WO0nOmXp70
yt-29972,2,3,sBcv58DvnTc
yt-29973,1,2,ovXkapVSGPI
yt-29975,0,1,TE6Zv3L6e_E
yt-29977,0,1,YF_L0vW3RaQ
yt-29978,2,3,IsFcwBpo8f4
yt-29979,2,3,VmAXKMaVZns
yt-29980,2,4,MfJ75ixwnUc
yt-29981,1,2,rn3gcCgylwE
yt-29982,0,1,IHqJGDzFGiI
yt-29983,0,1,hwXegIiRfms
yt-29984,1,2,b_6GLqMSwGA
yt-29985,1,2,t36UFQm30qg
yt-29986,1,2,5RnscnAPNms
yt-29987,2,3,ZpqJgmftaTg
yt-29988,0,1,L6Nojzc--eI
yt-29989,2,3,kmsREq802TU
yt-29990,1,2,EY6iMA1hUiE
yt-29991,2,3,i8LOQRfsJ24
yt-29992,0,1,HJjaseDFEZA
yt-29994,0,1,yDs3Lvj0Yn8
yt-29995,2,3,n-QIIhrZkFc
yt-29996,1,2,7CYSxJXMsfM
yt-29999,2,3,WOdUJoLRfSc
yt-30002,0,1,w6jbE2JwY7w
yt-30003,0,1,DXVycGqNQeE
yt-30005,2,3,f4OCF2O5fTI
yt-30006,0,1,he5KrEXE12g
yt-30007,2,3,8CklEfc4L6I
yt-30008,0,1,YD3OakzpBLc
yt-30009,0,1,wO0gyA3wr0U
yt-30010,0,1,GlhHGjW3S94
yt-30011,2,3,gzrc3lhDef0
yt-30012,1,2,7N62xNbH2WA
yt-30013,0,1,2pB7BygiZQ8
yt-30014,2,3,6K0qqR-yEz8
yt-30015,2,3,dabaN23Ip6U
yt-30016,2,3,_cQa43SMBjo
yt-30017,0,0,ZwP_Yz9q5jw
yt-30018,0,1,novideo-30018
yt-30019,2,3,J9e-b-mek9A
yt-30020,2,3,q1X_eeq5zKw
yt-30021,2,3,9nQPBECsu6k
yt-30022,0,1,1dUj6AUvM0g
yt-30023,2,3,V_ixYuyqKQ4
yt-30024,2,3,_zg4pI-Qndc
yt-30026,0,1,BhDowS07XuU
yt-30028,2,3,kGWv1jigTAM
yt-30029,1,2,i9q3GnH-iug
yt-30030,0,1,Uo72ijyLlGU
yt-30031,0,1,q3ZmfnkywmY
yt-30032,0,1,pfj25GvngGw
yt-30037,1,2,3-RDBxuBJgo
yt-30038,2,3,8qWFCf7Ab7Y
yt-30039,2,3,1VRlsD09id8
yt-30041,0,1,BDWgWwPTqI8
yt-30043,1,2,lXvo5vZ4jH8
yt-30044,0,1,AMK7Qgctj1I
yt-30045,0,1,K3b5Q9M8tJc
yt-30046,0,0,XURGDvpcYTM
yt-30047,2,3,cBIFlAEV0Zo
yt-30048,0,1,MCRlYg2l4Jg
yt-30049,1,2,N39Ma8PU3B8
yt-30050,2,3,0tYTvthMPXA
yt-30051,2,3,Y3T20pSx4C0
yt-30052,0,0,l0WPigSz1tI
yt-30053,0,1,OMQLXHJhhYs
yt-30054,0,1,SW2-c9nfqyo
yt-30055,0,1,ZIGWbPMZCIE
yt-30057,2,3,5Dj7_WrcAmw
yt-30058,1,2,X7fl-jN24j0
yt-30059,2,3,MhEQyO4-2o4
yt-30060,2,3,35VTsaM2yR0
yt-30061,0,1,OMXz6B_Z_54
yt-30062,2,3,91F4c22NdXo
yt-30063,2,3,qMAeQeZDgqA
yt-30064,0,1,L6oseBkKVmI
yt-30065,0,1,ULcGRxN0vi8
yt-30066,2,4,kHwHSMPne2U
yt-30069,2,3,1VTLzDSRNCE
yt-30071,1,2,LbmOatgx-34
yt-30072,2,3,JH9o21FUzGw
yt-30073,1,2,WsscegYoo_Y
yt-30074,0,1,h4hlfEXc5Cs
yt-30075,2,3,Js1l9UhrmIg
yt-30076,0,1,wPhYhNr4H1Y
yt-30077,2,4,ujvcs9qBY0I
yt-30078,0,1,FO2EiKvzFuA
yt-30079,2,3,Sx1JUWGer2I
yt-30080,2,3,7e8IgUrLmDM
yt-30081,2,3,RNf9B0SRP3M
yt-30082,0,1,lq-STRyZvok
yt-30084,0,1,Rc0ZGv58hnw
yt-30085,1,2,6TAHX-LwliU
yt-30086,2,3,BpNvIShIm3k
yt-30087,2,3,V0Va_HxkKps
yt-30088,0,1,UWZa9JjNcMI
yt-30089,0,1,ijSt4qcqhB4
yt-30090,1,2,C3z79NQUX28
yt-30091,1,2,pPXUeyidZJA
yt-30092,2,4,SH3-06sI77A
yt-30093,2,3,novideo-30093
yt-30094,2,3,aCE9WpOrA_U
yt-30095,2,3,SsSbu02eIIQ
yt-30097,1,2,hDvjgSR7Dts
yt-30099,0,1,8HjR25QB_Io
yt-30100,0,1,DC05VUtSHmA
yt-30101,2,3,lS6882C0mQc
yt-30102,2,3,7J2VgtTvJIs
yt-30103,1,2,F21nkk0jLKU
yt-30104,1,2,p5nTOB8w4-E
yt-30105,1,2,mWsHkjwRF28
yt-30107,0,1,novideo-30107
yt-30108,1,2,m7nogCcjJA4
yt-30109,1,2,novideo-30109
yt-30110,1,2,Ij0Zj6n6emI
yt-30112,0,0,nlSpv9RFAEE
yt-30113,0,1,nsAJupnqCfA
yt-30114,2,3,DC05VUtSHmA
yt-30115,0,1,6u7B_yIiDb4
yt-30116,1,2,1VPWyjiwTzQ
yt-30117,2,4,UKpExvEDGx8
yt-30118,0,1,wDWr8NhtDWM
yt-30119,2,3,J9e-b-mek9A
yt-30120,2,3,AxaIZ36B4C4
yt-30121,0,0,HxJeK3vzZSU
yt-30122,2,3,PhbrX7K2GYg
yt-30124,2,3,s2w0X6aL1Do
yt-30126,0,1,26yj_7OnOgE
yt-30127,0,1,FuZVA3s7b1c
yt-30128,0,1,d3-ZO8viWdI
yt-30129,0,1,5GZ_EL_Mjq4
yt-30130,2,3,ERUZo-m4V2U
yt-30131,0,1,yWUiSwZuv9g
yt-30132,0,1,pXeOtkaIxgU
yt-30133,2,3,qsvOGk7rxcE
yt-30135,0,1,ocIWzGwuFKU
yt-30136,2,3,A4eKIepGAzg
yt-30137,1,2,KrQC_ZH7Q_o
yt-30138,0,0,6gCnb89xWYE
yt-30140,0,1,G6gBYRoIAW4
yt-30141,2,3,MZZHeOCz2Ug
yt-30142,2,3,CGs0NcLNpwE
yt-30143,1,2,V_9H8CG8vJM
yt-30145,2,3,zBMu6mo-7JI
yt-30146,0,1,novideo-30146
yt-30147,0,1,Nm8on_ZzXQc
yt-30148,2,4,SH3-06sI77A
yt-30149,1,2,6zWW6_5DDT8
yt-30150,0,1,ok4ZHdGmN6M
yt-30151,2,3,wDWr8NhtDWM
yt-30152,0,1,-qLPZV6gooE
yt-30153,1,2,mc-my0gynP4
yt-30154,0,1,YFJf3myacNw
yt-30155,1,2,b_x9tMcie0g
yt-30156,0,1,JzrHR9AagP4
yt-30158,2,3,PCFpZ0u_fyM
yt-30159,2,4,yTnHjR_HyMA
yt-30160,2,3,9fahTyWlf64
yt-30162,2,3,GgfyktYt4aQ
yt-30163,1,2,PvN9O2S2NWI
yt-30164,2,3,_TtJdmFFgO8
yt-30165,0,1,rSlpeFsOsds
yt-30167,2,4,ZlW7lcf54nI
yt-30168,2,3,1ntxqBD12L8
yt-30169,1,2,DOqc7lFmACQ
yt-30170,2,3,UYlMVjEElQo
yt-30172,1,2,YQ6JEpBh-eU
yt-30173,1,2,k-_pA5XgHI8
yt-30174,0,1,sZgbTEpm7XA
yt-30175,2,3,2uwUqElmSUo
yt-30176,1,2,0bxcXCLZ1UM
yt-30177,2,3,h3EFevb9N6Y
yt-30178,0,1,3gC0LXpw3C0
yt-30179,0,0,ketQg9CpX8Y
yt-30181,1,2,sX5ORTz9SAo
yt-30183,2,3,m0_SMiOecko
yt-30184,1,2,xk6-HhfM7XI
yt-30185,2,3,p522K4lYI3Q
yt-30186,1,2,hqK5E9JT-wQ
yt-30187,2,3,VWKzNha0JOc
yt-30188,1,2,ejPRQ37seqk
yt-30189,0,1,9hABSMgOZZQ
yt-30190,0,1,ApsgJbtk0zY
yt-30191,1,2,KdgSw94DlVk
yt-30192,0,1,aO7D8vwY_u8
yt-30193,1,2,9TmO9LA0c0U
yt-30194,1,2,XvTW_9fBhfU
yt-30195,2,3,5MFMC7A56cs
yt-30196,1,2,o-QX3zDKoSU
yt-30197,2,3,vpoVEhc2Xgk
yt-30198,2,3,lxdup1bcUR0
yt-30199,0,1,novideo-30199
yt-30200,0,1,Xj3mllSKKHI
yt-30201,1,2,ZOUSjqTH1xk
yt-30202,0,0,MwYatAqodsY
yt-30203,2,3,U-F41h4FeH4
yt-30204,2,3,mPQuhb-8_28
yt-30205,0,1,2bNwxKw2ghQ
yt-30207,0,1,R47L8fm35oc
yt-30208,0,1,4_ga4afF4wk
yt-30209,1,2,Eifv1zrQF3A
yt-30210,0,1,EDWijIbFugU
yt-30211,0,0,novideo-30211
yt-30212,0,1,-qLPZV6gooE
yt-30213,2,3,tF88vkAyNT0
yt-30214,2,3,I5pLLeWFheA
yt-30216,2,3,lUtXwHT-Nbc
yt-30217,2,3,B-gvtCnHiOk
yt-30218,1,2,zCx9oCCXJrE
yt-30219,0,0,QDjzoeu0udc
yt-30221,1,2,EPGxkt_gwWg
yt-30222,2,3,sk1_i-3gGiE
yt-30223,0,1,O-ijRtnIW3I
yt-30225,2,3,fpKdaQhT7js
yt-30226,2,3,tyl6moaIy50
yt-30227,2,3,-QwlIJk3zEo
yt-30228,2,3,m1L1JDJwzng
yt-30230,1,2,lCNQ3DiTgKI
yt-30231,0,1,qdJYcZisjjU
yt-30232,0,1,ES4dzmsF5aM
yt-30234,2,3,AKacIov-IG0
yt-30235,0,1,SRmi7tAiPSk
yt-30236,0,1,9TmO9LA0c0U
yt-30237,0,1,vTPFSwH5E4c
yt-30240,0,1,yGOPcZ4BWMA
yt-30241,2,3,YvJKttWDBek
yt-30243,2,3,GIcjXk4ie2w
yt-30244,2,4,vJv2MpQSeWg
yt-30245,0,1,o8-4eE2YgDw
yt-30246,2,3,RZojVaCbAAI
yt-30247,2,3,o98IhweLeN8
yt-30248,0,1,wVORGKjxUNM
yt-30249,1,2,Awi5YLCzRzk
yt-30250,1,2,H9d5iv53lGE
yt-30252,1,2,r9Ljy8xMrRc
yt-30253,0,1,o0xbhlphYTw
yt-30255,0,1,cCJi_9GV44c
yt-30257,2,3,YklpGz7cNu0
yt-30258,1,2,ZOUSjqTH1xk
yt-30259,1,2,J9e-b-mek9A
yt-30260,1,2,g3SPb9zpIeI
yt-30261,2,3,Q2-sdYOcPng
yt-30262,1,2,H6WRH9RNcNw
yt-30263,0,1,ejPRQ37seqk
yt-30265,0,1,jy6Yf_ARMK4
yt-30266,2,3,8x0tvZQ5cwA
yt-30267,2,3,PXttpK-PHxQ
yt-30268,0,0,MAVS-JU9Go0
yt-30269,1,2,bB4uGae-8OE
yt-30271,2,3,mZhm1zQ_RQg
yt-30272,2,3,v7zlnATufOw
yt-30274,0,1,SWdnr_wzIoA
yt-30275,1,2,VNFL3tnHd6s
yt-30276,0,0,RZtdVoQCNlE
yt-30277,0,1,rOaV0ZD8BpA
yt-30280,0,1,8Eap2jW9joE
yt-30283,1,2,FLi-5kZ8zRY
yt-30284,2,3,qF46PkGmO3U
yt-30286,0,1,AkD944uT-lM
yt-30287,2,3,scu82wFpn_g
yt-30289,0,1,SA657GN3fSI
yt-30290,2,4,zGmVkufAIcA
yt-30293,1,2,Rv-X7DPbB6g
yt-30295,0,1,D-uZmr5IIXY
yt-30297,2,3,NwCeg1jqh2Y
yt-30298,1,2,9yiM1Ipj6Eg
yt-30299,2,3,2sHsfTdMBOA
yt-30300,0,1,8uJe2WQYzEY
yt-30301,1,2,ppVa-oUquhI
yt-30302,0,1,Y75S3K2qeo0
yt-30303,0,1,Ycxss4JtxtQ
yt-30304,1,2,XLQYUKvQO7Q
yt-30305,1,2,VbMPKpKiN3w
yt-30306,0,1,aCe2Kl-rNXU
yt-30307,2,3,J9e-b-mek9A
yt-30308,0,1,novideo-30308
yt-30309,2,3,unB18Si-rwg
yt-30310,1,2,dX7qmhhwT20
yt-30311,0,1,iJ4dY6h0OsI
yt-30312,0,1,0gafYXgVQcY
yt-30313,2,3,lM4N07s5_Js
yt-30314,2,3,IM-69QFAT5c
yt-30315,1,2,8CklEfc4L6I
yt-30316,0,1,DWIZW0p-QMQ
yt-30317,2,3,JfLjFj4WJXE
yt-30318,2,3,4uZl_zfVD2M
yt-30319,0,1,Tz_Ze6o0stc
yt-30320,0,1,AkD944uT-lM
yt-30321,2,3,hE77Il2WbqI
yt-30322,2,3,R4T5t3Ab9U4
yt-30326,0,1,2ckTjFoTSqI
yt-30327,2,3,jBSPfZ6MTlA
yt-30328,0,0,0iAZvtPqY0M
yt-30329,0,0,CVt3UBCUirg
yt-30330,2,4,u6NFgW_Pmd8
yt-30331,0,1,5UXGwEGW51A
yt-30332,1,2,4srSpwm4jsI
yt-30333,1,2,novideo-30333
yt-30334,1,2,0dpCN1MbuUo
yt-30336,0,1,FuZVA3s7b1c
yt-30337,1,2,rmj9brAgOy8
yt-30339,1,2,novideo-30339
yt-30340,1,2,8bgMyrde81k
yt-30341,2,3,zGmVkufAIcA
yt-30342,2,3,s0W0w2jeb18
yt-30343,2,3,tYNyDdPW59k
yt-30344,1,2,6FPodn4lIhQ
yt-30345,0,1,AVKCwG_kMDQ
yt-30347,2,3,Fpo_OmFwiBA
yt-30348,1,2,85rzcynsRbM
yt-30349,0,1,XdkYUOeS9yI
yt-30350,2,3,m0_SMiOecko
yt-30351,0,1,u1MnApNpV3c
yt-30352,2,4,DGSDcAuv9vQ
yt-30353,1,2,LG401aBnG8M
yt-30354,2,3,BzQNlhkggag
yt-30355,0,1,ZOUSjqTH1xk
yt-30356,2,4,DvTbjFIIa_A
yt-30357,0,1,novideo-30357
yt-30358,2,3,ICpXYViHGtY
yt-30359,1,2,novideo-30359
yt-30360,2,3,pXu9urbN6eA
yt-30361,2,3,novideo-30361
yt-30362,0,1,H8i3cx6273A
yt-30363,2,3,w6jbE2JwY7w
yt-30364,2,3,ob77afjFDc0
yt-30365,2,3,m0_SMiOecko
yt-30367,1,2,P21S8Z6Px8M
yt-30368,0,1,MfJ75ixwnUc
yt-30369,0,1,rmA2BCEq-Gc
yt-30370,2,4,oZN2Ni9yXB4
yt-30371,0,1,6WxP5aK25K8
yt-30372,1,2,CZYks3pUD6A
yt-30373,1,2,IwDoNLKJ-jE
yt-30374,2,3,DKfxn2EKNRA
yt-30375,2,3,awG7q2XUhU8
yt-30377,0,0,novideo-30377
yt-30379,2,3,gOL-i_83_Q0
yt-30380,2,3,Y75S3K2qeo0
yt-30381,1,2,m0SgrKsUk6c
yt-30382,2,3,nfaADx4pcX8
yt-30384,2,3,MSZGa0bWhh8
yt-30385,0,1,L8s4OkGHZ_g
yt-30386,2,3,VkuFXSGqxe8
yt-30387,2,3,Q2-sdYOcPng
yt-30388,0,1,yqOZ74mR-gI
yt-30390,0,1,DGMZp0Q57q8
yt-30391,2,4,PX4dZYkp3Mk
yt-30392,2,3,_Kk5vwEVOIA
yt-30398,2,3,SPdZFxOIXdk
yt-30399,2,3,92wST-C7Z5E
yt-30400,0,1,sP9kJC1dq8c
yt-30402,2,3,QEEBAln7CKQ
yt-30403,2,3,1eL-8MnsntE
yt-30404,0,1,jUqj2nP5Du8
yt-30406,0,1,sMiFs6imFCs
yt-30407,2,3,LykotTtdTSQ
yt-30408,0,1,WIGLTe6N5AU
yt-30409,2,3,TXDff6oLYoY
yt-30412,2,3,QoPxxgCidjI
yt-30413,2,4,U9AulbTHjJ4
yt-30414,2,3,Y3T20pSx4C0
yt-30415,1,2,B7ZC8Celszo
yt-30416,1,2,rrXL-rNYtsY
yt-30417,0,0,__0C2DbFLR4
yt-30420,1,2,6UEUMCbn86U
yt-30421,1,2,SQ5l75Lrbew
yt-30422,2,3,yrzGb7hnUc8
yt-30423,0,1,Ho4pbT__VVE
yt-30424,1,2,e-817xRUqeY
yt-30425,1,2,StzZEW8T2tM
yt-30426,1,2,vcn2ZJXGDfM
yt-30427,1,2,WfshEpeYqSo
yt-30428,2,4,I5pLLeWFheA
yt-30429,2,4,XAcxIorgOLw
yt-30430,0,1,gHg7pDXS8vc
yt-30431,2,3,6K0qqR-yEz8
yt-30432,2,4,8UH6G1LnXR8
yt-30433,0,1,xYFR5YJ5gv0
yt-30435,1,2,3AF-U5HUQBk
yt-30436,0,1,EA-pVOEVzoI
yt-30437,0,0,WaH9UCAc1E8
yt-30438,0,0,Lnn8IA5ETVk
yt-30439,0,0,UhFdcBIIrBk
yt-30440,0,1,t0bPU_ns7aE
yt-30441,1,2,-Z0on3AaQ78
yt-30442,0,1,CFTyyxTabmE
yt-30443,0,1,wYXoCWQVabo
yt-30444,2,3,H5WZyDQmS40
yt-30445,1,2,wm5K9vdqfBk
yt-30446,2,3,245tJt9MIgU
yt-30448,2,3,SjBG8p6snGg
yt-30449,0,1,jejc7JjR0mQ
yt-30450,1,2,m0_SMiOecko
yt-30451,2,3,BABRe53fna4
yt-30453,1,2,5PJ815MBXn0
yt-30455,2,3,1WUgBGP-vlM
yt-30456,0,1,uNtJKMlAJMk
yt-30457,1,2,UA0asVbMR9Q
yt-30458,1,2,ktwETEMGT6k
yt-30459,0,1,novideo-30459
yt-30460,1,2,2YFhmy2iMV4
yt-30461,2,3,pXeOtkaIxgU
yt-30462,1,2,8qWFCf7Ab7Y
yt-30463,1,2,0c-Y-gBzLyE
yt-30464,1,2,V9H8lrTN4Mo
yt-30465,2,3,yTnHjR_HyMA
yt-30466,0,1,yuX-zBLlkpA
yt-30467,2,3,NHo1ta4wqjw
yt-30469,1,2,J-KITTseZlM
yt-30470,2,3,s0nuKKa7Lv0
yt-30471,2,3,yZ6EH6w15KY
yt-30472,1,2,mz_o3Z27a4c
yt-30474,0,0,FByP7WgByU4
yt-30475,1,2,6KZV4crmXtc
yt-30476,0,1,Q3GsY1-RKj0
yt-30477,0,0,IESoi92FMMM
yt-30478,2,3,pXeOtkaIxgU
yt-30479,1,2,Nwj5tU2Ikio
yt-30480,0,1,Dqc0xY8hjJE
yt-30481,2,3,7iI8Qv665mg
yt-30482,2,3,TeYFrJ8x-Xs
yt-30483,2,3,b5h2Jaika6o
yt-30484,1,2,eE8bWrJDzpM
yt-30485,2,3,UBAY26elr-w
yt-30486,2,3,-qRWLI4Ajf4
yt-30487,1,2,pCabfVMypvU
yt-30491,0,1,iX9zJmIxZ4E
yt-30492,0,1,K_Eyw-ktuRk
yt-30493,2,3,USwl_PZPKPg
yt-30494,0,1,-VDjG0yKBls
yt-30495,2,3,pb4qYO7o8wA
yt-30497,0,1,Li25SFvZofU
yt-30498,1,2,KfMjonAEbAc
yt-30499,2,3,Jk-jmOhv6Hs
yt-30500,2,3,m0_SMiOecko
yt-30502,0,1,novideo-30502
yt-30503,1,2,2OdCViTsguk
yt-30504,2,3,QOUKr3ytN4I
yt-30505,1,2,novideo-30505
yt-30506,1,2,NVdZatWeaOU
yt-30508,1,2,TCYnyAQ2LwY
yt-30509,2,3,CdaALgwXwdc
yt-30510,0,1,7t2bX2xJous
yt-30513,0,1,vn53N8iocfs
yt-30515,0,1,qpRyDwqjB8w
yt-30516,1,2,vIvcQ-Ikou4
yt-30517,2,3,-AVpfcE3F3E
yt-30518,1,2,3sJ9hxIKLVk
yt-30519,1,2,TGZKI65Yx8s
yt-30520,0,1,_jvlVlpK-Dk
yt-30521,2,3,AMK7Qgctj1I
yt-30522,0,1,6rdB129029U
yt-30523,1,2,dYBUHBF-yLo
yt-30524,1,2,vn53N8iocfs
yt-30525,0,1,m0_SMiOecko
yt-30526,2,3,M7QbeWkSgaY
yt-30527,1,2,i7dCG5w3jHM
yt-30528,0,1,QmfvaL9RgkE
yt-30530,1,2,KWDJNP00XNk
yt-30531,0,1,ZiEOmIX5pXg
yt-30532,0,1,0xITW_W-Q0M
yt-30533,2,3,XXUrilAc2XI
yt-30534,1,2,suibKgFNx5A
yt-30535,1,2,FuZVA3s7b1c
yt-30536,1,2,0DhcEIBaZHA
yt-30537,1,2,--5sNldseEg
yt-30540,2,3,Yq0EiGZrFlU
yt-30541,1,2,-r0--eLFYO8
yt-30542,2,3,-o8uo8FZyGc
yt-30545,2,3,MSZGa0bWhh8
yt-30546,2,3,uCPkx7vX6ek
yt-30547,2,3,BObJiy5noaM
yt-30548,2,3,wWq__Nm4gCg
yt-30549,1,2,qOpwUYjqltE
yt-30550,2,3,8qWFCf7Ab7Y
yt-30551,0,1,RnEiqCtr7Jc
yt-30552,1,2,0MIrIymUtLA
yt-30553,1,2,P051rbLjttY
yt-30554,2,3,novideo-30554
yt-30556,0,1,cbzeRwXzi6w
yt-30557,0,1,SbpFQXc-lmY
yt-30558,0,1,b9qEGJHONUo
yt-30559,1,2,NWaRM1VFxDQ
yt-30560,2,3,DmEwUihbsDM
yt-30561,0,1,GemLwiSZ5Po
yt-30563,2,4,BLX7sTQqkYA
yt-30564,1,2,YuptdwecFkE
yt-30565,2,3,y9UtWHfG31U
yt-30566,0,1,NLgu0wcTCd4
yt-30567,1,2,N9V-7TPtVzQ
yt-30568,0,1,xj3MAvXRPj8
yt-30570,1,2,FJmQad1LaSo
yt-30571,0,1,H0bKUYV7g44
yt-30572,0,1,sBcv58DvnTc
yt-30573,2,3,HHuKvDTumv8
yt-30574,0,1,xyw5f52NHdY
yt-30575,2,3,SFLG6xdxvkU
yt-30576,0,1,Ejx9mgJPyu4
yt-30577,1,2,OG-WrtGBy50
yt-30578,2,3,L2ievKIPbJk
yt-30579,0,1,pRerRF3DE_w
yt-30580,2,3,gbMRfO4GXf4
yt-30581,1,2,ppVa-oUquhI
yt-30583,1,2,3sa6H0xBZfU
yt-30585,0,1,JYeJ3yK0Y0g
yt-30586,2,3,g1UhspNtUiQ
yt-30587,1,2,W93B7cSaKLg
yt-30589,2,3,UTrwYp87ayU
yt-30590,2,3,Ia4RNWhq9K0
yt-30591,0,1,Svu_1UwiOAc
yt-30592,1,2,BFuz4UsYRVo
yt-30593,0,1,wXAGdDamwPI
yt-30594,1,2,uOw5pmz9j-I
yt-30595,0,1,9Ad4vjJznco
yt-30596,2,3,MyB614iZ6mQ
yt-30597,0,1,koJ2FjtILgY
yt-30599,2,3,sO4iqdUzur8
yt-30600,1,2,9KOMrYH6yJI
yt-30601,2,3,JPyva8RTGiE
yt-30602,0,1,w0HPwkltLN0
yt-30603,0,1,_jvlVlpK-Dk
yt-30604,2,4,BhDzgZmnYOA
yt-30605,2,3,m0_SMiOecko
yt-30606,2,3,J9e-b-mek9A
yt-30607,0,1,hYY_cOIuE0U
yt-30608,2,3,QFmkDY-LQXg
yt-30609,0,1,-VWrqKzVXDw
yt-30610,2,3,shzzki9NGeY
yt-30611,0,1,gTV8X-EQmR8
yt-30612,0,1,F2tleHWg59I
yt-30614,2,3,Ia4RNWhq9K0
yt-30615,2,3,9I0eFi2GYvY
yt-30616,2,3,2s0Sj_I2CH0
yt-30617,2,3,3X9C26sUMYE
yt-30618,2,3,6-KgPPx3uwI
yt-30619,0,1,xuh0JEfa-_s
yt-30620,0,1,ZFbHUDObndQ
yt-30621,2,3,m0_SMiOecko
yt-30622,1,2,n7SABpul19A
yt-30623,2,3,8Onktbb6acM
yt-30624,0,1,sxRCFKj5gF0
yt-30625,0,1,BFuz4UsYRVo
yt-30626,2,3,skbFdpTKi9I
yt-30627,1,2,d3-ZO8viWdI
yt-30628,0,0,Abq4vNaZH-w
yt-30629,1,2,JVNY5NJTyFs
yt-30630,2,3,MEbQaysavtU
yt-30631,0,1,Nm8on_ZzXQc
yt-30632,0,1,XlBGoMuJZN0
yt-30633,2,4,TeYFrJ8x-Xs
yt-30634,2,3,JLE7uI-BGLY
yt-30635,0,1,DvTbjFIIa_A
yt-30636,1,2,OF3L0S38t4s
yt-30637,0,1,JA2Nfbe41hY
yt-30639,2,3,8l6Fli5sxgw
yt-30640,2,4,1-GEFep0atc
yt-30641,2,3,xNoraXp2q60
yt-30645,2,3,m0_SMiOecko
yt-30646,2,4,3A0VrY5avcM
yt-30647,0,1,OhrX7At2UAs
yt-30648,0,1,FM8dg8dQ46Y
yt-30649,2,3,zAxhD3snfvU
yt-30650,2,3,J9e-b-mek9A
yt-30651,1,2,PSDZRrtFYn4
yt-30654,2,3,GcMfDPltcKI
yt-30655,2,3,vVa8jfeKEZI
yt-30657,2,3,du5VMbZtK-c
yt-30658,0,1,_vzYg8YXVbQ
yt-30659,2,3,DcEsiGwcmrA
yt-30660,0,1,H0bKUYV7g44
yt-30661,2,3,KyKlM7ZPXL0
yt-30662,2,3,xdf0A68TjNg
yt-30663,1,2,1VTLzDSRNCE
yt-30667,2,3,wr0EtYRSye0
yt-30668,0,1,dj5EFDulRDA
yt-30670,1,2,WfshEpeYqSo
yt-30672,0,1,wDWr8NhtDWM
yt-30673,1,2,jk3ppAAaT6s
yt-30675,2,3,Y3T20pSx4C0
yt-30676,2,4,F9MctqJgJVk
yt-30677,1,2,E4B5TUpYhKc
yt-30678,2,4,74Naf0orWAo
yt-30679,1,2,06tWe_Ql60M
yt-30681,2,3,m0_SMiOecko
yt-30682,0,1,pUWyUUVfkOc
yt-30683,2,3,hmkI3JEXjmU
yt-30684,0,1,3TycaVO0Rso
yt-30685,1,2,dFzjZfNS9-0
yt-30686,1,2,l0WPigSz1tI
yt-30687,2,3,8qWFCf7Ab7Y
yt-30688,2,3,jPjoZKnx-J8
yt-30689,2,3,jPjoZKnx-J8
yt-30690,2,4,vpoVEhc2Xgk
yt-30692,2,3,Y75S3K2qeo0
yt-30693,2,3,AZAcK1euqpw
yt-30694,0,1,1VTLzDSRNCE
yt-30695,2,3,YGTaASXDQQU
yt-30696,2,3,RllOvVuC0JM
yt-30698,1,2,B2t2vztIhvw
yt-30700,0,1,Nm8on_ZzXQc
yt-30701,1,2,IG5SWgcYRRA
yt-30702,0,1,y2tkxhVww4M
yt-30703,1,2,-g7cACeX15I
yt-30707,0,1,6mDzX7C12bk
yt-30709,2,3,8CklEfc4L6I
yt-30710,2,3,ZOUSjqTH1xk
yt-30711,0,1,DK-L1hS6Iy4
yt-30712,0,1,7zFG6XcXU2g
yt-30713,0,1,TwVs1xiq7y0
yt-30714,0,1,jUqj2nP5Du8
yt-30715,2,3,yi_1ylp-uLI
yt-30716,1,2,7pnRUVobdgM
yt-30717,2,3,o7V2dbhZO4I
yt-30718,2,3,EA-pVOEVzoI
yt-30719,1,2,kAEVdbe-kIs
yt-30720,2,3,eSt0gH0O5KA
yt-30721,2,3,WSUcy_sh2Bg
yt-30722,2,3,Ma60BMXLe7s
yt-30723,2,3,DC05VUtSHmA
yt-30725,2,3,7uzK-ZdEPnk
yt-30726,0,1,pFzErSz4Aq8
yt-30727,2,3,zrvNBzfIgN4
yt-30728,0,1,7uKRwLlb2Gw
yt-30729,2,3,novideo-30729
yt-30730,1,2,vkmV5PlyNYM
yt-30731,2,3,-shPG--27D0
yt-30732,0,1,Y75S3K2qeo0
yt-30734,0,1,8TVSNvlFZlk
yt-30735,2,3,AvODg2RfLEQ
yt-30736,2,4,b3VNPpd3rZI
yt-30737,1,2,MJJYgZFTjso
yt-30738,1,2,KboKz9sH7g0
yt-30739,0,1,1q8y6FWPEoA
yt-30740,0,1,6-KgPPx3uwI
yt-30741,2,3,TK8Y27EogEw
yt-30742,1,2,s-WgNmP6S70
yt-30743,0,0,3QUKBNsj_Zc
yt-30744,2,3,MCRlYg2l4Jg
yt-30745,0,1,rpTTAy-t988
yt-30747,2,3,LykotTtdTSQ
yt-30748,0,1,jrVknoTp0Ro
yt-30750,2,3,_RJjGCDSNdk
yt-30751,0,1,Wsybj-jrLIk
yt-30752,0,1,S8HdPJzQIg8
yt-30754,2,3,J9e-b-mek9A
yt-30755,0,1,GrnGIYInuyI
yt-30756,0,0,nCcILJz47cI
yt-30757,0,1,TJ45SAWxtHI
yt-30758,2,3,pPxJSWbJrtw
yt-30759,2,3,SGX6aguU5QM
yt-30760,1,2,Yp8uPRER_rM
yt-30761,1,2,hsDM4lvdE2w
yt-30762,0,1,2jIa7_hfn5A
yt-30763,2,3,B_zuJgwbTGQ
yt-30765,1,2,qZQPz17N71s
yt-30766,0,1,HZGmuIAu0v0
yt-30767,0,1,RP6Key8CWhM
yt-30768,1,2,_ka-mueTaZE
yt-30769,2,3,Xhsk1VyTzT0
yt-30770,1,2,XhcjvivTqGU
yt-30771,1,2,Nr9jeRC-_Vs
yt-30773,0,1,FuZVA3s7b1c
yt-30774,2,3,aTUTXUcVguc
yt-30775,1,2,CsvX9d6Se8g
yt-30776,2,3,FqfaM7yKapo
yt-30777,0,1,4Nv4pOBrU38
yt-30778,0,0,om95dJAtQjg
yt-30779,0,1,Erun0iFoe-g
yt-30780,2,3,_vQc3-omWds
yt-30782,1,2,vYzpoQ86JkY
yt-30783,1,2,Il6c0SozdgE
yt-30784,0,1,lZJ5okn5ayI
yt-30787,2,4,J9e-b-mek9A
yt-30788,1,2,BconM4x8HFc
yt-30789,2,4,Yl_OqNQNP5o
yt-30792,2,3,Ku1VllsV2yg
yt-30794,0,1,uimiuJ-Mih8
yt-30795,2,3,6K0qqR-yEz8
yt-30796,2,3,5JAsrrWMB7M
yt-30797,2,3,S83Y5DaBZug
yt-30799,0,1,8pMVKWUsa1o
yt-30800,2,3,novideo-30800
yt-30801,0,1,tZ6SXnBJ8CE
yt-30802,1,2,RSwCTiAd_bI
yt-30803,1,2,9c7pCSdjJkA
yt-30805,2,3,MK5FiXdkOQM
yt-30806,1,2,qAOpkXErt5M
yt-30807,2,3,WOdUJoLRfSc
yt-30808,2,3,jWuCtumkcIk
yt-30809,0,1,MEypXaaOC-E
yt-30810,1,2,5MFMC7A56cs
yt-30811,2,3,vS99HF47vVE
yt-30812,2,3,1KZNiZnHQ_Q
yt-30813,0,0,X_PAY1WOfFU
yt-30814,0,1,Eax6V6b4EMw
yt-30815,0,1,E-87KN7f1h4
yt-30817,2,3,yHNSkqg1xfg
yt-30818,2,4,M4Ti1-wCajo
yt-30819,1,2,vDbIA9IIqMM
yt-30821,2,3,BIsFDQXWaQg
yt-30822,1,2,J64LU1L6k5A
yt-30823,1,2,oXhCm3IeeYQ
yt-30824,0,1,gUvaMMTHBiI
yt-30826,1,2,0wVT8R9v0DM
yt-30827,0,1,b1mJ8bemYz0
yt-30828,2,3,Oi4D9FaWyeY
yt-30830,2,3,Uk-AH5zgnOw
yt-30833,0,1,fwhKf63ffgo
yt-30834,2,3,nqUzEDp6wFM
yt-30835,2,3,aaLkHKhnoCA
yt-30836,1,2,ROkG3HBWQ20
yt-30837,0,1,3NmGUvY4LqQ
yt-30839,0,1,-VWrqKzVXDw
yt-30840,1,2,fCvhAHmddKE
yt-30841,2,3,J7_-oVm5njU
yt-30843,2,3,DN8Y5hq8qro
yt-30844,2,3,DsdPMepBeC4
yt-30845,2,3,novideo-30845
yt-30846,0,1,1VTLzDSRNCE
yt-30847,1,2,zRENl22538o
yt-30848,2,3,B-zaLvhYxEc
yt-30849,0,1,SLmBTSzlWCk
yt-30850,2,4,novideo-30850
yt-30852,0,1,bbxzQ_NDt3M
yt-30853,1,2,GjhyA0HPeKI
yt-30854,1,2,c0mXRQdsvGg
yt-30855,2,3,6cQ32ElcIlg
yt-30857,2,3,1XsoS45Vfow
yt-30858,0,1,o0j0kcqHu5k
yt-30859,1,2,yo96-jc12p4
yt-30861,0,1,p4frTp4QxPM
yt-30863,1,2,tUV5W1dF3Nw
yt-30865,2,3,NHTFwVOeFnI
yt-30866,2,3,_kBt-B3CTHY
yt-30868,1,2,VkuFXSGqxe8
yt-30869,2,3,kSFDu7qonAg
yt-30870,2,3,5MFMC7A56cs
yt-30871,2,4,vcCoyEl_tpw
yt-30873,0,1,nyrKuICnA4c
yt-30874,0,1,yo96-jc12p4
yt-30876,2,3,UhFdcBIIrBk
yt-30877,0,1,72yWRvpmGBI
yt-30878,1,2,v6RtgXwBFUc
yt-30879,0,1,1VTLzDSRNCE
yt-30880,2,3,RN0zNNH89h8
yt-30881,2,3,gaW4gMFZm4I
yt-30883,0,1,M2pS3_MuTZA
yt-30885,0,1,5vIOOKEN-Lc
yt-30886,0,1,5avp0RiGpjk
yt-30887,2,4,1VRlsD09id8
yt-30888,2,3,hu2Dt5ksXfg
yt-30889,0,1,9qgA5UxAYsw
yt-30891,0,0,5Ca1jB6RYkw
yt-30892,0,1,zJgt-WbE7oc
yt-30893,0,1,wq9HmCJkyiE
yt-30895,0,1,QmfvaL9RgkE
yt-30896,0,1,KJmAiTar1YU
yt-30897,0,1,b_w1q1YvVr8
yt-30898,0,1,sepI2oMcbsM
yt-30900,0,1,eXs5yObcxqc
yt-30901,0,1,sRFUAJAJ78M
yt-30902,2,3,UwDMGQnnKDA
yt-30903,2,3,m0_SMiOecko
yt-30904,1,2,89CZQEbadUY
yt-30906,2,3,-AVpfcE3F3E
yt-30907,0,1,kJRn95QjS8w
yt-30908,0,1,gCqyFGK6Kp4
yt-30909,0,1,QMYgIMC_77I
yt-30910,0,1,Ay6PIQNQPho
yt-30911,1,2,k_wioEtx4AY
yt-30914,0,1,novideo-30914
yt-30915,1,2,06HSulZR5oc
yt-30916,0,1,Xw4FyKUpWs8
yt-30917,0,1,4m_jvmSRt3Q
yt-30918,1,2,inqlTawovo8
yt-30919,0,1,gc6LX9aGLtc
yt-30921,0,1,aJqe8gdh4pw
yt-30923,2,3,XTWVqt3CK9s
yt-30924,2,3,s65bMuFxfgo
yt-30925,1,2,dOFQL-liask
yt-30926,0,1,uNDoiokVsWk
yt-30927,0,1,ff6vbx_mCkg
yt-30928,2,3,DC05VUtSHmA
yt-30929,0,1,hjYmBLPyk0M
yt-30930,0,1,FuZVA3s7b1c
yt-30931,0,1,AxaIZ36B4C4
yt-30932,0,1,VF-2J3IF-XQ
yt-30933,2,3,l-7XGhfRI7o
yt-30934,2,3,gzXMnlrrLHY
yt-30935,0,1,Y75S3K2qeo0
yt-30936,2,3,5v7r26uWu4M
yt-30937,0,1,HmaLNFFOf64
yt-30939,2,3,Xf_rYZnJiWY
yt-30940,2,3,Xqz6B8MtR_I
yt-30941,2,3,0NjppfLG1zs
yt-30942,2,3,RnQ4cm_H-xA
yt-30943,2,3,1yetgrE7TRk
yt-30944,2,3,HZQcp6OmfIo
yt-30946,0,1,GDmda5YuyhA
yt-30947,0,1,Li25SFvZofU
yt-30948,0,1,3DRIfOkS_7M
yt-30949,2,3,glmNZdW96VI
yt-30950,0,1,CyhsN-OMpWs
yt-30951,0,1,W74yA-FMcN4
yt-30953,2,3,OMQLXHJhhYs
yt-30954,2,3,zhngeBSdLpc
yt-30955,0,1,C3z79NQUX28
yt-30956,2,3,oZN2Ni9yXB4
yt-30958,2,3,6AiouxF7YqY
yt-30959,1,2,novideo-30959
yt-30961,0,1,wdGXfEqKEP8
yt-30966,0,1,uCdbk9SYh_8
yt-30967,1,2,i4vzKYUu22I
yt-30968,2,3,m0_SMiOecko
yt-30969,0,1,1ZLA-e4KOu4
yt-30970,0,1,novideo-30970
yt-30971,2,4,k-_pA5XgHI8
yt-30972,0,1,H5WZyDQmS40
yt-30973,2,3,Fpo_OmFwiBA
yt-30974,1,2,vdzQSC98iPs
yt-30975,0,1,RQWL1m55C58
yt-30976,0,1,oT0og4yIswc
yt-30978,2,3,SH3-06sI77A
yt-30979,2,3,c0mWoXlglyU
yt-30980,2,3,epwXjvLUr7E
yt-30983,1,2,orFJhLdGFdM
yt-30984,0,1,p63q9aVaXMQ
yt-30986,1,2,C3z79NQUX28
yt-30988,0,1,pXdKUWlLH0g
yt-30989,2,3,pXeOtkaIxgU
yt-30990,1,2,Ni9t1uBzbMc
yt-30992,2,4,tAHK6E03ORo
yt-30993,1,2,i0Ae16B9uu8
yt-30994,2,3,DN8Y5hq8qro
yt-30996,2,3,FKUx0wyv55c
yt-30997,2,3,NUXEQaYRLwA
yt-30999,0,1,-o8uo8FZyGc
yt-31000,1,2,9e4SzOy8bbQ
yt-31001,0,1,SP6RUF__Xc0
yt-31002,0,1,sKPOxkGXvlM
yt-31003,1,2,pRerRF3DE_w
yt-31004,2,4,BsIoJB7EIpA
yt-31005,2,3,m0_SMiOecko
yt-31006,0,1,XYumIVMLbmc
yt-31007,0,1,CWgX1XGKDpk
yt-31008,2,3,MJJYgZFTjso
yt-31009,0,1,Df-Gvfz6pPg
yt-31010,2,3,u8uAz2jJM5w
yt-31011,2,3,tAHK6E03ORo
yt-31012,2,3,UKpExvEDGx8
yt-31013,1,2,ejPRQ37seqk
yt-31014,2,3,IHqJGDzFGiI
yt-31015,1,2,1ZwZLRPXXGY
yt-31016,2,3,mD_D1JArYZE
yt-31017,0,1,wbm9gWyUH54
yt-31018,0,1,C7GY_qKtYbk
yt-31019,2,3,C3z79NQUX28
yt-31020,0,1,vI1P16MO6IM
yt-31022,0,1,_0gqVrHpTVw
yt-31024,0,1,dOFQL-liask
yt-31025,2,3,0NfArkRDato
yt-31026,0,1,80sReu_evSA
yt-31027,2,3,6mhlN0VdTmY
yt-31028,1,2,QaTn_dtShNE
yt-31029,2,3,DSbgJUhUn2I
yt-31030,2,3,EEN5X6bBtQc
yt-31032,0,1,FWFw8QijdUg
yt-31033,2,4,rEFUs_ru2l0
yt-31034,2,3,DDtyKUaeYhc
yt-31035,0,1,zQiCkbGdrvE
yt-31036,2,3,FDm-vRmJQmY
yt-31039,1,2,KRyAjKj0ANo
yt-31040,0,1,Xf_rYZnJiWY
yt-31041,1,2,sWAAZbsfW3E
yt-31043,0,1,UNyyd6eZNJU
yt-31045,2,3,EJKfz3PFAzk
yt-31046,1,2,unB18Si-rwg
yt-31047,0,1,KeZHrBkQXSg
yt-31048,2,3,b3QBfxONl3g
yt-31049,2,3,KcOJb-YxuRI
yt-31050,1,2,clTFpGUtAGY
yt-31051,2,3,wnN4NFzKA4w
yt-31053,2,3,gEaOzSsphdM
yt-31054,2,3,v7zlnATufOw
yt-31055,0,1,novideo-31055
yt-31057,2,3,pqEDb4JFMuI
yt-31058,0,0,5kJsWfNeXog
yt-31059,2,4,rFZZBcCp2i8
yt-31060,1,2,nFsU9NcrZ4U
yt-31061,0,0,TAMUnsPrNkg
yt-31062,1,2,qfeyG_Qoixk
yt-31064,0,1,KehdJfU_3Ek
yt-31066,0,1,jZq4o6AjwnU
yt-31068,2,3,-ged3TsXlU8
yt-31069,1,2,bEmmLhg2D5k
yt-31071,2,3,6mhlN0VdTmY
yt-31075,2,3,dapK2TiM_Rg
yt-31076,1,2,mD_D1JArYZE
yt-31078,2,3,NlhVcLA0LNI
yt-31079,1,2,WR0QJhBQYvo
yt-31082,2,3,yypLKij21-Y
yt-31083,2,3,P9_OJEvDy60
yt-31085,2,3,xJlvWU6gxVw
yt-31087,2,3,-VH2Xbe7mvI
yt-31088,0,0,eiryqwNdR9w
yt-31089,1,2,w8mOejQskO8
yt-31090,0,0,xeI5FTT3Q-8
yt-31091,1,2,EXdq6KnCRBU
yt-31092,1,2,SDipoZ7efcQ
yt-31093,2,3,bpulT5zrt8o
yt-31096,2,3,-j1We7htG38
yt-31097,0,1,3SMWrESA_Wc
yt-31098,0,1,FuZVA3s7b1c
yt-31100,2,3,o0xbhlphYTw
yt-31101,0,1,RJxpwoSA1XM
yt-31102,0,1,8SBtMMDcebU
yt-31103,0,1,QOrcsyzYTC0
yt-31104,2,3,g1UhspNtUiQ
yt-31105,2,3,WoC7GB9T3Jg
yt-31106,0,1,HXS-mMW28sg
yt-31107,2,3,izjmMyE5mq8
yt-31108,0,1,jB6__dNc3hs
yt-31112,0,1,hUfkQthRND8
yt-31113,2,3,8qWFCf7Ab7Y
yt-31115,2,3,dYBUHBF-yLo
yt-31118,2,3,Z9k5dWX3Vlc
yt-31119,2,3,CFTyyxTabmE
yt-31120,0,1,K2kZSQyCGS4
yt-31122,2,3,IpewLxtMJfc
yt-31123,0,1,ZOUSjqTH1xk
yt-31124,2,3,lMSJr89kc3c
yt-31126,2,3,R47L8fm35oc
yt-31127,0,1,gGIkgTG8FBk
yt-31128,2,3,novideo-31128
yt-31129,1,2,7kCc4g8vT1I
yt-31130,0,1,Z3_Pb_kHG1k
yt-31131,0,1,novideo-31131
yt-31132,0,1,novideo-31132
yt-31133,1,2,97vlSnirrII
yt-31134,0,1,rgQ5jmW90fc
yt-31135,2,4,1RR2DRRF7fI
yt-31136,2,3,TZJgoEmf7uw
yt-31137,1,2,DQL2yRXaWgw
yt-31138,2,3,V0Va_HxkKps
yt-31140,1,2,IxmIUHQ3i1s
yt-31142,2,3,_MLT8nwNR_A
yt-31145,0,0,NLgu0wcTCd4
yt-31146,2,3,6K0qqR-yEz8
yt-31147,0,1,bOFh6vvX_Bk
yt-31148,1,2,2mXoAOX1YjA
yt-31149,0,1,mq814hZ5FJo
yt-31150,2,3,Qcc77EXE6cc
yt-31151,0,1,KeZHrBkQXSg
yt-31153,1,2,G2Cto08tkHs
yt-31154,2,3,CPT0bvTdjRo
yt-31155,0,1,ZuWrUFk8xOw
yt-31157,1,2,3Q9oZvNER3o
yt-31158,0,1,rTjF397Ww00
yt-31159,2,3,8ovNXtyXEQA
yt-31160,2,3,QokMrwVKzZY
yt-31162,1,2,14UrZATwgVw
yt-31163,1,2,STjMtHfmxcM
yt-31165,2,3,81Ir39n_K-A
yt-31166,2,3,58frGISFQUE
yt-31167,0,1,LcfLbSJpeU4
yt-31169,2,3,6mhlN0VdTmY
yt-31170,2,3,a2R29Br5rpk
yt-31171,1,2,lmLDik4Veh8
yt-31173,2,3,5UXGwEGW51A
yt-31174,2,3,Aexm2diDfYw
yt-31175,2,3,yL76f9B0VEY
yt-31176,2,3,h2tpVNAP_xo
yt-31177,0,1,gSaqHFmgT8U
yt-31178,2,3,PTX5hCdGGpc
yt-31179,1,2,US8NRrdts2o
yt-31180,0,1,L-N2LFBH2Jc
yt-31181,2,3,grqxlQPhCt0
yt-31183,0,1,a2uogXgBMKQ
yt-31184,1,2,4uZl_zfVD2M
yt-31185,2,4,CDtxeI-qJ-Y
yt-31186,2,3,HtqyzjEuwlE
yt-31190,1,2,kNDow7ajooI
yt-31191,0,1,_vQc3-omWds
yt-31192,2,3,YQChHjnyouU
yt-31193,0,0,suibKgFNx5A
yt-31194,0,1,S5r0u7DA-x0
yt-31195,0,1,lH0hOoRKW8g
yt-31196,0,1,S_4ENsnwrw0
yt-31197,0,0,nsAJupnqCfA
yt-31198,2,3,-_p544IMzow
yt-31199,1,2,9is1HZ6AmbA
yt-31200,2,4,0adDCIPFUX4
yt-31201,2,3,JiybeCMqmV0
yt-31202,2,3,rcHJ9QJkpuI
yt-31205,1,2,kSFDu7qonAg
yt-31207,0,0,uzYdEkQzyaw
yt-31208,0,1,IrLNfFMcBJY
yt-31209,2,3,tENdVriyYD0
yt-31210,2,3,7M80iJ1x4kc
yt-31211,0,1,vWD9nT-m-tI
yt-31212,2,3,novideo-31212
yt-31213,2,3,ejPRQ37seqk
yt-31215,2,3,R9VkwvW2LDU
yt-31216,2,3,A2eDX41X24w
yt-31217,2,3,EA-pVOEVzoI
yt-31219,0,1,m1wlHkEnnAU
yt-31220,2,3,-CRN5o6RDVw
yt-31221,0,1,E9-b13S8cHQ
yt-31222,0,1,RQWL1m55C58
yt-31223,2,4,8qWFCf7Ab7Y
yt-31224,0,1,nhSVkSg1fVQ
yt-31226,2,3,-s1ncnT0WrI
yt-31228,0,1,uhipgpFZV6E
yt-31229,2,4,ee8U-opDwJo
yt-31230,1,2,t16W8hH9hqY
yt-31232,2,4,DrLKtYWWUyk
yt-31233,0,0,X_PAY1WOfFU
yt-31234,2,3,FWVjLA4jKLc
yt-31235,2,3,7-6nXXqX7Mg
yt-31236,1,2,axjOfSm3g_E
yt-31238,0,1,xFyG3KZ5zBY
yt-31239,2,3,__327YUWJHs
yt-31240,0,1,cDgivGukkA4
yt-31241,1,2,KUlROmvJayE
yt-31242,2,3,DrLKtYWWUyk
yt-31243,2,3,2D95eLZYiPQ
yt-31244,2,3,m0_SMiOecko
yt-31245,2,3,oZ1hvGNm7h8
yt-31247,2,3,SE9ORZd8WaY
yt-31249,2,3,jE2A55tf_YY
yt-31250,0,1,aKbiackMXMk
yt-31251,1,2,Z7NXeW9M-ik
yt-31252,0,1,SW2-c9nfqyo
yt-31253,0,1,7hMfGlt-AfU
yt-31254,0,1,xK6IbZVLfqs
yt-31255,2,3,r_x4ZxSo5VI
yt-31256,1,2,ywdkzZxMsrI
yt-31257,1,2,404SiFMvAIE
yt-31258,1,2,yTnHjR_HyMA
yt-31259,2,3,Y-aW0ZecpD0
yt-31260,0,1,4cQiLSpKTyk
yt-31261,0,1,_eG47nvF3tE
yt-31262,0,1,8CGDLRLkFus
yt-31263,0,1,novideo-31263
yt-31264,0,1,JEZRbK5P5ZI
yt-31266,0,1,SA657GN3fSI
yt-31267,0,1,nPTB_mDa78I
yt-31268,0,1,wU2AGI-oF-c
yt-31269,0,0,ZSLcRf18jWo
yt-31270,2,3,novideo-31270
yt-31272,1,2,WfshEpeYqSo
yt-31273,1,2,4iniyUNZIYc
yt-31274,0,1,JCGGKi6lUsE
yt-31275,2,3,9yi9kqNKq0c
yt-31276,2,3,3Z2EyqQZTBk
yt-31277,0,1,UNyyd6eZNJU
yt-31279,0,1,RnEiqCtr7Jc
yt-31281,0,1,hEOpSXxiSyY
yt-31282,2,3,Tbdy1TxPfpQ
yt-31283,1,2,axjOfSm3g_E
yt-31284,0,1,IgyfY9k9joU
yt-31285,0,0,gGIkgTG8FBk
yt-31286,2,3,0qSRnaW4PO8
yt-31287,0,1,kaj_AYxJQUg
yt-31288,0,1,_k3gAAso4-E
yt-31289,0,1,O5plzk5GOZs
yt-31291,2,3,_QDX1gi3AAw
yt-31292,0,1,novideo-31292
yt-31293,2,3,L7cl8usQ1qQ
yt-31294,2,3,YYvLBm8oadQ
yt-31295,2,3,HP7zfdGFPJI
yt-31296,0,1,rW1eGZ12ybg
yt-31297,1,2,novideo-31297
yt-31298,0,0,wDWr8NhtDWM
yt-31299,2,3,novideo-31299
yt-31300,1,2,PkLeE7ksifI
yt-31301,2,4,P9_OJEvDy60
yt-31302,0,1,a2R29Br5rpk
yt-31303,2,4,g1UhspNtUiQ
yt-31304,2,3,RIBEZaBR1dw
yt-31305,0,1,LDot13OEkxw
yt-31307,1,2,SaQvn4al3bk
yt-31308,2,3,NUXEQaYRLwA
yt-31309,0,1,ILSNwW625BY
yt-31311,1,2,OxTH4sqaUto
yt-31312,2,3,fwaRIpE4ec8
yt-31315,2,3,sepI2oMcbsM
yt-31316,2,3,fWWMlIWRCTw
yt-31317,2,3,hNbNkY8oEVk
yt-31318,2,3,EygQecaebe0
yt-31320,1,2,B_1ivaUfegM
yt-31321,0,1,AMK7Qgctj1I
yt-31322,2,3,Jbz1ZgOqm7c
yt-31324,0,0,XL_43s0TMPE
yt-31327,2,3,JGDdMxxSEiw
yt-31328,1,2,f9NRKR-yuFs
yt-31330,0,1,i0Ae16B9uu8
yt-31331,2,3,DC05VUtSHmA
yt-31332,0,1,ckCLQFo0lqA
yt-31333,2,4,Aexm2diDfYw
yt-31334,1,2,YI-duh-Mdcg
yt-31335,1,2,u-XEK_VQ1c0
yt-31336,2,3,fn4eih72BL0
yt-31337,1,2,jufUOPve8Jc
yt-31338,2,3,bB4uGae-8OE
yt-31339,0,1,7Y1Hh1Bgr-A
yt-31340,0,1,GRfJiznPgZY
yt-31341,0,1,u1MnApNpV3c
yt-31342,1,2,1nxIkG2No40
yt-31343,2,3,m0_SMiOecko
yt-31347,1,2,Qa2_9DMne44
yt-31349,0,1,novideo-31349
yt-31350,1,2,v9b7XJ1RYVo
yt-31351,0,1,ZS4_w1xK3OE
yt-31352,2,3,rBa-u4X6av0
yt-31353,0,1,hDAcsDNVsL8
yt-31354,1,2,BjzrXH_q6ho
yt-31356,0,1,iTA-eazCmeI
yt-31358,2,3,1VTLzDSRNCE
yt-31359,2,3,rSlpeFsOsds
yt-31360,2,3,novideo-31360
yt-31361,0,1,HyXYwx9AHHI
yt-31362,2,3,-gkhRF5d6aU
yt-31363,2,3,vqZ92trVpBc
yt-31364,0,1,zhyHyeWp8qM
yt-31365,1,2,aO7D8vwY_u8
yt-31366,0,1,fVZxZF-n8y4
yt-31367,0,1,s-8363ATMT4
yt-31369,1,2,mMgyFJBnEa8
yt-31370,2,3,GuXeLXpW7BY
yt-31371,1,2,yHNSkqg1xfg
yt-31372,0,1,C2NQfX-Pjp4
yt-31373,0,1,hz8D6XqfA04
yt-31374,2,3,pb4qYO7o8wA
yt-31375,0,1,i0LeMhnFTI0
yt-31377,0,1,gKz40oYeHwg
yt-31378,2,3,P051rbLjttY
yt-31379,0,1,mTSYjbaQyo8
yt-31381,1,2,axjOfSm3g_E
yt-31382,0,1,_6nCS7fmiO0
yt-31383,2,3,QAtPYVJzeZ4
yt-31386,2,3,0pNGcZG_7UE
yt-31387,2,3,vpoVEhc2Xgk
yt-31390,0,1,jQB-_j5ZFgY
yt-31391,0,1,oToEANVRkCw
yt-31392,2,3,245tJt9MIgU
yt-31393,0,1,7_YV6YU-7Ug
yt-31394,2,3,pXeOtkaIxgU
yt-31395,2,4,lZJ5okn5ayI
yt-31397,0,1,uJrHEwstTQk
yt-31398,2,4,g1UhspNtUiQ
yt-31399,2,3,r9Ljy8xMrRc
yt-31400,2,4,lLoN77KOTJw
yt-31401,0,1,novideo-31401
yt-31402,0,1,3oZbH2iHcaI
yt-31403,2,3,roB6y6pEUoU
yt-31404,1,2,MoWVuut-KjA
yt-31405,2,3,CWNV4R437rE
yt-31406,1,2,xYlJyiwgcZE
yt-31408,2,3,qTSbONErtIM
yt-31409,1,2,AxaIZ36B4C4
yt-31410,0,0,mi-r8ce3VuQ
yt-31412,0,1,KboKz9sH7g0
yt-31413,0,1,linvXAI_qnM
yt-31415,2,3,ByQvcDGPtQI
yt-31416,2,3,zt-_BcDOwGI
yt-31417,0,1,novideo-31417
yt-31418,0,1,9ADb6s-Ezvc
yt-31419,0,1,eOdS_joghKw
yt-31420,2,3,yC2hKK4joNU
yt-31421,0,1,eGSP9HekvRE
yt-31422,1,2,H9d5iv53lGE
yt-31423,0,1,NY3X_6i4eME
yt-31424,1,2,tMFYPR9s_n0
yt-31425,0,1,2petbZ-E8Ho
yt-31426,2,3,_00PNeVGiZU
yt-31427,2,3,WqJj0Sm0t6o
yt-31428,1,2,a2R29Br5rpk
yt-31429,1,2,8qWFCf7Ab7Y
yt-31431,1,2,v9D3PKmtfYA
yt-31432,2,3,HuAzsUwkjfw
yt-31433,1,2,vBhjrOgePNI
yt-31434,2,4,IFpU2JxTeBE
yt-31435,2,3,_Q0a5C1z4MY
yt-31437,2,3,njQ1T00qtYs
yt-31438,2,3,_FoIY4MdolE
yt-31440,2,3,bgI0r1-k9Rc
yt-31443,2,3,_wUW1tKmVZA
yt-31444,2,3,EA-pVOEVzoI
yt-31445,2,3,e-817xRUqeY
yt-31447,0,1,JN4Tb80wqxM
yt-31448,2,3,VFuA_A53Nwo
yt-31449,2,3,zYodOL84bJc
yt-31451,0,1,4UyfK_NgGUg
yt-31452,2,3,4rQXMApIZw4
yt-31453,0,1,Yqt8wJfwsis
yt-31454,0,1,Fdj7w1fRW_s
yt-31455,2,3,WuQLqShSCZM
yt-31459,1,2,zJgt-WbE7oc
yt-31464,2,3,xOjr4CGDjjs
yt-31465,0,1,_Q0a5C1z4MY
yt-31466,0,1,WaH9UCAc1E8
yt-31467,0,1,Pi03mX7p_6w
yt-31469,0,1,m9wgPfpHreE
yt-31470,2,3,NJAynZCKKbs
yt-31472,0,1,VFuA_A53Nwo
yt-31473,1,2,80sReu_evSA
yt-31475,0,1,cfBbQCTvLRg
yt-31477,0,1,V2-KLXGoznY
yt-31478,1,2,70-w6BoPZ3g
yt-31479,2,3,JI4yW3AUjbc
yt-31480,1,2,jk3ppAAaT6s
yt-31481,2,3,w478pEFdUqg
yt-31482,1,2,itJQ-qChEOA
yt-31483,2,3,J9e-b-mek9A
yt-31484,2,4,akqH01FIZGo
yt-31485,2,3,2IW4iAru8NI
yt-31486,0,0,JCGGKi6lUsE
yt-31487,1,2,mD_D1JArYZE
yt-31488,0,1,uR3rGbhxby0
yt-31489,1,2,ouJ-kbF5Wog
yt-31490,1,2,uavaRkBUsVQ
yt-31491,0,1,HvqZL7IH6Xk
yt-31492,2,4,92JB4apdOrw
yt-31493,2,3,tUXEgSFYcpM
yt-31495,1,2,5MFMC7A56cs
yt-31497,0,0,wLUP2xRcYgg
yt-31499,1,2,mdyEvpIb8a0
yt-31500,0,1,unB18Si-rwg
yt-31501,1,2,Hj33ON3htZw
yt-31502,2,3,BtNBhnz1hBM
yt-31503,2,3,3qUsLgM_3aA
yt-31505,2,3,_Kk5vwEVOIA
yt-31506,0,1,yhwYsVCYoW0
yt-31507,0,0,novideo-31507
yt-31509,0,1,KdgSw94DlVk
yt-31510,2,3,-o_ow5-AArk
yt-31511,1,2,novideo-31511
yt-31513,1,2,sK-Ro4ebeBY
yt-31514,1,2,novideo-31514
yt-31516,0,1,H5WZyDQmS40
yt-31517,1,2,dWtB-pKaYrw
yt-31518,2,4,P051rbLjttY
yt-31520,0,1,uc_NhoIGwyU
yt-31524,2,3,NMYuG6WfmOQ
yt-31525,0,0,cCJi_9GV44c
yt-31526,2,3,8CklEfc4L6I
yt-31527,1,2,1yetgrE7TRk
yt-31528,1,2,gh_Yqe0g3eA
yt-31529,0,1,JtriZm_FQVk
yt-31530,0,1,_kBt-B3CTHY
yt-31531,2,3,6-KgPPx3uwI
yt-31532,2,3,PfJnP8nCSKg
yt-31534,2,3,EwaPVsE5wRg
yt-31535,0,1,FE_7ep_moeQ
yt-31537,0,0,_FNIfB5FSno
yt-31538,0,1,3XUVFzxonzk
yt-31540,0,1,novideo-31540
yt-31541,2,3,h-p2bTSLEDo
yt-31542,0,1,2HzJPJJU7oU
yt-31543,0,1,uRFP_2R1xlU
yt-31545,0,1,wgnmheXsE2Q
yt-31547,0,1,B329f0e2OLg
yt-31548,0,1,biLd7JJb71Q
yt-31549,1,2,StEbUmobvwo
yt-31550,2,3,uK-MGDE2dE4
yt-31552,1,2,sO4iqdUzur8
yt-31553,1,2,J9e-b-mek9A
yt-31555,2,3,JH5qHfBPZcE
yt-31556,2,4,qKahoohkUpM
yt-31557,0,1,LlY2aZ3eq1k
yt-31559,2,3,Poy35rRTf3Y
yt-31560,0,1,vpoVEhc2Xgk
yt-31561,1,2,TTcHgaJ-Zos
yt-31562,0,1,uRFP_2R1xlU
yt-31563,2,3,1h386PFE-18
yt-31564,2,3,Pe0SmG6Rzj0
yt-31567,2,3,JGDdMxxSEiw
yt-31569,2,3,P0EOKdVKMqQ
yt-31570,2,3,6-KgPPx3uwI
yt-31572,0,1,WSUcy_sh2Bg
yt-31574,0,0,Uo72ijyLlGU
yt-31575,0,1,v44fHcK3otk
yt-31576,2,3,sXuskB0pRvY
yt-31577,2,3,M4rraGCDSWY
yt-31578,2,3,24Z7BuAc-0Y
yt-31579,2,3,ZXigkKHiB7s
yt-31580,2,4,QHCj3oHrxEs
yt-31581,2,3,yypLKij21-Y
yt-31582,2,3,H1u6vd1uM_I
yt-31583,0,1,g1TCbz3MMyM
yt-31584,1,2,8l4Ry4MxgG4
yt-31588,2,3,7hMfGlt-AfU
yt-31590,1,2,rmj9brAgOy8
yt-31591,1,2,j84lZj_He6s
yt-31592,0,1,rZJT646i4TY
yt-31593,1,2,R-hjMxlNhqA
yt-31594,2,3,m0_SMiOecko
yt-31597,1,2,nfaADx4pcX8
yt-31599,1,2,pkMX66Hsf-U
yt-31600,2,3,GII6LHscWCA
yt-31601,2,3,HXS-mMW28sg
yt-31602,2,3,UBAY26elr-w
yt-31603,2,3,uP18r0eSUOo
yt-31605,0,1,I8eozOk62U4
yt-31608,2,3,JH5qHfBPZcE
yt-31610,2,3,_zBTDA5JvQM
yt-31611,2,3,-SEgqkHq8-s
yt-31612,2,3,-VDjG0yKBls
yt-31614,1,2,Br02-X3E330
yt-31615,0,1,YPpG81wc6BU
yt-31616,0,1,UjKWWUjue5g
yt-31618,1,2,W-2h8Wn34Hw
yt-31620,0,1,LMmuY-bxl-E
yt-31621,2,4,Alm9DNAkrIY
yt-31622,0,1,Nm8on_ZzXQc
yt-31623,1,2,k0NbnlUxniI
yt-31624,0,1,m0_SMiOecko
yt-31625,0,1,OLHNtZxyX5s
yt-31626,2,3,bUMA_LH7pIk
yt-31627,2,4,DG1Wx_AMIhk
yt-31628,2,3,1VRlsD09id8
yt-31629,1,2,abVYw35n9D8
yt-31630,1,2,hJlg8KdtYuI
yt-31631,0,1,ZZ5oqJMmJQM
yt-31632,0,1,-1z-TS_cJ6E
yt-31633,1,2,h4hlfEXc5Cs
yt-31634,1,2,uK-MGDE2dE4
yt-31635,2,3,245tJt9MIgU
yt-31636,0,1,k6XIcYHqfmY
yt-31637,2,4,I2Oh9b2bd4U
yt-31638,0,1,V5aLYc2V0pY
yt-31639,2,3,Xx1Uqc41MUs
yt-31640,2,3,ECZGb6AYSAY
yt-31641,1,2,ur7RUOor4vQ
yt-31642,0,1,LuyweqHVW3Y
yt-31643,2,3,Y3T20pSx4C0
yt-31644,2,3,pXeOtkaIxgU
yt-31645,1,2,3xWkdQnpYj8
yt-31646,2,4,HwW4n6ZAXpc
yt-31647,1,2,eagr-vKeHus
yt-31648,1,2,exXMeMHS3yw
yt-31649,0,0,eAcebB17RAE
yt-31651,2,3,izjmMyE5mq8
yt-31652,1,2,h8NCHGuQYNA
yt-31653,2,3,CPT0bvTdjRo
yt-31654,2,4,8UH6G1LnXR8
yt-31655,2,3,HXS-mMW28sg
yt-31656,0,1,rTjF397Ww00
yt-31657,0,1,novideo-31657
yt-31658,2,4,x56_pH5OCkU
yt-31659,2,3,rwmxzQAEvI8
yt-31660,0,1,o4CbySA-yXI
yt-31661,1,2,5_ZzO4c4bGE
yt-31662,2,3,pkseu5q2vnU
yt-31663,0,1,ilVxOtTyh9c
yt-31664,2,3,xhX6YJsvAwQ
yt-31666,0,1,yEMY0GeVMsE
yt-31667,1,2,hsDM4lvdE2w
yt-31668,2,3,c6KtDVUHB3A
yt-31672,0,1,Y3HyojDjY2I
yt-31673,2,3,VFuA_A53Nwo
yt-31676,2,3,IveneGKsoj0
yt-31677,2,4,FJagwas5CuY
yt-31678,0,1,9moKtwUUU-8
yt-31679,0,1,JUbpMfcx9m4
yt-31680,0,1,1tYCKQI9ccM
yt-31681,2,3,n7SABpul19A
yt-31682,1,2,_V8WrbpZuuc
yt-31683,2,3,p2OHilQDZlU
yt-31686,0,1,6UEUMCbn86U
yt-31688,2,3,Rg9jY4y6lrk
yt-31689,0,1,hsbl3e7ZPnM
yt-31690,2,3,MhEQyO4-2o4
yt-31691,1,2,PhbrX7K2GYg
yt-31692,2,3,E4JinWhJlP4
yt-31693,0,1,uCPkx7vX6ek
yt-31694,2,4,yLV4MyNTSvo
yt-31696,0,1,ZpqJgmftaTg
yt-31698,0,1,Y75S3K2qeo0
yt-31699,0,1,fQ7P3lT27vQ
yt-31700,0,1,pXeOtkaIxgU
yt-31701,1,2,0SmP7KUKQdk
yt-31702,0,1,HnkSDxtJ64Q
yt-31703,2,3,QiIw6-U9IKA
yt-31704,0,1,Hw40xuXJ_Tw
yt-31706,0,1,tODX17NVR-o
yt-31708,0,1,NBnZ12z72fM
yt-31709,2,3,hS7Jr96ewJQ
yt-31710,1,2,ulFwNfymkwk
yt-31711,2,3,P051rbLjttY
yt-31712,0,1,IWEh6oySQAk
yt-31713,2,3,xEWggmrBZ8s
yt-31714,2,3,zOtP_qpKmYY
yt-31715,0,1,8a9sTCc5ldA
yt-31716,2,3,DC05VUtSHmA
yt-31717,0,1,Ks4_3d5be4Q
yt-31718,1,2,w2mEM_VPaZQ
yt-31719,2,3,0cM4vBRVnTw
yt-31721,2,3,LwXefrO382M
yt-31723,0,1,wiTMUbLndY4
yt-31724,2,3,8UH6G1LnXR8
yt-31725,1,2,hKOEs66hdKk
yt-31726,2,3,1nDHzWI_AUg
yt-31728,0,1,06HSulZR5oc
yt-31729,1,2,dr9ggH1Fy2Q
yt-31730,0,1,Bp3yeibMgQ4
yt-31732,2,4,FxBujAfcKNk
yt-31733,0,1,m-tPgPia1J0
yt-31734,2,3,RrBcrbCZ5uw
yt-31735,2,3,d7Eybfes0Ew
yt-31736,1,2,mvSle93NmYM
yt-31737,0,1,NNRau4jGeog
yt-31740,1,2,bvzqtw_w5rM
yt-31742,0,1,3UsxOwcPliE
yt-31743,0,1,0hsHP29VbO8
yt-31744,0,1,Z3_umP8CgBs
yt-31745,0,1,wJbhkoOCFy4
yt-31746,1,2,BABRe53fna4
yt-31747,1,2,eXMY30rkbds
yt-31748,1,2,novideo-31748
yt-31749,0,1,eOdS_joghKw
yt-31751,2,3,H9WGxegsjpk
yt-31752,0,1,novideo-31752
yt-31753,2,3,smf82lBjRWc
yt-31754,1,2,gzxnzsif2iE
yt-31757,1,2,rrvM3vD4E3g
yt-31758,2,3,P1amCSIPKF8
yt-31759,2,3,m0_SMiOecko
yt-31760,0,0,Tx8KkLzB0Jk
yt-31761,1,2,Bz9LeIsOd5s
yt-31762,1,2,KSHHZ4fnkBs
yt-31763,0,0,C3z79NQUX28
yt-31764,0,1,RsgC3AJckTo
yt-31765,0,1,7vZa298pANs
yt-31766,0,1,bu344PNf8wI
yt-31767,2,3,j18RpJZatUo
yt-31768,2,3,3e-VOCdbEww
yt-31769,2,3,omBnCMcIXfw
yt-31771,2,3,ypLGkbFnF4A
yt-31772,1,2,eivvYSLBvr8
yt-31773,2,4,FHWnb-dpHYs
yt-31774,2,4,9uX7sYev8OY
yt-31775,0,1,A8kFfMj8SJY
yt-31777,0,0,mURdo7tzxe4
yt-31778,2,3,DC05VUtSHmA
yt-31780,0,1,AxaIZ36B4C4
yt-31781,0,1,zwwVFse75Is
yt-31782,1,2,PLCR4rhl9Rw
yt-31784,1,2,DcYW0GoIcA0
yt-31785,0,1,novideo-31785
yt-31790,2,3,z6o6I25klrc
yt-31791,0,1,7xnsseqg1Iw
yt-31793,2,3,PcbyFYW8Fv0
yt-31794,2,3,AjmXvrI620Q
yt-31796,2,3,uu2zRlPidNk
yt-31797,0,1,ymbwwrwtN38
yt-31798,0,1,fixITZr452o
yt-31800,2,3,FcdSnwRJOw0
yt-31801,0,1,UWU6fRJY2X4
yt-31802,2,3,fqiiDAwC8lM
yt-31803,2,3,a2R29Br5rpk
yt-31805,1,2,dEVW8rwtP6I
yt-31806,0,1,dFb-OlXqwv0
yt-31807,2,3,6PoHwcGAPrs
yt-31808,1,2,MQSPZC9WrQg
yt-31809,0,1,5Ody31n8q9c
yt-31810,0,1,unB18Si-rwg
yt-31811,0,1,DH-qZx_54G4
yt-31812,0,1,9gGc3-cGYBA
yt-31813,0,1,skXZ2QFKIDE
yt-31814,2,3,EA-pVOEVzoI
yt-31815,1,2,9XQuepAN46w
yt-31816,0,1,glbdkqAIheM
yt-31820,1,2,DN8Y5hq8qro
yt-31821,2,4,I5pLLeWFheA
yt-31822,1,2,w478pEFdUqg
yt-31823,1,2,ZS4_w1xK3OE
yt-31824,2,3,OhQXv414rPc
yt-31825,0,1,AMK7Qgctj1I
yt-31826,0,1,fE_gLKN61_8
yt-31828,0,1,l9mPU7P3raM
yt-31829,1,2,KbyuZZJxiP0
yt-31830,2,3,lEclsnVY-V0
yt-31831,0,1,EA2tb0y9iac
yt-31832,0,1,qkS_iEL_Zds
yt-31835,1,2,Plg9P8sBAYE
yt-31837,0,1,MyB614iZ6mQ
yt-31838,1,2,YzXYoh_o6RY
yt-31840,1,2,ccDACLHu2sM
yt-31843,2,3,TeYFrJ8x-Xs
yt-31844,0,1,FuZVA3s7b1c
yt-31845,0,1,7IFJ3b1NcvQ
yt-31846,1,2,P1amCSIPKF8
yt-31848,0,1,RQWL1m55C58
yt-31849,2,4,qz_jXBGN_Dg
yt-31850,2,3,-TjzgT2jT0A
yt-31851,2,3,itKTfFjh50I
yt-31853,0,1,Hdm2eG3kW1k
yt-31855,2,3,novideo-31855
yt-31856,2,3,MJJYgZFTjso
yt-31858,0,1,novideo-31858
yt-31859,1,2,AAFnQnCpBQc
yt-31862,0,1,gmPsf3c0xoQ
yt-31863,0,1,4xywRUZjeN0
yt-31864,1,2,BhpQO7t8qa4
yt-31865,2,3,jPjoZKnx-J8
yt-31866,1,2,VBL2qxlVypw
yt-31867,0,1,mR4mhT0psRs
yt-31868,1,2,EDZRMWCKR_o
yt-31870,1,2,5RnscnAPNms
yt-31872,2,3,LqJ0tch9rJ8
yt-31873,0,1,tuqPFKF5NJo
yt-31874,2,3,PH_8xiKFBxk
yt-31875,0,1,AxaIZ36B4C4
yt-31876,0,1,lVJpoJ78wEY
yt-31877,2,3,KcYRRsrNJnE
yt-31878,2,3,_zg4pI-Qndc
yt-31880,2,3,1gCjeEnE5Tg
yt-31881,0,1,nSNY8oBWEbo
yt-31882,2,4,HtqyzjEuwlE
yt-31883,1,2,AYJgdqytfkw
yt-31884,0,0,biLd7JJb71Q
yt-31885,0,0,cCJi_9GV44c
yt-31886,0,1,YS93R2QFqOA
yt-31890,1,2,n7SABpul19A
yt-31891,2,3,Q_fVrE2CDg8
yt-31892,2,3,mZhm1zQ_RQg
yt-31893,1,2,YJg7e1yYJXs
yt-31894,0,1,F9MctqJgJVk
yt-31895,0,1,9cRavBf3gh4
yt-31897,0,1,hBCCr6c7Lu4
yt-31898,1,2,KaeeU7Wpilk
yt-31900,1,2,UUwWgz7Rk6Q
yt-31901,1,2,novideo-31901
yt-31903,1,2,m0_SMiOecko
yt-31905,2,3,ITdYnbSSECA
yt-31906,1,2,9yi9kqNKq0c
yt-31907,2,3,3Rip8VHeA38
yt-31908,2,4,p0wWGBxwRtI
yt-31909,0,1,BNdZqem0mSU
yt-31910,0,0,XNiLxkADeoE
yt-31911,2,3,mz_o3Z27a4c
yt-31912,1,2,_c5EV-U5mcQ
yt-31913,2,3,os46-7HaMbo
yt-31915,2,3,z6o6I25klrc
yt-31917,0,1,wBR8jIj5pjA
yt-31918,2,3,VFuA_A53Nwo
yt-31922,1,2,PLCR4rhl9Rw
yt-31923,2,3,novideo-31923
yt-31924,0,1,lO31w9Bg7IA
yt-31925,0,1,ljxzjtHTenw
yt-31926,2,3,TZOIdN8-FV8
yt-31928,2,3,2Dv0IBFwmn4
yt-31929,2,3,Eifv1zrQF3A
yt-31930,0,1,cEwrdybyPus
yt-31931,2,3,PCFpZ0u_fyM
yt-31933,2,3,azVCv9lZlPU
yt-31934,2,3,m79UE8h1SAY
yt-31936,2,3,w56qhLYoRNU
yt-31937,0,1,_QjGMChHEQc
yt-31938,2,3,rjgOsUxQNNs
yt-31939,0,1,7NJIPyNSTNU
yt-31940,1,2,YoD3GqU9HJQ
yt-31941,0,0,iyr6rBaQNZs
yt-31944,1,2,8TJDzhR6SWw
yt-31945,2,3,a3JY9mWX00M
yt-31947,2,3,JUbpMfcx9m4
yt-31948,2,3,kAZE63iiXlc
yt-31949,0,1,RmAxFcTdILo
yt-31950,2,3,nzF44KFi8gA
yt-31951,0,1,0IUPr4zLkAY
yt-31953,1,2,UcB-dnSAOvc
yt-31955,1,2,JnAfkpvE4kg
yt-31957,2,3,m0_SMiOecko
yt-31958,2,3,RN0zNNH89h8
yt-31959,0,1,hyNXMVrypRI
yt-31960,1,2,-P4OoK-wzZY
yt-31962,2,3,pXeOtkaIxgU
yt-31963,2,3,ImF5JPp-hFs
yt-31964,1,2,lwrg6SyK2EY
yt-31965,0,1,_-sXeX9ntsM
yt-31966,2,3,m0_SMiOecko
yt-31968,2,3,auNVCcHPOB8
yt-31970,0,1,cBIFlAEV0Zo
yt-31971,1,2,kAEVdbe-kIs
yt-31972,2,3,xUrVmT2363U
yt-31973,1,2,ej6WLXuJqkY
yt-31974,0,1,_7lmnLw_rlA
yt-31976,2,3,7w2HnzE1uzg
yt-31977,2,3,IyoZBHfRydM
yt-31978,0,1,p2_jgOPk4ss
yt-31979,0,1,ktwETEMGT6k
yt-31981,1,2,CVt3UBCUirg
yt-31982,0,1,sEUXIuMcTx0
yt-31983,2,3,YojVgKa-GSk
yt-31985,2,3,uRiW3NRF2Ys
yt-31986,0,0,_s5v6t-SClM
yt-31988,0,1,obgMEnr9pi4
yt-31989,1,2,KktuqltKloU
yt-31991,0,1,J9e-b-mek9A
yt-31992,1,2,PDH73RPZIak
yt-31993,1,2,PSDZRrtFYn4
yt-31994,0,1,nYs8XTX_R78
yt-31995,1,2,2TfwXdtu_6g
yt-31996,0,1,SW2-c9nfqyo
yt-31998,0,1,8G4gh7o5TqE
yt-31999,2,3,ge6w_dEJL8w
yt-32000,0,1,mMvStvbUydc
yt-32001,0,1,7kCc4g8vT1I
yt-32002,0,1,Kmly4CaoRmE
yt-32003,2,4,w-Pd55OSGSY
yt-32005,2,3,BenmwYiPn8U
yt-32008,0,1,3V9U7PGI4UE
yt-32009,0,0,TfWZD310XWc
yt-32011,2,3,XYumIVMLbmc
yt-32012,0,1,novideo-32012
yt-32015,2,3,m0_SMiOecko
yt-32016,2,3,czGUkSfMD3w
yt-32017,2,3,MJJYgZFTjso
yt-32018,0,1,_NRcwyy8WkU
yt-32019,2,3,ROPJbdR_o2E
yt-32023,1,2,NXdGmwXf2j4
yt-32024,2,3,yypLKij21-Y
yt-32025,0,1,KdgSw94DlVk
yt-32026,2,3,_G3XsjVXgHs
yt-32027,2,3,m0_SMiOecko
yt-32028,1,2,ILKO7Daipfo
yt-32029,1,2,nMMIJWYUcE4
yt-32031,2,3,novideo-32031
yt-32032,2,3,t3Q8Haoiv6g
yt-32033,2,3,OhQXv414rPc
yt-32034,2,3,pXeOtkaIxgU
yt-32035,1,2,5EF-UPK0bTE
yt-32037,1,2,8QqLfeYyigI
yt-32038,2,3,QLfX4FD7aiE
yt-32039,2,3,uf4JNzzRS4M
yt-32040,2,3,0g1MMPWhojg
yt-32041,2,4,ZOUSjqTH1xk
yt-32042,2,3,VkuFXSGqxe8
yt-32043,0,1,2zXh1XqNU64
yt-32044,2,3,q4Z-yyj7u4Y
yt-32045,2,3,ApRcoezI6R8
yt-32046,2,3,Da6ljj6yT0U
yt-32047,0,1,zH_zmWjijc0
yt-32048,2,3,QvqDDlGw0l4
yt-32050,1,2,vsdLVZ5-KD8
yt-32051,2,4,BFsvp5H9BH8
yt-32052,1,2,C3z79NQUX28
yt-32053,0,1,BvweeQRZy7M
yt-32054,1,2,d3-ZO8viWdI
yt-32055,2,3,VkuFXSGqxe8
yt-32056,0,1,TAMUnsPrNkg
yt-32058,1,2,Ni9t1uBzbMc
yt-32059,1,2,3FCJhXdYV84
yt-32060,0,1,lXvo5vZ4jH8
yt-32061,2,4,IzGR6FIYTio
yt-32063,0,1,lZJ5okn5ayI
yt-32064,0,1,1XRVcZ3IePo
yt-32065,1,2,PqoR7JoUUw4
yt-32067,2,3,JH5qHfBPZcE
yt-32068,2,3,_pG2TxkaMwc
yt-32070,2,3,v7zlnATufOw
yt-32071,2,3,BjEzyJvX1lw
yt-32072,1,2,h-p2bTSLEDo
yt-32073,2,3,zRaJrgdekuc
yt-32074,0,1,6-KgPPx3uwI
yt-32075,1,2,ffgxz6Z1T2Q
yt-32076,2,3,Abq4vNaZH-w
yt-32077,0,1,gGIkgTG8FBk
yt-32078,0,0,_jJDdh9GGNI
yt-32079,1,2,8Cbob2QoFgw
yt-32081,0,1,novideo-32081
yt-32082,0,1,novideo-32082
yt-32083,1,2,BbdA-XSyhVk
yt-32084,2,3,5v7r26uWu4M
yt-32085,0,1,4dWz4YhxLEs
yt-32086,2,3,novideo-32086
yt-32087,0,1,novideo-32087
yt-32088,2,3,PC0mpXXpir4
yt-32091,0,1,mDt3VHEzc0M
yt-32092,0,1,W93B7cSaKLg
yt-32093,1,2,tRKwNr_hBAI
yt-32094,0,1,8zNIU6WZCqw
yt-32095,1,2,bbevAiec2gc
yt-32096,1,2,RAnRqRNJ5a8
yt-32097,0,1,1AqAmoMfAZs
yt-32098,2,3,jejc7JjR0mQ
yt-32099,2,4,shc4A5SupfU
yt-32103,0,1,wH-aOw0aHHI
yt-32104,2,3,GRFusZGdzOo
yt-32105,2,3,9hABSMgOZZQ
yt-32106,0,1,HZGmuIAu0v0
yt-32107,2,3,4WrHocm3Yow
yt-32108,2,3,7LomBH8yAtg
yt-32109,2,3,SRRu0qOdmLQ
yt-32110,2,3,novideo-32110
yt-32111,2,3,ktwETEMGT6k
yt-32112,2,3,Hh-ZzFFrxXk
yt-32114,0,1,xtcHfpCUuPQ
yt-32115,2,3,aViAa2Ivqxk
yt-32116,0,1,QmfvaL9RgkE
yt-32117,1,2,novideo-32117
yt-32118,0,1,Iykno64pNHI
yt-32119,0,1,5cexxU2eMx8
yt-32120,1,2,Wsybj-jrLIk
yt-32121,2,4,Q55dM3tSQkw
yt-32122,1,2,Ep61tpBLF_k
yt-32124,0,1,vPPXBPsG81M
yt-32126,2,3,DmFqs47R7fE
yt-32127,0,1,zaOiWaQPiHE
yt-32128,1,2,mFO4IqG8ehI
yt-32130,0,1,unB18Si-rwg
yt-32131,0,1,eZUXdjV_2dg
yt-32132,1,2,Pe0SmG6Rzj0
yt-32133,0,1,2ckTjFoTSqI
yt-32134,2,3,EdNZv0KC2yk
yt-32136,2,3,kGn_OQ88wVM
yt-32137,2,3,8H_wPFED5bI
yt-32138,0,1,OSTJ3dLENTA
yt-32139,0,1,aIxXsIIltjc
yt-32140,0,1,8UH6G1LnXR8
yt-32141,0,1,tuqPFKF5NJo
yt-32143,0,1,pCabfVMypvU
yt-32144,0,1,wOfb4oID3EU
yt-32145,0,1,_j-80tyJNzw
yt-32146,2,4,GXxb6dCdX2M
yt-32147,0,1,ByQvcDGPtQI
yt-32148,2,3,UwfLNqxppV8
yt-32149,1,2,tBHnl_NSp6U
yt-32150,1,2,k1FMJmeViOc
yt-32152,2,3,DWilN6bQJ9U
yt-32153,1,2,KCdaNBLw-h4
yt-32154,2,3,LykotTtdTSQ
yt-32155,0,1,DNeUsrnWC1I
yt-32156,0,1,MsgP-ld0qdU
yt-32157,2,3,K5CGc0zJ4L0
yt-32158,1,2,Y75S3K2qeo0
yt-32159,2,3,9u5Eh1fUxxc
yt-32160,0,1,MfJ75ixwnUc
yt-32162,2,3,NQ4sX6jJ_54
yt-32163,1,2,ovXkapVSGPI
yt-32165,0,1,TobnKDUhP3k
yt-32167,2,3,XY9GhLNm37g
yt-32168,2,3,vpoVEhc2Xgk
yt-32169,0,1,MpxIP45eTvo
yt-32170,0,0,gzXMnlrrLHY
yt-32172,2,3,eKogL9pVKKo
yt-32173,0,1,N38gpjro4OA
yt-32174,0,1,Zu90jlvKgYo
yt-32175,2,3,SH3-06sI77A
yt-32177,1,2,uOvRcOhIgOY
yt-32178,2,3,vpoVEhc2Xgk
yt-32180,2,3,vI1P16MO6IM
yt-32181,2,3,DC05VUtSHmA
yt-32182,2,3,qF46PkGmO3U
yt-32183,0,1,novideo-32183
yt-32184,1,2,xNhhfWCMjnA
yt-32186,2,4,ZXg1LaDL4OI
yt-32187,2,3,vpoVEhc2Xgk
yt-32188,1,2,8ovNXtyXEQA
yt-32189,2,3,tm3SnDw9xqI
yt-32190,1,2,UBAY26elr-w
yt-32192,0,0,nbJ8MrQgqqc
yt-32194,2,3,MJJYgZFTjso
yt-32195,2,4,mSAWbrM7fYk
yt-32196,1,2,cBIFlAEV0Zo
yt-32197,1,2,npSahz28sMo
yt-32198,0,1,IsBdqCaHfdI
yt-32199,0,1,KfMjonAEbAc
yt-32200,1,2,_4E8HOyqHEQ
yt-32201,2,3,t9RPGpSmzZM
yt-32202,0,1,ZOGv27PRki8
yt-32203,2,3,B3EIcIyzHUw
yt-32204,2,3,uCPkx7vX6ek
yt-32205,0,1,Y0CIfmf6Gx0
yt-32207,0,1,eBfxIlOfiAI
yt-32208,2,4,Jw6l11taw1I
yt-32210,0,1,4nPZtcbOTEE
yt-32211,0,1,N6TY2PqEa6Q
yt-32212,1,2,eagr-vKeHus
yt-32213,0,1,JWm8nwsFT7o
yt-32214,2,3,Ow6ziRz1ltE
yt-32216,0,1,J9e-b-mek9A
yt-32217,2,3,-Knz3Uiu4RI
yt-32218,2,3,sepI2oMcbsM
yt-32219,1,2,hnuQCtjdXfs
yt-32220,1,2,yTrR6a-z7VQ
yt-32222,1,2,G5A0DZUu6us
yt-32225,1,2,uwvuJ_bdv0w
yt-32226,1,2,8WI27aXTgH4
yt-32227,1,2,S2sYiJIT2G8
yt-32228,1,2,hBCCr6c7Lu4
yt-32229,2,3,WfshEpeYqSo
yt-32230,0,1,ar_SIWMZakk
yt-32231,0,1,8AhBrF_y9AM
yt-32232,2,3,PkLeE7ksifI
yt-32233,2,4,m0_SMiOecko
yt-32234,0,1,HiULVhlROhs
yt-32236,2,3,lvTBdyoNLM0
yt-32237,2,3,LJDxqnJksc0
yt-32238,2,4,iRmZXzKS6e4
yt-32239,0,1,BtvDCXYCsZU
yt-32240,0,1,yV1XRY8lWWo
yt-32242,0,1,UI41JkpDEZw
yt-32245,2,3,-9YHgem1O5Y
yt-32246,2,3,35VTsaM2yR0
yt-32247,0,1,pkMLmjWldhw
yt-32248,0,1,jOFElUa3gWo
yt-32249,2,3,OhrX7At2UAs
yt-32250,1,2,Wj8eEve9EqA
yt-32251,1,2,nKNpyw9dsx0
yt-32252,0,1,novideo-32252
yt-32253,2,3,hxFbv3ON5rw
yt-32254,1,2,3Ajl17mXkS0
yt-32255,2,3,qh85fT3ARe8
yt-32256,0,0,wz4kx0rtbkA
yt-32257,2,3,GIcjXk4ie2w
yt-32258,0,1,gaAx10qzGfc
yt-32259,1,2,WZq9bxznhuc
yt-32260,2,3,xk5jUWlygLc
yt-32262,1,2,AxaIZ36B4C4
yt-32263,2,3,xudo1vw3oOk
yt-32264,2,4,9KOMrYH6yJI
yt-32265,1,2,m1p_3eQDGVQ
yt-32266,0,1,nAOy7C5XTjw
yt-32268,2,3,pfYNHytJw6E
yt-32269,0,1,UtBm-ksgajI
yt-32271,2,4,P7VzJjV9gVM
yt-32272,1,2,uSadPbsm1lo
yt-32273,0,1,WCpKtlkGOuY
yt-32274,2,3,MhEQyO4-2o4
yt-32275,1,2,Q_KnE4mMxec
yt-32276,0,1,gA8oWRv3Ivo
yt-32277,1,2,Poy35rRTf3Y
yt-32278,2,4,VkuFXSGqxe8
yt-32279,0,1,KdgSw94DlVk
yt-32280,1,2,IwDoNLKJ-jE
yt-32281,2,3,yTnHjR_HyMA
yt-32282,2,3,4VImN5IGhrw
yt-32283,2,3,7CYSxJXMsfM
yt-32284,1,2,gBgDQu5eMvE
yt-32285,2,3,lzxg2dm69x8
yt-32286,1,2,ywdkzZxMsrI
yt-32288,2,3,2Tkl8R57XlQ
yt-32289,0,1,R47L8fm35oc
yt-32290,2,3,_kBt-B3CTHY
yt-32291,0,0,ZlW7lcf54nI
yt-32292,2,3,lkXhmn5_6Iw
yt-32293,0,1,_jvlVlpK-Dk
yt-32294,1,2,IRObFMbFOIU
yt-32296,0,1,aCQMqP5Ko0I
yt-32297,2,3,gHg7pDXS8vc
yt-32298,0,1,fkVcaKvZgoA
yt-32299,2,3,I49SNFZ0evM
yt-32300,1,2,O7Y7H-WgyMs
yt-32301,0,1,ZOUSjqTH1xk
yt-32304,1,2,iI2Sl-LPkJQ
yt-32305,0,1,EE0gwuuHA9w
yt-32307,2,4,bgI0r1-k9Rc
yt-32309,0,0,Yq0EiGZrFlU
yt-32310,1,2,DC05VUtSHmA
yt-32311,2,3,AYGWmWjn3yY
yt-32312,2,3,pdImt5Nc0yk
yt-32313,0,1,DC05VUtSHmA
yt-32314,1,2,vsdLVZ5-KD8
yt-32316,2,3,-G_CjdQZgf0
yt-32317,2,3,8qWFCf7Ab7Y
yt-32318,2,3,I5pLLeWFheA
yt-32319,1,2,pkMX66Hsf-U
yt-32320,2,3,Ep61tpBLF_k
yt-32321,1,2,mTue5JXSssw
yt-32322,2,3,8cnhmXyC7bY
yt-32324,1,2,BSkMhYy8LEI
yt-32326,0,1,Erun0iFoe-g
yt-32327,1,2,YhobX7mHyLw
yt-32328,2,3,WfshEpeYqSo
yt-32329,2,3,XjvzYh2RAwE
yt-32331,0,1,FM8dg8dQ46Y
yt-32333,2,3,Ep61tpBLF_k
yt-32334,1,2,lcC_n98e-Tw
yt-32335,0,1,ZpqJgmftaTg
yt-32337,2,3,P0EOKdVKMqQ
yt-32338,2,3,yLV4MyNTSvo
yt-32340,0,1,B9WxG_62fMY
yt-32341,1,2,yni-Rl_gvHo
yt-32342,1,2,M7_xKTcfHEc
yt-32343,0,1,v9D3PKmtfYA
yt-32344,1,2,5aDEjshAqUo
yt-32345,0,1,kOQ5trC4BgY
yt-32346,2,3,DQVNohxGU1I
yt-32348,2,3,bBIduwa6jR4
yt-32349,2,3,novideo-32349
yt-32350,2,4,jaklqSNMo3I
yt-32351,1,2,TcAKOwaV8Cw
yt-32352,2,3,YoD3GqU9HJQ
yt-32353,0,1,unB18Si-rwg
yt-32354,0,1,vypCmNRmr0A
yt-32355,2,3,novideo-32355
yt-32356,0,1,1KZNiZnHQ_Q
yt-32357,2,3,7Kbi8X9PQR8
yt-32358,1,2,SF8clEjTXMk
yt-32359,2,3,KHqd08zbSXo
yt-32360,0,1,kYw0bd0mhOg
yt-32362,1,2,pYLu9Gd4FJQ
yt-32363,0,1,EsOgyP7ZuV4
yt-32364,2,4,_kBt-B3CTHY
yt-32365,1,2,xQQ9vabl8Yk
yt-32366,0,1,NxypeHZMIGQ
yt-32367,2,3,8UH6G1LnXR8
yt-32369,2,3,kK3peQA-2Kg
yt-32370,1,2,ofNkZJTKq84
yt-32374,1,2,xePnvVJc_ks
yt-32375,0,1,0v8GCvfryqA
yt-32376,2,3,0oa1oJrExlk
yt-32377,0,1,lvTBdyoNLM0
yt-32379,0,1,8YvFm8bpbKQ
yt-32381,2,3,IfocyeSWoRo
yt-32382,2,4,35VTsaM2yR0
yt-32383,1,2,xwquU-4IGLU
yt-32384,2,3,f1orGPiOOdY
yt-32385,1,2,YXRAfGbNB_k
yt-32387,2,4,XHqFoc0Gpk0
yt-32388,0,1,lQTVBQr79fg
yt-32390,0,1,nPTB_mDa78I
yt-32391,0,0,I--mpV8DzmQ
yt-32393,0,1,8uJe2WQYzEY
yt-32394,2,3,hqyI0oV0FuM
yt-32395,2,3,WyyYNlkD4xo
yt-32397,2,3,v7zlnATufOw
yt-32398,0,0,UMS0Drd3GFU
yt-32399,2,3,KbyuZZJxiP0
yt-32400,1,2,YojVgKa-GSk
yt-32401,0,1,57cs8k4MZC0
yt-32402,1,2,novideo-32402
yt-32403,2,3,novideo-32403
yt-32404,1,2,DN8Y5hq8qro
yt-32405,0,1,7FXVFkHBNd8
yt-32406,2,3,tCfU8b-XWHI
yt-32407,2,3,ZXg1LaDL4OI
yt-32408,1,2,7VnFtS-AC6I
yt-32409,0,1,tWSAeOxCdI8
yt-32410,0,1,72ZZYxLv_L8
yt-32411,1,2,BYGZzs8uZhI
yt-32413,0,1,8uanMhsNuUQ
yt-32414,2,3,QvnURdP_K3w
yt-32415,2,3,rpoIuKKdzv8
yt-32417,1,2,Plg9P8sBAYE
yt-32418,2,3,-AVpfcE3F3E
yt-32419,0,1,Jlui_baFDqU
yt-32420,2,3,Kf62ZOdP4X8
yt-32421,2,3,CxeH8DiIN38
yt-32422,2,3,yypLKij21-Y
yt-32423,2,3,lf4I_nXwsWY
yt-32425,2,3,BwPn1c0ZHG0
yt-32426,0,0,k-_pA5XgHI8
yt-32427,2,3,c0mXRQdsvGg
yt-32428,2,3,8qWFCf7Ab7Y
yt-32430,2,3,yHNSkqg1xfg
yt-32431,1,2,xvA6un3-9x4
yt-32432,2,3,hIyUCqJqGqI
yt-32433,1,2,yV0g_RxzWP0
yt-32436,0,1,w_7htNGWw7c
yt-32437,0,0,MtlKNe5eYx4
yt-32438,2,3,1FrqdfjJewQ
yt-32439,2,3,GRFusZGdzOo
yt-32440,2,3,Y75S3K2qeo0
yt-32441,0,1,mHunxjyZv9M
yt-32442,0,0,JijC3ygOdPc
yt-32443,2,4,txFSflJkL3g
yt-32444,0,1,Och5IF4bctk
yt-32445,2,3,QIuCYCQclBk
yt-32446,2,3,YQChHjnyouU
yt-32447,2,3,1AqAmoMfAZs
yt-32448,0,0,YtFjKh5J9nI
yt-32449,2,3,EA-pVOEVzoI
yt-32451,2,3,Aexm2diDfYw
yt-32452,2,3,tm3SnDw9xqI
yt-32453,2,3,XY9GhLNm37g
yt-32454,2,3,1VTLzDSRNCE
yt-32455,2,3,hmp4ZVhgm8o
yt-32456,2,3,v7zlnATufOw
yt-32457,2,3,9-KYS28cUJE
yt-32458,0,1,ZsZZaId9tiI
yt-32459,2,3,w2mEM_VPaZQ
yt-32460,1,2,ONfMmSNXUzc
yt-32461,1,2,CKZvWhCqx1s
yt-32462,2,4,KbyuZZJxiP0
yt-32464,2,3,AxaIZ36B4C4
yt-32465,2,3,gN0qrg1YtIM
yt-32466,0,1,oqfNS3nk_J4
yt-32468,2,4,itYhNXc1sU8
yt-32469,1,2,y3FWQuK8ftw
yt-32470,2,3,wl1dZ0g4wtk
yt-32471,2,3,-o8uo8FZyGc
yt-32472,1,2,17wmVfEcC-g
yt-32473,0,1,Hl9eWEPbqvI
yt-32475,0,1,hrY6f4f3i04
yt-32476,1,2,sa2A4UsFprM
yt-32477,2,3,ByldCDzjFAs
yt-32478,0,1,9Me1v1rMx_U
yt-32479,2,3,8UH6G1LnXR8
yt-32480,0,1,24Z7BuAc-0Y
yt-32481,2,3,goG7eF5wm-Q
yt-32482,1,2,3OSEjNWZUTk
yt-32483,2,3,Zu90jlvKgYo
yt-32484,1,2,8L-vKSY3tuo
yt-32485,0,1,K3A1zTTSLcE
yt-32486,0,1,rkqU4DxnE8g
yt-32487,1,2,0wVT8R9v0DM
yt-32488,2,4,mZhm1zQ_RQg
yt-32489,1,2,5VC2bvjPTcU
yt-32490,1,2,RP6Key8CWhM
yt-32491,1,2,ufFxlpXRGz4
yt-32492,2,3,xjvIW7D3xtU
yt-32493,1,2,K8LfHhWo-Fg
yt-32494,2,3,XY9GhLNm37g
yt-32495,0,1,iPGvMvJWBGU
yt-32496,1,2,VkuFXSGqxe8
yt-32497,1,2,CSsniMlZ0So
yt-32498,2,3,VkuFXSGqxe8
yt-32500,0,1,YE8rOlu0hmk
yt-32501,2,3,9lOQLxDbFUM
yt-32503,1,2,r1rfPqN3I_Y
yt-32504,1,2,Q_BsKRzYE_w
yt-32505,1,2,sBcv58DvnTc
yt-32506,0,1,Ye5ao1Us4_0
yt-32507,2,3,xxmBEiWYYPA
yt-32508,2,3,p2OHilQDZlU
yt-32509,0,1,8TFd4ZiFh3U
yt-32510,1,2,YoD3GqU9HJQ
yt-32512,0,1,Bc6ovYzf5UY
yt-32513,1,2,a24fsHb7eGg
yt-32514,2,3,rSlpeFsOsds
yt-32515,2,3,aCQMqP5Ko0I
yt-32518,2,3,H9d5iv53lGE
yt-32519,1,2,AViiO6-p5ds
yt-32520,2,3,8cnhmXyC7bY
yt-32521,0,1,2sciJfD0EXw
yt-32522,2,4,YoD3GqU9HJQ
yt-32523,2,3,74VW3u-YTnA
yt-32524,2,3,TcoskdsR3FQ
yt-32525,0,1,rhgHFHwXZoc
yt-32528,1,2,d2RjYC8dFG0
yt-32529,1,2,lZaTwP2dzJA
yt-32531,2,3,o7bR9EJuQ04
yt-32532,2,3,dYBUHBF-yLo
yt-32534,2,3,mTqB1N1Tiac
yt-32535,0,1,WCWtMkYjL2Y
yt-32537,2,3,GyLjJn9iMrQ
yt-32540,1,2,k2BZWzTuKeM
yt-32541,1,2,u1MnApNpV3c
yt-32542,1,2,KdgSw94DlVk
yt-32543,0,1,oZN2Ni9yXB4
yt-32544,1,2,kpzEMv0j3wI
yt-32545,2,3,iRmZXzKS6e4
yt-32546,1,2,HDl76vkOQQs
yt-32547,1,2,2vwLjiSKwZc
yt-32548,2,3,49VIcPjM8kE
yt-32549,1,2,PSDZRrtFYn4
yt-32550,1,2,ptpl25AWYCs
yt-32551,0,1,novideo-32551
yt-32552,0,1,novideo-32552
yt-32556,1,2,xjvIW7D3xtU
yt-32558,0,1,Tu7v_ER0ue0
yt-32559,1,2,3qUsLgM_3aA
yt-32560,2,3,SsSbu02eIIQ
yt-32561,1,2,HtqyzjEuwlE
yt-32562,1,2,qGKAHFvdYT8
yt-32563,2,3,LVgGxbF5PdQ
yt-32565,0,1,zwwVFse75Is
yt-32567,0,1,HTwW7rhCuuc
yt-32568,0,1,gBvHaN67Bxs
yt-32569,2,3,PkLeE7ksifI
yt-32571,2,3,GNgJrDWxiL4
yt-32573,2,3,6nI7qebeBBM
yt-32574,0,1,HrANY-Y5alc
yt-32575,0,1,novideo-32575
yt-32576,0,1,gBsSNkraLn8
yt-32577,0,1,pTlZh_LU4pg
yt-32578,0,1,tPWDIxvvK48
yt-32579,1,2,xcH3d0w9Xxw
yt-32580,2,3,xIOSyOALa8k
yt-32581,2,3,m0_SMiOecko
yt-32582,2,3,dPPgumaP92M
yt-32584,2,3,fQwGeUpxSFE
yt-32585,0,1,wm5K9vdqfBk
yt-32587,1,2,C7iff9lxYVs
yt-32588,0,1,H0jIiPBBvCo
yt-32589,1,2,IyoZBHfRydM
yt-32590,0,1,Nh4BZgbplig
yt-32592,2,4,fn4eih72BL0
yt-32593,2,3,epwXjvLUr7E
yt-32594,2,4,-P4OoK-wzZY
yt-32595,2,3,LTEXgTCg1QQ
yt-32597,2,3,Aexm2diDfYw
yt-32599,0,1,novideo-32599
yt-32600,1,2,e5-u5raKf4w
yt-32601,0,1,IMnsjVQRRoA
yt-32602,0,1,fRvAlde7Q2c
yt-32603,2,3,4VImN5IGhrw
yt-32604,0,1,JEu2jhjTJ6w
yt-32605,2,3,9hABSMgOZZQ
yt-32606,2,3,Ni9t1uBzbMc
yt-32607,2,3,ozQCRvRka0U
yt-32608,1,2,kbrPRTJ2n-c
yt-32609,1,2,2T_2R6tKFzg
yt-32610,2,3,dy3tnOyu40g
yt-32611,1,2,7hMfGlt-AfU
yt-32612,0,0,0LORIyIjbpk
yt-32613,1,2,m0_SMiOecko
yt-32614,1,2,K62EaAdX7lM
yt-32615,2,3,4bBtJo5-m0Y
yt-32616,2,3,72ZZYxLv_L8
yt-32618,2,3,7hMfGlt-AfU
yt-32619,0,1,YtFjKh5J9nI
yt-32621,2,3,1GgSC4NnFBQ
yt-32622,0,1,EJJYdGZ2dc0
yt-32625,2,3,PCFpZ0u_fyM
yt-32626,2,3,o98IhweLeN8
yt-32627,2,3,Sx1JUWGer2I
yt-32628,0,1,OuyhqLPVtBI
yt-32630,2,3,19mdz-Q366U
yt-32631,2,3,V0Va_HxkKps
yt-32632,1,2,H0bKUYV7g44
yt-32633,1,2,MQx-mtAI6qI
yt-32634,0,1,xESsaMR27-8
yt-32635,2,3,RN0zNNH89h8
yt-32636,2,3,PhbrX7K2GYg
yt-32637,2,3,jXcy0F1Zsv8
yt-32639,0,1,K2GRx01R8N4
yt-32641,2,4,hmp4ZVhgm8o
yt-32642,2,3,DamIL1cO2gE
yt-32643,2,3,JeFaQd2fq-8
yt-32647,0,1,L_HodGoQGLI
yt-32648,2,4,VkuFXSGqxe8
yt-32649,0,1,G5Uz_n5xXHs
yt-32650,1,2,dFb-OlXqwv0
yt-32651,1,2,BtNBhnz1hBM
yt-32652,2,3,ICLWKeTEPcU
yt-32653,0,1,KdgSw94DlVk
yt-32654,1,2,Safdy8Z76Bg
yt-32656,0,1,cCJi_9GV44c
yt-32657,2,3,_wUW1tKmVZA
yt-32659,0,1,MGS-oU_JyWU
yt-32660,2,3,_zg4pI-Qndc
yt-32661,2,3,pbNR62xqITk
yt-32662,0,1,tuqPFKF5NJo
yt-32664,0,1,AdoHh0KlG-o
yt-32665,2,3,UNyyd6eZNJU
yt-32666,2,4,pkseu5q2vnU
yt-32667,2,3,OQgMgX8Q78Q
yt-32668,2,3,ICLWKeTEPcU
yt-32669,0,1,-VDjG0yKBls
yt-32670,1,2,hsbl3e7ZPnM
yt-32671,0,1,H0bKUYV7g44
yt-32672,1,2,86PRU2XXSi8
yt-32673,1,2,IyoZBHfRydM
yt-32674,2,3,ecxNyOVlYSQ
yt-32675,2,3,NQ4sX6jJ_54
yt-32676,0,0,EDH5TMcB4Ec
yt-32677,0,1,qlEtbq_Q6cs
yt-32678,2,3,NyWLw8vXtJI
yt-32679,2,3,k4VurHbhoyM
yt-32680,2,3,IWF2ukdI3Fs
yt-32681,0,1,tJbx31WXc7g
yt-32682,1,2,5UO4wQC7fDQ
yt-32685,2,3,GbCJp2HqDJ4
yt-32686,1,2,novideo-32686
yt-32687,2,3,NQ4sX6jJ_54
yt-32688,0,1,_jvlVlpK-Dk
yt-32689,2,3,E7H2aJ26XRM
yt-32692,1,2,uRFP_2R1xlU
yt-32694,2,3,Bm1Bkm_bQfU
yt-32695,2,3,rmA2BCEq-Gc
yt-32697,0,1,DK-L1hS6Iy4
yt-32698,0,0,-WTqfVsiShA
yt-32699,2,3,HtqyzjEuwlE
yt-32701,0,1,1dUj6AUvM0g
yt-32702,1,2,1ZwZLRPXXGY
yt-32703,0,1,_C-ZeqEVoxo
yt-32704,0,1,novideo-32704
yt-32705,2,4,pzTgsdFxN68
yt-32706,2,3,sBcv58DvnTc
yt-32708,1,2,wyEBWkzJ4T8
yt-32711,0,1,8GF_8mDgWoA
yt-32712,2,4,XcNXSJgzmLo
yt-32713,0,1,novideo-32713
yt-32714,1,2,yLV4MyNTSvo
yt-32715,1,2,zTWaXO4gEcs
yt-32716,0,1,DK-L1hS6Iy4
yt-32717,1,2,Z97JSt35A2I
yt-32719,0,1,H0bKUYV7g44
yt-32721,0,0,RmO7RRJ0QA8
yt-32722,0,1,qz_jXBGN_Dg
yt-32723,0,1,WdQubJsvPOE
yt-32725,1,2,XXZXqV_4UQU
yt-32726,0,1,novideo-32726
yt-32727,2,3,7t2bX2xJous
yt-32728,0,1,5lGXIENQL_s
yt-32729,0,1,rk_fAWhNtoA
yt-32730,2,3,L2ievKIPbJk
yt-32731,1,2,2oKqU0lQih8
yt-32732,1,2,Z9k5dWX3Vlc
yt-32733,0,1,dyDMHEeeaUw
yt-32734,0,1,0uBQOW3Fmns
yt-32735,2,3,93u6sP1OcMA
yt-32736,2,4,Ep61tpBLF_k
yt-32737,2,4,MJJYgZFTjso
yt-32739,1,2,novideo-32739
yt-32740,2,3,C3z79NQUX28
yt-32741,0,1,4Iwrb3RNcwI
yt-32742,1,2,0H27dr5WNKc
yt-32743,0,1,r9Ljy8xMrRc
yt-32744,2,3,bFIwWvGS7Tg
yt-32745,0,1,y-eH5oo7BP0
yt-32748,0,1,s9cvwkU0cUY
yt-32749,1,2,rSlpeFsOsds
yt-32750,2,3,K0xQwPkfzzo
yt-32754,2,3,ZOUSjqTH1xk
yt-32755,2,3,tm3SnDw9xqI
yt-32757,0,1,4oLANg-lKX4
yt-32758,2,3,m0_SMiOecko
yt-32759,0,0,9TmO9LA0c0U
yt-32760,2,3,eg_a_Sbi3gs
yt-32761,0,1,9XvlHN0UPbk
yt-32763,2,3,4x9ll6i1Pdg
yt-32764,0,1,S_-nKYOkwoY
yt-32765,2,3,jVVo3io5J3A
yt-32766,0,1,tQQlBWoP2o8
yt-32767,2,3,GHzaMI--BC8
yt-32768,2,3,UBAY26elr-w
yt-32769,0,1,dCViT9nBnMM
yt-32770,1,2,k-_pA5XgHI8
yt-32771,0,1,fzQSr9zTB4U
yt-32772,0,1,I6NAOu09Gxk
yt-32773,0,1,uqbJrVvRj-g
yt-32774,2,3,KdgSw94DlVk
yt-32776,1,2,t36UFQm30qg
yt-32778,1,2,ROkG3HBWQ20
yt-32779,0,1,VkuFXSGqxe8
yt-32780,1,2,b-y_BZDeY6s
yt-32781,2,3,1TAefzSc8M0
yt-32782,2,3,-V1Lx8awqog
yt-32783,2,4,wAx7pesU_ac
yt-32784,2,4,q4Z-yyj7u4Y
yt-32785,0,1,fkGVTfrhaEM
yt-32786,2,3,qUiOE9gNXYM
yt-32787,2,3,jKo0Oc_mS0E
yt-32788,0,0,OjlEu-st_M8
yt-32789,0,1,fulCCOU6joE
yt-32791,1,2,GgOOdZ-h1U0
yt-32792,2,3,rWM0gt1WbZs
yt-32793,0,1,mURdo7tzxe4
yt-32794,1,2,7LwYiOghIrk
yt-32795,1,2,DDGKnHKZp2A
yt-32796,0,1,vyhl56_N21o
yt-32797,2,4,3FfQzI9ndXM
yt-32798,1,2,YM6VhQFujmE
yt-32799,0,1,TM1VmKAh1HU
yt-32800,2,3,2DjAz9moty4
yt-32801,1,2,unB18Si-rwg
yt-32802,0,1,lPjuLUoNPuk
yt-32804,0,1,T5KtDlBRX5Q
yt-32805,2,3,XY9GhLNm37g
yt-32806,0,1,j2uhTjJMS_E
yt-32807,2,3,novideo-32807
yt-32808,0,1,PSarEFg-JPU
yt-32809,1,2,YoD3GqU9HJQ
yt-32810,0,1,U6akWLsuYgo
yt-32811,2,3,1Ym_jsAdMa4
yt-32812,0,1,Am2cxRMHNJY
yt-32813,0,1,mUKpjpY4NuU
yt-32814,1,2,Abq4vNaZH-w
yt-32815,1,2,gh2fI8TjnfQ
yt-32816,2,3,MEN64alQU8k
yt-32817,0,1,_QoUS6JaJlU
yt-32818,0,1,s1UcYUnbR9w
yt-32819,1,2,MhEQyO4-2o4
yt-32820,0,1,Nm8on_ZzXQc
yt-32821,2,3,XoWjS1znGEA
yt-32825,0,1,2bNwxKw2ghQ
yt-32828,1,2,cgKeSs2gnj8
yt-32829,2,3,MhEQyO4-2o4
yt-32830,0,1,bCQE-nZfpjQ
yt-32831,0,1,Q1cVdKaAny4
yt-32833,0,1,eGGFIjWdBKs
yt-32834,0,1,ix3N9O0wSms
yt-32837,0,1,1VTLzDSRNCE
yt-32838,0,1,ReejhPZfYmw
yt-32839,0,0,uEzY6OmUwWg
yt-32840,1,2,luGt1EKUmEQ
yt-32841,2,3,C3z79NQUX28
yt-32842,0,1,uDbdmd2yTZo
yt-32843,1,2,WR0s6vHrysU
yt-32845,2,3,Dx1ynbOsMZ0
yt-32847,2,4,_QDX1gi3AAw
yt-32848,2,3,qxr4KnUz5_I
yt-32849,2,3,Ia4RNWhq9K0
yt-32850,2,3,8UH6G1LnXR8
yt-32851,1,2,6V6Cmx1kOYQ
yt-32852,2,3,XHqFoc0Gpk0
yt-32853,2,3,1YZ5yFrk090
yt-32854,0,1,BT9D1phDhjQ
yt-32855,0,1,mURdo7tzxe4
yt-32857,1,2,wxHCF4GIqFY
yt-32858,2,4,MhEQyO4-2o4
yt-32859,0,1,y_hy8DfxDsw
yt-32861,0,1,6ewSRaPvZxA
yt-32862,2,3,gxDGNOx0Pxs
yt-32863,2,3,pXu9urbN6eA
yt-32864,0,1,bfiuJn-3yMU
yt-32866,2,3,8v2DuKn3NLo
yt-32869,2,3,C3z79NQUX28
yt-32870,0,1,novideo-32870
yt-32871,2,4,P051rbLjttY
yt-32872,1,2,NOy-qb9NGLY
yt-32874,0,1,0IUPr4zLkAY
yt-32875,2,3,GgOOdZ-h1U0
yt-32877,0,1,Pmr63ELJXI0
yt-32879,2,3,ZSw4nXr-Nwg
yt-32880,0,1,q6KpowNbGJ0
yt-32881,0,1,rnIz7k95rxw
yt-32882,0,1,oKBNGHNR41U
yt-32884,0,1,LdBDaQ6IAL4
yt-32885,1,2,z0Xh_BZHecI
yt-32886,2,4,gVWv4V9HTrI
yt-32887,0,1,npu1sASOflU
yt-32888,2,4,a2R29Br5rpk
yt-32889,1,2,Sg0Hhz86Wcw
yt-32890,1,2,IyjHWFl4sIY
yt-32891,0,1,i0Ae16B9uu8
yt-32892,2,3,TM1VmKAh1HU
yt-32893,0,1,pXdKUWlLH0g
yt-32894,0,1,nfaADx4pcX8
yt-32895,0,1,aY51yGM8L_4
yt-32896,2,3,FTKDwF3JyXo
yt-32897,0,1,NAjDC6CE6YM
yt-32898,1,2,RbwBiY1e6f0
yt-32899,2,3,novideo-32899
yt-32900,0,1,mURdo7tzxe4
yt-32902,2,3,4nim041V4Cg
yt-32903,2,3,80sReu_evSA
yt-32904,1,2,xtm405s7P2w
yt-32905,2,4,hNbNkY8oEVk
yt-32906,2,3,YJg7e1yYJXs
yt-32907,2,4,245tJt9MIgU
yt-32908,0,1,sqhAmjuce_U
yt-32909,0,1,eOzZWv8hBr8
yt-32910,0,1,INgFRp5kB4s
yt-32911,0,1,upPK71ORSJs
yt-32912,2,3,TdS3N_7re1o
yt-32914,2,3,wHVHh1nmToc
yt-32915,0,1,3AWWWpXjWSo
yt-32916,0,1,k-_pA5XgHI8
yt-32917,1,2,EsDT02aGzEU
yt-32918,0,1,g1o2LKfaQQI
yt-32919,2,4,3TycaVO0Rso
yt-32922,2,3,YFM8Axmv-jc
yt-32924,2,3,UmHawxpL0xs
yt-32925,2,3,1a-4uIQS_1A
yt-32926,0,1,TLWm-dmFrck
yt-32927,0,1,J3Rkisp6MG4
yt-32928,0,1,cgtli1dF49w
yt-32929,1,2,Q9HWG9HL-V8
yt-32931,2,3,C3z79NQUX28
yt-32932,2,3,m0_SMiOecko
yt-32933,0,1,SW2-c9nfqyo
yt-32936,0,1,LNK607qmtYw
yt-32937,0,1,zyW5_ZkV8oo
yt-32939,2,3,rMDYpDPFbw8
yt-32940,0,1,RnEiqCtr7Jc
yt-32941,0,1,bdGT_96FlNA
yt-32942,2,3,VkuFXSGqxe8
yt-32943,2,4,zYtSGXAxeag
yt-32946,2,3,MJJYgZFTjso
yt-32948,2,3,novideo-32948
yt-32950,2,4,smLKWm27R8o
yt-32951,2,3,m0_SMiOecko
yt-32952,1,2,LyCmh1bGGLI
yt-32953,0,0,FWFw8QijdUg
yt-32954,2,3,OVURuMEs0NM
yt-32955,2,3,dYfGYirFV6M
yt-32956,2,3,lpcZUVgQEOg
yt-32957,2,4,4ooq3XLiFxs
yt-32958,2,3,ovXkapVSGPI
yt-32959,1,2,Iykno64pNHI
yt-32960,2,4,dPPgumaP92M
yt-32962,2,3,novideo-32962
yt-32963,2,3,vpoVEhc2Xgk
yt-32964,2,3,1x3Pz73IzHU
yt-32965,2,3,tAHK6E03ORo
yt-32966,2,3,tEe9oDrnXMI
yt-32967,0,1,H0bKUYV7g44
yt-32969,1,2,bEmmLhg2D5k
yt-32970,0,1,qSs4adgfKEo
yt-32971,0,1,C3z79NQUX28
yt-32972,0,1,3hO5ckTrfGE
yt-32973,2,3,JiDxeBeG848
yt-32974,0,1,T-Otro-WMiA
yt-32975,2,3,6EeZ_LcNzA4
yt-32976,0,1,TgaaR8sLghU
yt-32977,0,1,rW1eGZ12ybg
yt-32979,2,3,DSbgJUhUn2I
yt-32980,0,1,jOFElUa3gWo
yt-32981,1,2,ByldCDzjFAs
yt-32984,2,3,zhklP7mWVug
yt-32985,0,1,I--mpV8DzmQ
yt-32986,2,3,ZmhIUMIq1Q4
yt-32988,2,3,LNlNikes5WE
yt-32989,0,1,B-S-uuiwd_U
yt-32990,1,2,aQki0g_z_gc
yt-32994,0,1,_jvlVlpK-Dk
yt-32997,1,2,SJv75XF8SLk
yt-32998,2,3,q11oZixMRY8
yt-32999,0,1,novideo-32999
yt-33000,2,3,H0VMql58zCg
yt-33001,1,2,novideo-33001
yt-33002,0,1,XP09t5Tl_3Y
yt-33003,0,1,FqfaM7yKapo
yt-33006,2,3,BTbMW6nbR-0
yt-33007,0,1,ihVs1TDZf8E
yt-33008,0,1,BLX7sTQqkYA
yt-33009,2,3,Yq0EiGZrFlU
yt-33011,0,1,rL6FxepT2k4
yt-33012,2,3,OhrX7At2UAs
yt-33013,2,3,SsSbu02eIIQ
yt-33015,2,3,L9nNCgIUBCI
yt-33016,2,3,StEbUmobvwo
yt-33017,1,2,AMK7Qgctj1I
yt-33018,0,0,-P4OoK-wzZY
yt-33019,2,3,7Da_SjY06cM
yt-33020,2,3,737pOSulycM
yt-33021,2,3,tAHK6E03ORo
yt-33022,0,1,y_EJe-n6jGI
yt-33023,2,3,BABRe53fna4
yt-33024,0,1,bOMp3FbQ8aw
yt-33025,1,2,OLHNtZxyX5s
yt-33026,2,3,zhngeBSdLpc
yt-33028,0,1,KKEszrd1ElY
yt-33029,2,3,UVSklbYYh-Q
yt-33032,2,3,uRbjPF-1Udo
yt-33033,1,2,e0Nz6S4z5Hw
yt-33034,2,3,2NMSpI-YnsI
yt-33035,0,1,m2970UXJTDQ
yt-33036,1,2,WfshEpeYqSo
yt-33037,1,2,dxV-buh5kUU
yt-33038,2,3,lCNQ3DiTgKI
yt-33040,2,3,yPORc_rZdlE
yt-33041,2,3,c50Ko7lH8Jc
yt-33043,2,3,mZhm1zQ_RQg
yt-33044,2,4,WmJUxeuMF2U
yt-33046,1,2,6mTNQzPtSU8
yt-33048,1,2,7b_WSPpwkys
yt-33051,0,1,k-_pA5XgHI8
yt-33052,1,2,BtNBhnz1hBM
yt-33053,2,3,qGKAHFvdYT8
yt-33054,0,1,hCN0s8-iS-o
yt-33056,2,3,qTvLAElb5PI
yt-33057,1,2,fn4eih72BL0
yt-33058,0,1,MAVS-JU9Go0
yt-33060,1,2,yoD6NIPfS_8
yt-33061,1,2,kp-CzXTyAx0
yt-33063,1,2,rpy-F_ORuPw
yt-33064,2,3,iuWCvw0uWm0
yt-33065,0,1,lgbADhdrtQ8
yt-33066,0,1,3-vBfRp8dK0
yt-33067,1,2,qjlcjC-X7DI
yt-33068,2,3,YoD3GqU9HJQ
yt-33070,2,4,d9zOE9hZTQs
yt-33071,2,3,9qgA5UxAYsw
yt-33072,0,0,1KCHbhfPXiA
yt-33073,1,2,novideo-33073
yt-33075,2,3,balRzO-G8eU
yt-33076,1,2,O4FxK90P6fU
yt-33077,2,3,m0_SMiOecko
yt-33079,1,2,pRerRF3DE_w
yt-33080,0,1,nyc3QgMmclU
yt-33081,0,1,UhFdcBIIrBk
yt-33082,0,1,Nnh1qynWd7U
yt-33083,1,2,R6AM0GiPeCA
yt-33084,0,1,jBdmVowp6V4
yt-33085,2,3,Z_IdUcquIaU
yt-33086,1,2,n5bK-nSQxvE
yt-33087,2,3,yB8gro5K0T0
yt-33088,2,3,T6dHETrQev0
yt-33089,0,1,GMCwvJFn1iY
yt-33090,2,4,dYBUHBF-yLo
yt-33091,2,3,5v7r26uWu4M
yt-33092,0,1,IWF2ukdI3Fs
yt-33093,1,2,_QjGMChHEQc
yt-33095,0,1,lwpoZQo-rCw
yt-33096,1,2,z7rx4kdB-mE
yt-33099,0,1,_pY3UDTucak
yt-33100,1,2,ejPRQ37seqk
yt-33102,2,3,UCJPIZrDmgk
yt-33103,1,2,Gok9RcEBAfU
yt-33104,0,1,cCJi_9GV44c
yt-33105,0,1,snoRR_VwZ1o
yt-33106,0,1,_-sXeX9ntsM
yt-33107,1,2,OvNXdkT9naY
yt-33108,0,1,IZA7R1swt18
yt-33109,0,1,1SkVyknxIHw
yt-33110,1,2,QDuWpn8kVDw
yt-33111,2,3,novideo-33111
yt-33113,0,1,4VImN5IGhrw
yt-33114,1,2,yTYmeWlHW30
yt-33115,1,2,cJ48xI4JXww
yt-33116,0,1,uJRq7aISZdo
yt-33118,2,3,RRuIXaxOb9Y
yt-33119,0,1,Wr_530gpHEY
yt-33120,0,1,eq5tidta0z8
yt-33122,1,2,Y9_3FElvG94
yt-33124,1,2,pNbpijn86ec
yt-33126,2,3,Fls21k1zOA4
yt-33127,0,1,_-sXeX9ntsM
yt-33129,2,3,FuzgbAnqe9Y
yt-33130,2,4,IyoZBHfRydM
yt-33131,2,3,BFsvp5H9BH8
yt-33135,1,2,QSwEatMqvw0
yt-33136,1,2,ktwETEMGT6k
yt-33137,0,1,sP9kJC1dq8c
yt-33138,2,4,SGX6aguU5QM
yt-33139,1,2,rZQKMYYFnks
yt-33140,0,1,novideo-33140
yt-33144,2,3,AMK7Qgctj1I
yt-33145,0,1,w56qhLYoRNU
yt-33146,2,3,xNAyCs4OT9Q
yt-33147,2,3,m33DP7I2yok
yt-33149,1,2,uRbjPF-1Udo
yt-33150,2,3,KrQC_ZH7Q_o
yt-33152,1,2,O6dfYmz_044
yt-33153,2,4,huaVhsK3cEs
yt-33154,0,1,uu2zRlPidNk
yt-33155,2,3,OuiPbUReHDs
yt-33156,2,3,OUbgDVC_3H0
yt-33158,2,4,dWc3WTqAkZ0
yt-33160,2,3,3TycaVO0Rso
yt-33161,2,3,v9D3PKmtfYA
yt-33162,0,1,l3RVIhAIiY4
yt-33164,2,3,grqxlQPhCt0
yt-33165,2,4,Xi_BwJ6T_3s
yt-33166,1,2,ymQnEocKmCQ
yt-33167,0,1,FyWtzmH05k4
yt-33168,0,1,SITyLrV_WOo
yt-33169,0,1,tFBtMWEMxT8
yt-33170,1,2,FuZVA3s7b1c
yt-33171,1,2,oZN2Ni9yXB4
yt-33172,2,3,OMXz6B_Z_54
yt-33173,0,1,6U3haQhSfoU
yt-33174,0,1,FuZVA3s7b1c
yt-33175,0,0,BT9D1phDhjQ
yt-33176,0,1,zQiCkbGdrvE
yt-33177,2,3,oPWPQBUkULY
yt-33178,0,1,zwwVFse75Is
yt-33181,0,1,N6b9YnAnXs8
yt-33183,1,2,nFsU9NcrZ4U
yt-33184,1,2,PH_8xiKFBxk
yt-33185,2,3,8UH6G1LnXR8
yt-33187,2,3,ZOUSjqTH1xk
yt-33188,0,1,GnzK21tI_us
yt-33189,0,1,BtNBhnz1hBM
yt-33190,0,1,B_4UrdDxLjY
yt-33191,2,4,jOs3q1JA9hY
yt-33192,2,3,ktwETEMGT6k
yt-33193,0,1,ZlW7lcf54nI
yt-33194,2,3,CFTyyxTabmE
yt-33196,0,1,upx4oWC7Mgs
yt-33197,2,3,DrLKtYWWUyk
yt-33198,2,3,NvxUqsMgL1Y
yt-33199,2,3,ILKO7Daipfo
yt-33200,0,1,u1MnApNpV3c
yt-33201,1,2,oCMz9BWr25M
yt-33202,2,3,TdS3N_7re1o
yt-33203,1,2,m33DP7I2yok
yt-33204,2,3,1jG22odxREg
yt-33205,2,3,58frGISFQUE
yt-33206,1,2,UvKk4-jpv0Y
yt-33207,2,4,C_1VjcKhQM8
yt-33209,1,2,T076FMO99_8
yt-33210,2,3,3-RDBxuBJgo
yt-33212,2,4,_cQa43SMBjo
yt-33213,2,4,Z9k5dWX3Vlc
yt-33214,1,2,3Gq17NvZqBI
yt-33216,0,1,G0O3xtSz2_M
yt-33217,0,1,QY7n-06brwI
yt-33218,0,1,iW0mhZyi-Tg
yt-33219,0,1,zTOMEmtYNEY
yt-33221,1,2,EEL3Bbjnmpk
yt-33223,2,3,PewwZbd9UNA
yt-33224,2,3,gv5FM2rU-rU
yt-33225,2,3,Z9k5dWX3Vlc
yt-33226,1,2,awVfZrfEyGs
yt-33227,0,1,6ii-0GUOD38
yt-33228,0,1,74A7-OztFQ8
yt-33229,2,3,pMWVBnOheJI
yt-33231,2,3,92JB4apdOrw
yt-33232,2,3,pNPhKsfvNZo
yt-33233,2,3,DC05VUtSHmA
yt-33234,1,2,M6gildqxbhI
yt-33235,2,3,YoD3GqU9HJQ
yt-33237,0,0,T6L_J-iAA8s
yt-33238,0,1,K-5FbzD1FNk
yt-33240,0,1,HTwW7rhCuuc
yt-33241,1,2,MNJzvE0R770
yt-33242,0,1,8GuE8XjIbyQ
yt-33244,2,3,gzXMnlrrLHY
yt-33245,2,3,uMLamohaHGo
yt-33246,1,2,1RR2DRRF7fI
yt-33247,0,1,76Kgll9LHQw
yt-33248,1,2,jXcy0F1Zsv8
yt-33249,0,1,ypLGkbFnF4A
yt-33250,1,2,ff6vbx_mCkg
yt-33251,2,3,JWm8nwsFT7o
yt-33253,0,0,LNK607qmtYw
yt-33254,2,3,wm8lC-MnwEA
yt-33255,1,2,LfaCFvh9vL0
yt-33256,0,1,uRFP_2R1xlU
yt-33258,1,2,IiCkjBhT-AU
yt-33259,2,3,BABRe53fna4
yt-33262,2,3,m0_SMiOecko
yt-33263,0,1,Q_BsKRzYE_w
yt-33264,0,1,Z_IdUcquIaU
yt-33265,2,3,WSUcy_sh2Bg
yt-33266,2,4,Y6iaSarts4g
yt-33267,0,1,fkAHeuBAlNk
yt-33269,2,3,jNz57DyXmHs
yt-33270,0,1,BUyIhZIpf5k
yt-33271,0,1,8v6_qpkXA1I
yt-33273,0,0,dfyVsdRfJ4U
yt-33275,0,1,1ZwZLRPXXGY
yt-33276,1,2,tmerVM9YiMc
yt-33278,0,0,_ag3jkvYbu0
yt-33279,2,3,J70kgWkrUSg
yt-33280,0,1,k8mHJ-eHdm8
yt-33281,2,3,9gGc3-cGYBA
yt-33282,2,3,UvKk4-jpv0Y
yt-33283,0,1,fr5b3tpqcww
yt-33284,0,1,7jBNkBPx_90
yt-33285,0,1,vPYnpZIdnIE
yt-33287,2,3,-Yk0fAiJb8I
yt-33288,0,1,EK2kqQcZAII
yt-33289,2,4,F5EvPzTzks4
yt-33291,2,3,2xXhXan72Gs
yt-33292,2,3,-AVpfcE3F3E
yt-33293,2,3,OAmGuRLFFZE
yt-33294,2,3,1VTLzDSRNCE
yt-33295,0,1,5hoWPP_0uJc
yt-33296,2,3,eU7Sm91AA5o
yt-33297,2,3,JA2Nfbe41hY
yt-33299,2,3,P051rbLjttY
yt-33300,2,3,sZgbTEpm7XA
yt-33301,0,1,xxmRMBtquOg
yt-33303,0,1,Hlgp12goz08
yt-33305,2,3,_jvlVlpK-Dk
yt-33306,1,2,dOFQL-liask
yt-33307,1,2,NboWrLZ2-HI
yt-33308,0,1,OLHNtZxyX5s
yt-33310,2,3,8tR0YQxyjdI
yt-33311,2,3,UwDMGQnnKDA
yt-33312,2,3,heaJEVgoC54
yt-33313,1,2,AxaIZ36B4C4
yt-33314,2,3,m0_SMiOecko
yt-33315,2,3,m0_SMiOecko
yt-33316,2,3,zb6_XsPgPJ0
yt-33317,0,0,gKohxH6Q23M
yt-33318,0,1,KtxwQQWOxGQ
yt-33319,0,1,lZJ5okn5ayI
yt-33320,2,3,yrzGb7hnUc8
yt-33321,0,1,gKz40oYeHwg
yt-33322,2,3,vtcOQGJfARE
yt-33323,2,3,pXeOtkaIxgU
yt-33324,2,3,CjJl-5jxKPU
yt-33326,2,4,g1UhspNtUiQ
yt-33327,1,2,EA-pVOEVzoI
yt-33328,2,3,V_ixYuyqKQ4
yt-33330,0,1,Ep61tpBLF_k
yt-33331,0,1,5cSHotkPhUA
yt-33332,2,3,KdgSw94DlVk
yt-33333,2,3,VkuFXSGqxe8
yt-33334,0,1,XLb9fujOmyI
yt-33336,0,1,AMK7Qgctj1I
yt-33337,2,4,8tR0YQxyjdI
yt-33338,2,4,zdEtzFrwFgI
yt-33340,0,1,GNgJrDWxiL4
yt-33342,0,1,kpzEMv0j3wI
yt-33344,2,3,zC3gxIYGMfU
yt-33345,0,1,m8uS-uA_rzQ
yt-33346,0,1,DC05VUtSHmA
yt-33347,2,4,3hsJ0hCLx5o
yt-33348,1,2,MGS-oU_JyWU
yt-33349,1,2,novideo-33349
yt-33350,0,1,TE6Zv3L6e_E
yt-33351,0,1,zwwVFse75Is
yt-33352,2,3,cZcsZcVR900
yt-33355,2,3,sX5ORTz9SAo
yt-33356,1,2,V_ixYuyqKQ4
yt-33358,0,1,Nw8Scgh_nXk
yt-33359,0,1,2d8rnoUm0Vs
yt-33360,2,3,rL_AtASNDO4
yt-33361,2,3,zYfrMo8uHMQ
yt-33362,0,1,dBX7puhJL1Y
yt-33363,0,1,zdFI7bx8wyU
yt-33364,2,3,PHt74nKN0HU
yt-33365,2,3,Rn-ol2fPPXU
yt-33366,1,2,HM5BUqIugV8
yt-33367,2,3,7kCc4g8vT1I
yt-33369,0,1,vpoVEhc2Xgk
yt-33370,1,2,ukaiXW7WnMk
yt-33372,0,1,HSZrIn7OOtY
yt-33374,0,1,W-pZYsfYlws
yt-33377,2,3,NQF8IcOBv1M
yt-33378,2,3,AMtbHdH9wj8
yt-33379,1,2,JCOiZtAvwso
yt-33380,0,1,YRtxH24aNng
yt-33381,1,2,XfuXoBA9H4E
yt-33382,2,3,novideo-33382
yt-33383,1,2,X-cKyshNJ0k
yt-33384,2,3,DC05VUtSHmA
yt-33385,2,3,DC05VUtSHmA
yt-33386,1,2,9KOMrYH6yJI
yt-33387,1,2,hsDM4lvdE2w
yt-33388,0,1,gLmemI5o62A
yt-33389,2,3,1oQ-7Q4rtqY
yt-33390,2,3,tAHK6E03ORo
yt-33392,1,2,FdIJ1oVQj7Y
yt-33394,0,1,wDWr8NhtDWM
yt-33395,2,3,W93B7cSaKLg
yt-33397,2,3,1VRlsD09id8
yt-33399,1,2,H3o36LhBd9o
yt-33400,0,1,WTHOvaWBkdk
yt-33401,0,1,_QjGMChHEQc
yt-33402,2,3,m0_SMiOecko
yt-33405,2,3,CFTyyxTabmE
yt-33406,2,3,DK4JX3FjEFs
yt-33407,1,2,xO8HTCA9HoM
yt-33409,0,0,PfVgHcfb3CY
yt-33410,1,2,RTIlX7K27so
yt-33411,0,1,VGz6QWrn_kI
yt-33412,2,3,2c50hFi9pDs
yt-33413,1,2,3qUsLgM_3aA
yt-33414,0,1,vqZ92trVpBc
yt-33415,0,1,uRFP_2R1xlU
yt-33417,1,2,0hsHP29VbO8
yt-33418,0,1,YZ369lwcSiI
yt-33419,2,3,m0_SMiOecko
yt-33421,2,4,DrLKtYWWUyk
yt-33422,2,3,m0_SMiOecko
yt-33423,0,1,cnmVUmpv0qw
yt-33424,2,3,07elfppOTmY
yt-33425,1,2,jB6__dNc3hs
yt-33426,0,1,Eifv1zrQF3A
yt-33427,2,3,novideo-33427
yt-33428,2,3,GbXDSAzdoso
yt-33431,2,3,4Iwrb3RNcwI
yt-33432,1,2,9OmuVa6FQn8
yt-33436,1,2,yqOZ74mR-gI
yt-33438,2,3,jE2A55tf_YY
yt-33439,2,3,BmJvJ_PbiU4
yt-33440,2,3,I5pLLeWFheA
yt-33441,0,1,R6lRr3HxnQo
yt-33442,1,2,X3PH9seHQ9w
yt-33443,0,0,BkC4dO4Cu4s
yt-33444,1,2,TcoskdsR3FQ
yt-33445,1,2,jNz57DyXmHs
yt-33448,2,3,JeFaQd2fq-8
yt-33450,0,1,6ZuNwK6kdmg
yt-33451,2,3,x9AYx_1Sa1k
yt-33452,2,3,ONfMmSNXUzc
yt-33453,1,2,RP6Key8CWhM
yt-33454,0,1,rVGb3ln36lI
yt-33455,0,1,e166SRvNmCw
yt-33456,2,4,Iykno64pNHI
yt-33457,0,1,JRGkCsn2HH8
yt-33458,0,1,Q0neHlUVitk
yt-33459,2,3,IyoZBHfRydM
yt-33460,0,1,U-EoBx-5GG0
yt-33461,1,2,fIzGv76vKss
yt-33462,2,3,NJAynZCKKbs
yt-33463,2,3,dmB8zyVTamc
yt-33464,0,1,eI8Vguay810
yt-33468,2,3,K8QtAVB4aY0
yt-33469,1,2,zMVlSPEhol0
yt-33470,1,2,M-LaVdy2NpQ
yt-33471,0,1,EMLzsksedW4
yt-33472,1,2,RdxGACrOVUY
yt-33473,2,3,C5tjuJLZ1vE
yt-33474,2,3,aEHQ0wMdy1c
yt-33476,0,0,zOQzrib5ers
yt-33478,0,1,3Qwtpxh25fM
yt-33479,0,0,fryKRP290kU
yt-33480,2,3,vpoVEhc2Xgk
yt-33481,1,2,tPWDIxvvK48
yt-33482,2,3,26yj_7OnOgE
yt-33483,1,2,oqhzw42jS38
yt-33485,2,3,Y8S3fXlI6kI
yt-33487,0,1,-OyGX2gm4bc
yt-33489,2,3,1jX99oTFKxA
yt-33490,1,2,HppG6EYJ7SI
yt-33491,2,3,m0_SMiOecko
yt-33492,0,0,UgAD2hx0fs8
yt-33494,0,1,97WOQGgwBmo
yt-33495,1,2,vXup8zpLYHw
yt-33496,2,3,zhklP7mWVug
yt-33497,0,0,sUKlBrOCET4
yt-33498,0,1,Pe0SmG6Rzj0
yt-33499,1,2,HrANY-Y5alc
yt-33503,2,3,novideo-33503
yt-33506,0,1,ebFXTffZLuE
yt-33507,2,3,6V6Cmx1kOYQ
yt-33508,1,2,-iNXYlWDF_c
yt-33509,1,2,DIGy18Yu2eM
yt-33511,1,2,X_PAY1WOfFU
yt-33512,1,2,C3z79NQUX28
yt-33513,0,1,yfdJTkhc1u8
yt-33514,2,3,wjkwoa74XyA
yt-33515,0,0,AZBn9leJuj4
yt-33516,1,2,q0CHu1hb1Cs
yt-33517,1,2,X7fl-jN24j0
yt-33518,2,3,dsOGnecnMdI
yt-33519,0,1,KkLH9FumQ_Y
yt-33520,2,3,4lbUibiHbeU
yt-33521,2,3,J9e-b-mek9A
yt-33522,0,1,-jzu56Ye18k
yt-33523,0,1,PgFmpMs5t8Y
yt-33524,2,3,fJGHIj4pjS0
yt-33525,1,2,YklpGz7cNu0
yt-33527,0,1,erorXXhhhUk
yt-33528,0,1,zioxfGkmyXs
yt-33529,2,4,FHWnb-dpHYs
yt-33530,2,4,novideo-33530
yt-33531,2,3,Aj15i4Mbr-8
yt-33532,1,2,IhzQyLQQu1U
yt-33533,1,2,OTl8VcFnCUo
yt-33534,2,3,vJv2MpQSeWg
yt-33535,0,1,sY4kfafLR1k
yt-33536,0,1,DjsFqGdZJtY
yt-33538,0,1,novideo-33538
yt-33539,0,1,novideo-33539
yt-33540,0,1,VzhjtXBFgAA
yt-33541,2,3,g1UhspNtUiQ
yt-33542,2,3,jHaA28qLf8I
yt-33544,0,1,xjvIW7D3xtU
yt-33545,0,1,nPTB_mDa78I
yt-33546,1,2,OTl8VcFnCUo
yt-33548,0,1,unB18Si-rwg
yt-33549,1,2,24Z7BuAc-0Y
yt-33550,0,1,rysufXzqcIs
yt-33551,2,3,sX5ORTz9SAo
yt-33552,2,3,e-q4WWB-oHs
yt-33553,2,3,Rg9jY4y6lrk
yt-33554,0,1,vqZ92trVpBc
yt-33555,2,3,9hABSMgOZZQ
yt-33556,2,3,WwZF2TUy-tc
yt-33557,2,3,HtqyzjEuwlE
yt-33559,2,4,P051rbLjttY
yt-33560,1,2,gh_Yqe0g3eA
yt-33562,0,1,fzQSr9zTB4U
yt-33564,2,4,vT7pKGCmA4w
yt-33566,2,3,WCpKtlkGOuY
yt-33568,1,2,yL76f9B0VEY
yt-33569,1,2,Ep61tpBLF_k
yt-33570,0,1,GaTfGKoQOdE
yt-33571,0,1,fqtCJWIoO24
yt-33572,2,3,cD1ewmnSKoQ
yt-33573,1,2,IojlMSB6UVU
yt-33574,1,2,_vPmeMis11Q
yt-33578,0,0,bBIduwa6jR4
yt-33579,2,3,6mDzX7C12bk
yt-33580,1,2,a4enYTeZ8iY
yt-33581,1,2,xy9WZe7hxlU
yt-33582,2,4,UVwj3xZUaM4
yt-33583,0,1,rne-QYyebeA
yt-33584,1,2,1KZNiZnHQ_Q
yt-33585,2,3,YoD3GqU9HJQ
yt-33586,1,2,FqfaM7yKapo
yt-33587,0,1,xnHwkS95sWs
yt-33588,0,1,0IUPr4zLkAY
yt-33589,2,3,ktwETEMGT6k
yt-33591,2,3,l5AJd-ruh5U
yt-33592,0,1,FqfaM7yKapo
yt-33593,0,1,NNv-I_Q0TlU
yt-33594,2,3,-AVpfcE3F3E
yt-33595,2,3,a2R29Br5rpk
yt-33597,2,3,kSFDu7qonAg
yt-33599,0,0,F85faLwfcBI
yt-33601,1,2,XidaLcCEAWI
yt-33602,2,3,JCOiZtAvwso
yt-33603,1,2,JpbBaSxsNrM
yt-33604,0,1,HrE6FUhN5ik
yt-33606,1,2,DaKAV43wDo4
yt-33610,2,4,3XzZsxlTm8Q
yt-33611,0,1,SL6EgMQeM2s
yt-33613,1,2,ZZ5oqJMmJQM
yt-33615,1,2,1rFqwUeqAqY
yt-33616,1,2,qB6Bd8nMMqI
yt-33617,1,2,AlJGl-kAWD8
yt-33619,2,3,DC05VUtSHmA
yt-33623,1,2,xcH3d0w9Xxw
yt-33625,2,3,K4dMphLxl08
yt-33626,2,3,SOmhSM3RUxE
yt-33628,0,0,8cwsls0YbSY
yt-33629,0,1,W2K-9lNTuYM
yt-33631,1,2,_IeRb7S4BCE
yt-33632,0,1,y-eH5oo7BP0
yt-33633,2,3,ge6w_dEJL8w
yt-33634,2,3,roB6y6pEUoU
yt-33635,1,2,WmY8zspxcTE
yt-33636,2,3,cN4buy1vMgk
yt-33637,2,3,0vpkby8Niyg
yt-33638,2,3,6EfHYn45yek
yt-33639,2,4,HgqqkgWFnmM
yt-33640,2,3,FTKDwF3JyXo
yt-33641,0,1,Rpsx7Ipf4BY
yt-33642,0,1,SjBG8p6snGg
yt-33643,2,4,UCJPIZrDmgk
yt-33644,1,2,cQFC_9Ggt3A
yt-33645,2,3,tAHK6E03ORo
yt-33646,1,2,GgfyktYt4aQ
yt-33647,1,2,y_hy8DfxDsw
yt-33648,0,1,dWtB-pKaYrw
yt-33649,2,3,oZ1hvGNm7h8
yt-33650,1,2,iW0mhZyi-Tg
yt-33651,1,2,IRObFMbFOIU
yt-33652,0,1,novideo-33652
yt-33653,0,1,vpoVEhc2Xgk
yt-33654,0,1,rExfjbWtnyg
yt-33656,0,1,-0fqaDa1lQE
yt-33657,2,3,BObJiy5noaM
yt-33661,1,2,5zCkEqVGr7Y
yt-33662,2,4,k0NbnlUxniI
yt-33663,0,1,R5SVCxh0Py8
yt-33664,0,1,CFTyyxTabmE
yt-33666,2,3,pXdKUWlLH0g
yt-33668,0,1,IsBdqCaHfdI
yt-33670,2,3,voPIiBuUPtc
yt-33671,0,1,SOyHMw-E2po
yt-33672,1,2,FuZVA3s7b1c
yt-33673,2,3,HtIGmoWXEmE
yt-33674,2,3,m0_SMiOecko
yt-33675,1,2,JimcBwl9V64
yt-33676,2,4,fjhr3bcGVbg
yt-33679,2,3,novideo-33679
yt-33680,2,3,mPRO4nFVwy8
yt-33681,0,1,RzXgg5vpyWk
yt-33682,2,3,RP6Key8CWhM
yt-33684,1,2,M7QbeWkSgaY
yt-33686,2,3,uDFhSikf2xY
yt-33688,2,3,lLoN77KOTJw
yt-33689,0,1,G7Vm-2dJz8w
yt-33690,2,3,J9e-b-mek9A
yt-33691,1,2,19J-hr046k0
yt-33692,2,3,_kBt-B3CTHY
yt-33694,2,3,L7cl8usQ1qQ
yt-33696,2,3,0qTFQ4zhLPE
yt-33698,2,3,J9e-b-mek9A
yt-33699,2,3,sYcgRT4n_FQ
yt-33701,2,4,KD_seGGMQng
yt-33703,2,3,novideo-33703
yt-33704,1,2,_yjULHRbUBc
yt-33705,2,3,k-1XRVJ0BI4
yt-33706,1,2,pxRktQYs69k
yt-33707,2,3,k2BZWzTuKeM
yt-33708,2,3,7kCc4g8vT1I
yt-33709,0,1,YnzgOUBR7pc
yt-33711,1,2,IdSPi8AhoCg
yt-33712,2,3,mZhm1zQ_RQg
yt-33714,0,1,mQqLs02u2Ho
yt-33715,2,4,QyyEhXGKQrc
yt-33717,2,3,qelHeNDmEwM
yt-33718,0,1,-wcNE_jqV6A
yt-33719,1,2,sIpop6Hg810
yt-33721,2,3,jVVo3io5J3A
yt-33722,2,3,mNs8SyB-TbQ
yt-33723,0,1,w9BfgdSoA1w
yt-33724,0,0,H7IG68FzhEA
yt-33725,0,1,FQPh15SpcXM
yt-33726,0,1,novideo-33726
yt-33728,2,3,novideo-33728
yt-33729,1,2,vcFN60i6whw
yt-33730,0,1,AVKCwG_kMDQ
yt-33731,2,3,D-uZmr5IIXY
yt-33732,2,4,1VTLzDSRNCE
yt-33733,1,2,tmerVM9YiMc
yt-33734,1,2,yTnHjR_HyMA
yt-33735,1,2,0B4mchz2wS4
yt-33739,0,1,mx0_JwBf90U
yt-33740,2,3,novideo-33740
yt-33741,2,4,novideo-33741
yt-33742,2,3,15jg4EZwgGY
yt-33743,2,3,yTnHjR_HyMA
yt-33744,2,3,novideo-33744
yt-33746,0,1,B-zaLvhYxEc
yt-33748,0,1,DMaO5PcQ-Mg
yt-33749,2,3,DC05VUtSHmA
yt-33750,2,3,JH5qHfBPZcE
yt-33751,0,1,W1CNWNAUzmc
yt-33752,1,2,ZOUSjqTH1xk
yt-33753,1,2,a2R29Br5rpk
yt-33754,2,3,J2SRVokb3IA
yt-33755,2,3,ue8o8xc5atc
yt-33756,2,3,-gbNTs6Sn7g
yt-33757,0,1,8uanMhsNuUQ
yt-33758,1,2,s-6XVuxiov8
yt-33759,1,2,UwbxPMFPrMc
yt-33760,2,3,m0_SMiOecko
yt-33761,0,1,Ysq0XnUQd8E
yt-33763,1,2,hmp4ZVhgm8o
yt-33764,0,1,Y3PZhoOXE2o
yt-33765,0,1,ZOUSjqTH1xk
yt-33766,2,3,Ia4RNWhq9K0
yt-33767,0,1,H8GDbmkOY2E
yt-33768,0,1,_KMT40jFA8c
yt-33769,0,1,ZZ5oqJMmJQM
yt-33770,0,1,DMaO5PcQ-Mg
yt-33771,0,1,novideo-33771
yt-33772,2,3,9FZQ0My-Wrg
yt-33773,0,1,pYCSWdnYeQA
yt-33774,2,3,Z_IdUcquIaU
yt-33775,0,1,IqhEhAHKVx8
yt-33777,1,2,57iG9nuehO0
yt-33778,1,2,tzQPRyqeIGg
yt-33779,2,3,j3P39jboPe0
yt-33780,1,2,-r7CxYS2qBs
yt-33781,2,3,VkuFXSGqxe8
yt-33782,2,4,UWqvIEKGs1k
yt-33783,1,2,69RkQ5ol7fI
yt-33784,0,1,S1EZZSfbI0Q
yt-33785,0,1,-cKcQzUXsjg
yt-33786,0,1,EI1KY1NMx3I
yt-33787,1,2,sauTZ1NAbmo
yt-33790,2,3,-P4OoK-wzZY
yt-33791,2,3,dYBUHBF-yLo
yt-33792,0,1,bK_1O8Qx2kA
yt-33794,2,3,PHt74nKN0HU
yt-33796,1,2,m0_SMiOecko
yt-33797,2,4,3sJ9hxIKLVk
yt-33798,1,2,MAVS-JU9Go0
yt-33800,2,3,DC05VUtSHmA
yt-33802,2,3,8UH6G1LnXR8
yt-33803,2,3,uu2zRlPidNk
yt-33804,0,1,3Ll3S7nLdA0
yt-33805,2,3,Ia4RNWhq9K0
yt-33806,2,3,qcFU3KGNuVo
yt-33808,0,1,MQzpS_qfhY0
yt-33809,0,1,Y75S3K2qeo0
yt-33810,0,1,DjJ8KrAAQko
yt-33812,0,1,ZuWrUFk8xOw
yt-33814,1,2,M1WNJJ6nq3U
yt-33815,0,0,HnkSDxtJ64Q
yt-33816,1,2,1luT9X6Wluw
yt-33817,1,2,1VTLzDSRNCE
yt-33818,0,1,ysk2ARRV1Xc
yt-33819,0,1,1RR2DRRF7fI
yt-33820,0,1,78Uz8gG4PvE
yt-33821,1,2,ejcU9qjs07I
yt-33822,2,3,HtqyzjEuwlE
yt-33823,2,3,4LJ-kCRujc0
yt-33824,1,2,06xNp4aikiA
yt-33826,0,1,aFk7Fie2lDk
yt-33827,2,3,FJagwas5CuY
yt-33829,2,3,CWk1-t6ccyQ
yt-33831,1,2,4_90H7XoaJ0
yt-33832,2,4,DTXrPVvpkMg
yt-33833,2,3,Ss8LFHJqKW4
yt-33834,0,1,novideo-33834
yt-33835,2,3,6mEn8NddvhU
yt-33836,1,2,GgOOdZ-h1U0
yt-33838,2,3,HIF0BpkLJno
yt-33839,0,1,9Vs4_IFDAeY
yt-33840,0,1,lXmC-Bstmyw
yt-33841,0,1,qZXtvknKFjo
yt-33843,2,3,j84zsPtsDnU
yt-33844,0,1,ob1C9ZQsEwE
yt-33845,2,3,AxaIZ36B4C4
yt-33848,2,3,5i_X2SFHqDY
yt-33849,1,2,P051rbLjttY
yt-33850,2,3,5MFMC7A56cs
yt-33851,0,1,r6iS_AYcC4E
yt-33852,2,3,h4UMYASh0xw
yt-33853,2,3,nPLb-NoDvIo
yt-33854,0,1,iW8sc8zkki8
yt-33855,0,1,Sw6DDHKeHno
yt-33856,0,1,uXH2bkQmS4c
yt-33857,2,3,E8SX_UO_p6s
yt-33858,2,4,O9miEI662vw
yt-33859,0,1,o4RfA3recYI
yt-33860,1,2,X_PAY1WOfFU
yt-33862,2,4,AVTOU9DRdZI
yt-33864,1,2,vI1P16MO6IM
yt-33867,1,2,81w2ir4SMXg
yt-33869,2,3,cHfhEkZJlVQ
yt-33870,2,3,J9e-b-mek9A
yt-33871,0,1,dZ3bKL_t8jM
yt-33873,2,3,5vuwbl1q9iU
yt-33874,2,3,_y7Nqf3z_LA
yt-33875,2,3,241V466pLo0
yt-33876,0,1,XkDCQ5fQNVo
yt-33877,0,1,fEcG4LWPlAg
yt-33879,2,4,lgbADhdrtQ8
yt-33880,1,2,7F1ytL9QqNg
yt-33882,0,1,gMkZJwg9ICU
yt-33887,2,3,dabaN23Ip6U
yt-33889,1,2,X7fl-jN24j0
yt-33891,0,1,54zS-aJEyAs
yt-33892,0,1,czGUkSfMD3w
yt-33893,2,3,Sd2m9oWi87c
yt-33894,2,3,o8-4eE2YgDw
yt-33895,0,1,UgAD2hx0fs8
yt-33896,2,3,xiRlPvaFPp0
yt-33900,0,1,5PSgss-08nE
yt-33901,2,3,rBrUSGgnn80
yt-33903,2,4,HXS-mMW28sg
yt-33904,1,2,SDRaoS39v8I
yt-33905,0,1,rD_ketmxFy0
yt-33906,0,1,Bu5ulVrsZ20
yt-33908,2,3,P0EOKdVKMqQ
yt-33909,0,1,-shPG--27D0
yt-33910,2,3,CYHbwq35Xt0
yt-33911,2,3,UeuyX3AGVS0
yt-33912,2,3,QyyEhXGKQrc
yt-33915,0,1,R47L8fm35oc
yt-33916,2,3,v9D3PKmtfYA
yt-33918,2,3,GhREMWY6yJY
yt-33919,0,1,3rO546K-knE
yt-33920,2,3,zmfS4HAhCx0
yt-33921,2,3,sS8M5Te6bZ4
yt-33922,0,1,ZOUSjqTH1xk
yt-33924,0,1,lXEgxUMItH0
yt-33925,0,1,jBHFBNl9ZGI
yt-33926,0,1,q3ZmfnkywmY
yt-33927,2,3,_4jhjAay0pw
yt-33928,2,3,HU5ZOFW05k0
yt-33929,0,1,UYlMVjEElQo
yt-33930,1,2,H7XmkwsThJ4
yt-33932,2,3,JidkN-NcoKY
yt-33933,0,1,ZpqJgmftaTg
yt-33934,0,1,FRQZzJvBwyw
yt-33936,2,3,mPRO4nFVwy8
yt-33937,2,4,njQ1T00qtYs
yt-33939,2,3,8qWFCf7Ab7Y
yt-33940,0,1,pgZKlkRE2nQ
yt-33941,1,2,dP5uRypkjdo
yt-33943,1,2,Fdn4sEm9G_I
yt-33944,2,3,1JZvU0o_lS0
yt-33946,1,2,cJVHO751R_0
yt-33947,1,2,truZfa_jtF8
yt-33948,1,2,0qTFQ4zhLPE
yt-33949,2,3,m0_SMiOecko
yt-33950,0,1,eWEHG1aFU6s
yt-33951,2,4,SCY4OAMdrWY
yt-33952,1,2,J9e-b-mek9A
yt-33953,2,3,AR1gw7RI4m8
yt-33954,0,1,-ALhsSpKbLE
yt-33956,0,1,MCRlYg2l4Jg
yt-33957,0,0,CUtYc6Z64uI
yt-33958,0,1,ar_SIWMZakk
yt-33962,1,2,n7SABpul19A
yt-33963,2,3,FZF9bSqt3xA
yt-33964,1,2,MKna494c9fQ
yt-33966,0,1,QCi_WGFUtg4
yt-33968,2,3,YDaPeHVWCkc
yt-33969,2,3,gfTVbpEjc7w
yt-33970,2,3,a4880MXtegU
yt-33971,2,4,WgBoQYwsU8o
yt-33972,1,2,xFyG3KZ5zBY
yt-33973,1,2,novideo-33973
yt-33974,0,1,ZnEI8--oGyQ
yt-33975,1,2,y9UtWHfG31U
yt-33976,0,1,Gd0ifln4WJI
yt-33978,0,1,CaODYoZzBAw
yt-33979,0,1,YJg7e1yYJXs
yt-33980,2,3,oA3lSKxewMM
yt-33981,2,3,LcUSIKVjXng
yt-33982,1,2,H28T9nN1pW8
yt-33984,0,1,DK-L1hS6Iy4
yt-33985,2,3,RAJFHfCllCk
yt-33986,2,3,1VRlsD09id8
yt-33988,1,2,7lKJSB-Jfws
yt-33989,2,3,huaVhsK3cEs
yt-33990,2,3,LKLuI2IW79I
yt-33991,2,3,BObJiy5noaM
yt-33992,2,3,1WUgBGP-vlM
yt-33993,2,3,nrn9EaJ1hvc
yt-33994,2,3,hLQ-hI2Sdg0
yt-33995,2,3,vJv2MpQSeWg
yt-33996,2,4,NQ4sX6jJ_54
yt-33997,1,2,Yq0EiGZrFlU
yt-33998,1,2,u1MnApNpV3c
yt-34000,2,3,WQRfKIMsu6Y
yt-34001,2,3,ZZ5oqJMmJQM
yt-34002,0,0,PY4z5ib2bqM
yt-34003,1,2,ESmJDb4fJ7I
yt-34004,2,3,IyoZBHfRydM
yt-34005,2,3,m0_SMiOecko
yt-34006,0,1,0hsHP29VbO8
yt-34009,2,3,13hz8zB_7As
yt-34010,2,3,hNbNkY8oEVk
yt-34011,1,2,9bd64aBJs08
yt-34012,0,1,l8m-eLBnujc
yt-34014,1,2,4m_jvmSRt3Q
yt-34015,0,1,7uzK-ZdEPnk
yt-34016,0,1,qTvLAElb5PI
yt-34017,1,2,MfJ75ixwnUc
yt-34018,1,2,J9e-b-mek9A
yt-34019,1,2,QRYTfz3DIHM
yt-34020,0,1,H5ZMWuCO6pI
yt-34021,0,1,UYsbXBcfOjk
yt-34022,1,2,IfocyeSWoRo
yt-34023,0,1,QmfvaL9RgkE
yt-34024,1,2,H5WZyDQmS40
yt-34025,2,3,7pGa7eUaZdc
yt-34026,2,3,m0_SMiOecko
yt-34027,2,3,1KZNiZnHQ_Q
yt-34028,0,1,hW_rmAMDXaw
yt-34030,2,3,5MFMC7A56cs
yt-34031,0,1,RwyP5iuao0c
yt-34032,2,3,JGDdMxxSEiw
yt-34033,0,1,a4EYVev0bx0
yt-34034,1,2,1xugmJey5Pw
yt-34035,2,3,ziLrfw3aKDc
yt-34036,2,3,OhrX7At2UAs
yt-34037,2,4,1VRlsD09id8
yt-34039,1,2,FuzgbAnqe9Y
yt-34041,2,4,wm5K9vdqfBk
yt-34042,2,3,y9UtWHfG31U
yt-34043,2,3,huaVhsK3cEs
yt-34044,2,4,ZhPiWybyCQI
yt-34045,0,1,C16vV2VV-RY
yt-34046,0,1,FR0f40WtJMA
yt-34048,2,3,_zg4pI-Qndc
yt-34049,0,1,audzwoVfNa8
yt-34051,2,3,1VRlsD09id8
yt-34052,0,1,C3z79NQUX28
yt-34053,0,1,FupdJSoFPeI
yt-34054,2,3,FuO6szkPJrE
yt-34056,2,3,eKogL9pVKKo
yt-34057,2,3,m0_SMiOecko
yt-34058,0,0,vtGeqZ3dKeI
yt-34059,1,2,hm6QOQiB-l4
yt-34060,0,1,bmA8f_igCjk
yt-34061,0,1,OLHNtZxyX5s
yt-34062,0,1,OOseF5E2kqo
yt-34063,2,3,Nm8on_ZzXQc
yt-34065,2,3,pXdKUWlLH0g
yt-34066,0,1,KWr7cWWxQT8
yt-34067,2,3,zTOMEmtYNEY
yt-34068,0,1,_wNMeBTJ7C8
yt-34069,2,4,euydimYmnpw
yt-34070,0,1,INgFRp5kB4s
yt-34071,2,3,gHg7pDXS8vc
yt-34072,2,3,38-ahnQ2CKg
yt-34074,2,3,PcbyFYW8Fv0
yt-34075,1,2,dOFQL-liask
yt-34076,2,4,IyoZBHfRydM
yt-34077,2,4,ZYbc6CqT1aA
yt-34078,2,3,owFWmMIqP4A
yt-34079,0,1,cCJi_9GV44c
yt-34080,0,1,j2uhTjJMS_E
yt-34081,2,4,novideo-34081
yt-34082,2,3,1LnEQtY3l7s
yt-34083,0,1,OXFeOMb2Z9g
yt-34084,0,1,hiNuSt1zRiM
yt-34085,0,1,GNgJrDWxiL4
yt-34086,0,1,RR4GngFLZmo
yt-34087,0,1,mPQuhb-8_28
yt-34088,0,1,DUo_iaFuJl0
yt-34089,0,1,mcx5oTU6_JQ
yt-34091,2,3,UmwGQqjnSCs
yt-34092,1,2,U-F41h4FeH4
yt-34093,0,1,nAtnJ_XMHyI
yt-34094,0,1,vW5xNrPgg00
yt-34095,0,1,iBGLAyYx9yg
yt-34096,1,2,yqOZ74mR-gI
yt-34098,1,2,j2EVw9VhuOE
yt-34100,2,3,VkuFXSGqxe8
yt-34101,2,3,m0_SMiOecko
yt-34102,1,2,BFuz4UsYRVo
yt-34103,0,1,dapK2TiM_Rg
yt-34105,0,1,jgbzFxgNXZ8
yt-34107,2,4,novideo-34107
yt-34108,2,3,1ArEBIAu8xc
yt-34109,1,2,ypNxESTTpI4
yt-34110,1,2,4YUWepWF3Gw
yt-34111,0,1,Ao9dgjIIduc
yt-34112,0,1,Ww8DhE5OEKs
yt-34113,2,3,jtLPh05c6k4
yt-34114,0,1,FyWtzmH05k4
yt-34117,2,3,v_J-aRYrFEg
yt-34118,0,0,PA7JkAGFSXM
yt-34119,0,1,Oc5J9-TrHfQ
yt-34121,2,3,C41NWw9WtX0
yt-34122,2,3,RnEiqCtr7Jc
yt-34123,2,3,IsBdqCaHfdI
yt-34124,2,3,NJ-ik7Lwjoc
yt-34125,2,4,1KZNiZnHQ_Q
yt-34126,0,1,r6Ca3gtzyLk
yt-34127,1,2,SGmHjavi56Y
yt-34129,2,3,7CYSxJXMsfM
yt-34130,2,3,qMAeQeZDgqA
yt-34131,2,3,Y3T20pSx4C0
yt-34132,2,3,WoOnFXbDSr4
yt-34133,0,1,Xmy3EjgARVk
yt-34134,2,3,XmwTCe_qbCs
yt-34135,0,1,Tz_Ze6o0stc
yt-34136,0,0,uh_zgtOckLM
yt-34137,1,2,q4Z-yyj7u4Y
yt-34138,0,1,uRiW3NRF2Ys
yt-34139,0,1,59l_tCG8qIM
yt-34141,0,1,rjkPkgSwqW4
yt-34142,2,3,vkawGcrbP0U
yt-34143,2,3,hz8D6XqfA04
yt-34144,0,1,tGOc-6Q3sRw
yt-34145,0,0,SR55JAa0ZVo
yt-34146,0,1,K8QtAVB4aY0
yt-34147,2,3,WJ61JoPt3v0
yt-34148,1,2,SGX6aguU5QM
yt-34149,1,2,m0_SMiOecko
yt-34150,2,3,Dhl_sDr6_4w
yt-34151,1,2,novideo-34151
yt-34152,2,3,KeZHrBkQXSg
yt-34153,0,0,OOseF5E2kqo
yt-34154,2,4,1VTLzDSRNCE
yt-34155,2,3,bFyYp_SiIac
yt-34156,2,3,NxypeHZMIGQ
yt-34157,0,1,9XvlHN0UPbk
yt-34158,2,3,xpza_QqjdT8
yt-34160,2,3,Y9C1ENJAshI
yt-34161,0,1,GJEjnf19Dqw
yt-34162,2,3,WOdUJoLRfSc
yt-34163,0,1,crxMMjAcugo
yt-34164,0,1,CFTyyxTabmE
yt-34166,2,3,XYumIVMLbmc
yt-34169,2,3,0VHdlG-cyA4
yt-34172,1,2,4J0R2PWZ-V0
yt-34174,2,3,pXeOtkaIxgU
yt-34175,2,3,Da6ljj6yT0U
yt-34176,2,3,4fGyS05BOWA
yt-34177,2,3,qh85fT3ARe8
yt-34178,0,1,KeZHrBkQXSg
yt-34180,0,1,9fkdrudTRLs
yt-34181,2,3,t2idcrND5JI
yt-34182,2,3,0tYTvthMPXA
yt-34183,0,1,9bd64aBJs08
yt-34185,1,2,novideo-34185
yt-34186,2,3,rDC7qritDPc
yt-34187,0,1,AxaIZ36B4C4
yt-34189,1,2,wP9JBgcQBhQ
yt-34191,0,1,5oJKFG8ukPA
yt-34192,2,3,lasGSetDhzc
yt-34193,0,1,Eax6V6b4EMw
yt-34195,2,3,WfshEpeYqSo
yt-34196,2,3,cFKx9DinQ94
yt-34197,0,1,m6aGPJgfhNY
yt-34198,0,1,RQWL1m55C58
yt-34199,0,1,HTwW7rhCuuc
yt-34201,1,2,-Knz3Uiu4RI
yt-34202,2,3,8UH6G1LnXR8
yt-34203,1,2,Pe0SmG6Rzj0
yt-34204,0,0,Fme9ppoKOCw
yt-34205,0,0,tKrxP1-LL04
yt-34206,2,3,DC05VUtSHmA
yt-34208,2,3,novideo-34208
yt-34210,1,2,YDaPeHVWCkc
yt-34211,0,1,gmSNuLXET8o
yt-34212,0,1,35VTsaM2yR0
yt-34213,0,1,11h3yWBO27Q
yt-34215,1,2,MoWVuut-KjA
yt-34216,2,3,OUqbiIT_piA
yt-34217,1,2,yWUiSwZuv9g
yt-34219,1,2,7Oc8-eclkrY
yt-34220,1,2,YoD3GqU9HJQ
yt-34221,1,2,ReejhPZfYmw
yt-34224,2,3,d3-ZO8viWdI
yt-34225,2,3,sBcv58DvnTc
yt-34227,2,3,rF6NyP3L-iI
yt-34228,1,2,H5WZyDQmS40
yt-34229,2,3,W74yA-FMcN4
yt-34230,1,2,IlVQlodJbsQ
yt-34231,1,2,1eLMGIclV3s
yt-34232,2,3,NfAcm4V-nV8
yt-34233,2,3,g1UhspNtUiQ
yt-34234,2,3,5_ZzO4c4bGE
yt-34235,2,3,0Mc1Vq5nAe0
yt-34237,1,2,qAoMIMeh7ns
yt-34238,2,3,Gly4AXZgrbA
yt-34239,0,1,unB18Si-rwg
yt-34240,0,1,fUlKvLL07og
yt-34241,1,2,MRm8vr5nYh0
yt-34242,0,1,ct64U3orVec
yt-34243,2,3,3twDOy7B218
yt-34244,2,3,NGar4FR0xTk
yt-34245,2,3,IJ9vVLJA0Zw
yt-34246,0,1,GnzK21tI_us
yt-34247,0,1,35Q31-xqvas
yt-34248,0,1,iW0mhZyi-Tg
yt-34249,2,3,RRcxfUu8v5Y
yt-34250,1,2,JIigW7ae_Kw
yt-34251,2,3,m0_SMiOecko
yt-34252,2,3,LykotTtdTSQ
yt-34253,2,3,uu0ttgovT_0
yt-34254,0,0,uFUD-6sL90Q
yt-34255,2,3,mS21TWuWO94
yt-34256,2,3,DC05VUtSHmA
yt-34258,0,1,pG53ABtGNjs
yt-34259,0,1,Zw7hV_vketU
yt-34260,0,1,ifE4Xi-M6xQ
yt-34261,0,1,FWFw8QijdUg
yt-34262,1,2,3eGZvitQy3I
yt-34263,2,3,IR-ov5G318I
yt-34264,2,3,4wo0IEJA280
yt-34265,2,3,_jvlVlpK-Dk
yt-34266,0,1,_QjGMChHEQc
yt-34267,0,1,c83JoywVEGM
yt-34268,2,3,FNzEJuVv3qU
yt-34270,2,3,qKahoohkUpM
yt-34271,1,2,novideo-34271
yt-34272,1,2,qlpSxdAr0xE
yt-34273,2,3,VkuFXSGqxe8
yt-34274,0,1,hUfkQthRND8
yt-34275,0,1,j8zJm63fU8o
yt-34276,0,1,7eQ0DCOpe-4
yt-34277,2,3,qldLVLSWIaU
yt-34278,1,2,nqUzEDp6wFM
yt-34279,0,1,YFM8Axmv-jc
yt-34282,0,1,s6w4ge4KRAE
yt-34283,2,3,novideo-34283
yt-34284,0,1,AS6tOTEKLkU
yt-34286,2,3,TEc0hbzEt70
yt-34287,0,1,xwquU-4IGLU
yt-34288,2,3,7-CWqCuTx7I
yt-34289,1,2,Pe0SmG6Rzj0
yt-34290,0,0,z2Igp4F1zyw
yt-34291,2,4,BFsvp5H9BH8
yt-34292,2,3,IJ9vVLJA0Zw
yt-34293,0,1,p8SO4D22d4E
yt-34294,0,1,86PRU2XXSi8
yt-34295,0,1,IvZS9GW_C9s
yt-34296,0,1,EwrTIJzHWKE
yt-34297,2,4,Li25SFvZofU
yt-34298,1,2,BYU0Hp7azJk
yt-34299,2,3,1dUj6AUvM0g
yt-34300,2,3,MSMOYIpZ4ls
yt-34301,0,1,YiLwLsW_MAk
yt-34302,2,3,HfhIN31JKuk
yt-34303,2,3,uJlLhbOO_R8
yt-34304,1,2,2ZwLSnX3Ce8
yt-34306,0,1,SPTOhjRvtNc
yt-34307,1,2,yytZTSfusR0
yt-34309,2,3,pXeOtkaIxgU
yt-34310,2,3,ENBHFyXDrVw
yt-34311,0,0,Zu21-PF_nTc
yt-34312,1,2,KUIjBVsuROY
yt-34314,0,0,_UR4nvmsBeI
yt-34315,0,1,P2SqIVgq9qY
yt-34316,2,3,mADsfYlnjbU
yt-34317,1,2,i9aeDBOEPxM
yt-34318,2,3,i5Kybh7ZtEs
yt-34320,0,1,CtH0Lxv4T1A
yt-34321,2,3,FqTxcOu1y2o
yt-34322,0,1,ySqcW7RD1nU
yt-34323,1,2,8p_212flO7Y
yt-34326,1,2,AxaIZ36B4C4
yt-34329,1,2,_-sXeX9ntsM
yt-34330,0,1,wz4kx0rtbkA
yt-34331,0,1,eSN-Ypa-gIc
yt-34332,2,3,0IUPr4zLkAY
yt-34333,0,0,SJNaFfvYahA
yt-34334,0,1,yLSpIBtQlpE
yt-34336,2,3,5Ca1jB6RYkw
yt-34337,1,2,EgFL3XZ1kmM
yt-34338,2,3,1BLer2Y8Mkg
yt-34339,1,2,fB3rVqdq6SQ
yt-34340,0,1,_y7Nqf3z_LA
yt-34341,0,0,BWiNP5Am71o
yt-34342,1,2,xT7GPxG3f-o
yt-34344,0,1,jvv-67ONtzo
yt-34346,2,3,dIxTm4WfgF8
yt-34347,0,1,gN0qrg1YtIM
yt-34348,2,3,1qvkVC6WTeM
yt-34349,2,3,GuXeLXpW7BY
yt-34350,0,1,novideo-34350
yt-34351,1,2,8uMomOgtwWA
yt-34352,2,3,iRmZXzKS6e4
yt-34353,2,3,novideo-34353
yt-34355,2,4,CCdRLdqaO4I
yt-34356,2,3,SKFr4u2J12k
yt-34357,2,3,wwGJJ4Yj3FA
yt-34358,0,1,UYsbXBcfOjk
yt-34359,0,1,K8QtAVB4aY0
yt-34360,0,0,zOQzrib5ers
yt-34361,2,3,I5pLLeWFheA
yt-34362,1,2,JVNY5NJTyFs
yt-34363,1,2,35VTsaM2yR0
yt-34364,0,0,gzXMnlrrLHY
yt-34365,2,4,pXu9urbN6eA
yt-34367,1,2,lvxaNzq0wCg
yt-34368,2,3,1YZ5yFrk090
yt-34369,2,3,Svu_1UwiOAc
yt-34371,0,1,UgAD2hx0fs8
yt-34372,1,2,vkndX71JapA
yt-34373,1,2,o0xbhlphYTw
yt-34374,2,3,wEqWKQ02Kd4
yt-34375,1,2,ptpl25AWYCs
yt-34376,2,3,l2N-4Wa_9YA
yt-34377,2,3,5o3pG2N3vAE
yt-34378,0,1,qqIJpSJ-XKQ
yt-34379,0,1,cJ48xI4JXww
yt-34382,0,1,novideo-34382
yt-34383,1,2,qZ9fnQzku-Y
yt-34384,0,1,M8cON8wr35Y
yt-34385,0,1,PbQEhJnZCi4
yt-34386,2,3,YD3OakzpBLc
yt-34387,2,3,exXMeMHS3yw
yt-34388,2,3,2zXh1XqNU64
yt-34389,0,1,eda1K7uauMI
yt-34390,1,2,zOQzrib5ers
yt-34391,0,1,ZiEOmIX5pXg
yt-34393,1,2,cQvJzTMquIw
yt-34395,1,2,T-nubnRV2E4
yt-34396,1,2,jXcy0F1Zsv8
yt-34397,2,4,QLfX4FD7aiE
yt-34398,0,1,erazHdPBzqQ
yt-34400,1,2,eWXTZQRufII
yt-34402,0,1,I8eozOk62U4
yt-34403,1,2,PSDZRrtFYn4
yt-34404,2,3,4C-g_Bo801U
yt-34405,0,1,ZS4_w1xK3OE
yt-34406,1,2,HJjaseDFEZA
yt-34407,0,1,-txOK3SlBek
yt-34408,2,3,CYADlXEB5dE
yt-34409,1,2,0DhcEIBaZHA
yt-34410,1,2,OPmP3T23j7A
yt-34411,0,1,5Vn8pPRiJIg
yt-34412,0,1,CSsniMlZ0So
yt-34413,0,1,NrbZXSSMqAs
yt-34414,2,3,laLIidriPrs
yt-34415,0,0,g77vxjbbNUg
yt-34416,0,1,oAAeIeLWOXE
yt-34418,2,3,m0_SMiOecko
yt-34419,1,2,mTa5XS4ixV8
yt-34420,2,3,9Qmg7AvIY7I
yt-34421,2,3,TcoskdsR3FQ
yt-34424,0,1,HyXYwx9AHHI
yt-34425,2,3,aY51yGM8L_4
yt-34427,1,2,gBhBirOK57A
yt-34429,1,2,PfuQvtfjtnY
yt-34430,0,1,188SQ0R8NyQ
yt-34432,0,1,wsljbtjkvhY
yt-34433,2,3,XY9GhLNm37g
yt-34434,0,1,joSijIER5To
yt-34435,0,1,CFTyyxTabmE
yt-34436,2,3,Hl3Bg0grAwY
yt-34437,2,3,Y75S3K2qeo0
yt-34438,2,3,abVYw35n9D8
yt-34439,2,3,wJbhkoOCFy4
yt-34441,0,1,-VDjG0yKBls
yt-34443,2,4,bp6k1uU0fd0
yt-34444,1,2,BKPd5aOL8hI
yt-34445,0,1,v4RiM8y89og
yt-34447,0,1,sBcv58DvnTc
yt-34449,2,3,8z-yaNav_ls
yt-34451,1,2,5Ody31n8q9c
yt-34452,2,3,6K0qqR-yEz8
yt-34453,1,2,ErSk0bPPG70
yt-34454,1,2,L4FR_IQ49yU
yt-34457,0,1,pobZRgWN3v0
yt-34459,0,1,rOaV0ZD8BpA
yt-34460,0,1,V6C66oAA3Mg
yt-34461,0,1,grjkynz4saE
yt-34462,2,3,bz5adNn66L4
yt-34463,0,1,MCRlYg2l4Jg
yt-34464,0,1,k4VurHbhoyM
yt-34465,0,1,zxLJd-1liF0
yt-34466,0,1,IfEQvQya5E0
yt-34467,2,3,sXuskB0pRvY
yt-34468,2,4,sX5ORTz9SAo
yt-34469,1,2,vTQgGh-Y14I
yt-34470,2,3,p4frTp4QxPM
yt-34471,0,0,1lXW2GFQo_E
yt-34472,1,2,1ZwZLRPXXGY
yt-34473,1,2,b4SGSC_DfXE
yt-34474,0,1,b_6GLqMSwGA
yt-34475,0,1,5EjS7gY5cBg
yt-34476,2,3,BFsvp5H9BH8
yt-34477,2,4,CiAMHa9ta_M
yt-34478,1,2,YE8rOlu0hmk
yt-34479,2,3,novideo-34479
yt-34481,2,3,BktpCCVUstI
yt-34482,2,3,uCPkx7vX6ek
yt-34483,2,3,KHqd08zbSXo
yt-34484,0,1,EDzGysSql2w
yt-34485,0,1,kB_b1STlw2I
yt-34486,0,1,EK2kqQcZAII
yt-34487,0,1,uqbJrVvRj-g
yt-34488,0,1,sY4kfafLR1k
yt-34489,1,2,zW-pZG1k0Nw
yt-34490,0,0,9TmO9LA0c0U
yt-34491,2,3,WgBoQYwsU8o
yt-34492,2,3,9gGc3-cGYBA
yt-34495,2,3,grqxlQPhCt0
yt-34496,0,1,QDgpnXdAXFE
yt-34499,0,1,H0bKUYV7g44
yt-34500,0,1,IBizvUhsUEs
yt-34502,0,1,W0_X7zGXM2I
yt-34503,1,2,t3Q8Haoiv6g
yt-34504,0,0,wwGJJ4Yj3FA
yt-34505,0,1,qxr4KnUz5_I
yt-34507,2,4,novideo-34507
yt-34508,0,1,-1rnXkLbPK8
yt-34509,2,3,vyoI35HXA6c
yt-34510,2,3,mR4mhT0psRs
yt-34511,2,3,CZdClt-_xjQ
yt-34512,2,3,d1RVYHPMrVU
yt-34513,2,3,-AVpfcE3F3E
yt-34515,1,2,EA-pVOEVzoI
yt-34516,2,3,G2uUFMSR_Nw
yt-34517,0,1,LXeCatSUNRk
yt-34518,1,2,Re6OLvElESY
yt-34519,2,3,8TYueSko998
yt-34521,2,3,BUyIhZIpf5k
yt-34523,0,1,ff6vbx_mCkg
yt-34524,0,1,5UXGwEGW51A
yt-34525,0,1,Y75S3K2qeo0
yt-34526,0,1,-T2zwl0rESA
yt-34527,2,3,gzXMnlrrLHY
yt-34528,0,1,U_R8n-5Ep3A
yt-34529,2,3,G80xIwFRXUU
yt-34530,2,3,XBpoE-dIevs
yt-34532,2,3,JeFaQd2fq-8
yt-34533,1,2,MbZJ1zJSxoY
yt-34534,1,2,h-pZy_R6c74
yt-34535,2,3,7Oc8-eclkrY
yt-34536,2,3,mZhm1zQ_RQg
yt-34537,2,3,1FrqdfjJewQ
yt-34538,0,1,BtNBhnz1hBM
yt-34539,2,3,9okiIOPO1ps
yt-34540,0,0,mhO50cj31sY
yt-34542,2,3,QquXYHla7lg
yt-34543,0,1,UIXC9THma-s
yt-34545,0,0,FuZVA3s7b1c
yt-34547,2,3,rNLH8p_nthg
yt-34548,0,1,-ohnT4Zfr9E
yt-34550,2,3,TfgdwInk4l4
yt-34551,2,3,qt4rVgyr1Rg
yt-34552,1,2,Pi03mX7p_6w
yt-34553,2,3,rhGRtnY6CO8
yt-34554,2,3,exe0_6C9xL4
yt-34555,1,2,J9e-b-mek9A
yt-34556,1,2,frzrLYNL9RM
yt-34557,0,1,akbXeo6CbKY
yt-34559,1,2,xtGYRR-u_yA
yt-34560,0,1,PJwV0iJV47g
yt-34561,2,3,iu8E8o55ZbI
yt-34562,1,2,zhngeBSdLpc
yt-34563,2,4,HXS-mMW28sg
yt-34564,0,1,e1Uqw-tE6nU
yt-34565,1,2,cAhVylLETm0
yt-34566,2,3,mPQuhb-8_28
yt-34567,2,3,6FSf4_-rAGA
yt-34568,0,1,Kc4GGo-2lLs
yt-34571,0,1,YJg7e1yYJXs
yt-34573,2,3,KrQC_ZH7Q_o
yt-34574,0,1,xI6rccsaNCU
yt-34576,0,1,Hezd7sx4ThQ
yt-34577,0,1,1AqAmoMfAZs
yt-34578,2,4,YoD3GqU9HJQ
yt-34579,0,1,novideo-34579
yt-34580,0,0,j58wyLWAShE
yt-34581,2,3,ZlW7lcf54nI
yt-34582,2,3,5kJsWfNeXog
yt-34583,0,1,F85faLwfcBI
yt-34584,0,1,7vxOfG2NZVo
yt-34585,0,0,9D5k8D5rGUg
yt-34587,0,1,vn2e5NxsfEM
yt-34588,2,3,fJGHIj4pjS0
yt-34590,0,1,NLgu0wcTCd4
yt-34591,2,3,-AVpfcE3F3E
yt-34593,0,1,novideo-34593
yt-34594,2,3,_0hb2U46nZE
yt-34597,2,3,novideo-34597
yt-34598,0,1,tK1i_GNGhMU
yt-34599,1,2,FuZVA3s7b1c
yt-34600,2,3,EygQecaebe0
yt-34601,1,2,ROkG3HBWQ20
yt-34602,0,1,921o5dhjI5w
yt-34603,1,2,stgh3yE52-o
yt-34604,2,3,aqMAXd5ct5k
yt-34605,1,2,4jzNe0C6Fdg
yt-34606,2,3,jh-P9mqAXl4
yt-34607,2,3,X8FXxDBx9XE
yt-34608,2,3,iWpp9d57i8w
yt-34610,0,1,uzYdEkQzyaw
yt-34611,0,0,UgAD2hx0fs8
yt-34612,0,1,9NJ1T0IBSbI
yt-34613,0,1,AvQbXuLmNkc
yt-34614,2,3,dFWLnITf9fE
yt-34615,2,3,PkLeE7ksifI
yt-34616,2,3,novideo-34616
yt-34617,1,2,ySqcW7RD1nU
yt-34618,0,1,zaxHhv9qBS8
yt-34619,1,2,J64LU1L6k5A
yt-34620,2,4,OWhNL9FtMsQ
yt-34622,1,2,31S1IoauUjg
yt-34623,0,1,lZUv2RoazCg
yt-34624,2,4,novideo-34624
yt-34625,0,1,P9Nf8IWiFgA
yt-34626,0,0,jgbzFxgNXZ8
yt-34628,0,1,vJMdwbTErIQ
yt-34629,0,1,novideo-34629
yt-34630,1,2,RijDdVu-qQo
yt-34631,2,3,JjO7Gn_OojU
yt-34633,1,2,EgdqzOkd9gA
yt-34634,1,2,MVjK8D1SVUg
yt-34635,2,3,hqyI0oV0FuM
yt-34636,0,1,Xs0wz06qwSE
yt-34640,1,2,IyoZBHfRydM
yt-34642,2,3,F_8OOYqjdyU
yt-34643,1,2,Ia4RNWhq9K0
yt-34644,0,1,ExmozM6GNzs
yt-34645,2,3,NJgMnHImxE8
yt-34647,0,1,SH3SF5OUaJA
yt-34648,2,3,qpGHlrNOrRU
yt-34649,2,3,6PG2dqrXCfI
yt-34652,1,2,Fls21k1zOA4
yt-34653,2,3,m0_SMiOecko
yt-34654,2,3,aBLPOAob_2s
yt-34655,0,1,PkLeE7ksifI
yt-34656,1,2,CwV-ffz0Ll4
yt-34657,0,1,rG0lKoPr0L4
yt-34658,2,3,pXeOtkaIxgU
yt-34659,0,1,jOFElUa3gWo
yt-34660,1,2,TFLrk8BpaW8
yt-34661,2,3,noYgFT5PJmg
yt-34663,2,3,PXa0uBB_hzU
yt-34664,0,1,uRFP_2R1xlU
yt-34666,0,1,RnEiqCtr7Jc
yt-34667,2,3,uJMqn6Oxg_E
yt-34670,2,3,novideo-34670
yt-34672,0,0,DN8Y5hq8qro
yt-34673,2,3,z-mIKO8L-VI
yt-34674,0,1,PmjCh81hoMI
yt-34676,1,2,aVRANmm4TEQ
yt-34677,1,2,BxYx_iE4xYw
yt-34678,2,3,MhEQyO4-2o4
yt-34679,2,3,JimcBwl9V64
yt-34680,2,3,3aeJpHCTGMY
yt-34681,1,2,TtMlD1uTN7I
yt-34683,0,1,xYFR5YJ5gv0
yt-34684,2,3,kWdmzvLjozE
yt-34685,0,0,RnEiqCtr7Jc
yt-34686,0,1,3hO5ckTrfGE
yt-34687,0,1,3X9C26sUMYE
yt-34688,2,3,_QjGMChHEQc
yt-34689,0,1,pkHkW_fqb44
yt-34690,0,1,rZJT646i4TY
yt-34691,0,1,SrIO6uLxGl0
yt-34692,0,1,tVVxX1vBOX4
yt-34693,0,1,hBCCr6c7Lu4
yt-34694,0,0,novideo-34694
yt-34695,0,0,I0fDsCgxAdQ
yt-34696,0,1,enVaLQwf5zs
yt-34697,1,2,t_31b272Oi8
yt-34698,2,4,_kBt-B3CTHY
yt-34699,0,1,tJbx31WXc7g
yt-34700,0,1,QCSR6ETBoXA
yt-34701,1,2,rW1eGZ12ybg
yt-34702,1,2,m8uS-uA_rzQ
yt-34703,2,3,6u7B_yIiDb4
yt-34704,1,2,7jBNkBPx_90
yt-34705,1,2,1ArEBIAu8xc
yt-34707,2,3,BaL_Pj_9bYc
yt-34708,1,2,hTcoCeBQZlk
yt-34710,1,2,qB6Bd8nMMqI
yt-34711,2,3,fn4eih72BL0
yt-34712,2,4,HaWtHz5kZzI
yt-34713,1,2,d1RjUZsgmjI
yt-34714,0,1,_AVxGbtBQM4
yt-34715,2,3,6GToTDdN4FM
yt-34716,1,2,XgpfsHU6UJo
yt-34717,2,3,9hABSMgOZZQ
yt-34718,0,1,_-sXeX9ntsM
yt-34719,2,3,clTFpGUtAGY
yt-34720,1,2,TcAKOwaV8Cw
yt-34722,0,1,5RnscnAPNms
yt-34723,1,2,ukseilGW2Gk
yt-34724,2,3,MIzIGbAi5KE
yt-34725,1,2,bOMp3FbQ8aw
yt-34727,0,1,Fme9ppoKOCw
yt-34728,2,3,MbZJ1zJSxoY
yt-34730,1,2,IRObFMbFOIU
yt-34731,2,3,k8kkUye-uc0
yt-34734,2,3,Eifv1zrQF3A
yt-34735,2,3,uCPkx7vX6ek
yt-34739,0,1,s8FYT8f7IRk
yt-34740,2,3,n3fC2IzP_wE
yt-34741,0,1,HSnKRW7ffcY
yt-34742,2,4,5V8tB-EDlno
yt-34743,0,1,HvqZL7IH6Xk
yt-34745,2,3,UahP7R7l168
yt-34746,2,3,PdQNBw31sTc
yt-34747,1,2,yni-Rl_gvHo
yt-34748,0,1,C7wNAQe-Fzg
yt-34749,0,0,bn_YzAtS5oI
yt-34750,0,1,tJbx31WXc7g
yt-34751,2,3,3PGPV4tpqqI
yt-34752,2,3,Jh4tpeTceSg
yt-34753,1,2,uqbJrVvRj-g
yt-34754,2,3,vT7pKGCmA4w
yt-34755,2,3,SsSbu02eIIQ
yt-34756,1,2,m0SgrKsUk6c
yt-34758,0,0,1LIuln9Ymmo
yt-34759,1,2,72ZZYxLv_L8
yt-34760,0,1,RR4GngFLZmo
yt-34762,2,3,7kCc4g8vT1I
yt-34765,1,2,j8L1gYXm2hc
yt-34766,0,1,X2o8uACx4XI
yt-34768,2,3,Pe0SmG6Rzj0
yt-34769,2,4,9gGc3-cGYBA
yt-34770,1,2,b9i7HK8kno4
yt-34772,0,0,novideo-34772
yt-34773,2,3,1iWdbaO6PwY
yt-34774,2,3,RYF31ZNzERM
yt-34775,2,3,8cnhmXyC7bY
yt-34776,1,2,ROkG3HBWQ20
yt-34777,1,2,SF8clEjTXMk
yt-34778,2,3,novideo-34778
yt-34780,1,2,zeCZCU6b3ko
yt-34781,1,2,ABnjxb1X2Lg
yt-34782,2,3,9fahTyWlf64
yt-34784,1,2,owYZDV-7dZY
yt-34785,2,3,X_PAY1WOfFU
yt-34786,0,1,MzwruwQFHdQ
yt-34788,1,2,5w0fVPq1GMU
yt-34789,0,1,JA2Nfbe41hY
yt-34790,1,2,xNAyCs4OT9Q
yt-34791,2,4,Bm1Bkm_bQfU
yt-34793,2,3,roB6y6pEUoU
yt-34794,1,2,cRynh1rh1mM
yt-34795,2,4,_Kk5vwEVOIA
yt-34796,1,2,pkseu5q2vnU
yt-34797,0,1,novideo-34797
yt-34799,2,3,bgI0r1-k9Rc
yt-34800,1,2,r6TW-77T3CY
yt-34801,2,4,FYO3Tn1RSbM
yt-34803,2,3,wJbhkoOCFy4
yt-34804,0,1,t6thOJsPySY
yt-34805,0,1,nHaX-B-Najk
yt-34807,0,1,TAGD-6a8ius
yt-34808,0,0,wyC0A6GoBvM
yt-34809,2,3,2zXh1XqNU64
yt-34810,0,0,gKz40oYeHwg
yt-34811,2,3,kG9PeNIOUJ0
yt-34812,2,3,ZhPiWybyCQI
yt-34814,0,1,uJe6o_tiZ7M
yt-34815,2,3,o6oeKruB55M
yt-34816,0,1,lf4I_nXwsWY
yt-34817,0,1,UwUW1TGg_c4
yt-34818,1,2,Y-6dOXDBflA
yt-34819,2,3,mO37P5n95dA
yt-34820,2,3,dYfGYirFV6M
yt-34822,0,1,JJXvQPMqxCU
yt-34823,2,3,dkT9HlgHREY
yt-34824,2,3,q46a33Squ0w
yt-34825,2,3,JpNEGYikLK0
yt-34827,2,3,JA2Nfbe41hY
yt-34828,0,1,pXu9urbN6eA
yt-34829,2,3,M4yl9pIKqPc
yt-34830,2,4,0tYTvthMPXA
yt-34831,1,2,6AiouxF7YqY
yt-34832,1,2,72JQHbCpalg
yt-34833,2,3,vpoVEhc2Xgk
yt-34835,1,2,AxaIZ36B4C4
yt-34836,1,2,_xmSZTsBeME
yt-34837,2,3,mNs8SyB-TbQ
yt-34838,2,3,nqUzEDp6wFM
yt-34839,0,1,6eoSrQCrlqs
yt-34840,2,3,yLV4MyNTSvo
yt-34841,1,2,IwDoNLKJ-jE
yt-34844,1,2,meFcMIjGcwo
yt-34845,2,3,zMVlSPEhol0
yt-34846,1,2,XvT_n-62R0g
yt-34849,2,3,d87McwKQzk4
yt-34850,2,3,j84zsPtsDnU
yt-34851,1,2,HlWr0KxtfwM
yt-34852,2,4,C_1VjcKhQM8
yt-34853,2,4,PoJHFctgteM
yt-34854,2,3,jQB-_j5ZFgY
yt-34855,0,1,VmAXKMaVZns
yt-34856,2,3,5MFMC7A56cs
yt-34859,1,2,9R7vt0z2a9Q
yt-34860,2,3,7juyiFfCzJk
yt-34862,0,1,B-gvtCnHiOk
yt-34863,2,3,shc4A5SupfU
yt-34864,0,1,Dt2eWnujevo
yt-34866,1,2,IwDoNLKJ-jE
yt-34867,0,1,TAGD-6a8ius
yt-34868,0,0,NAd8E30O6kA
yt-34869,0,1,Wy93JRriQMw
yt-34870,0,1,UNyyd6eZNJU
yt-34872,0,1,WJi2dk1OpPM
yt-34873,1,2,5wjtrINkBgQ
yt-34876,2,3,__BeH8xh7y0
yt-34879,0,1,KoNsN022cwk
yt-34880,0,1,cfP0cBKHXo0
yt-34881,1,2,PkLeE7ksifI
yt-34882,2,3,vpoVEhc2Xgk
yt-34884,2,3,SM8dS9cXz8U
yt-34885,2,3,mZhm1zQ_RQg
yt-34886,0,1,uRFP_2R1xlU
yt-34887,2,3,IJ9vVLJA0Zw
yt-34888,2,3,zQiCkbGdrvE
yt-34889,2,3,ViZ_MpOdfq0
yt-34890,1,2,Jk9wVqK-23Y
yt-34893,0,0,E7wCds9ogtc
yt-34894,0,1,jiKAVpvLtCY
yt-34895,2,3,MQzpS_qfhY0
yt-34896,2,3,5HmcNcKSnbk
yt-34897,0,1,ofzqsr7mHVQ
yt-34898,0,0,Suex0bSJJCI
yt-34900,2,3,g1UhspNtUiQ
yt-34901,1,2,vcCoyEl_tpw
yt-34902,0,1,0a7QF9j61Es
yt-34903,0,1,zrjPubv0G-g
yt-34904,1,2,blCSl6aTdz4
yt-34905,2,3,cBElxl_X0D8
yt-34906,1,2,gesAw_OJbKk
yt-34907,1,2,cD1ewmnSKoQ
yt-34908,2,3,C_1VjcKhQM8
yt-34909,1,2,BFsvp5H9BH8
yt-34911,2,3,tAHK6E03ORo
yt-34912,0,1,UVwj3xZUaM4
yt-34913,2,3,Yq0EiGZrFlU
yt-34914,2,3,ZOUSjqTH1xk
yt-34915,2,3,NUjMUiuhpW4
yt-34916,2,3,vpoVEhc2Xgk
yt-34917,1,2,pKFULe6Mm38
yt-34918,2,3,m0_SMiOecko
yt-34920,2,3,94ZXzEDXZfU
yt-34922,2,3,LAQYgtk2ftA
yt-34925,1,2,eSGwiundVWQ
yt-34926,2,3,s6cE4yMHx18
yt-34927,0,1,c_zCxFHofPI
yt-34929,0,1,qkS_iEL_Zds
yt-34930,0,1,DN8Y5hq8qro
yt-34934,2,3,YoD3GqU9HJQ
yt-34935,2,3,nH6aJeWGH2U
yt-34936,0,0,novideo-34936
yt-34938,1,2,nxpgOdJv9WM
yt-34939,1,2,VfX5Qsy6opE
yt-34940,2,3,YoD3GqU9HJQ
yt-34941,0,1,9YJkNytyAp0
yt-34942,1,2,Jv6VLUr1dsI
yt-34943,2,4,eKcNKP-dVuE
yt-34944,0,1,pkseu5q2vnU
yt-34946,2,3,SYMIDfUibB4
yt-34947,0,1,uAcb5v-xeLs
yt-34949,2,3,SBsiT7R0z9g
yt-34950,1,2,novideo-34950
yt-34951,1,2,vpoVEhc2Xgk
yt-34952,2,3,_jvlVlpK-Dk
yt-34953,2,3,DC05VUtSHmA
yt-34954,2,3,DWZxxXpqYNQ
yt-34955,2,3,w2mEM_VPaZQ
yt-34956,1,2,8UH6G1LnXR8
yt-34957,2,3,9bZuk5HXK3k
yt-34958,0,0,tAHK6E03ORo
yt-34959,0,1,QAtPYVJzeZ4
yt-34960,0,0,gKz40oYeHwg
yt-34961,0,1,3b0sNMmOzWs
yt-34962,2,3,5v7r26uWu4M
yt-34963,2,3,enVaLQwf5zs
yt-34965,1,2,trk8YAemWY0
yt-34966,0,0,f1GpLD8XYtM
yt-34968,0,1,H0bKUYV7g44
yt-34969,0,1,UJ2IeurQuLM
yt-34970,2,3,h-p2bTSLEDo
yt-34971,1,2,UowHP8QnlEU
yt-34973,0,1,XiY9zlmxe8c
yt-34975,0,1,x6QDSYgZUqk
yt-34976,2,4,tqA8sNAPIYI
yt-34977,2,3,6R5MR4zgQMs
yt-34978,1,2,DonpxR7JgOI
yt-34980,1,2,gcZKZyPYXPc
yt-34981,2,3,ICLWKeTEPcU
yt-34982,1,2,Abq4vNaZH-w
yt-34983,0,1,FuZVA3s7b1c
yt-34984,2,3,8cnhmXyC7bY
yt-34985,1,2,mReNPLJ9tMc
yt-34986,0,1,euydimYmnpw
yt-34989,2,3,gzXMnlrrLHY
yt-34990,0,1,1lXW2GFQo_E
yt-34991,1,2,7zOzSXWYTck
yt-34992,1,2,ZS4_w1xK3OE
yt-34993,0,1,VkuFXSGqxe8
yt-34994,2,3,QHV2mUy_0PM
yt-34995,2,3,PROmjXgPRxU
yt-34998,1,2,ZwP_Yz9q5jw
yt-34999,1,2,OcWgfvbOips
yt-35001,1,2,EfLVg0iXx7c
yt-35002,0,1,jKxOOMvfdgw
yt-35004,1,2,oqhzw42jS38
yt-35005,1,2,J7_-oVm5njU
yt-35006,1,2,y_hy8DfxDsw
yt-35007,2,3,DC05VUtSHmA
yt-35008,1,2,qK0_SPwnars
yt-35009,1,2,BhDzgZmnYOA
yt-35010,0,1,vpoVEhc2Xgk
yt-35011,0,1,7u3jQ28biL0
yt-35012,2,3,iIrZh0QNkc0
yt-35013,0,1,4WjmHeDBQKc
yt-35014,2,3,y9UtWHfG31U
yt-35016,2,3,UBAY26elr-w
yt-35017,0,1,lf4I_nXwsWY
yt-35018,0,1,sdhYfgnmm78
yt-35019,2,3,HeJsUFtOE4M
yt-35020,0,1,TyXWUMxBGvo
yt-35022,2,3,yypLKij21-Y
yt-35023,0,0,VFuA_A53Nwo
yt-35024,0,1,0IUPr4zLkAY
yt-35025,0,1,EdNZv0KC2yk
yt-35026,2,3,MxfFpeqRV4g
yt-35027,1,2,O0btx0F03AQ
yt-35029,2,3,HmaUS2-fsRY
yt-35031,1,2,EznI14MhoQY
yt-35032,2,3,h6tZLECLPc8
yt-35034,0,1,hqyI0oV0FuM
yt-35035,0,1,NYJG2q_785s
yt-35036,2,3,I5pLLeWFheA
yt-35037,2,3,6G0mJZPsEjs
yt-35039,1,2,l153V0bQnbg
yt-35040,2,3,PxEP4kaCtTc
yt-35041,2,3,Fz0Pnfi5Bss
yt-35042,2,3,7E-h4GZQhDU
yt-35043,1,2,5AwtWNYnhxk
yt-35044,1,2,O-CizsprxaY
yt-35045,2,3,h6tZLECLPc8
yt-35046,2,3,Zs1EDD1p3r0
yt-35047,1,2,nkE6M85fay0
yt-35048,2,3,QQwQ90T1rjE
yt-35050,2,3,qSewJTbNyWg
yt-35051,0,1,novideo-35051
yt-35053,1,2,pphIQIqfw88
yt-35054,2,3,PROmjXgPRxU
yt-35055,2,3,WpAgZF1WMM8
yt-35056,2,3,BFsvp5H9BH8
yt-35057,0,1,miLVYyyjnzY
yt-35058,2,3,9FMxPk9gzQE
yt-35059,0,1,SosJ81s3AuQ
yt-35060,2,3,1MLCDr7l2Y0
yt-35061,1,2,mS5BFmVCH1o
yt-35062,2,3,IyjHWFl4sIY
yt-35063,2,3,K0L86I_QCEI
yt-35064,0,1,sZX5dh_NH80
yt-35067,2,3,i8XwPWlCHuA
yt-35068,1,2,pxNYd-XxSWY
yt-35069,0,1,rW1eGZ12ybg
yt-35070,2,3,0GwZgpgv8sk
yt-35071,0,1,RYo_HRts9mQ
yt-35073,2,3,5-dRwmUGcRk
yt-35075,2,3,LcUSIKVjXng
yt-35076,0,1,sauTZ1NAbmo
yt-35077,2,3,sXuskB0pRvY
yt-35079,2,3,t0bPU_ns7aE
yt-35080,2,3,mHg4Wat0bdc
yt-35081,2,3,FqfaM7yKapo
yt-35082,0,1,c5iDK70GOvI
yt-35083,2,3,h2PQapY-neg
yt-35084,2,4,goG7eF5wm-Q
yt-35086,0,1,lNxpRA-0mpQ
yt-35087,0,1,tel7sSoMpsA
yt-35088,1,2,OVlJczrBw0k
yt-35089,0,1,novideo-35089
yt-35090,1,2,4VImN5IGhrw
yt-35091,1,2,8Qip9z2fX3E
yt-35092,2,3,DR_CsQVK1Bk
yt-35093,1,2,4WrHocm3Yow
yt-35094,2,4,pzTgsdFxN68
yt-35095,2,3,6K0qqR-yEz8
yt-35096,0,1,lZSuDQVeFBE
yt-35098,2,4,kM_svR67v6M
yt-35099,1,2,AXBzzjAIDk8
yt-35100,1,2,aO7D8vwY_u8
yt-35101,2,3,e3WKawHFZB0
yt-35102,0,1,4WDKcP0j6kE
yt-35103,0,0,p0m2a6Bie28
yt-35104,2,4,ac8_fPJ9sAg
yt-35106,1,2,jbNqtTA-K9M
yt-35107,1,2,tm3SnDw9xqI
yt-35108,1,2,DmEwUihbsDM
yt-35109,2,3,EKZr3ieOf70
yt-35110,2,3,novideo-35110
yt-35112,0,1,novideo-35112
yt-35113,0,1,Mepg880BIf0
yt-35114,0,1,tsdpYfmEnng
yt-35115,1,2,OVlJczrBw0k
yt-35116,0,1,k6sTWUYF3Vk
yt-35118,1,2,kSzFiprVTHk
yt-35119,2,4,yqOZ74mR-gI
yt-35120,2,3,xcH3d0w9Xxw
yt-35122,1,2,novideo-35122
yt-35123,0,0,_TtJdmFFgO8
yt-35125,1,2,NY3X_6i4eME
yt-35127,2,3,M6mcxd-Y_xE
yt-35129,0,1,C7lvWsgefy0
yt-35130,1,2,m0_SMiOecko
yt-35132,2,3,Ku1VllsV2yg
yt-35133,1,2,KfMjonAEbAc
yt-35134,1,2,LcUSIKVjXng
yt-35135,2,3,IK8sXuSDBDo
yt-35136,2,4,sX5ORTz9SAo
yt-35137,2,3,ROPJbdR_o2E
yt-35138,0,1,a0q1R8adOEs
yt-35139,1,2,OC0Rd7Mh2S0
yt-35142,1,2,iyFGvs20TSY
yt-35143,1,2,jUomcgThoPk
yt-35144,0,1,unB18Si-rwg
yt-35145,2,4,0adDCIPFUX4
yt-35146,0,1,he5KrEXE12g
yt-35147,2,3,CRTVd9zlMvs
yt-35149,1,2,-2c8iSIZsiM
yt-35150,0,1,1amSL0WIS-Y
yt-35151,2,3,wrRrWxAkh-E
yt-35152,0,1,P7BwzwS2oio
yt-35153,0,1,i5Kybh7ZtEs
yt-35154,2,3,7kCc4g8vT1I
yt-35155,2,3,SXkCrkH_E1M
yt-35156,1,2,Uo72ijyLlGU
yt-35157,2,3,IfkRHTy---4
yt-35158,2,3,5etBJ2O6OpA
yt-35159,2,3,9FM4zAbjJHE
yt-35160,2,3,mZhm1zQ_RQg
yt-35161,1,2,3sJ9hxIKLVk
yt-35162,0,1,XeODiGQcQTg
yt-35163,0,1,ESM6xWYAJOc
yt-35164,0,1,novideo-35164
yt-35165,2,3,McVmEme1yYc
yt-35166,1,2,_0hb2U46nZE
yt-35167,2,3,ALCbUmCuc5k
yt-35168,1,2,IXUXMGFwHqI
yt-35170,1,2,MyB614iZ6mQ
yt-35171,0,1,OSA_emHHQTM
yt-35172,2,3,v9D3PKmtfYA
yt-35173,0,1,I8RiLg8jLtc
yt-35174,1,2,kgUt_QTMdCo
yt-35176,0,0,tuqPFKF5NJo
yt-35177,2,3,UKpExvEDGx8
yt-35179,2,3,qIceQUNrIxA
yt-35180,2,3,ONfMmSNXUzc
yt-35182,2,3,lXvo5vZ4jH8
yt-35184,2,3,yLV4MyNTSvo
yt-35185,1,2,m0_SMiOecko
yt-35186,2,3,L2ievKIPbJk
yt-35187,0,1,R5f00nmec-g
yt-35189,2,3,dL7aqrHoPOo
yt-35190,0,1,7lKJSB-Jfws
yt-35191,0,1,IAb3PNtxLxc
yt-35192,2,3,1YZ5yFrk090
yt-35193,1,2,XURGDvpcYTM
yt-35194,0,1,KegD4bPFIIM
yt-35195,0,1,TdsW4iTCCi8
yt-35196,0,1,novideo-35196
yt-35197,0,1,yoD6NIPfS_8
yt-35198,2,3,t36UFQm30qg
yt-35199,2,3,TwR5q8GsHtI
yt-35200,0,0,Ep61tpBLF_k
yt-35201,1,2,LT55cjmCvEM
yt-35202,0,1,5avp0RiGpjk
yt-35203,0,1,sBcv58DvnTc
yt-35204,2,3,J9e-b-mek9A
yt-35205,2,3,IYdka-GzYSY
yt-35206,0,1,4IpwETPUosc
yt-35207,1,2,DG1Wx_AMIhk
yt-35210,2,3,QokMrwVKzZY
yt-35211,2,4,igQPJVTekh4
yt-35212,2,3,mD_D1JArYZE
yt-35213,2,3,a2R29Br5rpk
yt-35214,1,2,Pe0SmG6Rzj0
yt-35216,0,1,uSadPbsm1lo
yt-35217,0,1,ls6IbacKL28
yt-35218,0,1,hCN0s8-iS-o
yt-35219,2,3,m0_SMiOecko
yt-35221,2,3,novideo-35221
yt-35222,1,2,LnbWU6yGQOc
yt-35223,2,3,4pQwwlwEIEk
yt-35224,2,4,SxaQU9wGpsg
yt-35225,1,2,QYxldbK5nQc
yt-35227,2,3,wH-aOw0aHHI
yt-35229,0,1,EDH5TMcB4Ec
yt-35230,2,3,hj-M5lR-NCc
yt-35231,1,2,gc6LX9aGLtc
yt-35232,2,3,_0hb2U46nZE
yt-35234,1,2,BHuVISvio2Y
yt-35235,2,3,E4JinWhJlP4
yt-35237,2,3,LfoIa6KAj24
yt-35238,0,1,dOFQL-liask
yt-35239,2,3,oHibNbmAZ8w
yt-35240,0,1,oHibNbmAZ8w
yt-35241,0,1,uR9hQlCwQx8
yt-35242,1,2,59Yewhl1veE
yt-35243,0,0,TgjOCaH5RX4
yt-35245,1,2,zS8XbFF9IXY
yt-35246,0,1,novideo-35246
yt-35247,1,2,0kmV0DrvIi8
yt-35248,0,1,Vo_yNGKR8MI
yt-35249,2,3,EdNZv0KC2yk
yt-35250,0,1,novideo-35250
yt-35251,0,1,vTPFSwH5E4c
yt-35252,2,3,KOVYdaWkHuA
yt-35253,1,2,ZgXytoL8e3Y
yt-35255,0,1,odjIjCsTB_M
yt-35257,1,2,1VTLzDSRNCE
yt-35258,0,1,Yp8uPRER_rM
yt-35259,2,3,1YZ5yFrk090
yt-35260,0,1,FVKQYlF_nJk
yt-35261,2,3,Uo72ijyLlGU
yt-35262,2,3,l4G6K9iN1dQ
yt-35263,1,2,-oS9HSxcsC4
yt-35264,1,2,vcCoyEl_tpw
yt-35265,1,2,YD3OakzpBLc
yt-35266,0,0,ZS4_w1xK3OE
yt-35267,2,3,Y75S3K2qeo0
yt-35268,1,2,pXeOtkaIxgU
yt-35270,1,2,V4inXNDVL5M
yt-35271,0,1,qpGHlrNOrRU
yt-35273,1,2,bhHA03bIALU
yt-35274,0,0,l3tGXxS6QxM
yt-35275,0,1,kGa-nn51AaY
yt-35277,2,4,sX5ORTz9SAo
yt-35279,0,1,yEMY0GeVMsE
yt-35280,0,1,OOOhBmWQiy8
yt-35282,0,1,novideo-35282
yt-35284,0,1,KdgSw94DlVk
yt-35285,2,3,UgAD2hx0fs8
yt-35287,0,1,Y75S3K2qeo0
yt-35288,2,3,odnvmjcAVcI
yt-35289,0,1,ER_YyYb7I4w
yt-35290,2,3,07elfppOTmY
yt-35291,2,3,xtGv_kgHPE8
yt-35294,2,4,XoWjS1znGEA
yt-35295,1,2,sXuskB0pRvY
yt-35296,0,1,NIEAfvKRuls
yt-35297,1,2,BDcXPJgyLuM
yt-35298,2,3,3TycaVO0Rso
yt-35299,1,2,0IUPr4zLkAY
yt-35300,1,2,oZN2Ni9yXB4
yt-35301,2,3,JnAfkpvE4kg
yt-35302,1,2,SQ9kgXBHTnQ
yt-35303,2,3,lZJ5okn5ayI
yt-35304,2,4,M8uCURRC8RA
yt-35305,2,3,BFuz4UsYRVo
yt-35309,0,1,EI0V3CEQOtA
yt-35311,2,3,unB18Si-rwg
yt-35314,2,3,jE2A55tf_YY
yt-35315,1,2,hBtfgqgrFEc
yt-35316,2,3,TBZ-uIvKdvI
yt-35317,2,3,c50Ko7lH8Jc
yt-35318,1,2,rzJV7tJIXjA
yt-35320,2,3,odrKf9R6ELk
yt-35321,1,2,fulCCOU6joE
yt-35322,0,1,8dY3MlkvDnw
yt-35323,1,2,Poy35rRTf3Y
yt-35324,0,1,3L8baN4Cwx0
yt-35325,0,1,novideo-35325
yt-35326,2,3,bjHBKNbElBk
yt-35327,2,3,1RR2DRRF7fI
yt-35328,0,1,_00PNeVGiZU
yt-35329,0,1,URYu8gilAgo
yt-35331,1,2,2BReEkJPFF8
yt-35332,2,4,h3EFevb9N6Y
yt-35333,0,1,novideo-35333
yt-35334,2,3,wAx7pesU_ac
yt-35335,0,1,GFijMEvTFpU
yt-35337,2,3,gIxLCRMY2Ag
yt-35338,0,1,nakebCe2sqw
yt-35339,0,1,tiHkua_i__0
yt-35340,2,3,2CRDRGUW1Yo
yt-35341,2,3,1VTLzDSRNCE
yt-35343,0,1,s6pRiWORI2I
yt-35344,0,1,6DM6PpT2vqc
yt-35345,2,3,7aPFWOHGGyw
yt-35347,0,1,9KOMrYH6yJI
yt-35348,2,3,TiobL7E34jI
yt-35349,2,3,novideo-35349
yt-35351,0,1,rDgsBpg0vT0
yt-35354,0,1,Gj2U8m5-USk
yt-35355,1,2,OXyF3LvlBXE
yt-35356,2,3,XuqPR27oORw
yt-35357,2,3,EzYU2N5VrJk
yt-35358,0,1,Nm8on_ZzXQc
yt-35360,0,1,wz4kx0rtbkA
yt-35361,2,3,y-43jnpJONI
yt-35362,0,1,aSbKjur9Nzk
yt-35363,2,4,V0Va_HxkKps
yt-35364,2,3,CBVGd8NfMxk
yt-35365,1,2,zTWaXO4gEcs
yt-35366,1,2,1XLPf4hV_ek
yt-35367,2,3,kgUt_QTMdCo
yt-35369,0,1,QCn7RK5TvGk
yt-35370,2,3,m0_SMiOecko
yt-35371,1,2,VkuFXSGqxe8
yt-35372,0,1,wz4kx0rtbkA
yt-35374,2,3,6WxP5aK25K8
yt-35375,0,0,F85faLwfcBI
yt-35376,0,1,4NQFwvuWOFs
yt-35377,2,3,vpoVEhc2Xgk
yt-35378,2,3,245tJt9MIgU
yt-35379,1,2,26j9hwLQHxk
yt-35380,2,3,2JTEif5nb_Y
yt-35381,1,2,-k2e_2zhrcU
yt-35382,0,1,OOOhBmWQiy8
yt-35383,0,1,Koe0yir7QFU
yt-35384,2,3,kHwHSMPne2U
yt-35385,2,3,CFTyyxTabmE
yt-35386,0,1,bg381g6iEu8
yt-35387,1,2,ffyk6ABUK1Y
yt-35388,2,3,VkuFXSGqxe8
yt-35389,1,2,ySqcW7RD1nU
yt-35390,0,1,FuZVA3s7b1c
yt-35391,2,3,PCFpZ0u_fyM
yt-35392,2,3,xwVlyRlmiQg
yt-35393,0,1,IRObFMbFOIU
yt-35394,1,2,Z9k5dWX3Vlc
yt-35395,2,3,40ns51R4HwY
yt-35396,2,4,ubWoy6ZvIG8
yt-35399,1,2,YoD3GqU9HJQ
yt-35401,2,3,MZPWWwqkocg
yt-35402,0,1,58jW4L1NrV4
yt-35405,0,1,eBTe1JIVAMo
yt-35406,0,1,XaohDrqbISg
yt-35407,0,1,NlUb4NEi1wg
yt-35408,2,3,yLV4MyNTSvo
yt-35409,2,3,C3z79NQUX28
yt-35410,2,3,qh85fT3ARe8
yt-35411,0,1,P051rbLjttY
yt-35412,0,0,999_8ibxCj0
yt-35413,0,1,g77vxjbbNUg
yt-35414,2,3,YFM8Axmv-jc
yt-35415,1,2,cr_fkWPnvDw
yt-35417,0,1,OhwD1UD-5Sw
yt-35419,1,2,NJAynZCKKbs
yt-35420,1,2,pWyU3sCuopQ
yt-35421,2,3,C_1VjcKhQM8
yt-35422,0,1,QABcwbmN8Ms
yt-35423,2,3,tvDL3pOjA8Y
yt-35424,2,3,ZOUSjqTH1xk
yt-35425,0,1,novideo-35425
yt-35427,0,0,GCay3-U9pxE
yt-35428,0,1,OUdkJZ24Xfg
yt-35429,1,2,1VRlsD09id8
yt-35430,0,0,-VYypiFjA3I
yt-35431,1,2,JeFaQd2fq-8
yt-35432,1,2,50_ePQkWBhE
yt-35434,2,3,a2R29Br5rpk
yt-35435,0,1,zoXFDPV7FL4
yt-35436,1,2,VkuFXSGqxe8
yt-35441,1,2,5lXeSCXnxjI
yt-35442,1,2,J9e-b-mek9A
yt-35443,1,2,Xx1Uqc41MUs
yt-35447,2,3,Zu90jlvKgYo
yt-35449,0,1,Z3_umP8CgBs
yt-35450,1,2,Pe0SmG6Rzj0
yt-35452,0,1,q4Z-yyj7u4Y
yt-35453,0,1,n8oT4aVd5Fg
yt-35454,2,3,novideo-35454
yt-35455,0,1,tWSAeOxCdI8
yt-35456,0,1,ncAJajglUD8
yt-35457,1,2,OUdkJZ24Xfg
yt-35458,0,1,hu2Dt5ksXfg
yt-35460,0,1,Z3_umP8CgBs
yt-35461,1,2,87YSAS3LJlw
yt-35462,0,1,SLR2vFb-DBw
yt-35463,2,3,ktwETEMGT6k
yt-35464,1,2,zdBGYPkWo5Q
yt-35465,0,1,76zHukv5Tro
yt-35466,2,3,DC05VUtSHmA
yt-35467,0,1,U5nSgJE-bfQ
yt-35468,0,1,miyR7b0h7Eo
yt-35469,0,1,CWgX1XGKDpk
yt-35470,0,1,uzYdEkQzyaw
yt-35471,1,2,bub0rhqY_5Q
yt-35472,2,3,xcH3d0w9Xxw
yt-35473,2,3,kKzQScAZ-rA
yt-35474,2,3,V-nZDGMn4tA
yt-35476,1,2,bFyYp_SiIac
yt-35478,0,1,ERUZo-m4V2U
yt-35479,2,3,JeFaQd2fq-8
yt-35480,1,2,OHtcW08UyIg
yt-35482,2,3,pXeOtkaIxgU
yt-35483,2,3,wFztsXioKFc
yt-35484,0,1,-VWrqKzVXDw
yt-35485,2,3,OZ3vlbLeWi0
yt-35486,0,1,ZS4_w1xK3OE
yt-35487,2,3,tCfU8b-XWHI
yt-35488,1,2,CJJybu_4WEc
yt-35489,2,3,dYBUHBF-yLo
yt-35490,1,2,3sJ9hxIKLVk
yt-35491,0,1,0g1MMPWhojg
yt-35493,0,1,DqTClMAbWGw
yt-35494,0,1,6Pz9gwqIa7o
yt-35495,0,1,Cz7Hc4cgSX0
yt-35496,0,0,-HcWLnb6EJs
yt-35497,0,1,rb6xDZ6OGSQ
yt-35499,1,2,iZN_hzqcYBo
yt-35500,2,3,fYXfRVrPU2E
yt-35501,2,3,76zHukv5Tro
yt-35502,1,2,eoyh3d9Shlw
yt-35503,1,2,-Fa-n9q-WJQ
yt-35504,1,2,W93B7cSaKLg
yt-35505,2,3,fZAgIUH2DMs
yt-35506,2,4,LbmOatgx-34
yt-35508,2,4,TM1VmKAh1HU
yt-35509,0,1,CDruWcM6oH4
yt-35512,0,1,ZZ5oqJMmJQM
yt-35513,1,2,m0_SMiOecko
yt-35514,1,2,3VSLzONf1fw
yt-35516,0,1,kZcGEKUkWRQ
yt-35517,0,1,mSk3DGJCmrc
yt-35518,2,3,CTuOuqdsBxI
yt-35519,2,3,pY4yYLRINJ4
yt-35521,2,3,m0_SMiOecko
yt-35522,0,1,novideo-35522
yt-35523,2,3,RffjlOYCPCM
yt-35524,2,3,novideo-35524
yt-35525,2,3,6PVy8T-Uf7I
yt-35526,0,1,APAvwKa3jIc
yt-35527,1,2,3QZm3rjYPPA
yt-35528,2,3,48PPfoY1Rc4
yt-35529,2,3,jKmcHlOGHJk
yt-35530,0,1,AMjmBU1B2O8
yt-35531,2,4,HCppZLJzGjo
yt-35532,0,1,m0_SMiOecko
yt-35533,1,2,v4RiM8y89og
yt-35535,2,3,FqfaM7yKapo
yt-35536,0,1,qFwLz1W3Yk4
yt-35537,0,1,_-sXeX9ntsM
yt-35538,0,1,ReTb4HYHIRk
yt-35541,0,0,ALp6QjF3rZo
yt-35542,0,1,72ZZYxLv_L8
yt-35543,2,3,6CDVijRO7QI
yt-35544,0,1,tuqPFKF5NJo
yt-35545,1,2,jtLPh05c6k4
yt-35546,1,2,XMl_CVGlUPs
yt-35547,0,1,nyc3QgMmclU
yt-35549,0,1,4_30FyppPXE
yt-35550,0,1,921o5dhjI5w
yt-35551,2,3,vI1P16MO6IM
yt-35552,2,3,V_ixYuyqKQ4
yt-35553,1,2,UgAD2hx0fs8
yt-35554,2,3,_AJ9P_XCCcE
yt-35556,0,0,lJtc7SO8rWE
yt-35557,0,1,E8DG2Z0Gyy0
yt-35558,0,1,VkuFXSGqxe8
yt-35559,0,1,M42tw_Fxa2s
yt-35560,2,3,8cnhmXyC7bY
yt-35561,0,1,MAVS-JU9Go0
yt-35562,0,1,MuG1QzvkJmc
yt-35563,2,3,y3Xi0DQIaG4
yt-35564,2,3,dYBUHBF-yLo
yt-35565,0,1,rysufXzqcIs
yt-35566,0,1,cCJi_9GV44c
yt-35567,0,0,novideo-35567
yt-35568,0,1,ZS4_w1xK3OE
yt-35569,1,2,U1OQwpLCDLQ
yt-35570,0,1,kV6dzM7Au7w
yt-35571,1,2,s274dj97BW4
yt-35572,0,1,ImokHF3R2_M
yt-35574,2,3,izjmMyE5mq8
yt-35575,0,1,novideo-35575
yt-35576,2,3,ajsBs5KKc88
yt-35577,2,3,m0_SMiOecko
yt-35579,1,2,Jv6VLUr1dsI
yt-35580,2,3,C3z79NQUX28
yt-35581,2,3,86PRU2XXSi8
yt-35582,2,3,_FoIY4MdolE
yt-35583,0,1,lhybk5ezm9A
yt-35585,2,3,-IHg6TbyyL4
yt-35586,0,1,z6IQFni41r4
yt-35588,0,1,gHg7pDXS8vc
yt-35590,2,3,BtNBhnz1hBM
yt-35592,0,1,B_zuJgwbTGQ
yt-35594,0,1,zWX4DgOGfPA
yt-35595,2,3,NNZuxGshC-w
yt-35596,1,2,aqmdbOdepJE
yt-35598,0,1,M8cON8wr35Y
yt-35599,2,3,Fpo_OmFwiBA
yt-35600,1,2,3qUsLgM_3aA
yt-35601,2,3,F9MctqJgJVk
yt-35602,0,1,YQ0rVn74RRU
yt-35603,2,4,sqYzLF4ATYY
yt-35604,0,0,9ssRFwEmiYc
yt-35606,2,3,C3z79NQUX28
yt-35608,2,3,C3z79NQUX28
yt-35609,2,3,K8YR_XyzEyI
yt-35610,2,3,nytpJhM15Ps
yt-35611,2,3,TEc0hbzEt70
yt-35612,2,3,jVVo3io5J3A
yt-35614,0,1,K0xQwPkfzzo
yt-35615,2,3,ibHsqf7reVA
yt-35616,2,3,1WUgBGP-vlM
yt-35617,2,3,yuX-zBLlkpA
yt-35618,1,2,UBAY26elr-w
yt-35619,0,1,ZxHpXD_LDxQ
yt-35620,2,3,9nQPBECsu6k
yt-35621,2,3,P1amCSIPKF8
yt-35622,0,1,NyD_PopoHjc
yt-35624,0,1,1wyLurDKvf4
yt-35625,0,1,uqbJrVvRj-g
yt-35626,0,1,1AqAmoMfAZs
yt-35627,0,1,u3X5ZuX5Pk0
yt-35628,2,3,t6pEts5IV3E
yt-35629,0,1,rb6xDZ6OGSQ
yt-35631,1,2,PqH8VDPjGrE
yt-35633,1,2,WSCH4FRaRyQ
yt-35634,0,1,5yrJD3OqzYM
yt-35635,1,2,AuFArbFXeVY
yt-35636,2,3,q04f_Fcq1uc
yt-35637,1,2,xT7GPxG3f-o
yt-35640,2,3,Svu_1UwiOAc
yt-35643,2,3,m0_SMiOecko
yt-35644,1,2,0crZP-Toib4
yt-35645,0,0,npu1sASOflU
yt-35647,2,3,1VTLzDSRNCE
yt-35649,0,1,nfaADx4pcX8
yt-35650,0,1,Lf3Hnn4lOqo
yt-35651,0,1,Wh2xYsSMkfs
yt-35652,1,2,4UsWJHQ98yw
yt-35653,2,3,MJJYgZFTjso
yt-35654,1,2,7kCc4g8vT1I
yt-35656,2,3,m0_SMiOecko
yt-35657,0,1,DhIpnenH2OY
yt-35659,0,1,Zf6X13J1UFs
yt-35660,1,2,SvP9zf0oOgI
yt-35661,0,1,YD3OakzpBLc
yt-35663,2,4,H9dZpJgwcx8
yt-35664,0,1,CFTyyxTabmE
yt-35666,2,3,n13nuq1wAAo
yt-35667,1,2,Y-M4r9MXOTQ
yt-35668,2,3,HDA15DCcY5s
yt-35669,0,1,yuhO8zdMs8A
yt-35670,0,1,MiycZn4WOrs
yt-35671,2,3,pS_3vJ6ry40
yt-35672,1,2,sjC-Xoo_WGE
yt-35673,2,3,pb4qYO7o8wA
yt-35674,2,3,ar_SIWMZakk
yt-35675,2,3,m0_SMiOecko
yt-35676,1,2,2nEEkMsLkTI
yt-35677,2,3,xk5jUWlygLc
yt-35678,1,2,8ovNXtyXEQA
yt-35679,2,3,KhnjDr7Vm5U
yt-35681,2,3,XDw2nWPk6c0
yt-35682,2,3,v_ZXo7lSNpA
yt-35683,2,3,YoD3GqU9HJQ
yt-35685,2,3,m0_SMiOecko
yt-35686,2,3,uMSiFKzpk9Q
yt-35687,2,3,pIBlRK4pjcQ
yt-35688,2,3,BABRe53fna4
yt-35689,2,3,m0_SMiOecko
yt-35690,2,3,mSAWbrM7fYk
yt-35692,2,3,wJbhkoOCFy4
yt-35693,0,1,FuZVA3s7b1c
yt-35694,2,3,_jvlVlpK-Dk
yt-35695,0,1,td4VFyTDeqo
yt-35696,0,1,nkE6M85fay0
yt-35697,2,3,xcH3d0w9Xxw
yt-35698,2,3,XNRMnmF08KU
yt-35699,2,4,CO4XgPbOT2I
yt-35700,0,1,novideo-35700
yt-35701,0,1,rW1eGZ12ybg
yt-35702,0,1,xYFR5YJ5gv0
yt-35703,2,3,uu2zRlPidNk
yt-35704,1,2,yni-Rl_gvHo
yt-35705,1,2,v7bOh-_0KFY
yt-35707,2,3,zMVlSPEhol0
yt-35708,0,1,QsCUxVoxwyE
yt-35709,1,2,nRvjb4VG2K8
yt-35710,0,1,ZpqJgmftaTg
yt-35712,0,0,ny4v-VEU9dg
yt-35713,1,2,aXzIxPjRbrs
yt-35715,2,3,WOdUJoLRfSc
yt-35716,0,1,novideo-35716
yt-35719,2,4,w6jbE2JwY7w
yt-35720,0,1,Uu1kq3DTG1Y
yt-35721,0,0,UeDbG3p089s
yt-35722,2,3,dJ4bdsd906I
yt-35723,1,2,MQzpS_qfhY0
yt-35724,0,1,jUqj2nP5Du8
yt-35725,2,4,ZOUSjqTH1xk
yt-35726,0,1,HvqZL7IH6Xk
yt-35727,0,1,4C-g_Bo801U
yt-35728,0,1,lP5vcq9ZU68
yt-35731,2,3,dqmotPG_NLY
yt-35734,0,1,AH04FhKNOoc
yt-35735,2,3,6mhlN0VdTmY
yt-35736,2,3,wP9JBgcQBhQ
yt-35737,1,2,M4yl9pIKqPc
yt-35738,1,2,VFuA_A53Nwo
yt-35739,2,3,qh85fT3ARe8
yt-35740,0,1,novideo-35740
yt-35742,2,3,LkyRGsPVLOw
yt-35743,0,1,mTqB1N1Tiac
yt-35744,0,0,l8xUFhkVwIM
yt-35745,0,1,TpFVF8c5WhU
yt-35746,2,3,GemLwiSZ5Po
yt-35747,2,3,epwXjvLUr7E
yt-35748,1,2,jtUHLaX7HLw
yt-35749,0,0,dy3tnOyu40g
yt-35750,2,3,dHbpebpLoP8
yt-35751,0,1,8ochocxoUmc
yt-35752,1,2,novideo-35752
yt-35753,0,1,QCWBVYEUJbA
yt-35754,2,3,jE1iWiEBNag
yt-35755,2,3,-FaGJnNGiCU
yt-35756,2,3,PC0mpXXpir4
yt-35757,1,2,ekiO4ZMZxyE
yt-35758,0,1,8QU2Z3-cBo0
yt-35759,0,1,3hsJ0hCLx5o
yt-35760,2,3,VvJM0v-vPkE
yt-35761,0,1,SjBG8p6snGg
yt-35762,1,2,novideo-35762
yt-35763,0,1,dYBUHBF-yLo
yt-35764,1,2,ZpqJgmftaTg
yt-35766,0,0,0IUPr4zLkAY
yt-35767,1,2,i9MdqWsw820
yt-35769,2,3,9c7pCSdjJkA
yt-35771,2,3,hpyMY-xX5jM
yt-35772,2,3,1u4L9w2IMtU
yt-35773,1,2,_yxScFRr57U
yt-35774,0,1,nAOy7C5XTjw
yt-35775,1,2,KnbW9KxU_EI
yt-35778,2,3,tYrKjj2apL8
yt-35782,2,3,KnbW9KxU_EI
yt-35785,1,2,7o7snunQon0
yt-35786,1,2,bSD15awGihE
yt-35787,0,1,W93B7cSaKLg
yt-35788,1,2,ABnjxb1X2Lg
yt-35790,2,3,6SdmGg9b4ac
yt-35792,2,3,dhfV1KJQ054
yt-35793,0,1,KuM6bF3dJAc
yt-35794,2,3,p4frTp4QxPM
yt-35795,1,2,IzGR6FIYTio
yt-35796,2,3,m0_SMiOecko
yt-35797,1,2,7FXVFkHBNd8
yt-35798,0,0,-SEgqkHq8-s
yt-35799,2,3,tgyKAdnusJQ
yt-35800,1,2,WOdUJoLRfSc
yt-35801,2,3,DeedryL83Rg
yt-35802,0,1,rD_ketmxFy0
yt-35804,0,1,HEPBwkiVYBk
yt-35805,2,3,S3-10fdPynk
yt-35807,2,3,72eD7O5iKP8
yt-35809,0,1,FfXVzl00shs
yt-35810,0,1,yHNSkqg1xfg
yt-35811,0,1,y8DfkSGqNN8
yt-35812,2,3,mZhm1zQ_RQg
yt-35813,1,2,yqOZ74mR-gI
yt-35816,2,3,KGoqwWGNnUI
yt-35817,0,1,WmXhCkKEVI0
yt-35818,1,2,ZL6-nQZwjSo
yt-35819,1,2,tAHK6E03ORo
yt-35820,0,1,lZJ5okn5ayI
yt-35821,0,1,ATantFhUgmU
yt-35822,1,2,5WxZFYCpy54
yt-35823,0,1,4nPZtcbOTEE
yt-35824,0,1,Pd4lKbn7h6I
yt-35825,0,1,rZJT646i4TY
yt-35826,2,3,eDX0qU-5VZw
yt-35828,0,1,IyoZBHfRydM
yt-35829,2,3,novideo-35829
yt-35831,0,1,8vCd8p99P6Y
yt-35832,2,3,N7GxJ1y7t0s
yt-35833,0,1,D3paPkhsgms
yt-35834,0,1,kJUid2LBErw
yt-35835,1,2,AuFArbFXeVY
yt-35836,0,1,bOMp3FbQ8aw
yt-35837,2,3,-V1Lx8awqog
yt-35838,2,3,OfDXfAAAF4k
yt-35839,0,0,OuQXqDuayTU
yt-35841,0,1,tNqB59WBAZs
yt-35842,1,2,4pIncVG1SRY
yt-35843,2,4,8ochocxoUmc
yt-35844,0,1,d3-ZO8viWdI
yt-35845,0,1,novideo-35845
yt-35846,1,2,SOWsUZozSuQ
yt-35848,0,1,j2uhTjJMS_E
yt-35849,2,3,7pMd3-LjOdc
yt-35850,2,3,pXeOtkaIxgU
yt-35853,1,2,UbJQAcRy9gE
yt-35854,2,3,_zg4pI-Qndc
yt-35855,2,3,Z1v2KshhOCI
yt-35856,2,3,bjSJuZFYleU
yt-35857,2,3,z6o6I25klrc
yt-35858,0,1,mqMeouONWoI
yt-35860,1,2,PatLKH9RRPg
yt-35864,2,3,WfshEpeYqSo
yt-35865,2,3,novideo-35865
yt-35866,1,2,WmetYk_ZfHU
yt-35867,0,1,d3-ZO8viWdI
yt-35868,2,3,DGSDcAuv9vQ
yt-35869,1,2,ROkG3HBWQ20
yt-35870,1,2,UBAY26elr-w
yt-35871,1,2,ZpqJgmftaTg
yt-35872,2,3,unI3wBfYeAI
yt-35873,1,2,VkuFXSGqxe8
yt-35874,0,1,teD2iHv2hZ8
yt-35875,2,3,vI1P16MO6IM
yt-35876,0,1,0xITW_W-Q0M
yt-35877,2,3,ecP7pOzPfRg
yt-35878,0,1,x6QDSYgZUqk
yt-35880,1,2,J2Vube6fIwk
yt-35881,2,3,GnNhD6iPgXw
yt-35882,1,2,vhMsCpu2z9o
yt-35883,0,1,o5pmP2qGl0Y
yt-35884,0,1,ur7RUOor4vQ
yt-35885,0,1,_AFqjq3X2Kk
yt-35887,0,1,9LunLPtO8ik
yt-35888,0,1,URYu8gilAgo
yt-35889,0,1,BBSVM4juSk0
yt-35890,2,3,FZF9bSqt3xA
yt-35891,2,3,1VTLzDSRNCE
yt-35892,0,0,91gK8yAJnkE
yt-35893,0,1,5lXeSCXnxjI
yt-35894,2,4,j84zsPtsDnU
yt-35896,2,3,y_e4mXutzjA
yt-35897,2,3,tAHK6E03ORo
yt-35899,0,0,pkseu5q2vnU
yt-35900,0,1,_4E8HOyqHEQ
yt-35902,0,1,6TLvvR20z-M
yt-35903,1,2,pXdKUWlLH0g
yt-35904,2,3,AVSr29gn1Uk
yt-35905,1,2,9e4SzOy8bbQ
yt-35906,0,1,4nPZtcbOTEE
yt-35907,0,1,fDkD5sKG7vs
yt-35908,0,1,BPxHPsHJ80U
yt-35910,0,0,95b_Jc4mWPA
yt-35911,0,1,4Tfdp1jgoTU
yt-35912,2,3,_mU3V-hPEhg
yt-35913,2,3,VBmpKaC_z0Q
yt-35914,0,1,RnEiqCtr7Jc
yt-35915,0,1,ldfO9Z5fxtc
yt-35916,2,3,5MFMC7A56cs
yt-35917,0,1,YFM8Axmv-jc
yt-35918,1,2,Uo72ijyLlGU
yt-35919,2,3,x56_pH5OCkU
yt-35921,2,3,OLSaVyfTibw
yt-35922,1,2,hy0hiwx_PkM
yt-35923,0,1,4NQFwvuWOFs
yt-35924,2,3,OhrX7At2UAs
yt-35925,2,3,j8zJm63fU8o
yt-35926,0,1,C3z79NQUX28
yt-35927,0,1,TM1VmKAh1HU
yt-35930,2,3,BhHQ8DE3Mv4
yt-35931,2,3,C3z79NQUX28
yt-35934,2,3,TeYFrJ8x-Xs
yt-35936,2,3,8iQvBTP0HfE
yt-35937,0,1,-VWrqKzVXDw
yt-35938,2,3,3KhYqvd_e9k
yt-35940,2,4,SyL--B-jKmk
yt-35941,0,1,npu1sASOflU
yt-35942,1,2,UDusLHN1HDE
yt-35943,0,1,Dartf8x1rpk
yt-35944,1,2,mZYOFRx8ciw
yt-35945,2,3,Eifv1zrQF3A
yt-35946,1,2,qNv-r4nwH4M
yt-35947,1,2,RN0zNNH89h8
yt-35948,1,2,x6QDSYgZUqk
yt-35949,0,1,5ixsOoTDHYI
yt-35950,0,1,OLHNtZxyX5s
yt-35952,0,1,m0_SMiOecko
yt-35953,2,3,mraw40532V8
yt-35954,2,3,pXdKUWlLH0g
yt-35956,2,3,P051rbLjttY
yt-35957,1,2,fjhr3bcGVbg
yt-35958,2,3,7EoEgwzJ1Y0
yt-35959,2,3,yqOZ74mR-gI
yt-35960,0,1,GRFusZGdzOo
yt-35961,2,3,8UH6G1LnXR8
yt-35962,0,1,VtXUCWNR-co
yt-35964,1,2,novideo-35964
yt-35965,0,1,SJd7ok1vhKU
yt-35966,1,2,ULrlxbyoGbo
yt-35967,2,3,90bvLSaIpYc
yt-35968,0,1,vtcOQGJfARE
yt-35971,2,4,fkj2mfdjkVk
yt-35973,0,1,ccAEc-V8Uws
yt-35974,2,3,pXeOtkaIxgU
yt-35975,1,2,wbm9gWyUH54
yt-35976,0,1,VWlmDQpW6iI
yt-35977,0,1,Vlt856xUh9Y
yt-35978,0,1,x8XjV1hMT5w
yt-35979,2,3,Plg9P8sBAYE
yt-35982,0,1,Nm8on_ZzXQc
yt-35983,2,3,jE2A55tf_YY
yt-35984,0,1,vdmeWDKByvA
yt-35985,0,0,QOUKr3ytN4I
yt-35986,2,3,UnezKUzg2yM
yt-35987,2,3,tAHK6E03ORo
yt-35989,0,1,ESs4mhHTiHE
yt-35990,0,1,gjUvyUFa1VQ
yt-35992,0,1,xnHwkS95sWs
yt-35994,2,3,novideo-35994
yt-35995,0,1,itJQ-qChEOA
yt-35996,0,1,rb6xDZ6OGSQ
yt-35997,2,3,-V1Lx8awqog
yt-35998,2,3,1FrqdfjJewQ
yt-35999,0,1,SAwjGnGGTMg
yt-36000,0,1,KdgSw94DlVk
yt-36001,2,3,z4yIAjRTFZA
yt-36002,2,3,8W6YN6k7WBk
yt-36003,0,0,YMkR-yrTb0w
yt-36004,1,2,FTS0e9EtMn4
yt-36006,0,1,J4f5_EKsSJc
yt-36007,2,3,mAlwi8goDfY
yt-36008,2,3,EA-pVOEVzoI
yt-36010,1,2,qlnDt0HMcuQ
yt-36011,2,3,RN0zNNH89h8
yt-36012,1,2,Wj8eEve9EqA
yt-36013,1,2,putg0H-9a54
yt-36014,0,1,vaaF-j0-xfM
yt-36015,2,4,m0_SMiOecko
yt-36016,0,1,3IMcCf4iou4
yt-36017,0,1,Ugd4I6jty1w
yt-36018,0,1,aOAEI7eRzUQ
yt-36019,2,3,urZ2GjYqpBk
yt-36020,1,2,tuqPFKF5NJo
yt-36021,1,2,DN8Y5hq8qro
yt-36022,2,3,EK2kqQcZAII
yt-36024,2,3,xgkT6Ps7VRU
yt-36025,1,2,k6HRFEpHdqk
yt-36026,1,2,Ol6xPOGLCGM
yt-36027,0,1,novideo-36027
yt-36028,1,2,ZQSVXoD8LwQ
yt-36029,1,2,M6MVk2xcoLs
yt-36030,0,1,0IUPr4zLkAY
yt-36031,2,3,zYtSGXAxeag
yt-36033,2,3,y9fN-7_X6xw
yt-36034,2,3,W-F9tkUnVOY
yt-36035,2,3,m0_SMiOecko
yt-36036,2,3,v9D3PKmtfYA
yt-36037,2,3,TfgdwInk4l4
yt-36038,1,2,YJg7e1yYJXs
yt-36039,0,1,UgAD2hx0fs8
yt-36040,2,3,GoOvzK7qYag
yt-36041,0,1,6KR2va0KUeo
yt-36042,2,3,5_ZzO4c4bGE
yt-36043,2,3,s6tPCpvtq9U
yt-36044,0,1,MAVS-JU9Go0
yt-36046,2,3,2owJ4Q51Yek
yt-36047,1,2,zpjOUyINNME
yt-36048,0,1,novideo-36048
yt-36049,0,1,uhzDMFKvsW0
yt-36051,1,2,8z-yaNav_ls
yt-36052,2,3,TM1VmKAh1HU
yt-36054,1,2,t3Q8Haoiv6g
yt-36055,2,3,MEbQaysavtU
yt-36056,0,1,1VTLzDSRNCE
yt-36057,1,2,H45uMSjh3hQ
yt-36058,1,2,Nde7frgYPAo
yt-36059,0,1,7yHdpWTquks
yt-36060,2,3,L2ievKIPbJk
yt-36061,0,1,6jxrF6EB-PA
yt-36062,2,3,m0_SMiOecko
yt-36063,0,1,cveekUy2F6A
yt-36064,2,3,cfBbQCTvLRg
yt-36066,2,3,sC8_AE1__u4
yt-36067,1,2,XYumIVMLbmc
yt-36069,0,1,-lIB3vNY-lg
yt-36070,0,1,LQREyAeaanM
yt-36071,1,2,d1RVYHPMrVU
yt-36072,2,3,VkuFXSGqxe8
yt-36073,2,4,b3QBfxONl3g
yt-36075,1,2,_6nCS7fmiO0
yt-36076,2,3,giPF46K5qsU
yt-36077,1,2,gJ-H1sbgx1k
yt-36078,1,2,hj-M5lR-NCc
yt-36079,2,3,ESrZ8FRQzbY
yt-36080,2,3,FgEUI3LAu7Y
yt-36081,0,1,novideo-36081
yt-36082,2,3,m0_SMiOecko
yt-36085,2,3,C3z79NQUX28
yt-36086,1,2,GoMqxSnhWQk
yt-36087,0,1,5RnscnAPNms
yt-36088,2,3,C6EumxDVvEc
yt-36089,2,3,hLQ-hI2Sdg0
yt-36090,2,3,TeYFrJ8x-Xs
yt-36091,2,3,XNk_K0xhR7A
yt-36092,0,1,ShuvNnZl1Wk
yt-36093,0,1,9TmO9LA0c0U
yt-36094,0,1,4YIGZQZRdNU
yt-36096,0,1,aSbKjur9Nzk
yt-36097,0,1,unB18Si-rwg
yt-36098,1,2,FxZGUeXl03M
yt-36099,1,2,mTHhZ2qggZk
yt-36100,2,3,4uak_zN9XFk
yt-36101,0,1,DOGjXcIHMrM
yt-36102,0,1,-VWrqKzVXDw
yt-36103,1,2,WTnC_b9Ed5c
yt-36104,0,1,aWWek4MWAiU
yt-36105,0,1,9XvlHN0UPbk
yt-36107,2,3,taIEdbT_S3I
yt-36108,2,3,NQ4sX6jJ_54
yt-36111,1,2,Xc_J5_lAVp8
yt-36112,1,2,JeFaQd2fq-8
yt-36113,1,2,hpbB24Rbj_k
yt-36115,2,3,d_Py5MVcD3A
yt-36116,1,2,245tJt9MIgU
yt-36117,0,1,0Y2mwEJ26N0
yt-36119,2,4,aEHQ0wMdy1c
yt-36120,0,1,0uBQOW3Fmns
yt-36121,2,3,novideo-36121
yt-36122,2,3,l5gNpa_QekA
yt-36123,1,2,SmB-thSCFYo
yt-36124,1,2,J0XesBE2Kwo
yt-36125,2,3,_zg4pI-Qndc
yt-36126,2,4,m0_SMiOecko
yt-36127,1,2,NsbBcPpWtKw
yt-36128,1,2,bkYD8S9meNY
yt-36129,2,3,nntYFfh3w80
yt-36130,0,1,ar_SIWMZakk
yt-36131,2,3,Rv3bjSFmCck
yt-36132,0,0,A5dGek4EJto
yt-36133,2,3,MhEQyO4-2o4
yt-36135,1,2,2pOo1MGJ6mc
yt-36136,2,3,SuQU6hINx0E
yt-36137,0,1,P3K_JvwZq3g
yt-36139,2,3,e5x877d8Owc
yt-36140,2,3,245tJt9MIgU
yt-36141,1,2,YFM8Axmv-jc
yt-36142,1,2,tm3SnDw9xqI
yt-36144,2,4,eOzZWv8hBr8
yt-36145,2,3,1VTLzDSRNCE
yt-36146,1,2,rW1eGZ12ybg
yt-36147,2,3,StEbUmobvwo
yt-36148,2,3,ONfMmSNXUzc
yt-36149,2,3,mSAWbrM7fYk
yt-36152,2,3,K8F29h6fPSA
yt-36153,2,3,O9miEI662vw
yt-36154,0,1,KApTnOAu1-0
yt-36158,0,1,8Nzf-ePONEc
yt-36159,1,2,DK-L1hS6Iy4
yt-36160,2,3,NHTFwVOeFnI
yt-36161,2,3,m0_SMiOecko
yt-36162,2,3,fn4eih72BL0
yt-36163,0,1,k0A_TpLY46c
yt-36165,0,1,fZRgZaEHk6c
yt-36166,1,2,1y2IvCXZhts
yt-36167,2,3,8UH6G1LnXR8
yt-36168,2,3,yggW9Lil6Hw
yt-36169,2,3,3X1_pu0U0L0
yt-36171,0,1,G0O3xtSz2_M
yt-36172,0,1,FuZVA3s7b1c
yt-36175,2,3,9hpmSkU6Vp0
yt-36176,0,0,72ZZYxLv_L8
yt-36178,2,3,J9e-b-mek9A
yt-36179,0,1,xi3Dt2CUsX8
yt-36181,1,2,snqURc_3rOY
yt-36182,2,3,0bJr_zASZZg
yt-36185,2,3,b3QBfxONl3g
yt-36186,0,1,pFlaYA-n_wk
yt-36188,2,3,qGktHAbDUVw
yt-36190,2,3,xcLQdOWg6co
yt-36191,2,3,FyWtzmH05k4
yt-36192,1,2,3sJ9hxIKLVk
yt-36193,1,2,-GNhZklDf-Q
yt-36194,0,1,NSoBqzvgvac
yt-36196,0,1,LUkfCLxSelQ
yt-36197,1,2,ZZ5oqJMmJQM
yt-36198,2,3,m0_SMiOecko
yt-36199,0,1,crZXIcDWQbI
yt-36200,2,3,OTZFm5PQrrs
yt-36201,2,3,lxc8Z9kejo4
yt-36202,1,2,6VwWh89csDc
yt-36203,0,1,XfuXoBA9H4E
yt-36205,2,3,sWw5jNcz_ew
yt-36207,2,3,mqCytxJkbDc
yt-36208,1,2,qh85fT3ARe8
yt-36209,2,3,m0_SMiOecko
yt-36210,1,2,m0SgrKsUk6c
yt-36211,0,1,QmfvaL9RgkE
yt-36212,0,1,EK2kqQcZAII
yt-36213,0,1,lPojHR6pbHc
yt-36214,2,3,_9CO4EiS0qc
yt-36215,0,1,Y75S3K2qeo0
yt-36217,1,2,UahP7R7l168
yt-36218,1,2,QnGzWLdlXJ4
yt-36219,2,3,I5pLLeWFheA
yt-36220,1,2,OQ_71uCBNq8
yt-36221,0,1,dSdKszt_ohw
yt-36222,2,3,DxEXjuduLmI
yt-36223,2,3,-c39jDfC2W8
yt-36224,2,3,pXeOtkaIxgU
yt-36225,0,1,xyJjHmz_UHc
yt-36226,0,1,I--mpV8DzmQ
yt-36228,2,3,bUswGiwRrjM
yt-36229,0,1,yWnOUYgAwOQ
yt-36230,0,0,DW6xk37d7Z8
yt-36231,2,4,hS7Jr96ewJQ
yt-36232,1,2,ytitID15C9w
yt-36234,2,3,k6YTySB9T8g
yt-36235,0,1,tNqB59WBAZs
yt-36236,1,2,h4UMYASh0xw
yt-36237,2,4,sepI2oMcbsM
yt-36238,0,1,_eG47nvF3tE
yt-36239,1,2,pS_O35LBjAw
yt-36241,1,2,PCFpZ0u_fyM
yt-36242,2,4,0tYTvthMPXA
yt-36243,1,2,fLNRbjfrbJs
yt-36244,1,2,zBMK0yzugu0
yt-36245,1,2,J9e-b-mek9A
yt-36246,0,1,4m_jvmSRt3Q
yt-36248,2,3,d9zOE9hZTQs
yt-36250,1,2,s9FKQeuxiP4
yt-36251,0,1,SW2-c9nfqyo
yt-36252,0,0,sMfPAH-VuWI
yt-36253,2,3,8UH6G1LnXR8
yt-36254,2,3,ZOUSjqTH1xk
yt-36255,2,3,WZq9bxznhuc
yt-36256,2,3,_tJ92azcWyI
yt-36257,1,2,G2ivR9Y5La0
yt-36258,2,4,Y3T20pSx4C0
yt-36259,0,1,JCOiZtAvwso
yt-36261,1,2,novideo-36261
yt-36263,2,3,m0_SMiOecko
yt-36265,2,3,td4VFyTDeqo
yt-36266,1,2,jetc_NVKElI
yt-36268,2,3,ZZ5oqJMmJQM
yt-36269,0,1,EcqMscwfNAI
yt-36270,2,3,g1UhspNtUiQ
yt-36271,2,3,tqA8sNAPIYI
yt-36273,0,1,rQI4YfiaC8g
yt-36274,1,2,Tn9yyugpEck
yt-36275,0,1,7Z9NZdra5sY
yt-36276,1,2,yfdJTkhc1u8
yt-36277,0,1,JVNY5NJTyFs
yt-36278,1,2,r9JuOxUGziw
yt-36280,1,2,lMSJr89kc3c
yt-36281,0,1,UnezKUzg2yM
yt-36284,2,3,Xi_BwJ6T_3s
yt-36285,1,2,-WEHiitOt8I
yt-36286,0,1,uzYdEkQzyaw
yt-36287,0,0,G8zBy9CLOEM
yt-36289,0,1,N6b9YnAnXs8
yt-36291,1,2,DPngQ7jbcOQ
yt-36292,2,3,4m_jvmSRt3Q
yt-36295,0,1,DGMZp0Q57q8
yt-36296,2,3,o7bR9EJuQ04
yt-36297,0,1,mMvStvbUydc
yt-36298,2,3,7hMfGlt-AfU
yt-36301,2,3,jrVknoTp0Ro
yt-36302,0,1,7HOCnHaPSLc
yt-36303,0,1,lc3IB5C0Too
yt-36304,0,1,QOQloiOpBgI
yt-36305,2,3,NyXYVgT3Z0Y
yt-36306,0,1,Xg9hF50AsS0
yt-36307,2,3,XjvzYh2RAwE
yt-36308,1,2,FM8dg8dQ46Y
yt-36309,0,1,T1ar01Dr2Uc
yt-36310,0,1,baA2fEem9pY
yt-36311,2,3,l0WPigSz1tI
yt-36312,2,4,EJKfz3PFAzk
yt-36313,2,3,7aABAmWQmSE
yt-36314,1,2,1D7JSRbalds
yt-36315,2,3,RcSvD3ueMUk
yt-36318,2,3,UVwj3xZUaM4
yt-36319,2,3,n7SABpul19A
yt-36320,1,2,Ia4RNWhq9K0
yt-36321,2,3,zhngeBSdLpc
yt-36322,1,2,Dr5zSI-8ZBg
yt-36323,1,2,teS7GwIzNP0
yt-36325,1,2,5JAsrrWMB7M
yt-36326,1,2,US8NRrdts2o
yt-36328,2,3,o98IhweLeN8
yt-36329,1,2,idW9bQR1Zlw
yt-36330,2,4,CFTyyxTabmE
yt-36331,1,2,EqobboV5HEY
yt-36332,0,1,vvSsbTPW9as
yt-36334,0,1,-VDjG0yKBls
yt-36335,1,2,rc1_Cpx6RRg
yt-36336,1,2,MWq3SPpxEQQ
yt-36337,0,1,lXmC-Bstmyw
yt-36338,2,3,DC05VUtSHmA
yt-36339,0,1,oZN2Ni9yXB4
yt-36340,0,1,9Q9E8h7pyAk
yt-36342,1,2,40ns51R4HwY
yt-36343,2,3,YojVgKa-GSk
yt-36344,2,4,9nQPBECsu6k
yt-36345,0,1,_-sXeX9ntsM
yt-36346,1,2,IvZS9GW_C9s
yt-36347,0,1,novideo-36347
yt-36348,2,3,JCOiZtAvwso
yt-36349,0,1,3RLLJbacMuA
yt-36350,0,1,FuZVA3s7b1c
yt-36352,0,1,-VDjG0yKBls
yt-36353,2,3,EJKfz3PFAzk
yt-36354,2,3,sXuskB0pRvY
yt-36356,0,1,_vQc3-omWds
yt-36357,2,4,TK8Y27EogEw
yt-36359,2,4,l1kzNTh6a38
yt-36360,2,3,aUmRiEhOjBE
yt-36361,0,1,novideo-36361
yt-36362,1,2,3tmd-ClpJxA
yt-36363,2,3,PCFpZ0u_fyM
yt-36366,2,3,Tr7m7-2C9Wk
yt-36368,2,3,8UH6G1LnXR8
yt-36369,2,3,m0_SMiOecko
yt-36370,2,3,Tnw86705kOM
yt-36371,0,1,LlxDEMjUfXQ
yt-36372,2,4,NwCeg1jqh2Y
yt-36373,0,1,BBSVM4juSk0
yt-36374,0,1,ZpdO5U2e9Z0
yt-36375,1,2,pfYNHytJw6E
yt-36376,2,3,WCpKtlkGOuY
yt-36377,2,3,k2BZWzTuKeM
yt-36378,2,3,BaIY7l8HBs4
yt-36380,0,1,2Dv0IBFwmn4
yt-36381,0,1,--D84UjD4XU
yt-36382,0,1,ZOUSjqTH1xk
yt-36383,2,3,n4VHV-UBuYs
yt-36384,2,4,QokMrwVKzZY
yt-36386,2,3,m0_SMiOecko
yt-36387,0,1,zRW1bb_-8Zw
yt-36388,0,1,SsQevOwHv9k
yt-36389,0,1,fryKRP290kU
yt-36390,2,3,ElGJt6Q7BGQ
yt-36391,0,1,hgi_8F8GNFk
yt-36392,2,3,6u7B_yIiDb4
yt-36393,2,3,tAHK6E03ORo
yt-36394,2,3,novideo-36394
yt-36397,2,3,FJagwas5CuY
yt-36399,0,1,m0_SMiOecko
yt-36400,0,1,eFQ1CSw8TiY
yt-36401,2,3,Wy93JRriQMw
yt-36402,0,1,novideo-36402
yt-36403,2,3,zRH6vRuMMno
yt-36404,2,4,Nyt1Q0QNpq8
yt-36405,0,1,INgFRp5kB4s
yt-36406,2,3,IyoZBHfRydM
yt-36407,0,1,wgkvKhFwv7c
yt-36408,1,2,iPGvMvJWBGU
yt-36409,2,3,HNE1jQkN0yI
yt-36410,0,1,0DhcEIBaZHA
yt-36411,2,4,TmNQMstWcyQ
yt-36414,0,1,26yj_7OnOgE
yt-36416,2,3,j84zsPtsDnU
yt-36417,0,1,PIUgPdIkFzc
yt-36418,2,3,kLIoV7FRoUg
yt-36419,0,1,rN4bnOg6Sl0
yt-36421,2,3,WfshEpeYqSo
yt-36422,0,1,s9G3y88CpAs
yt-36423,2,3,53LyRClbD40
yt-36424,1,2,bW47gowMrpQ
yt-36425,2,4,YKOXJDgRO_E
yt-36426,1,2,Qj0FNwanHUA
yt-36427,2,3,t36UFQm30qg
yt-36428,2,3,yTnHjR_HyMA
yt-36429,0,1,1f-hk2KIx6o
yt-36430,2,3,8UH6G1LnXR8
yt-36431,2,3,Da6ljj6yT0U
yt-36432,2,4,qjF6Bl3nXuU
yt-36433,0,0,U_0UqdEZgK8
yt-36434,1,2,bXZWusMdCQo
yt-36435,1,2,w2lab0zQRlg
yt-36436,2,3,zOtP_qpKmYY
yt-36438,0,1,OVpQGCu15O4
yt-36439,0,1,Dhl_sDr6_4w
yt-36440,1,2,Y3T20pSx4C0
yt-36441,0,1,IveneGKsoj0
yt-36442,2,3,3Qwtpxh25fM
yt-36444,1,2,lZJ5okn5ayI
yt-36445,2,3,aOg08DxlwGA
yt-36446,0,1,9ADb6s-Ezvc
yt-36447,0,1,novideo-36447
yt-36448,0,1,IXu7NopioSs
yt-36449,0,1,DG1Wx_AMIhk
yt-36450,1,2,omiPBeAoVww
yt-36451,0,1,OSTJ3dLENTA
yt-36453,0,1,K8QtAVB4aY0
yt-36454,1,2,NboWrLZ2-HI
yt-36456,2,3,novideo-36456
yt-36458,2,3,m0_SMiOecko
yt-36459,2,3,ZOUSjqTH1xk
yt-36460,0,1,IKItl-CtG_M
yt-36461,2,3,tAHK6E03ORo
yt-36462,2,3,sALWH7gxkng
yt-36464,2,4,novideo-36464
yt-36465,0,1,fzQSr9zTB4U
yt-36466,0,1,h5ezf_8MtHw
yt-36468,0,0,novideo-36468
yt-36469,0,1,uc_NhoIGwyU
yt-36470,0,0,vpoVEhc2Xgk
yt-36471,0,1,2LDGKB9tvmk
yt-36472,2,3,3RLLJbacMuA
yt-36476,1,2,Bau1as8pRYA
yt-36477,1,2,60AlfmQiQSc
yt-36480,2,3,-VWrqKzVXDw
yt-36481,1,2,96J-PnnWQpY
yt-36483,0,1,6G9tIFEkJ8w
yt-36484,2,3,RjcLvkeKQDI
yt-36485,2,3,gTRQ-Qee9Xg
yt-36486,2,3,GXxb6dCdX2M
yt-36487,2,4,mjuOeZjO_Dc
yt-36488,0,1,YXhtTgh-igs
yt-36489,2,3,lk2yMWbnJpQ
yt-36490,2,3,wC3Hg8Uwbrg
yt-36491,1,2,OO8hfzFaZdE
yt-36492,2,3,vheO6RV4fag
yt-36493,0,1,M0CK91nhS-0
yt-36494,1,2,g1UhspNtUiQ
yt-36495,1,2,PSDZRrtFYn4
yt-36496,0,1,Joa26WSDDa8
yt-36497,2,3,9GxGuzEmBk0
yt-36498,0,1,F5EvPzTzks4
yt-36499,0,1,s0wX_2mRKz8
yt-36500,1,2,UowHP8QnlEU
yt-36501,2,3,m0_SMiOecko
yt-36502,0,1,rSlpeFsOsds
yt-36503,0,1,UX9OD8BqgFo
yt-36504,0,1,9ADb6s-Ezvc
yt-36505,1,2,hJxPdnboPhY
yt-36506,2,3,mSzAvKLNgho
yt-36507,0,1,mSk3DGJCmrc
yt-36508,2,4,r2eR2sZAXsU
yt-36510,0,1,_jvlVlpK-Dk
yt-36511,2,3,mehKMDp0INo
yt-36512,0,1,nM4o-28NWQI
yt-36513,2,3,xUmyhRWuwOM
yt-36514,0,1,rK7lrOasHHk
yt-36515,1,2,z-adFC_typM
yt-36517,2,3,EA-pVOEVzoI
yt-36518,2,3,WfshEpeYqSo
yt-36520,2,3,LE5TgqwYu9M
yt-36521,2,4,hE77Il2WbqI
yt-36522,2,3,44sjEPDjp_w
yt-36524,2,3,0NfArkRDato
yt-36525,1,2,pxNYd-XxSWY
yt-36529,2,4,WWDAxtQQOQY
yt-36531,2,3,EA-pVOEVzoI
yt-36532,2,3,4-6_NqsrVoE
yt-36533,2,3,pbNR62xqITk
yt-36534,2,3,novideo-36534
yt-36535,0,1,MwYatAqodsY
yt-36536,0,1,_Ye-akTTRzc
yt-36537,2,3,xjvIW7D3xtU
yt-36538,2,3,tAHK6E03ORo
yt-36540,2,3,IzGR6FIYTio
yt-36541,1,2,ouJ-kbF5Wog
yt-36542,1,2,Vc0_-xK0ywc
yt-36543,0,1,zvDzWENd9sg
yt-36544,2,3,rcHJ9QJkpuI
yt-36545,2,3,1dUj6AUvM0g
yt-36546,1,2,8JhXcKmrU6c
yt-36548,2,3,pjbnL3s4RKU
yt-36549,0,1,FuZVA3s7b1c
yt-36550,2,3,vDwZnWZmVCw
yt-36551,0,1,ByldCDzjFAs
yt-36552,0,1,T1jWC8z3Gig
yt-36553,2,3,Pr1oxAR3oaY
yt-36554,1,2,r1ssQBUZHzQ
yt-36555,0,1,svOaadKYBao
yt-36556,1,2,GHzaMI--BC8
yt-36557,2,3,KHqd08zbSXo
yt-36558,2,3,pXu9urbN6eA
yt-36559,0,1,novideo-36559
yt-36560,0,1,GAg7aLAqVjQ
yt-36562,1,2,novideo-36562
yt-36564,0,1,s0W0w2jeb18
yt-36565,0,1,VZSFaT_mkLM
yt-36566,2,3,8UH6G1LnXR8
yt-36567,1,2,m7oUES7aV6w
yt-36568,2,3,Ep61tpBLF_k
yt-36569,2,3,CxijDbTLp0M
yt-36570,0,0,gfTVbpEjc7w
yt-36571,0,1,UHLVJwSr8IY
yt-36573,1,2,Mepg880BIf0
yt-36574,1,2,novideo-36574
yt-36575,0,0,vTV7ooDQfYY
yt-36577,2,3,VfxOv_Ig2ac
yt-36578,0,1,DUo_iaFuJl0
yt-36579,0,1,2GxAXf6O7Mk
yt-36580,0,0,XLb9fujOmyI
yt-36581,0,1,w6jbE2JwY7w
yt-36583,0,1,d_eZ4O5HiMQ
yt-36584,1,2,KdgSw94DlVk
yt-36587,2,3,nEY7rdDT2nk
yt-36588,2,3,KdgSw94DlVk
yt-36589,2,3,uRiW3NRF2Ys
yt-36591,2,3,1kmmgFEkcHY
yt-36592,2,3,7aABAmWQmSE
yt-36594,1,2,MuKAHEXxQAk
yt-36595,1,2,HemQqZtQGMg
yt-36596,2,3,xW9E9epD8sg
yt-36597,1,2,EhM8dMJO-AY
yt-36599,1,2,novideo-36599
yt-36600,1,2,eSGwiundVWQ
yt-36601,0,1,wH-aOw0aHHI
yt-36604,1,2,Ejy0RdSTqBA
yt-36605,2,3,CBVGd8NfMxk
yt-36606,1,2,UBFCYDdVXnw
yt-36607,2,3,K8F29h6fPSA
yt-36608,2,3,mMgyFJBnEa8
yt-36609,2,3,DUo_iaFuJl0
yt-36610,2,3,fJOLqIpMslk
yt-36611,2,3,JYrF_J6696U
yt-36612,0,1,gcZKZyPYXPc
yt-36613,2,3,ssXmk2twDiE
yt-36614,1,2,hxFbv3ON5rw
yt-36615,2,3,zLGbbrrU8xU
yt-36616,0,1,MCRlYg2l4Jg
yt-36618,2,3,XHqFoc0Gpk0
yt-36619,1,2,7CYSxJXMsfM
yt-36620,0,1,gKz40oYeHwg
yt-36621,1,2,CaX03KvZO4c
yt-36622,2,3,X7eT5SAHrls
yt-36623,2,3,BpNvIShIm3k
yt-36624,1,2,8Oc2fM3gCRA
yt-36625,2,3,pXeOtkaIxgU
yt-36627,2,3,xFaqSxvE2EM
yt-36628,2,3,Y3T20pSx4C0
yt-36629,1,2,5yrJD3OqzYM
yt-36630,2,3,rSlpeFsOsds
yt-36631,2,3,U6rRiMcV6eg
yt-36632,2,4,_F_JlDNGoi0
yt-36633,0,1,N2TjEsPbkKw
yt-36634,0,1,MfJ75ixwnUc
yt-36635,2,3,C3z79NQUX28
yt-36636,0,1,vhws6n9NYdI
yt-36637,1,2,V4B8nSbF4Bo
yt-36638,1,2,NfFY4towC1Q
yt-36639,0,1,FqfaM7yKapo
yt-36640,2,4,dqmotPG_NLY
yt-36641,2,3,d1RVYHPMrVU
yt-36642,0,1,V_xIZNeiGIU
yt-36643,0,1,0NjppfLG1zs
yt-36644,2,3,HJjaseDFEZA
yt-36645,0,1,Aznn0lCRK30
yt-36647,2,3,jUPQnSe3Vb4
yt-36648,0,1,ZOUSjqTH1xk
yt-36649,0,0,9TmO9LA0c0U
yt-36650,2,4,novideo-36650
yt-36651,2,3,fzQSr9zTB4U
yt-36652,0,1,cCJi_9GV44c
yt-36655,2,4,PH_8xiKFBxk
yt-36656,1,2,novideo-36656
yt-36657,0,1,5EjS7gY5cBg
yt-36658,0,1,RVoSDVgU31M
yt-36659,2,3,j84zsPtsDnU
yt-36661,2,3,ZZ5oqJMmJQM
yt-36662,0,1,xnHwkS95sWs
yt-36663,1,2,APHOL8Pmuq4
yt-36664,0,1,t3Q8Haoiv6g
yt-36665,2,3,KeZHrBkQXSg
yt-36666,1,2,dlTxnO0p9zg
yt-36667,0,1,JED6HUTE77c
yt-36668,1,2,_xmSZTsBeME
yt-36669,2,3,aPqs7eE2BJQ
yt-36673,1,2,1y2IvCXZhts
yt-36674,2,3,VWnDktpiZvg
yt-36675,1,2,m0_SMiOecko
yt-36676,0,1,unB18Si-rwg
yt-36677,0,1,novideo-36677
yt-36679,1,2,qGKAHFvdYT8
yt-36680,1,2,0MMB8wums2k
yt-36681,2,3,EA-pVOEVzoI
yt-36682,2,3,NJ-ik7Lwjoc
yt-36683,1,2,DC05VUtSHmA
yt-36684,2,3,3LJQRbgvuUc
yt-36686,0,1,xgSJrjE-tlc
yt-36687,0,1,-qqe8T2-Tfo
yt-36688,2,3,2yTyuDhYsGo
yt-36690,0,1,qmraiz5g5AM
yt-36691,2,3,VWKzNha0JOc
yt-36692,0,1,Pi03mX7p_6w
yt-36693,0,1,OkVZRPGrRT4
yt-36694,1,2,i7dCG5w3jHM
yt-36695,0,1,sPHq4wDJW8w
yt-36696,2,4,fzYo6JI39_o
yt-36697,2,3,1YZ5yFrk090
yt-36698,1,2,PqoR7JoUUw4
yt-36699,1,2,SJeFYMGpRcE
yt-36700,1,2,HGPiAYj6c7I
yt-36701,1,2,FIJwkne06Ks
yt-36702,2,3,H6iBa-0nzCw
yt-36703,1,2,BHjpauuSRl0
yt-36704,1,2,WfshEpeYqSo
yt-36705,2,3,oA3lSKxewMM
yt-36707,0,1,IiCkjBhT-AU
yt-36708,0,0,IWEh6oySQAk
yt-36709,2,4,JGDdMxxSEiw
yt-36710,0,0,W93B7cSaKLg
yt-36711,0,1,LCPHdZcRK3s
yt-36712,0,1,UGTqH66x554
yt-36714,1,2,_gAU7JcQO6k
yt-36716,2,3,mvSle93NmYM
yt-36717,1,2,pRerRF3DE_w
yt-36718,0,1,bCQE-nZfpjQ
yt-36719,1,2,mS5BFmVCH1o
yt-36720,1,2,J9e-b-mek9A
yt-36721,1,2,9FMxPk9gzQE
yt-36722,0,1,ARq2cAyEzM0
yt-36723,1,2,NlTyo6aHL2k
yt-36724,2,3,QOSO4FyGRJA
yt-36725,0,1,LpC8tcThs6g
yt-36727,2,3,C3z79NQUX28
yt-36728,1,2,M6gildqxbhI
yt-36729,2,3,I9yvZOSkogw
yt-36730,1,2,bhmIJ3spqhY
yt-36731,1,2,XsmEUYIjrcY
yt-36732,0,1,WmY8zspxcTE
yt-36733,0,1,novideo-36733
yt-36734,2,4,Ak4xa6itz1I
yt-36735,1,2,Xg9hF50AsS0
yt-36736,2,3,cWg2jmM0S28
yt-36737,2,3,xgS1ISggjBY
yt-36739,2,3,OuhSkIVzsmY
yt-36741,2,3,m0_SMiOecko
yt-36742,2,3,pXeOtkaIxgU
yt-36743,0,1,96J-PnnWQpY
yt-36745,2,3,NfKv12Fg72s
yt-36746,1,2,52gGnZveMeY
yt-36747,2,3,zp0drSgk25Q
yt-36748,2,3,cYSqfZG4OMc
yt-36749,2,3,OhrX7At2UAs
yt-36750,2,3,I5pLLeWFheA
yt-36751,0,1,2ae6RXGNCYI
yt-36757,1,2,dX7qmhhwT20
yt-36758,2,3,xcH3d0w9Xxw
yt-36759,1,2,3sJ9hxIKLVk
yt-36760,2,3,sepI2oMcbsM
yt-36762,0,1,m33DP7I2yok
yt-36763,0,1,novideo-36763
yt-36766,2,3,XNyOxlhHYPg
yt-36767,0,1,342745ue_gE
yt-36768,0,1,mhySXh9xEuI
yt-36769,2,4,1XLPf4hV_ek
yt-36770,0,1,aCE9WpOrA_U
yt-36771,2,3,pXeOtkaIxgU
yt-36772,0,1,yU4jiBFh5Og
yt-36774,2,4,ZNyR70ZN7V0
yt-36775,0,0,MJv3tG2_Mq0
yt-36776,1,2,bOMp3FbQ8aw
yt-36778,1,2,0uVkk4JQQSU
yt-36779,2,3,Tp-0F29vDiw
yt-36780,2,3,8cnhmXyC7bY
yt-36781,0,1,hQ86Kf9Gp_8
yt-36782,0,1,i4LSAhXJTqk
yt-36783,2,3,HgqqkgWFnmM
yt-36784,0,1,v_R_pgk0yt8
yt-36785,1,2,j84zsPtsDnU
yt-36786,1,2,_wUW1tKmVZA
yt-36787,2,3,4tbLrYVs0Wk
yt-36788,0,0,novideo-36788
yt-36790,0,1,novideo-36790
yt-36792,0,0,3-RDBxuBJgo
yt-36793,0,1,fryKRP290kU
yt-36794,2,4,Ley6tG18mHA
yt-36795,2,3,IEW8jab76-8
yt-36796,1,2,m0_SMiOecko
yt-36797,2,3,jaWvkSQWzJg
yt-36798,1,2,_6nCS7fmiO0
yt-36799,2,3,NJAynZCKKbs
yt-36800,1,2,Rf5T8HjnGBo
yt-36801,2,3,ASyntR0UuDE
yt-36802,2,3,PxIcD9LMpco
yt-36803,2,3,C_1VjcKhQM8
yt-36804,2,3,m0_SMiOecko
yt-36808,1,2,7TdkfaEYZmI
yt-36809,2,3,OhQXv414rPc
yt-36810,2,3,C_1VjcKhQM8
yt-36811,2,3,ZOUSjqTH1xk
yt-36812,0,0,O8Yb9Yzm-Kw
yt-36813,2,3,lhq6JE60-CY
yt-36814,0,1,ZpqJgmftaTg
yt-36815,2,3,_KMT40jFA8c
yt-36817,2,3,QokMrwVKzZY
yt-36818,1,2,5f4UFbKQCyw
yt-36819,0,1,H5WZyDQmS40
yt-36821,1,2,ktwETEMGT6k
yt-36822,2,3,pb1eSMdDxuI
yt-36823,0,1,novideo-36823
yt-36824,0,1,pCabfVMypvU
yt-36825,0,1,fCvhAHmddKE
yt-36826,1,2,mraw40532V8
yt-36827,0,1,onaEQFMRtUo
yt-36830,0,1,zw9BJhwG2PQ
yt-36831,2,3,_FoIY4MdolE
yt-36832,1,2,uSZC7-wNRHU
yt-36833,0,1,pKVtVAVw4rQ
yt-36834,0,0,novideo-36834
yt-36835,2,3,JCOiZtAvwso
yt-36839,2,3,pLmm0T-k5G0
yt-36840,1,2,iP1irDBlB-s
yt-36842,1,2,HoalVYpIHY0
yt-36844,2,3,pXu9urbN6eA
yt-36845,0,1,xCkjdAMMIsk
yt-36846,2,3,jbpNEgjtvvs
yt-36847,2,3,novideo-36847
yt-36848,2,3,BRK9IeT0oY4
yt-36849,2,3,cfBbQCTvLRg
yt-36850,0,1,TUPEYttXRY8
yt-36851,2,3,K7L6-l-sM9o
yt-36852,2,3,PCGjhaatWOc
yt-36853,0,0,0IUPr4zLkAY
yt-36857,0,1,F85faLwfcBI
yt-36858,2,3,qvLrIgBUcv4
yt-36859,2,3,Fpo_OmFwiBA
yt-36860,0,1,5VvpisAPdAg
yt-36862,2,3,mPQuhb-8_28
yt-36863,0,0,unB18Si-rwg
yt-36864,1,2,LT55cjmCvEM
yt-36865,1,2,VQRoA9oYtek
yt-36866,2,3,JpNEGYikLK0
yt-36867,1,2,JNd9sOjS5gM
yt-36868,0,0,mDen3b5kfE0
yt-36870,2,3,-HHOOoGC1NQ
yt-36871,2,3,gd5ERPDNTts
yt-36872,1,2,gJ-H1sbgx1k
yt-36873,2,3,EI1KY1NMx3I
yt-36875,0,1,0nwnjqvRKeU
yt-36876,1,2,8RS99tJi3qQ
yt-36877,2,4,5Ca1jB6RYkw
yt-36879,1,2,IhALfeeDmH4
yt-36880,2,3,1ZwZLRPXXGY
yt-36882,1,2,Jv6VLUr1dsI
yt-36883,2,3,m0_SMiOecko
yt-36885,2,4,ZOUSjqTH1xk
yt-36887,1,2,TqD9Aj-I_4k
yt-36888,0,1,4NQFwvuWOFs
yt-36889,2,4,uy6P06WGFpk
yt-36892,1,2,0s0PZqI_BOo
yt-36893,0,1,HyXYwx9AHHI
yt-36894,2,3,RnEiqCtr7Jc
yt-36895,1,2,SxaQU9wGpsg
yt-36896,1,2,NwCeg1jqh2Y
yt-36897,2,3,3CMZSjXGSSw
yt-36898,1,2,0n5VgU_cw6c
yt-36899,1,2,BFeSH0O2PuM
yt-36900,0,1,zu6uBnV1w8Q
yt-36901,2,3,A4j-zDQNszA
yt-36904,0,1,SchEY-k5U-0
yt-36905,0,1,tRI4zXeumWM
yt-36906,2,3,novideo-36906
yt-36908,0,1,nYs8XTX_R78
yt-36912,0,1,ddCdVDnguWI
yt-36913,2,4,Iykno64pNHI
yt-36914,2,3,0zTofIoDQHo
yt-36915,2,3,xcuhpHYU6Jc
yt-36916,2,3,6K0qqR-yEz8
yt-36917,1,2,HujxL3svTz8
yt-36919,1,2,yxjcbhFx2-U
yt-36920,2,3,nEoZ3J74Y3k
yt-36925,2,3,qSewJTbNyWg
yt-36927,1,2,GbCJp2HqDJ4
yt-36929,2,3,rcHJ9QJkpuI
yt-36930,0,0,CUtYc6Z64uI
yt-36931,0,1,INgFRp5kB4s
yt-36933,0,1,nK9CbpEhY-g
yt-36934,0,1,ULcGRxN0vi8
yt-36935,1,2,SJeFYMGpRcE
yt-36936,0,1,YGoBUWys-Z4
yt-36937,0,1,YdVPy-RxV78
yt-36938,1,2,Ny63MFIaQzM
yt-36939,1,2,bk2BfibXznM
yt-36940,2,3,erazHdPBzqQ
yt-36941,0,1,uRFP_2R1xlU
yt-36946,0,1,CFTyyxTabmE
yt-36947,1,2,187u8cVeu7o
yt-36948,2,3,BABRe53fna4
yt-36951,1,2,AMK7Qgctj1I
yt-36952,0,1,uc_NhoIGwyU
yt-36956,1,2,Ach4SYrJO8Q
yt-36957,0,0,cBElxl_X0D8
yt-36959,0,1,7ucnwDU8uDQ
yt-36960,0,1,e0TjpVhAaDg
yt-36961,2,3,8UH6G1LnXR8
yt-36962,2,4,J9e-b-mek9A
yt-36963,0,1,kYw0bd0mhOg
yt-36964,1,2,nQReAL_p-Xg
yt-36965,2,3,lFoFS467Pcc
yt-36966,2,3,xz0ogUWsQWc
yt-36967,1,2,xB9SuOL2weY
yt-36968,2,3,IjSunZhKUZA
yt-36969,2,4,_0hb2U46nZE
yt-36970,2,4,Iykno64pNHI
yt-36971,0,1,FlzbuWZl-Tk
yt-36972,1,2,t7n6PGmLkQs
yt-36974,0,1,NBVYqdMK_QU
yt-36975,2,3,pXeOtkaIxgU
yt-36976,0,1,PjBNMbI6-sk
yt-36977,1,2,FxZGUeXl03M
yt-36978,2,4,g1UhspNtUiQ
yt-36979,1,2,Y75S3K2qeo0
yt-36980,2,3,Wj8eEve9EqA
yt-36981,0,1,BfcJTxjVlMU
yt-36982,0,1,iJ4dY6h0OsI
yt-36984,2,4,J9e-b-mek9A
yt-36985,0,1,btqd4fCoX7s
yt-36987,2,3,OhQXv414rPc
yt-36988,2,3,VkuFXSGqxe8
yt-36989,1,2,zc_V9y1rsSw
yt-36990,0,1,LRzkoFIliiw
yt-36991,2,3,ekBkiLlfYVM
yt-36992,2,4,uOvRcOhIgOY
yt-36993,1,2,NZdOe16SBT4
yt-36994,2,3,y5rIA5BwhQc
yt-36995,2,3,ekBkiLlfYVM
yt-36996,2,3,grqxlQPhCt0
yt-36997,0,1,tPG7ud1KkqA
yt-36998,2,3,tuqPFKF5NJo
yt-36999,2,3,X6OtDleK4_w
yt-37000,2,3,sepI2oMcbsM
yt-37001,2,3,db-fk7pjpII
yt-37004,2,4,OQgMgX8Q78Q
yt-37005,1,2,5c9NeHOjHD8
yt-37008,1,2,pZTKDgudOfs
yt-37009,1,2,1VTLzDSRNCE
yt-37010,0,1,YBT3tEQtL9E
yt-37011,2,3,NG6_1jvxOmk
yt-37012,2,3,yypLKij21-Y
yt-37013,2,3,PH_8xiKFBxk
yt-37015,2,3,pXeOtkaIxgU
yt-37016,2,3,Tj2IwJSHg_Y
yt-37017,2,4,huaVhsK3cEs
yt-37018,0,1,s3gldzrJrN8
yt-37019,0,1,HDl76vkOQQs
yt-37020,0,0,vTPFSwH5E4c
yt-37022,2,3,J9e-b-mek9A
yt-37024,1,2,Mma-Gghy4to
yt-37025,2,3,BObJiy5noaM
yt-37026,2,3,UyW3Oq33M2Y
yt-37027,0,1,1VRlsD09id8
yt-37029,0,1,ywdkzZxMsrI
yt-37030,2,3,0s0PZqI_BOo
yt-37031,2,3,m0_SMiOecko
yt-37032,1,2,QNBzeeO8p6s
yt-37033,2,3,qpV9kW_z-OQ
yt-37036,2,3,Q2-sdYOcPng
yt-37037,2,3,pdImt5Nc0yk
yt-37038,2,3,DC05VUtSHmA
yt-37039,1,2,xwquU-4IGLU
yt-37040,1,2,twl_qrZrfxk
yt-37042,0,0,qpGHlrNOrRU
yt-37043,2,4,izjmMyE5mq8
yt-37044,2,3,AkfggTklE9w
yt-37045,2,3,rwvWuVCQaak
yt-37046,2,3,WfshEpeYqSo
yt-37047,1,2,B5TnVt4URNw
yt-37048,1,2,uuMgntua97I
yt-37049,2,3,i46Ck7GjdB4
yt-37050,0,1,gHg7pDXS8vc
yt-37051,2,4,y9fN-7_X6xw
yt-37052,1,2,5HngLHRGfLc
yt-37053,2,3,nEY7rdDT2nk
yt-37054,0,1,mhySXh9xEuI
yt-37055,1,2,1dPh3gRtoD8
yt-37057,0,0,ThH-bN2i_Bs
yt-37058,1,2,0l154Fz-9-g
yt-37059,0,1,hArDpQVdTYA
yt-37060,0,1,Edh5ni2JVns
yt-37062,0,1,xZmeO6kUpHM
yt-37064,0,1,f_iZIGzqe5M
yt-37065,2,3,EA-pVOEVzoI
yt-37068,1,2,cUdAyd7RQI4
yt-37070,1,2,yL76f9B0VEY
yt-37071,1,2,VkuFXSGqxe8
yt-37072,0,0,GzunX8tsTac
yt-37073,2,3,4q9YGVyD5MA
yt-37074,2,3,o-qColStwfI
yt-37075,1,2,HYfPZnL3-GY
yt-37076,0,1,-yTftmaNH4I
yt-37077,0,1,FzAxMZ43MCo
yt-37078,0,1,m0_SMiOecko
yt-37080,0,0,H0bKUYV7g44
yt-37081,0,1,8ochocxoUmc
yt-37083,2,3,WOdUJoLRfSc
yt-37086,0,1,ptpl25AWYCs
yt-37087,2,3,J9e-b-mek9A
yt-37088,2,3,V1ixSiWropc
yt-37089,2,3,rmE-YMxeVKM
yt-37090,0,1,B-zaLvhYxEc
yt-37091,1,2,QTogbfd7wZM
yt-37092,0,0,QtcUTc44jvE
yt-37093,2,3,-imuUuHXJMo
yt-37094,0,1,ouik2JXSHDI
yt-37095,2,3,v7zlnATufOw
yt-37096,1,2,P8-kxc4L8_o
yt-37097,2,3,hKWSW2JvkJ0
yt-37098,2,3,VWKzNha0JOc
yt-37099,2,3,bdDoVmOc8jU
yt-37100,2,3,ZOUSjqTH1xk
yt-37101,0,1,fbN334t44iY
yt-37102,2,3,Fpo_OmFwiBA
yt-37103,2,4,GU2cMCU1cvU
yt-37104,1,2,OLHNtZxyX5s
yt-37107,2,3,Z9k5dWX3Vlc
yt-37108,2,3,C41NWw9WtX0
yt-37110,0,1,WMw7JTZfSqg
yt-37113,1,2,8t6BymiIRn0
yt-37114,2,3,t36UFQm30qg
yt-37115,0,0,novideo-37115
yt-37117,0,1,9XvlHN0UPbk
yt-37118,2,3,tML75idj2N4
yt-37121,0,1,blCSl6aTdz4
yt-37122,2,3,YDZNV2MmTQ8
yt-37123,0,1,QmfvaL9RgkE
yt-37124,2,3,novideo-37124
yt-37128,1,2,TVFtL3cCKB4
yt-37130,0,1,NJzsqtmUCxA
yt-37131,0,1,UvKk4-jpv0Y
yt-37132,2,3,CFTyyxTabmE
yt-37133,0,1,nyc3QgMmclU
yt-37134,0,1,DK-L1hS6Iy4
yt-37135,0,1,EhASA--RJGE
yt-37136,2,3,iRmZXzKS6e4
yt-37137,0,1,NQF8IcOBv1M
yt-37138,2,3,n13nuq1wAAo
yt-37139,2,4,Ia4RNWhq9K0
yt-37140,1,2,LJDxqnJksc0
yt-37141,1,2,bfznJ2cMdV4
yt-37142,0,1,CbaOJDGBFmA
yt-37143,0,1,rZ2gGWEFcSQ
yt-37144,2,3,roB6y6pEUoU
yt-37145,0,1,YD3OakzpBLc
yt-37146,2,3,iB23FG1MTko
yt-37147,2,3,hmp4ZVhgm8o
yt-37148,0,1,Y4lTDBEr0BM
yt-37150,2,4,7hOI2sg67dg
yt-37151,1,2,42nsECzwUv8
yt-37152,0,1,g77vxjbbNUg
yt-37153,1,2,3FCJhXdYV84
yt-37157,2,3,Yq0EiGZrFlU
yt-37159,2,3,qKahoohkUpM
yt-37160,0,1,novideo-37160
yt-37161,2,4,Abq4vNaZH-w
yt-37162,2,3,KdgSw94DlVk
yt-37163,0,1,lNSRp4eayR4
yt-37164,2,3,7pdagiR3I6g
yt-37165,0,1,x6QDSYgZUqk
yt-37166,0,1,VqGgS7pKBQU
yt-37167,0,0,z-nOrphlA_Q
yt-37168,2,3,TPg8_Fjjt_8
yt-37169,2,3,GMfYIAiRTQU
yt-37170,2,3,JnAfkpvE4kg
yt-37171,2,4,nyc3QgMmclU
yt-37175,2,3,UBAY26elr-w
yt-37176,2,3,9hABSMgOZZQ
yt-37177,1,2,jXcy0F1Zsv8
yt-37178,1,2,novideo-37178
yt-37179,0,0,dWtB-pKaYrw
yt-37180,2,3,KdgSw94DlVk
yt-37182,1,2,Gggo3xA-z5o
yt-37183,0,1,novideo-37183
yt-37184,0,1,EXRLG-w49Js
yt-37185,2,3,tAHK6E03ORo
yt-37186,0,1,a0ohuEw8iwk
yt-37187,2,3,C_1VjcKhQM8
yt-37188,0,1,74A7-OztFQ8
yt-37190,2,3,v7WOvfeRZYw
yt-37191,2,4,dj5EFDulRDA
yt-37192,2,3,diOkxTDJWgI
yt-37193,1,2,Jt6ZuEpMKJc
yt-37194,2,3,SJeFYMGpRcE
yt-37195,2,3,prwUIsvZcp4
yt-37197,0,1,fPRrUVSdqdo
yt-37198,2,3,YS5e5OxkiVE
yt-37200,1,2,RnEiqCtr7Jc
yt-37201,2,4,ICLWKeTEPcU
yt-37202,0,1,DjEwg6MsbbE
yt-37203,0,1,XTWVqt3CK9s
yt-37205,2,3,oA3lSKxewMM
yt-37206,1,2,Vo_yNGKR8MI
yt-37207,2,3,mTSYjbaQyo8
yt-37208,1,2,HhSKhTUZ3fo
yt-37209,1,2,-cDZrTW2LdM
yt-37211,2,3,0IUPr4zLkAY
yt-37212,2,3,ICLWKeTEPcU
yt-37213,2,3,Fpo_OmFwiBA
yt-37214,2,3,novideo-37214
yt-37215,0,1,lJtc7SO8rWE
yt-37218,2,3,d3-ZO8viWdI
yt-37219,2,3,AMK7Qgctj1I
yt-37220,2,3,P051rbLjttY
yt-37223,2,3,xUrVmT2363U
yt-37225,1,2,J9e-b-mek9A
yt-37226,0,1,BvweeQRZy7M
yt-37227,1,2,tZdHLu3-MCM
yt-37228,0,1,LwXefrO382M
yt-37229,1,2,MCRlYg2l4Jg
yt-37230,1,2,lpcZUVgQEOg
yt-37231,1,2,L0kjghlVRxM
yt-37232,0,1,novideo-37232
yt-37233,0,0,JLQ-1d9U_eY
yt-37234,1,2,baF_fW59odg
yt-37235,1,2,85ZFsVmGXHI
yt-37236,2,3,m0_SMiOecko
yt-37237,2,3,142H3lq7_RQ
yt-37239,2,3,bTz9okKE-NU
yt-37240,1,2,wcVwi6-j6M4
yt-37241,1,2,T_h21T1MZVo
yt-37242,2,3,ppVa-oUquhI
yt-37243,0,1,3DRIfOkS_7M
yt-37245,0,1,_jvlVlpK-Dk
yt-37246,1,2,KdgSw94DlVk
yt-37247,1,2,0jUxYFZ1zxY
yt-37248,1,2,BpNvIShIm3k
yt-37249,2,3,0dn2FXsU3SA
yt-37250,0,1,K-lKISZPAJ8
yt-37251,1,2,MfJ75ixwnUc
yt-37252,0,1,vI_2J-bJKbc
yt-37253,0,1,novideo-37253
yt-37254,2,3,IyoZBHfRydM
yt-37255,2,3,aIA4woCcjVw
yt-37256,0,1,jMcFmn-O0sw
yt-37257,2,3,t0bPU_ns7aE
yt-37258,0,1,PSDZRrtFYn4
yt-37259,2,3,UKpExvEDGx8
yt-37260,2,3,0qTFQ4zhLPE
yt-37261,1,2,UT5dZMtEFU8
yt-37262,1,2,bOFh6vvX_Bk
yt-37263,0,1,eivvYSLBvr8
yt-37264,0,1,gj3ZkPZx4Ag
yt-37267,2,3,2z9OC3vQc5o
yt-37269,2,3,54bYqxe6ZyM
yt-37270,2,3,1XRVcZ3IePo
yt-37271,0,1,vAA0bH0ByLw
yt-37272,2,3,uu2zRlPidNk
yt-37274,2,3,LykotTtdTSQ
yt-37276,1,2,M2aus3a_D3I
yt-37277,1,2,lb-dx1vU3vU
yt-37278,1,2,-aTHHydNOtA
yt-37280,2,3,1y2IvCXZhts
yt-37281,2,3,DC05VUtSHmA
yt-37282,0,0,d6Hd7Q8s4nA
yt-37284,0,1,H0bKUYV7g44
yt-37285,2,3,V33v2yqiI3c
yt-37287,2,3,GRFusZGdzOo
yt-37288,0,1,Y75S3K2qeo0
yt-37289,0,1,-yzD04Xpxv4
yt-37290,0,1,YissuUf5g18
yt-37292,1,2,Z9k5dWX3Vlc
yt-37293,0,0,novideo-37293
yt-37294,1,2,8qWFCf7Ab7Y
yt-37295,0,1,YQ6JEpBh-eU
yt-37296,0,1,cAcyGdyGbh4
yt-37297,0,1,fK_tngS--GA
yt-37298,1,2,HzWaMHOdjrU
yt-37299,0,1,2Dv0IBFwmn4
yt-37300,0,1,Y75S3K2qeo0
yt-37301,2,3,1VTLzDSRNCE
yt-37302,1,2,-VWrqKzVXDw
yt-37306,0,1,uJlLhbOO_R8
yt-37307,2,3,VkuFXSGqxe8
yt-37309,0,1,ccAEc-V8Uws
yt-37310,0,1,PBY9jGOpjfQ
yt-37311,0,1,I2W23TJHzjY
yt-37312,2,3,0tYTvthMPXA
yt-37313,0,1,lcoR1vI6-Ck
yt-37314,0,1,1VTLzDSRNCE
yt-37315,0,1,kJp5hRj3JpI
yt-37316,1,2,A5hmTS_oYN8
yt-37317,0,0,CUtYc6Z64uI
yt-37319,0,1,ILld-i0ooJk
yt-37320,2,3,U-F41h4FeH4
yt-37321,2,3,aqNcmNTKVjg
yt-37322,2,3,NQ4sX6jJ_54
yt-37323,2,4,4Iwrb3RNcwI
yt-37324,0,1,o0xbhlphYTw
yt-37325,2,3,PLCR4rhl9Rw
yt-37327,0,1,novideo-37327
yt-37329,1,2,Ia4RNWhq9K0
yt-37330,1,2,VPEEjN7kXq0
yt-37331,2,3,NQ4sX6jJ_54
yt-37332,0,1,k-_pA5XgHI8
yt-37333,2,3,JonYJVdBsvw
yt-37335,2,4,clVzNGtT2ks
yt-37336,2,3,J9e-b-mek9A
yt-37337,1,2,jUqj2nP5Du8
yt-37338,0,1,b6f7U69_2iA
yt-37339,2,3,-yApQoSgOrM
yt-37340,2,4,3PGPV4tpqqI
yt-37341,1,2,mS5BFmVCH1o
yt-37342,0,1,kttwWQg50jw
yt-37343,0,1,bmEL2BR1Kc8
yt-37344,1,2,i6mCYc_24Qw
yt-37345,1,2,xGJapGmHU7g
yt-37348,0,1,naWU1Ha-bUw
yt-37349,0,1,VrR9koy4Hco
yt-37351,1,2,m0_SMiOecko
yt-37352,0,1,m75NcGsG7IY
yt-37353,1,2,qQZuO0zWAV8
yt-37355,2,3,kLIoV7FRoUg
yt-37356,0,1,sMfPAH-VuWI
yt-37357,2,3,N_jDG9S1i2o
yt-37358,2,3,pXeOtkaIxgU
yt-37359,2,3,o5kSp3pfPz4
yt-37360,1,2,BtNBhnz1hBM
yt-37361,1,2,JeFaQd2fq-8
yt-37362,2,3,1A13Eail-nw
yt-37363,2,3,mZhm1zQ_RQg
yt-37364,2,3,u8uAz2jJM5w
yt-37365,2,3,XX4G5BvJRhI
yt-37366,2,3,LJBYbMSc8dk
yt-37367,0,1,hAgmN5X4ZqU
yt-37368,1,2,fx3WrCnA4-E
yt-37369,0,1,pCabfVMypvU
yt-37370,1,2,CCdRLdqaO4I
yt-37371,2,3,6mDzX7C12bk
yt-37372,2,3,5ORRb2T1M7Y
yt-37374,0,1,_IVmZwWNCGQ
yt-37375,0,1,Y91uQbtmuz4
yt-37376,1,2,WNH6tiW7ps0
yt-37377,2,3,-lIB3vNY-lg
yt-37378,0,1,hFz8QIR550k
yt-37379,0,1,unB18Si-rwg
yt-37380,1,2,n3f21ZIZ7nY
yt-37381,2,4,8qWFCf7Ab7Y
yt-37382,0,1,jllUEByb4Xs
yt-37385,0,1,0NjppfLG1zs
yt-37387,0,1,VqGgS7pKBQU
yt-37388,0,1,novideo-37388
yt-37390,0,1,n-mqm01Jhfk
yt-37391,2,3,syC-OCIUFQA
yt-37392,0,1,SqnIOY1rMUk
yt-37393,2,4,6mDzX7C12bk
yt-37394,0,0,9KOMrYH6yJI
yt-37395,2,3,ZOUSjqTH1xk
yt-37396,2,3,bOMp3FbQ8aw
yt-37397,2,3,nEY7rdDT2nk
yt-37398,0,1,C3z79NQUX28
yt-37399,2,3,LCPHdZcRK3s
yt-37400,2,3,r2eR2sZAXsU
yt-37401,0,1,Och5IF4bctk
yt-37402,1,2,CAHK-yJnxRk
yt-37403,2,3,R09Jlu8UR4A
yt-37404,2,3,_FoIY4MdolE
yt-37405,2,3,3hmetCPdy3w
yt-37407,0,1,novideo-37407
yt-37409,0,1,mhySXh9xEuI
yt-37411,2,3,novideo-37411
yt-37412,2,3,gzxnzsif2iE
yt-37413,1,2,QAtPYVJzeZ4
yt-37414,2,3,UeuyX3AGVS0
yt-37416,2,3,VkuFXSGqxe8
yt-37418,0,1,VQrOMvikMlo
yt-37419,0,1,QDZFjDdZ_5E
yt-37420,1,2,QOSO4FyGRJA
yt-37421,0,1,ESrZ8FRQzbY
yt-37422,2,3,nEY7rdDT2nk
yt-37423,0,1,WOdUJoLRfSc
yt-37424,1,2,cbzeRwXzi6w
yt-37425,0,1,UnezKUzg2yM
yt-37427,2,3,UJ2IeurQuLM
yt-37428,0,1,k0NbnlUxniI
yt-37429,2,3,pY4yYLRINJ4
yt-37430,2,3,_Tysx_cbQGA
yt-37431,0,1,pybrTCs6Qr8
yt-37432,0,1,m8HISTVIV1M
yt-37433,2,3,OVpQGCu15O4
yt-37434,0,1,HL6bQtOxXcs
yt-37435,2,3,0VHdlG-cyA4
yt-37436,1,2,ouJ-kbF5Wog
yt-37437,1,2,IuqN52Z3nnA
yt-37438,0,0,JGLutYL52ys
yt-37439,1,2,9ZONM3zEzu0
yt-37442,2,3,mtOVL0hJFu8
yt-37443,0,1,hhPnE28AXf8
yt-37444,2,3,jn6ZVd8HUuM
yt-37445,2,3,HtqyzjEuwlE
yt-37447,2,3,QzvH3C7MIM8
yt-37448,2,3,bT_mxWGqgrQ
yt-37449,0,1,Maw8eRG90Zc
yt-37450,1,2,GRFusZGdzOo
yt-37451,2,3,EA-pVOEVzoI
yt-37452,0,1,-1rnXkLbPK8
yt-37453,0,1,P9Nf8IWiFgA
yt-37454,1,2,X7fl-jN24j0
yt-37455,2,3,hmp4ZVhgm8o
yt-37456,0,1,404SiFMvAIE
yt-37457,2,3,xyFvpYh1v9k
yt-37458,0,0,4EPnmoWBUfU
yt-37459,0,1,gzrc3lhDef0
yt-37460,1,2,Xji0723NARE
yt-37461,2,3,UxTeGNpfTBE
yt-37463,2,4,NWYSsAv7Qxo
yt-37464,2,3,OhrX7At2UAs
yt-37465,1,2,DC05VUtSHmA
yt-37467,0,1,EDH5TMcB4Ec
yt-37468,2,4,drafXGmakqc
yt-37469,2,3,4qyKb1wig3A
yt-37471,2,3,Ud7yOka4BGs
yt-37473,1,2,i1-Ccx0wFRA
yt-37476,0,1,IEAQmD6ZAQo
yt-37477,1,2,r1ssQBUZHzQ
yt-37478,1,2,7j-r7Ay0Jio
yt-37479,1,2,bUswGiwRrjM
yt-37480,2,3,l96D38VFMgs
yt-37481,2,3,1VTLzDSRNCE
yt-37482,2,3,P_2ONGBOEUM
yt-37483,2,4,Ia4RNWhq9K0
yt-37484,2,3,9gGc3-cGYBA
yt-37485,1,2,IDnjZzpYfHc
yt-37486,1,2,X_PAY1WOfFU
yt-37489,0,1,FBl_8Pkzo9c
yt-37491,0,1,novideo-37491
yt-37492,0,1,aZSM2Yl7wRc
yt-37493,2,3,kSFDu7qonAg
yt-37494,0,1,hm3saqzhpOM
yt-37495,0,1,novideo-37495
yt-37496,0,1,8RqyTLcp7GI
yt-37497,1,2,GZACPpWG5zw
yt-37498,1,2,J9e-b-mek9A
yt-37499,2,3,Y3JNU7H6WEI
yt-37500,2,3,novideo-37500
yt-37504,0,1,DDcohhj_X80
yt-37506,2,3,0NfArkRDato
yt-37509,0,0,Nm8on_ZzXQc
yt-37510,2,4,OHVWSNOKXUQ
yt-37514,0,1,CRN2wTwXgbA
yt-37516,0,1,BGWRRszQaqU
yt-37518,1,2,mm8_8shna8g
yt-37519,0,1,Jh9scC-gSZk
yt-37521,2,3,ejPRQ37seqk
yt-37522,0,0,wg5C1Th6ICo
yt-37523,0,1,yzN-pRrle0o
yt-37524,2,3,Pe0SmG6Rzj0
yt-37526,0,1,4uQAawcpwY0
yt-37527,2,4,XeODiGQcQTg
yt-37528,2,3,g1UhspNtUiQ
yt-37529,2,3,8UH6G1LnXR8
yt-37530,2,3,novideo-37530
yt-37531,2,3,m0_SMiOecko
yt-37532,2,4,C3IW9vjkoMQ
yt-37534,1,2,novideo-37534
yt-37536,2,3,2Yzv_8kxCB0
yt-37538,1,2,R_OpyFugANM
yt-37539,0,1,gKz40oYeHwg
yt-37540,2,3,Y3T20pSx4C0
yt-37541,0,1,fmbFijz8c4E
yt-37542,1,2,HXSWDGEFliY
yt-37543,1,2,jj7fSi1t5Bs
yt-37544,2,4,YXoRSDCbxYU
yt-37545,0,1,NL8y7eqXxiU
yt-37547,1,2,IyoZBHfRydM
yt-37549,2,3,9c7pCSdjJkA
yt-37550,0,1,GfPTpNO72ek
yt-37551,2,3,ALQnXlXt9XE
yt-37552,2,4,y3FWQuK8ftw
yt-37553,2,3,miIcFc0wViM
yt-37554,0,0,sT8yDQusyQg
yt-37555,2,3,8UH6G1LnXR8
yt-37556,2,3,5MFMC7A56cs
yt-37558,1,2,euXOFwRkAqI
yt-37560,0,1,Yl_OqNQNP5o
yt-37561,1,2,mMvStvbUydc
yt-37563,0,1,LRtg4SvWcMk
yt-37565,2,3,Q_BsKRzYE_w
yt-37566,2,3,Fg0ZbGg_CK8
yt-37567,2,3,7Oc8-eclkrY
yt-37568,0,1,jBdmVowp6V4
yt-37570,1,2,XcBPzd1sGv8
yt-37571,1,2,KHqd08zbSXo
yt-37572,0,1,gta_KMYTC2E
yt-37573,0,1,AIuuzkfxvio
yt-37574,0,1,TqD9Aj-I_4k
yt-37575,1,2,TPQnk10dGuw
yt-37577,0,1,tCMPgGBUDWA
yt-37578,2,3,QMYARnioBl4
yt-37579,2,3,tAHK6E03ORo
yt-37580,0,1,Z3_umP8CgBs
yt-37581,2,4,hKOEs66hdKk
yt-37582,0,1,xElN0Ndtl94
yt-37583,1,2,GBcrT9Pfcfo
yt-37584,2,3,7hMfGlt-AfU
yt-37585,0,1,ifjhUtUrZNE
yt-37586,2,3,mHg4Wat0bdc
yt-37587,2,3,u1MnApNpV3c
yt-37588,0,1,2ZwLSnX3Ce8
yt-37589,2,3,R1hBbe7yrtg
yt-37591,2,4,RDs2RvTE6rk
yt-37592,2,3,58frGISFQUE
yt-37594,2,4,LYWFqsH6qKY
yt-37595,0,1,btrzODCnxOg
yt-37596,2,3,6EfHYn45yek
yt-37598,2,3,4qdzkniXLqE
yt-37599,1,2,novideo-37599
yt-37600,2,3,DC05VUtSHmA
yt-37601,1,2,W5rronlf0VY
yt-37602,0,1,qfevdmm603o
yt-37603,2,3,7jGikCncJd8
yt-37604,1,2,novideo-37604
yt-37605,2,3,P051rbLjttY
yt-37606,0,1,FwEmmyUWrM4
yt-37607,0,1,bbevAiec2gc
yt-37608,2,3,MMWHS5fe-XU
yt-37609,0,1,EGYCVyKncus
yt-37611,1,2,6j-mJi4n6Is
yt-37613,1,2,XHqFoc0Gpk0
yt-37614,0,1,vDxX-zn26fY
yt-37615,1,2,6asprBAJQC8
yt-37617,2,3,6K0qqR-yEz8
yt-37619,0,1,OqIvNk9atWE
yt-37620,2,3,Yq0EiGZrFlU
yt-37621,0,1,unB18Si-rwg
yt-37623,1,2,0qSRnaW4PO8
yt-37624,2,3,qlEtbq_Q6cs
yt-37625,2,3,-G_CjdQZgf0
yt-37627,0,1,0_AbhTWyiys
yt-37628,0,1,zc_V9y1rsSw
yt-37629,0,1,kQtoOdkgeDQ
yt-37630,2,3,m0_SMiOecko
yt-37632,0,1,hTCALnq49yI
yt-37633,0,1,wF0BFR24WLo
yt-37634,0,1,wDWr8NhtDWM
yt-37635,2,4,m0_SMiOecko
yt-37636,0,1,BNdZqem0mSU
yt-37637,1,2,NvxUqsMgL1Y
yt-37638,2,3,8qWFCf7Ab7Y
yt-37639,1,2,wsDx_03XMrs
yt-37640,2,4,3TycaVO0Rso
yt-37643,2,3,pPxJSWbJrtw
yt-37644,2,3,wxa1ijQoObQ
yt-37645,2,3,1FrqdfjJewQ
yt-37646,0,1,CHpn0hEmO2I
yt-37647,0,1,_jvlVlpK-Dk
yt-37649,0,1,novideo-37649
yt-37650,1,2,veXzbdeyB9k
yt-37651,2,3,1VTLzDSRNCE
yt-37652,2,3,Hux1Rot8W2M
yt-37653,0,1,8r1AzZUN984
yt-37654,1,2,_G3YdfbNtY8
yt-37655,2,3,xFF10HI0oTg
yt-37657,2,3,9hABSMgOZZQ
yt-37659,0,1,uRFP_2R1xlU
yt-37660,1,2,vpoVEhc2Xgk
yt-37661,2,3,WmJUxeuMF2U
yt-37662,2,3,oZN2Ni9yXB4
yt-37666,2,3,roB6y6pEUoU
yt-37667,0,1,_1hwy7pmSwQ
yt-37668,0,1,ZuK4ACMjAGc
yt-37669,0,1,novideo-37669
yt-37670,2,4,QlzJcLlCAiw
yt-37671,1,2,yF98TgkzFCE
yt-37672,2,3,jHvUiARBgzs
yt-37675,2,3,FuZVA3s7b1c
yt-37676,0,0,T1jWC8z3Gig
yt-37678,2,3,pNbpijn86ec
yt-37679,1,2,gRNv7yTFj_A
yt-37680,0,1,1nVGhLSM5zk
yt-37681,2,4,BFuz4UsYRVo
yt-37682,0,1,nzF44KFi8gA
yt-37684,0,1,W93B7cSaKLg
yt-37686,0,1,5RnscnAPNms
yt-37687,0,1,Ky2IFBQJICg
yt-37688,0,1,QtvHwTgN-Oc
yt-37689,1,2,3sJ9hxIKLVk
yt-37690,0,1,UzuOqJJSoFE
yt-37691,0,1,nMZ0lUs7y6U
yt-37692,2,3,wBj2zTV3dA8
yt-37693,0,1,PSDZRrtFYn4
yt-37694,2,3,x3vrnGKVA44
yt-37695,0,1,AIuuzkfxvio
yt-37696,2,3,40ns51R4HwY
yt-37697,2,3,8aldzOH9_FA
yt-37698,2,3,NUXEQaYRLwA
yt-37700,0,1,n78xerkizNM
yt-37701,2,3,YZKd-M1klmE
yt-37702,2,3,L0Lh-523OwY
yt-37704,1,2,tuqPFKF5NJo
yt-37705,2,3,JGDdMxxSEiw
yt-37707,1,2,yuS1i2bCrXE
yt-37708,2,3,ketQg9CpX8Y
yt-37710,2,3,roB6y6pEUoU
yt-37711,2,3,uCPkx7vX6ek
yt-37712,0,1,novideo-37712
yt-37713,2,3,BB-JtRfzijs
yt-37715,2,3,j84zsPtsDnU
yt-37716,0,1,KE1_wHoU9jU
yt-37718,1,2,SEzFaTZy1Xw
yt-37720,2,3,JWm8nwsFT7o
yt-37721,0,0,XLb9fujOmyI
yt-37723,0,1,clt1ZlMdMd0
yt-37724,1,2,s-PJcirvX5s
yt-37725,2,3,rMDYpDPFbw8
yt-37726,2,3,pdImt5Nc0yk
yt-37727,0,1,WmXhCkKEVI0
yt-37729,2,3,HtqyzjEuwlE
yt-37731,0,0,OSA_emHHQTM
yt-37732,2,3,EA-pVOEVzoI
yt-37734,1,2,1DoS-tHKT3A
yt-37735,0,1,FACzUY55Gr8
yt-37736,2,3,jVVo3io5J3A
yt-37737,2,4,PkLeE7ksifI
yt-37739,0,0,F4DuvBgOWJg
yt-37741,1,2,ZLiLL6S_eeQ
yt-37742,2,4,wEqWKQ02Kd4
yt-37743,2,3,cfP0cBKHXo0
yt-37744,1,2,b_6GLqMSwGA
yt-37745,2,3,ULAzdZ56tpw
yt-37746,0,1,e4y0pJwarYI
yt-37747,2,3,novideo-37747
yt-37748,1,2,OR6U5XB9RBM
yt-37750,0,1,FjsfA-C0ytc
yt-37751,1,2,6CWHZb5Cts4
yt-37753,1,2,LlxDEMjUfXQ
yt-37755,0,1,novideo-37755
yt-37756,1,2,5H3NuRl7Ppw
yt-37758,2,3,PkLeE7ksifI
yt-37759,2,3,eqMENm9sB9Y
yt-37760,1,2,5s4EUGbtLBc
yt-37761,2,3,dYBUHBF-yLo
yt-37762,2,3,3-RDBxuBJgo
yt-37764,2,3,m0_SMiOecko
yt-37765,2,3,b_x9tMcie0g
yt-37767,0,1,BN-sgMgnIAk
yt-37769,2,3,2NxYEiBYWho
yt-37771,0,1,5yrJD3OqzYM
yt-37773,0,1,n2sOjhStEVo
yt-37776,2,3,sg-987mA4GM
yt-37777,0,1,4udGUaa-PKs
yt-37778,1,2,Xi_BwJ6T_3s
yt-37779,0,1,9vhP079g8tE
yt-37780,1,2,UtKKM5zVblc
yt-37781,1,2,1FrqdfjJewQ
yt-37782,2,3,kcnP7X6IZGo
yt-37783,0,1,s6pRiWORI2I
yt-37785,2,3,i_4Ch6GGzWM
yt-37787,2,3,kYw0bd0mhOg
yt-37788,2,3,SyUljO-dJ90
yt-37789,1,2,Br02-X3E330
yt-37791,2,3,2IW4iAru8NI
yt-37793,2,3,hrk-B9vN8L4
yt-37794,2,3,1YZ5yFrk090
yt-37795,2,3,ynm7YQUJmco
yt-37796,1,2,FqNZL24CUKA
yt-37797,2,3,92wST-C7Z5E
yt-37798,0,1,FuZVA3s7b1c
yt-37799,0,1,FTKDwF3JyXo
yt-37800,0,1,Xb9QMOlzqrI
yt-37801,2,3,3TycaVO0Rso
yt-37802,0,1,-WTqfVsiShA
yt-37803,0,1,IyoZBHfRydM
yt-37805,2,3,9H8RIeE2_Cg
yt-37806,2,3,Q2pnWeGtOOQ
yt-37807,2,3,pqinvobBwRQ
yt-37808,1,2,LZgk2qP1zlo
yt-37809,2,4,QF_VRJPIUbI
yt-37811,1,2,mraw40532V8
yt-37812,2,3,novideo-37812
yt-37813,0,1,0hsHP29VbO8
yt-37814,0,1,SfQ5_KEkhaM
yt-37815,0,1,luGyMNRPQM4
yt-37817,2,3,UhFdcBIIrBk
yt-37818,2,4,y-eH5oo7BP0
yt-37819,0,1,Y75S3K2qeo0
yt-37820,2,3,_wUW1tKmVZA
yt-37821,2,3,TUHJ5xrjbsY
yt-37822,1,2,HrANY-Y5alc
yt-37824,0,1,jaklqSNMo3I
yt-37825,0,1,C3z79NQUX28
yt-37826,2,3,9KOMrYH6yJI
yt-37827,2,3,GE1gQKXqiUk
yt-37828,1,2,PyUhE-tlB4M
yt-37829,0,1,FqfaM7yKapo
yt-37830,2,4,k0NbnlUxniI
yt-37832,1,2,6u7B_yIiDb4
yt-37833,1,2,xk5jUWlygLc
yt-37834,0,0,novideo-37834
yt-37835,1,2,lq6dW5T-iN8
yt-37838,0,1,tQQlBWoP2o8
yt-37839,0,1,novideo-37839
yt-37840,1,2,Dr5zSI-8ZBg
yt-37841,2,3,rSlpeFsOsds
yt-37842,2,3,0Ag_ffPP_MQ
yt-37843,0,1,SOWsUZozSuQ
yt-37845,0,1,AxaIZ36B4C4
yt-37846,1,2,EUDJth00OZo
yt-37847,1,2,lAbGGLFqkdQ
yt-37848,2,3,pjbnL3s4RKU
yt-37849,2,3,tAHK6E03ORo
yt-37851,2,3,RZojVaCbAAI
yt-37852,2,3,k-_pA5XgHI8
yt-37853,2,3,pXeOtkaIxgU
yt-37854,2,3,vAPwgGE6OvQ
yt-37856,2,3,7xCIfAW0CPw
yt-37857,0,1,Y509VMAMme8
yt-37858,0,0,qdS8PTXLamc
yt-37859,1,2,_Z5WazHATR8
yt-37860,2,4,YZlRBOFzIfU
yt-37861,0,1,UeuyX3AGVS0
yt-37863,2,3,abVYw35n9D8
yt-37864,2,3,awG7q2XUhU8
yt-37866,0,1,vhSljvxbSu8
yt-37869,0,1,BrJa5jF_31E
yt-37871,2,4,Pe0SmG6Rzj0
yt-37872,1,2,kHCfGBvyjdA
yt-37876,2,4,DrLKtYWWUyk
yt-37878,1,2,nfn44RWKWEQ
yt-37879,2,3,7zh0dyUXNeA
yt-37880,0,1,DC05VUtSHmA
yt-37881,1,2,zZpw-uQPtHE
yt-37882,2,3,novideo-37882
yt-37885,1,2,9TmO9LA0c0U
yt-37886,0,1,Abq4vNaZH-w
yt-37887,2,4,_9fZSAcyNQ0
yt-37888,2,4,1VRlsD09id8
yt-37889,1,2,5N36qqOeN6E
yt-37890,0,1,CFTyyxTabmE
yt-37891,0,1,62m07JceyKw
yt-37892,2,3,11NF0g1-QaU
yt-37894,0,1,DC05VUtSHmA
yt-37896,0,1,jk3ppAAaT6s
yt-37897,2,3,Axras0sAkRU
yt-37898,0,1,tsWYv1u3_6c
yt-37899,1,2,4q9YGVyD5MA
yt-37900,1,2,dl9xWxEs2CE
yt-37901,1,2,FvvH9uMMPFc
yt-37902,1,2,qWQDIpOJQNc
yt-37903,2,3,HHuKvDTumv8
yt-37904,2,4,_00PNeVGiZU
yt-37906,2,3,q46a33Squ0w
yt-37907,2,4,vpoVEhc2Xgk
yt-37908,2,3,BenmwYiPn8U
yt-37909,1,2,86PRU2XXSi8
yt-37910,1,2,EAq-rInjdf8
yt-37911,2,4,AP3ViburXCE
yt-37912,2,3,8qWFCf7Ab7Y
yt-37916,2,3,CKg9Ivc3PTk
yt-37918,2,3,xnC7dnggm4g
yt-37919,2,4,J9e-b-mek9A
yt-37921,2,3,eOzZWv8hBr8
yt-37922,0,1,kdZJCAJdcXQ
yt-37924,2,3,ejPRQ37seqk
yt-37925,1,2,3qUsLgM_3aA
yt-37926,1,2,1eL-8MnsntE
yt-37927,0,1,novideo-37927
yt-37928,0,1,m3b58gR0WNY
yt-37929,0,1,8JvVMTlUR1I
yt-37930,0,1,Ny6PL6GUn1c
yt-37931,2,3,CFTyyxTabmE
yt-37932,0,1,NpSAv-NLIok
yt-37933,2,3,DC05VUtSHmA
yt-37935,1,2,SjBG8p6snGg
yt-37936,2,3,w2mEM_VPaZQ
yt-37937,0,1,OVpQGCu15O4
yt-37938,2,3,UnezKUzg2yM
yt-37940,2,3,lIB4Jm8DQ4Y
yt-37941,2,4,cqwnUg9If7E
yt-37942,2,3,JH5qHfBPZcE
yt-37943,0,1,j3UiMruu8co
yt-37944,0,1,hy0hiwx_PkM
yt-37945,2,3,u7ekOJx40HU
yt-37946,2,3,rzfuOtq512w
yt-37947,1,2,kHJ_0Y81TAY
yt-37948,1,2,RHuIC8JA0-c
yt-37949,1,2,Vsuj-w0lV8Q
yt-37950,0,1,iwdWKiPRtAs
yt-37952,0,1,MAVS-JU9Go0
yt-37953,2,3,FyWtzmH05k4
yt-37954,0,1,QmfvaL9RgkE
yt-37955,1,2,mmvRb5Y4HAw
yt-37956,0,1,2BTDitlyYuk
yt-37957,2,3,pRs1E7C2Msc
yt-37958,2,3,6qeoTsHx484
yt-37959,2,3,al4TyQkVM6s
yt-37960,2,4,Z9k5dWX3Vlc
yt-37961,2,3,z-cvr7L6KL4
yt-37962,2,3,D-uZmr5IIXY
yt-37963,1,2,L7cl8usQ1qQ
yt-37964,0,1,VUybfYlkXXk
yt-37965,2,3,8qWFCf7Ab7Y
yt-37967,0,1,_yxScFRr57U
yt-37968,2,3,D5A-yspwcoc
yt-37969,0,1,FuZVA3s7b1c
yt-37970,1,2,qzbTxRB2-yY
yt-37971,0,1,1ZwZLRPXXGY
yt-37972,2,4,dj5EFDulRDA
yt-37973,2,3,E8rjgzKzkt8
yt-37974,2,3,Jw6l11taw1I
yt-37975,0,1,qUiOE9gNXYM
yt-37976,1,2,tVbZn83-cnM
yt-37977,1,2,USdc9yKcDWw
yt-37979,1,2,oEo09Ac5hMQ
yt-37980,0,1,novideo-37980
yt-37981,0,0,yT_bSUGVTJw
yt-37983,2,3,PjBNMbI6-sk
yt-37984,0,1,kQtU1q-i4jk
yt-37986,1,2,tGmjuThg6gA
yt-37987,2,3,Gi6lzegB1ck
yt-37988,0,1,noWrHYVxkaU
yt-37989,2,3,StEbUmobvwo
yt-37990,2,4,_kBt-B3CTHY
yt-37991,0,1,BGWRRszQaqU
yt-37992,2,3,WmJUxeuMF2U
yt-37993,2,3,Y3T20pSx4C0
yt-37994,2,3,4JJtuGYo4tw
yt-37995,1,2,U_VBhOct724
yt-37996,2,3,m0_SMiOecko
yt-37997,0,1,6j-mJi4n6Is
yt-37998,2,3,8Zrgtbf0ZpI
yt-37999,0,1,ppVa-oUquhI
yt-38001,2,3,ia2AgqiU-LM
yt-38002,0,1,FE_7ep_moeQ
yt-38003,0,1,cC6JmVBrhSw
yt-38004,0,1,wj5zRqjD8Fg
yt-38005,2,3,PCFpZ0u_fyM
yt-38006,2,3,novideo-38006
yt-38008,1,2,7NJIPyNSTNU
yt-38011,0,1,ez5gr0rmilg
yt-38012,2,3,Jbz1ZgOqm7c
yt-38013,0,1,b6f7U69_2iA
yt-38015,2,3,EY34hxvOWlE
yt-38017,1,2,oqhzw42jS38
yt-38018,2,4,_F_JlDNGoi0
yt-38019,2,3,pXeOtkaIxgU
yt-38020,0,1,LAnETsoQiLM
yt-38021,2,3,uOvRcOhIgOY
yt-38022,2,3,49VIcPjM8kE
yt-38023,0,1,JGLutYL52ys
yt-38024,1,2,t6BQPZTO6jQ
yt-38025,0,1,PNXHkdePgNY
yt-38026,2,3,-W-KULK_Nio
yt-38027,1,2,LaZ_Ybq0dWU
yt-38028,1,2,FQjR7AiDV9o
yt-38029,1,2,SV9ZgPtPVHo
yt-38030,2,3,_FoIY4MdolE
yt-38032,2,3,MhEQyO4-2o4
yt-38033,1,2,8eEkKf0YEQU
yt-38037,2,3,1VRlsD09id8
yt-38038,0,1,9bd64aBJs08
yt-38039,2,3,_zg4pI-Qndc
yt-38040,2,3,OcWgfvbOips
yt-38041,2,3,Jw6l11taw1I
yt-38042,2,3,usWvam7zzd0
yt-38043,2,4,9899lgbOE7c
yt-38045,2,3,iiHyiIlAzcg
yt-38046,0,1,hULW0_SN1u0
yt-38049,2,3,UBAY26elr-w
yt-38050,0,1,4n2K1GP-pF8
yt-38051,0,0,itioszxxvBY
yt-38053,0,0,EygQecaebe0
yt-38054,2,3,WdSkD7w2jSg
yt-38055,2,4,v7zlnATufOw
yt-38058,0,1,RZXH7y4kk60
yt-38060,0,0,OuJ24MkHhuY
yt-38061,0,1,ZWgGMKXaq7c
yt-38064,0,0,IsBdqCaHfdI
yt-38065,1,2,hRT7Iief0sk
yt-38066,2,3,cqhZMrQi2UM
yt-38067,2,3,zPhMYAplBNw
yt-38068,0,1,DN8Y5hq8qro
yt-38070,0,1,y2tkxhVww4M
yt-38074,0,1,teS7GwIzNP0
yt-38075,1,2,8JhXcKmrU6c
yt-38076,2,3,DamIL1cO2gE
yt-38077,0,1,x57P1iA-1O4
yt-38079,0,1,dN2YtmNIJUM
yt-38080,1,2,7MT1FoGLCsQ
yt-38081,2,3,ncsa1omTsdU
yt-38084,2,3,MJJYgZFTjso
yt-38085,2,3,cJVHO751R_0
yt-38086,0,1,7uQ8EbHv0bA
yt-38087,1,2,-Knz3Uiu4RI
yt-38088,2,3,IK-8_Pk12RM
yt-38089,1,2,AMK7Qgctj1I
yt-38090,0,1,4oLANg-lKX4
yt-38091,2,3,m0_SMiOecko
yt-38092,2,4,m0_SMiOecko
yt-38093,1,2,YE3gujWAhgI
yt-38095,1,2,xnStOWHlKXs
yt-38096,2,3,t8bntB1c-Oo
yt-38097,2,3,a2SylFIXIE0
yt-38098,0,1,486gHQ5joxg
yt-38099,0,1,B04mQuuRBDc
yt-38100,0,1,x0q3gyyTqB0
yt-38101,1,2,m-tPgPia1J0
yt-38102,2,3,NG6_1jvxOmk
yt-38103,1,2,T_U2jcv6wXs
yt-38104,2,3,sttzQ257vd8
yt-38105,1,2,H6_W36DpGM0
yt-38106,0,1,AwasJ-1il_M
yt-38109,0,1,Y75S3K2qeo0
yt-38113,0,1,RRwliPnl7Rk
yt-38116,2,3,u55V9qR_fXM
yt-38117,0,1,-SEgqkHq8-s
yt-38118,2,4,j84zsPtsDnU
yt-38119,1,2,m0_SMiOecko
yt-38120,2,3,Rg9jY4y6lrk
yt-38121,2,3,CBVGd8NfMxk
yt-38122,0,1,QB5se87gQKk
yt-38125,2,3,2G-3iX_z2ko
yt-38126,1,2,mBNb_qiLIQc
yt-38127,2,4,J9e-b-mek9A
yt-38128,0,1,PwsyBi25uJs
yt-38130,1,2,PSDZRrtFYn4
yt-38132,1,2,bvUu0Rg90NQ
yt-38135,2,3,MbZJ1zJSxoY
yt-38136,0,1,Fb90cgm7Ppc
yt-38138,0,1,LlMjtapGyQE
yt-38139,0,1,FP3WrKvLqb4
yt-38140,2,3,X3SndDjuf7s
yt-38142,0,1,P_Wqwekyqs4
yt-38143,0,1,G2uUFMSR_Nw
yt-38145,1,2,qt4rVgyr1Rg
yt-38146,1,2,owFWmMIqP4A
yt-38148,2,3,8UH6G1LnXR8
yt-38149,1,2,pb4qYO7o8wA
yt-38151,2,3,MCRlYg2l4Jg
yt-38152,2,3,vhSljvxbSu8
yt-38153,1,2,4SxEc5X2I6M
yt-38154,2,3,n13nuq1wAAo
yt-38156,2,3,uTJtDjyPFZc
yt-38158,0,0,TZvwDhxbOjk
yt-38159,2,3,m0_SMiOecko
yt-38160,2,3,Y3T20pSx4C0
yt-38161,2,3,jj0A98KputA
yt-38162,2,3,CPcNyweBp5E
yt-38166,0,1,noWrHYVxkaU
yt-38167,1,2,k8EFu2rRDa8
yt-38168,2,3,HRkkQUmNOjg
yt-38171,0,1,6oMHQUxyP-Y
yt-38172,0,1,bzyFjP4nQpw
yt-38173,2,3,wAsnyWHRsTc
yt-38175,0,1,qCdB13Sg3Ss
yt-38177,1,2,g7xg-RfYf80
yt-38179,0,1,fB3rVqdq6SQ
yt-38180,1,2,A-M5uzL-g9U
yt-38181,0,1,ZL6-nQZwjSo
yt-38183,2,3,iW0mhZyi-Tg
yt-38184,0,1,F9_8LdQaczc
yt-38185,0,0,7xCIfAW0CPw
yt-38186,2,3,JGDdMxxSEiw
yt-38187,0,1,P21S8Z6Px8M
yt-38189,2,3,m0_SMiOecko
yt-38191,2,3,lounYQ5WELM
yt-38192,2,3,Ep61tpBLF_k
yt-38193,0,0,Suex0bSJJCI
yt-38195,0,1,YQChHjnyouU
yt-38196,2,4,4JWbQktWznc
yt-38197,2,3,KrQC_ZH7Q_o
yt-38198,2,3,RN0zNNH89h8
yt-38199,2,3,Kr-CFrRPDpg
yt-38200,2,3,Vh_ZPulqpEI
yt-38201,2,3,jNz57DyXmHs
yt-38202,1,2,sFVGoGYDOfc
yt-38203,2,3,Nwj5tU2Ikio
yt-38204,0,1,FJmQad1LaSo
yt-38205,2,3,C3z79NQUX28
yt-38206,1,2,vpoVEhc2Xgk
yt-38207,0,1,novideo-38207
yt-38208,0,1,pkseu5q2vnU
yt-38209,0,1,w98WtnWKh8s
yt-38210,1,2,bUswGiwRrjM
yt-38211,2,3,tm3SnDw9xqI
yt-38212,2,3,7hMfGlt-AfU
yt-38214,2,3,l3DkgJzyp6s
yt-38218,2,3,m0_SMiOecko
yt-38219,1,2,aF9u2I98T78
yt-38220,0,1,s6pRiWORI2I
yt-38221,2,3,v9D3PKmtfYA
yt-38222,1,2,45kQzRREVoQ
yt-38223,2,3,Q5m8QdPDqhc
yt-38224,0,0,wOfb4oID3EU
yt-38226,2,3,nFi7-gM9kYM
yt-38227,1,2,q76_w4QwriE
yt-38228,1,2,dsXqdKcagII
yt-38230,0,1,YPOjD6X6AA0
yt-38233,1,2,Ah1yjN8xf18
yt-38234,0,1,MWDvXA_8VTA
yt-38235,2,3,7CYSxJXMsfM
yt-38236,0,1,jD7zUmcdJw8
yt-38238,1,2,nQMVNlxwq60
yt-38239,1,2,1Hef4OovCxQ
yt-38240,2,3,huaVhsK3cEs
yt-38241,0,1,yni-Rl_gvHo
yt-38243,0,1,7p3f3PVNacQ
yt-38246,2,3,ZOUSjqTH1xk
yt-38248,1,2,3LQSbZt4V3A
yt-38249,2,3,yu9UX32dnXQ
yt-38250,2,3,DVHUHSAZbeo
yt-38252,0,1,QSFa2YaBa1U
yt-38253,1,2,exXMeMHS3yw
yt-38254,2,4,FQPh15SpcXM
yt-38255,2,3,BABRe53fna4
yt-38256,1,2,0gn0jISSgsk
yt-38257,0,1,Kr0Fni5sKWM
yt-38258,1,2,unB18Si-rwg
yt-38260,2,4,DC05VUtSHmA
yt-38261,0,1,QGCpBOTJXhg
yt-38262,0,1,F85faLwfcBI
yt-38263,0,1,dPPgumaP92M
yt-38265,0,1,UNyyd6eZNJU
yt-38267,2,3,hNbNkY8oEVk
yt-38268,0,1,3DRIfOkS_7M
yt-38269,2,3,qmraiz5g5AM
yt-38270,2,3,4x9ll6i1Pdg
yt-38271,2,3,Hcc4UQ018zU
yt-38272,0,1,FaA5ZtED118
yt-38274,2,3,YoD3GqU9HJQ
yt-38277,0,1,z9aJrIzbuaw
yt-38278,2,3,BObJiy5noaM
yt-38279,2,3,TeYFrJ8x-Xs
yt-38280,0,1,9TmO9LA0c0U
yt-38281,2,3,tAHK6E03ORo
yt-38282,2,3,4nPZtcbOTEE
yt-38283,1,2,P0EOKdVKMqQ
yt-38285,0,0,W93B7cSaKLg
yt-38286,0,1,3-RDBxuBJgo
yt-38287,0,1,QquXYHla7lg
yt-38288,1,2,gRNv7yTFj_A
yt-38290,1,2,tt0SD4Y8VGA
yt-38291,0,1,KbyuZZJxiP0
yt-38292,1,2,UXsWBZ1gQeE
yt-38293,0,1,NWYSsAv7Qxo
yt-38294,2,3,C3z79NQUX28
yt-38295,2,3,Iip3qHQbfgE
yt-38296,2,3,_FoIY4MdolE
yt-38297,2,3,-SEgqkHq8-s
yt-38298,1,2,novideo-38298
yt-38299,1,2,3ArYD09thlw
yt-38300,2,3,nYMNR8YPWSI
yt-38301,2,3,JVNY5NJTyFs
yt-38302,2,3,3LofIkLiCr0
yt-38303,2,3,novideo-38303
yt-38304,0,0,qECns0kehA4
yt-38305,2,3,ubWoy6ZvIG8
yt-38306,2,4,XHqFoc0Gpk0
yt-38307,0,1,NOA91X6kRUs
yt-38308,0,1,NyhBk023L4A
yt-38309,2,3,ovpT-TnAjWY
yt-38310,0,1,BwL1phuMoS4
yt-38311,2,4,IftyFd0KzjA
yt-38312,2,3,9yi9kqNKq0c
yt-38313,2,3,thMmnixzi4c
yt-38314,2,3,4WrHocm3Yow
yt-38315,0,1,o0xbhlphYTw
yt-38316,2,3,Ia4RNWhq9K0
yt-38317,2,3,DC05VUtSHmA
yt-38318,2,3,pRerRF3DE_w
yt-38320,2,3,m0_SMiOecko
yt-38321,0,1,wbm9gWyUH54
yt-38323,2,3,EA-pVOEVzoI
yt-38324,2,3,hmp4ZVhgm8o
yt-38325,2,4,wl_2P6bQSLI
yt-38329,2,3,L6bz3tKllOc
yt-38330,2,3,AlHYkrOfEMk
yt-38331,0,1,t0oXOV1WmZY
yt-38333,2,3,tAHK6E03ORo
yt-38334,2,3,nqzCoWS27O0
yt-38336,0,1,nTPf1iVlPB4
yt-38337,2,3,0B0hG-LIgMY
yt-38338,2,3,SQ0WDMGzpjg
yt-38339,0,1,idcUsyJwURY
yt-38340,2,3,prwUIsvZcp4
yt-38341,1,2,_wUW1tKmVZA
yt-38342,1,2,gq8vApiExw8
yt-38343,2,3,Suex0bSJJCI
yt-38344,2,3,Khv8MWrL99g
yt-38345,2,4,FvvH9uMMPFc
yt-38346,0,0,q76_w4QwriE
yt-38347,2,3,g1UhspNtUiQ
yt-38348,2,3,8o4opd_aJjM
yt-38349,0,1,FnYDXnrGnv8
yt-38350,2,3,uIUxY4vPUJk
yt-38351,1,2,OfL-IOLWe1g
yt-38353,0,1,novideo-38353
yt-38356,0,0,Gj2U8m5-USk
yt-38358,0,1,uJlLhbOO_R8
yt-38359,0,1,tuqPFKF5NJo
yt-38360,2,3,wngiub8zON0
yt-38361,1,2,m0_SMiOecko
yt-38362,1,2,R5f00nmec-g
yt-38364,0,1,pRerRF3DE_w
yt-38365,2,3,AVKCwG_kMDQ
yt-38369,2,4,JVNY5NJTyFs
yt-38370,1,2,zxLJd-1liF0
yt-38372,0,0,9KOMrYH6yJI
yt-38373,2,3,1VTLzDSRNCE
yt-38374,2,3,d9zOE9hZTQs
yt-38375,0,1,Y4lTDBEr0BM
yt-38376,0,1,lVC_wCbhSsk
yt-38377,0,1,-y-Xei7M6PQ
yt-38378,2,3,sX5ORTz9SAo
yt-38379,1,2,iBa2MbxXWVM
yt-38380,1,2,MYbERlJog64
yt-38381,1,2,0oPnMrM_P3Y
yt-38382,1,2,cKfVxNiZviM
yt-38383,1,2,KdgSw94DlVk
yt-38384,2,3,rITmv5FVWSQ
yt-38385,0,1,xwquU-4IGLU
yt-38386,2,3,p0m2a6Bie28
yt-38387,1,2,cYa2n5CDbZI
yt-38388,2,3,igQPJVTekh4
yt-38389,0,1,novideo-38389
yt-38390,2,3,GuYFO-XUQPI
yt-38391,0,1,zhyHyeWp8qM
yt-38392,0,1,h3EFevb9N6Y
yt-38393,2,4,vcCoyEl_tpw
yt-38394,2,3,QyyEhXGKQrc
yt-38396,0,1,YXhtTgh-igs
yt-38397,0,1,8FumCD3_J8w
yt-38398,0,0,beyF_duOE-w
yt-38399,2,3,1VTLzDSRNCE
yt-38400,0,1,MoWVuut-KjA
yt-38401,0,1,G_p7smGU1vQ
yt-38402,1,2,YE3gujWAhgI
yt-38403,1,2,DmHHh5pEXTk
yt-38404,1,2,rpy-F_ORuPw
yt-38405,0,1,JK234J_uRWk
yt-38406,0,1,VtBciUdZ1_Y
yt-38407,2,3,1VRlsD09id8
yt-38408,0,1,iyu9kTCSNW4
yt-38409,0,1,m0_SMiOecko
yt-38410,2,4,V7OcRCnZnqc
yt-38411,2,3,oZN2Ni9yXB4
yt-38414,2,3,t_31b272Oi8
yt-38417,0,0,2j21GztkPLY
yt-38418,2,3,lOfHTsy5g4Q
yt-38419,2,3,96J-PnnWQpY
yt-38420,1,2,oWLdpEsqkXM
yt-38422,0,1,w56qhLYoRNU
yt-38423,1,2,e-817xRUqeY
yt-38425,1,2,TeYFrJ8x-Xs
yt-38427,1,2,GE1gQKXqiUk
yt-38428,1,2,Br02-X3E330
yt-38430,0,1,K3A1zTTSLcE
yt-38431,2,3,Ia4RNWhq9K0
yt-38432,1,2,uJ_VJIGYRkg
yt-38434,2,3,swLqtV6Uwq4
yt-38435,0,1,CLkOIdtstsk
yt-38436,1,2,6xSy-npAWkQ
yt-38437,2,4,YojVgKa-GSk
yt-38438,0,1,rOaV0ZD8BpA
yt-38439,2,3,YS5e5OxkiVE
yt-38440,0,1,U8ySEBMV5lU
yt-38441,0,1,jbKj1SAgRUA
yt-38443,2,4,XUGrD7w5iI0
yt-38445,0,1,oA3lSKxewMM
yt-38446,1,2,6yYKMc-l6Hc
yt-38447,2,3,JVNY5NJTyFs
yt-38448,2,3,1y2IvCXZhts
yt-38449,2,3,5JAsrrWMB7M
yt-38450,0,1,4cJMwO8ANpg
yt-38451,0,1,74A7-OztFQ8
yt-38452,1,2,96X_tsR38Pc
yt-38454,0,1,Iem7Qc6-UDk
yt-38456,2,3,HJjaseDFEZA
yt-38457,2,4,vF8DdgR93xs
yt-38458,0,1,ZpqJgmftaTg
yt-38459,2,3,di-ZCseZc8w
yt-38460,0,1,Ubn-CKkx-GU
yt-38461,0,1,DBAX96NMjF8
yt-38462,1,2,yoD6NIPfS_8
yt-38463,0,1,tGOc-6Q3sRw
yt-38464,0,1,uW8URN5siRQ
yt-38465,2,3,novideo-38465
yt-38466,2,3,51PcBjCbzOY
yt-38467,1,2,VNFL3tnHd6s
yt-38468,2,3,m0_SMiOecko
yt-38469,1,2,aEHQ0wMdy1c
yt-38470,1,2,CFTyyxTabmE
yt-38471,1,2,ceECduSZhe0
yt-38472,2,3,yL76f9B0VEY
yt-38473,2,3,50_ePQkWBhE
yt-38474,0,0,F85faLwfcBI
yt-38476,0,1,uyEp4CAbzPk
yt-38478,2,3,tAHK6E03ORo
yt-38481,0,1,YWW7oSgN5Tg
yt-38482,2,3,3O14BEMcDag
yt-38483,0,0,Q1cVdKaAny4
yt-38484,1,2,87YSAS3LJlw
yt-38486,2,3,novideo-38486
yt-38487,1,2,MHzu6n9s_so
yt-38488,2,3,NWaRM1VFxDQ
yt-38490,1,2,iBB3Mdm1MiY
yt-38491,2,3,RffjlOYCPCM
yt-38492,0,1,FuZVA3s7b1c
yt-38493,0,1,3hO5ckTrfGE
yt-38497,2,3,m0_SMiOecko
yt-38500,0,1,r3fcKHraqqk
yt-38502,0,1,ICpXYViHGtY
yt-38503,2,3,I0TrQorWjDc
yt-38504,1,2,mDM5cCeawik
yt-38505,0,1,T5lbFpTBOS8
yt-38506,2,3,RffjlOYCPCM
yt-38507,0,0,7jRoVP1uMCs
yt-38508,2,3,TfMHrqF6SGA
yt-38509,1,2,Plg9P8sBAYE
yt-38510,2,4,Yq0EiGZrFlU
yt-38511,2,3,Eifv1zrQF3A
yt-38512,0,1,5TIb88zfR8U
yt-38513,1,2,99ybadSUhC8
yt-38514,1,2,VkuFXSGqxe8
yt-38515,1,2,yfdJTkhc1u8
yt-38517,0,1,--5sNldseEg
yt-38518,2,4,mTSYjbaQyo8
yt-38519,1,2,zGMqbl3zCBc
yt-38520,1,2,RQWL1m55C58
yt-38521,2,3,8UH6G1LnXR8
yt-38523,0,0,eYeaUm1R42M
yt-38524,1,2,_wUW1tKmVZA
yt-38525,2,3,I5pLLeWFheA
yt-38527,2,3,tm3SnDw9xqI
yt-38528,0,1,qgVwm_YN2AI
yt-38529,0,1,qUwaIayRIqg
yt-38530,0,1,-PafzHdTAR8
yt-38531,1,2,peX5EGsJDkc
yt-38532,0,1,9TmO9LA0c0U
yt-38533,0,1,lZJ5okn5ayI
yt-38534,0,1,uJRq7aISZdo
yt-38535,2,3,5TOXRqbj3gc
yt-38538,0,1,jFrKRdtmTcY
yt-38539,1,2,Ox-66Nl9sus
yt-38541,0,0,4UyfK_NgGUg
yt-38543,0,1,yEMY0GeVMsE
yt-38544,0,0,novideo-38544
yt-38546,2,3,1YZ5yFrk090
yt-38547,0,1,_20G2--E0bs
yt-38548,2,3,KbyuZZJxiP0
yt-38550,1,2,X79pkoYhKp8
yt-38551,2,3,d9rnYFKjwCg
yt-38553,1,2,ev30GTWQI6A
yt-38554,0,1,o8-4eE2YgDw
yt-38556,1,2,OOOhBmWQiy8
yt-38557,0,1,Yl0vdtTxIOU
yt-38558,0,1,BRK9IeT0oY4
yt-38559,2,3,jE2A55tf_YY
yt-38560,0,1,7TdkfaEYZmI
yt-38561,0,1,wEqWKQ02Kd4
yt-38562,2,3,tAHK6E03ORo
yt-38563,2,4,7hMfGlt-AfU
yt-38564,1,2,novideo-38564
yt-38565,0,1,PipCtQy7KX8
yt-38567,2,3,HJjaseDFEZA
yt-38568,1,2,87-suVfGLyE
yt-38569,2,4,C3z79NQUX28
yt-38570,0,1,_lMYYzI1-oY
yt-38571,0,1,8G4gh7o5TqE
yt-38572,1,2,i2F5mYkm0MU
yt-38573,2,3,m0_SMiOecko
yt-38575,2,3,TEc0hbzEt70
yt-38576,0,1,WdpYzCAuZKw
yt-38577,1,2,WD5HrfQ1HPw
yt-38578,1,2,b1ra5dC7vCE
yt-38579,1,2,TwqNaSMa_R8
yt-38580,2,3,novideo-38580
yt-38581,0,1,VNu-iXZu8YA
yt-38582,2,3,Scc0Rz01G18
yt-38584,1,2,_wUW1tKmVZA
yt-38585,2,3,MfJ75ixwnUc
yt-38586,2,3,qUiOE9gNXYM
yt-38588,2,3,yypLKij21-Y
yt-38589,2,3,shc4A5SupfU
yt-38590,2,3,TEc0hbzEt70
yt-38591,2,3,suibKgFNx5A
yt-38593,2,3,q11oZixMRY8
yt-38596,2,4,YissuUf5g18
yt-38597,2,3,deZtHTH_MTI
yt-38599,0,1,SA657GN3fSI
yt-38600,1,2,D6irUcE59wc
yt-38601,2,3,XP09t5Tl_3Y
yt-38603,2,4,-HCNpvHcEaY
yt-38604,2,3,Uo72ijyLlGU
yt-38605,2,3,y9fN-7_X6xw
yt-38607,1,2,gesAw_OJbKk
yt-38608,1,2,ROkG3HBWQ20
yt-38609,0,1,921o5dhjI5w
yt-38610,0,1,oYIJil5NStk
yt-38612,0,1,DKbgiBF__zg
yt-38613,2,3,TEc0hbzEt70
yt-38614,0,1,_jEguERgMQE
yt-38615,0,1,QokMrwVKzZY
yt-38616,2,3,EEVo4bbAWP4
yt-38617,2,3,6MIEVOa1RB8
yt-38618,2,3,m0_SMiOecko
yt-38619,0,1,BN-Y1xGp0dI
yt-38620,0,1,7kCc4g8vT1I
yt-38621,1,2,_OLhUZ2ECTI
yt-38623,1,2,blCSl6aTdz4
yt-38624,1,2,alZDqbGHaGg
yt-38625,2,3,5MFMC7A56cs
yt-38626,2,3,vpoVEhc2Xgk
yt-38627,1,2,md8ndSY7jUk
yt-38628,0,0,SKhbVo5-NLQ
yt-38631,2,4,qN2TQJUnkZ0
yt-38632,0,1,4wo0IEJA280
yt-38633,1,2,oToEANVRkCw
yt-38634,1,2,AIDT3CNttFA
yt-38635,1,2,gfbHCHZbNxI
yt-38636,0,0,pXdKUWlLH0g
yt-38638,1,2,lFgnB8xtMmk
yt-38639,1,2,R47L8fm35oc
yt-38641,0,1,NN2XCOOSNz8
yt-38642,2,3,MkKEoUrNpiI
yt-38643,0,1,ZlW7lcf54nI
yt-38645,2,3,IGHPVEzmhcY
yt-38646,1,2,tF7iJcqlld8
yt-38647,2,3,bWwY1z38k2c
yt-38648,0,1,ABnjxb1X2Lg
yt-38649,2,3,t3Q8Haoiv6g
yt-38651,2,3,mZhm1zQ_RQg
yt-38656,2,3,WMZ7HH0Oy5A
yt-38657,0,1,fzQSr9zTB4U
yt-38658,1,2,DC05VUtSHmA
yt-38659,2,3,AwasJ-1il_M
yt-38660,0,1,g2G5zQu3MSM
yt-38661,2,3,mTa5XS4ixV8
yt-38662,2,3,TEc0hbzEt70
yt-38663,2,4,p2_jgOPk4ss
yt-38664,2,3,or0fOTTK8HM
yt-38665,0,1,g1o2LKfaQQI
yt-38667,0,1,eHTYAg9mpRI
yt-38669,2,3,W93B7cSaKLg
yt-38670,1,2,GuYFO-XUQPI
yt-38671,2,3,L2ievKIPbJk
yt-38672,0,1,GMCwvJFn1iY
yt-38673,2,3,J9e-b-mek9A
yt-38674,1,2,j_tV1arFjiU
yt-38675,2,3,huaVhsK3cEs
yt-38676,1,2,GoOvzK7qYag
yt-38678,1,2,novideo-38678
yt-38679,1,2,fCfVulaazkI
yt-38680,2,3,MKFcGfWg1xk
yt-38681,0,1,uWn8yecOmOo
yt-38682,2,3,Br02-X3E330
yt-38683,0,1,bdbvmoqyCsI
yt-38684,0,1,tuqPFKF5NJo
yt-38685,0,1,KOVYdaWkHuA
yt-38687,2,3,SnOV9NemvWo
yt-38688,0,1,wwGJJ4Yj3FA
yt-38690,1,2,PUBcF2idG5o
yt-38691,2,3,wDV6VB4JPac
yt-38692,0,0,novideo-38692
yt-38694,2,3,CwV-ffz0Ll4
yt-38695,2,3,WfshEpeYqSo
yt-38696,2,3,Jogt8ezJlx8
yt-38697,1,2,_jvlVlpK-Dk
yt-38698,0,1,_vQc3-omWds
yt-38699,2,3,MhEQyO4-2o4
yt-38701,1,2,ySqcW7RD1nU
yt-38702,0,1,5nArv6jAdOE
yt-38703,0,1,ZOUSjqTH1xk
yt-38704,2,3,5MFMC7A56cs
yt-38705,2,3,XABtXyvcn2o
yt-38706,2,3,yTnHjR_HyMA
yt-38708,0,1,novideo-38708
yt-38709,2,3,yshJrqjFPyM
yt-38710,0,1,ntDAzoShRYM
yt-38711,2,3,KCqHky2T-B8
yt-38712,0,1,KeZHrBkQXSg
yt-38713,2,3,22mzHPlC_kE
yt-38714,0,1,LRzkoFIliiw
yt-38715,0,1,3DRIfOkS_7M
yt-38716,0,1,8fY4elT5u28
yt-38717,2,3,zhngeBSdLpc
yt-38718,0,1,u7Pl_OdxcKA
yt-38720,2,3,kGn_OQ88wVM
yt-38722,2,3,8Cbob2QoFgw
yt-38723,0,1,iDb9YO6YeXw
yt-38724,2,3,1unmqVLQObk
yt-38725,1,2,izjmMyE5mq8
yt-38726,1,2,ar_SIWMZakk
yt-38727,2,3,bBHBEuzwsFI
yt-38728,0,1,1VTLzDSRNCE
yt-38729,2,3,Ku1VllsV2yg
yt-38730,0,1,qHfsZrHTzaM
yt-38731,0,1,MCRlYg2l4Jg
yt-38733,0,1,ZiEOmIX5pXg
yt-38734,0,1,4UyfK_NgGUg
yt-38735,1,2,GfMym551Ews
yt-38736,1,2,ukG1jokpE8A
yt-38738,0,1,rSlpeFsOsds
yt-38739,0,1,TfWZD310XWc
yt-38741,0,1,MbZJ1zJSxoY
yt-38742,2,3,vpoVEhc2Xgk
yt-38743,0,1,0GwZgpgv8sk
yt-38744,1,2,xU9PbqgBuV8
yt-38745,0,1,pGgrG-_-To8
yt-38746,2,3,JeFaQd2fq-8
yt-38748,1,2,O_-e5eN1ZtY
yt-38749,2,3,MIhWTpG2wcM
yt-38750,1,2,6K0qqR-yEz8
yt-38751,1,2,gOL-i_83_Q0
yt-38752,0,1,MCRlYg2l4Jg
yt-38754,1,2,MIhWTpG2wcM
yt-38755,1,2,novideo-38755
yt-38757,1,2,17EQ8zk06IY
yt-38758,0,1,CaODYoZzBAw
yt-38759,0,1,QyyEhXGKQrc
yt-38760,1,2,Eifv1zrQF3A
yt-38762,2,4,GuXeLXpW7BY
yt-38763,0,1,7juyiFfCzJk
yt-38764,2,3,PHt74nKN0HU
yt-38766,2,3,dYBUHBF-yLo
yt-38768,2,3,ICLWKeTEPcU
yt-38770,0,0,prwUIsvZcp4
yt-38772,0,0,H0bKUYV7g44
yt-38774,0,1,78Uz8gG4PvE
yt-38775,2,3,QokMrwVKzZY
yt-38776,2,3,ovXkapVSGPI
yt-38777,2,3,RN0zNNH89h8
yt-38778,1,2,OJfUukdKIBE
yt-38779,1,2,eoBbFEaBMT4
yt-38780,1,2,6YPUyE_svZE
yt-38781,0,1,vMLVr4RJBiA
yt-38782,1,2,Px3NdclrMAw
yt-38783,1,2,OTZFm5PQrrs
yt-38784,2,3,5-dRwmUGcRk
yt-38785,0,1,6iOpFpxx5K4
yt-38786,0,0,fx3WrCnA4-E
yt-38788,2,3,m0_SMiOecko
yt-38789,0,1,RkESngOgNY8
yt-38791,0,1,pYLu9Gd4FJQ
yt-38792,2,3,G2mUoayCyg8
yt-38793,2,3,5Dj7_WrcAmw
yt-38794,0,1,8pN6NZsa20Y
yt-38795,2,3,YFgLbK8YeeE
yt-38796,1,2,Dl5LrI9XmI0
yt-38798,2,3,OhrX7At2UAs
yt-38799,2,4,jVkqxC4ST2Y
yt-38802,0,1,9TmO9LA0c0U
yt-38803,1,2,_wUW1tKmVZA
yt-38804,0,1,XGl4mWDiW8o
yt-38805,2,3,NQ4sX6jJ_54
yt-38807,2,4,jP3nJAWG15Q
yt-38811,2,3,uu2zRlPidNk
yt-38812,0,1,m2dEe3Na-w4
yt-38813,2,3,FwEmmyUWrM4
yt-38814,0,1,CWgX1XGKDpk
yt-38818,1,2,XuctF-ee5TU
yt-38819,2,3,1dUj6AUvM0g
yt-38820,2,3,tAHK6E03ORo
yt-38821,2,3,1oQ-7Q4rtqY
yt-38822,0,1,P1amCSIPKF8
yt-38823,1,2,_JlbMSEnB6I
yt-38824,0,1,4pd4kfvsBl4
yt-38825,2,3,jHaA28qLf8I
yt-38826,1,2,xcH3d0w9Xxw
yt-38828,1,2,GfMym551Ews
yt-38829,1,2,5RnscnAPNms
yt-38830,0,1,CbH_9CQpkSE
yt-38831,0,1,5uNVKiAzico
yt-38832,0,0,itioszxxvBY
yt-38833,2,3,pXeOtkaIxgU
yt-38835,0,1,NK-EG-bxX18
yt-38837,0,0,PEd6RJuySEw
yt-38839,1,2,Capa6ScMXAk
yt-38840,1,2,1XRVcZ3IePo
yt-38841,2,3,mrBICmHE1uQ
yt-38842,2,3,zhngeBSdLpc
yt-38843,2,3,pkseu5q2vnU
yt-38844,0,1,AjS-IVDf110
yt-38845,0,1,AxaIZ36B4C4
yt-38847,1,2,C3z79NQUX28
yt-38848,2,3,jE2A55tf_YY
yt-38849,1,2,FIJwkne06Ks
yt-38853,0,1,hZE_PZwRisY
yt-38854,0,1,Hz6d2oChO9Q
yt-38855,0,0,novideo-38855
yt-38856,2,3,qt4rVgyr1Rg
yt-38857,2,3,VjsejUf6PCk
yt-38859,2,3,JC96J_ZsN1g
yt-38860,1,2,5y9R4QkmflA
yt-38862,2,4,4VsVdNzS1rA
yt-38863,2,3,hmp4ZVhgm8o
yt-38864,2,3,wOtdtp3kP98
yt-38866,0,1,lZJ5okn5ayI
yt-38867,2,3,novideo-38867
yt-38869,2,3,1VTLzDSRNCE
yt-38870,0,1,_vQc3-omWds
yt-38871,2,3,NoR1CWkMIt4
yt-38872,2,3,MJJYgZFTjso
yt-38874,1,2,1XRVcZ3IePo
yt-38875,0,1,_jvlVlpK-Dk
yt-38876,1,2,iqB4zhRUKuk
yt-38877,2,4,d3-ZO8viWdI
yt-38878,0,1,zpjOUyINNME
yt-38879,2,3,mNs8SyB-TbQ
yt-38881,0,1,ZS4_w1xK3OE
yt-38882,2,3,ej6WLXuJqkY
yt-38883,2,3,_0hb2U46nZE
yt-38884,2,4,GII6LHscWCA
yt-38885,0,1,1CbhgAL44Gk
yt-38889,2,3,DWilN6bQJ9U
yt-38891,2,3,m0_SMiOecko
yt-38892,1,2,RJFQMVmIIzo
yt-38893,1,2,6mDzX7C12bk
yt-38894,2,3,RO8L87ke0SY
yt-38895,2,3,novideo-38895
yt-38896,2,3,5i_X2SFHqDY
yt-38897,1,2,NZPlEA1I8eI
yt-38898,2,3,QOrcsyzYTC0
yt-38899,1,2,qpGHlrNOrRU
yt-38901,1,2,8dY3MlkvDnw
yt-38903,1,2,4uK3F6RMZuk
yt-38904,2,3,lVC_wCbhSsk
yt-38905,0,1,prwUIsvZcp4
yt-38906,0,1,YD3OakzpBLc
yt-38907,2,3,4NXDKcuDdDc
yt-38908,1,2,6K0qqR-yEz8
yt-38909,2,3,yTnHjR_HyMA
yt-38910,2,3,7zV91XV7heU
yt-38911,0,1,JPyva8RTGiE
yt-38912,1,2,cAhVylLETm0
yt-38914,2,3,OhrX7At2UAs
yt-38916,0,1,AxaIZ36B4C4
yt-38919,1,2,FQHM7Uz5qNU
yt-38920,2,3,BYGZzs8uZhI
yt-38921,2,3,sBcv58DvnTc
yt-38922,0,1,novideo-38922
yt-38923,1,2,GaTfGKoQOdE
yt-38924,0,1,FI5DAaZNgag
yt-38926,0,1,K2GRx01R8N4
yt-38928,1,2,N9V-7TPtVzQ
yt-38929,2,3,WSCH4FRaRyQ
yt-38930,2,3,RmQeRGdZm3k
yt-38931,0,1,GPjc3wtrFSQ
yt-38932,2,3,iMzfzY21KRM
yt-38933,0,1,CSHsGBwenxs
yt-38934,2,3,8vKwPqLs7_o
yt-38935,0,1,novideo-38935
yt-38936,1,2,novideo-38936
yt-38937,1,2,lZJ5okn5ayI
yt-38938,0,1,HYF_DV-OemE
yt-38939,1,2,yL76f9B0VEY
yt-38940,1,2,QNxQ9tt5CGo
yt-38941,0,1,novideo-38941
yt-38942,2,3,C3z79NQUX28
yt-38945,0,1,C3z79NQUX28
yt-38946,1,2,WOdUJoLRfSc
yt-38947,2,4,qB6Bd8nMMqI
yt-38949,0,1,Bgnb6AMnZOU
yt-38950,0,1,gTh29V1t9aA
yt-38951,2,3,RdTt-0x-hFY
yt-38952,2,3,1ZwZLRPXXGY
yt-38953,0,1,yb4_TP5Ivo4
yt-38954,0,1,mGFD16hlDKk
yt-38955,0,1,teS7GwIzNP0
yt-38956,2,3,-lIB3vNY-lg
yt-38957,1,2,W5rronlf0VY
yt-38958,0,1,_QjGMChHEQc
yt-38959,0,1,FDs2pwFCUtg
yt-38960,2,3,liHBWu-KmZM
yt-38961,2,3,tQQlBWoP2o8
yt-38962,2,3,eKogL9pVKKo
yt-38963,2,3,HM5BUqIugV8
yt-38965,2,4,9hABSMgOZZQ
yt-38966,2,3,aaLkHKhnoCA
yt-38967,2,3,kKzQScAZ-rA
yt-38968,2,3,gMip5cdQl3U
yt-38969,2,3,PH_8xiKFBxk
yt-38970,0,1,diOkxTDJWgI
yt-38971,1,2,l0WPigSz1tI
yt-38972,2,3,ONfMmSNXUzc
yt-38974,2,3,BObJiy5noaM
yt-38975,2,3,petbI3v0fWk
yt-38977,2,4,B-zaLvhYxEc
yt-38978,2,3,m0_SMiOecko
yt-38979,0,1,udeyypQDi5w
yt-38981,2,3,vYLfD-oEeiU
yt-38982,2,3,Jh4tpeTceSg
yt-38983,2,3,yNuU2vm2784
yt-38984,0,1,9TmO9LA0c0U
yt-38986,2,3,NCs8JBYWalE
yt-38987,0,1,zLLXOLxGZ-8
yt-38988,1,2,QABcwbmN8Ms
yt-38989,0,1,SOWsUZozSuQ
yt-38990,2,3,j2uhTjJMS_E
yt-38991,2,3,JH5qHfBPZcE
yt-38992,1,2,OlW9OR5iqdE
yt-38993,0,1,r9Ljy8xMrRc
yt-38995,2,3,bp6k1uU0fd0
yt-38997,0,1,vI1P16MO6IM
yt-38998,0,1,97vlSnirrII
yt-38999,2,3,XY9GhLNm37g
yt-39000,2,3,1VTLzDSRNCE
yt-39001,1,2,cewZRQ7sLSc
yt-39004,0,1,jQB-_j5ZFgY
yt-39005,2,3,pXeOtkaIxgU
yt-39006,0,1,gKz40oYeHwg
yt-39007,2,3,uz_xva-uKPE
yt-39008,1,2,hArDpQVdTYA
yt-39009,1,2,0Bh9MKnnDQU
yt-39011,1,2,Sox8CAYui5A
yt-39013,0,1,Wq2lLh44U1A
yt-39014,1,2,UTRmRCl5Xwg
yt-39015,0,1,bxX9jV6tA24
yt-39016,0,1,bhmIJ3spqhY
yt-39017,0,1,mS2yz5sp9lM
yt-39018,2,3,bF1ELARcXtE
yt-39019,0,1,0DLQ96nICOM
yt-39020,0,1,dPTdf9MBCbg
yt-39021,2,3,6V6Cmx1kOYQ
yt-39022,0,1,lZSuDQVeFBE
yt-39023,2,3,IzGR6FIYTio
yt-39025,1,2,Aj15i4Mbr-8
yt-39026,0,0,QGettcJ6YcU
yt-39027,0,1,IWF2ukdI3Fs
yt-39028,2,3,tAHK6E03ORo
yt-39030,2,3,DK-L1hS6Iy4
yt-39032,0,1,OUdkJZ24Xfg
yt-39033,0,1,XxD1PmAAC3Y
yt-39034,0,1,8fzafy1C_P0
yt-39036,2,3,agDS9NYtoVY
yt-39037,2,3,m0_SMiOecko
yt-39038,0,1,GZACPpWG5zw
yt-39039,0,1,_vQc3-omWds
yt-39040,0,0,US4wcfgMP1I
yt-39041,0,1,PfMnk79uNDk
yt-39042,0,1,LejEwNznAuk
yt-39043,2,3,pXeOtkaIxgU
yt-39044,1,2,m0_SMiOecko
yt-39045,2,3,MU-yimY8Wmc
yt-39046,0,1,Kkusv66dSlI
yt-39047,0,1,H0i2CRANvo8
yt-39048,2,3,Xx1Uqc41MUs
yt-39049,2,3,ihB-K5_SkcA
yt-39050,0,1,_HBpeBqcLVo
yt-39051,2,3,uRbjPF-1Udo
yt-39052,2,3,g8J8ngc0kVU
yt-39053,0,1,LcfLbSJpeU4
yt-39054,1,2,Bp3yeibMgQ4
yt-39055,0,1,5RnscnAPNms
yt-39056,0,1,yO31zdoFQ7U
yt-39057,2,3,1y2IvCXZhts
yt-39058,1,2,K8_ukQCDh3Q
yt-39059,1,2,BBSVM4juSk0
yt-39060,1,2,HrANY-Y5alc
yt-39061,0,1,v-0zcUrNBXc
yt-39062,2,4,6zw2pf1552g
yt-39063,1,2,Nc_NEeq488c
yt-39064,1,2,tLQ6iF5nGCE
yt-39065,2,3,WTnC_b9Ed5c
yt-39066,0,1,wGuNHrDGfvA
yt-39067,0,1,ZS4_w1xK3OE
yt-39068,0,1,nH6aJeWGH2U
yt-39070,2,3,novideo-39070
yt-39071,2,3,hIyUCqJqGqI
yt-39072,0,1,t27sZz1Ifks
yt-39073,2,3,IbNMuIDeHAM
yt-39074,1,2,ywdkzZxMsrI
yt-39075,1,2,x1pILgHuH3A
yt-39076,0,1,nBLe8KUoXYM
yt-39077,2,3,VNWCfMuahn4
yt-39079,2,3,nMCuI938c7A
yt-39080,2,3,pLmm0T-k5G0
yt-39081,1,2,MfJ75ixwnUc
yt-39082,2,3,cPpeQxGqwc8
yt-39083,0,1,Ocbqd3KNeGs
yt-39084,1,2,Eifv1zrQF3A
yt-39085,2,3,Ia4RNWhq9K0
yt-39087,0,1,_9e77Wop0nI
yt-39088,1,2,z2HTMzfns_U
yt-39091,2,3,novideo-39091
yt-39092,2,3,9XvlHN0UPbk
yt-39093,0,1,C3z79NQUX28
yt-39094,1,2,2HkImmJOlgE
yt-39096,0,1,qpGHlrNOrRU
yt-39097,2,3,MEbQaysavtU
yt-39099,0,1,_Rc_AyZ8TqA
yt-39101,0,1,S-kJ1-_KL50
yt-39102,2,3,Pe0SmG6Rzj0
yt-39106,0,1,vypCmNRmr0A
yt-39107,2,3,1VTLzDSRNCE
yt-39108,2,3,wF0BFR24WLo
yt-39109,0,1,dl9xWxEs2CE
yt-39110,2,4,sBcv58DvnTc
yt-39111,2,3,TfgdwInk4l4
yt-39112,1,2,UE4lcLBTlao
yt-39113,2,3,m0_SMiOecko
yt-39114,2,3,_yxScFRr57U
yt-39119,1,2,Xqz6B8MtR_I
yt-39120,1,2,unB18Si-rwg
yt-39121,0,1,ErTsPsWuHHs
yt-39122,1,2,38-ahnQ2CKg
yt-39123,2,3,t6BQPZTO6jQ
yt-39124,0,1,0xITW_W-Q0M
yt-39125,1,2,-W-KULK_Nio
yt-39126,1,2,O_-e5eN1ZtY
yt-39127,2,3,ZE0SWTfC8cg
yt-39128,2,4,s0nuKKa7Lv0
yt-39129,2,3,31kwC9YC9SE
yt-39130,2,3,wmPW_tx2PuY
yt-39131,0,1,novideo-39131
yt-39132,1,2,3sJ9hxIKLVk
yt-39133,1,2,novideo-39133
yt-39135,2,3,cbMY0uam7oM
yt-39136,1,2,ersuwo88aao
yt-39137,0,1,u1MnApNpV3c
yt-39138,2,4,mD_D1JArYZE
yt-39139,1,2,O_-e5eN1ZtY
yt-39140,2,3,9DV69NPdNKQ
yt-39143,1,2,Kool8EoZM5g
yt-39144,1,2,hqK5E9JT-wQ
yt-39147,2,3,UeCKHGCcYL4
yt-39148,2,3,E1z2sLrKFzM
yt-39149,2,3,ZOUSjqTH1xk
yt-39150,2,3,MbalSDosWtE
yt-39151,2,3,novideo-39151
yt-39152,0,1,fZhlzul24Z0
yt-39153,0,0,70-w6BoPZ3g
yt-39154,1,2,enV0M7iJSsw
yt-39155,2,3,sYcgRT4n_FQ
yt-39157,2,3,MJJYgZFTjso
yt-39160,2,3,0zCKzQtI-bQ
yt-39161,2,3,YH8Zpy8gjg4
yt-39162,0,1,pRerRF3DE_w
yt-39163,0,1,1G5ehGFwiR4
yt-39164,0,1,XVrT-FUpDfE
yt-39165,0,1,b7ZlmRH-UrI
yt-39166,2,3,m0_SMiOecko
yt-39167,0,1,Bgnb6AMnZOU
yt-39169,2,3,iE6pamuSYYo
yt-39171,2,3,1OhmXyEjIB0
yt-39172,0,1,_QDX1gi3AAw
yt-39174,0,1,RasXoEuHbHQ
yt-39175,0,1,LtyaG38-8FE
yt-39177,0,1,G21j4A8HlYE
yt-39178,2,3,PdFQMG49LfM
yt-39181,0,1,BDfqViakH4I
yt-39182,1,2,Jv6VLUr1dsI
yt-39183,2,3,5-dRwmUGcRk
yt-39184,2,3,rXTJGZyxF8w
yt-39185,1,2,m0_SMiOecko
yt-39186,0,1,Ep61tpBLF_k
yt-39187,1,2,vuyUH092WBI
yt-39188,0,1,unB18Si-rwg
yt-39190,2,3,qMAeQeZDgqA
yt-39191,1,2,IfocyeSWoRo
yt-39192,0,0,pXeOtkaIxgU
yt-39193,0,1,_-sXeX9ntsM
yt-39194,1,2,LJBYbMSc8dk
yt-39196,0,1,nHlMTLzam8Q
yt-39197,0,1,dWtB-pKaYrw
yt-39198,2,3,P051rbLjttY
yt-39199,0,1,GMCwvJFn1iY
yt-39200,2,3,iRmZXzKS6e4
yt-39201,0,1,qZyI55Zc-5c
yt-39202,1,2,pkaArSWHQis
yt-39203,0,1,zMboDVm7D6k
yt-39204,0,1,sYcgRT4n_FQ
yt-39205,2,3,P051rbLjttY
yt-39206,1,2,Aj15i4Mbr-8
yt-39209,1,2,q2rCXTe1oNA
yt-39210,0,1,gNBujRtWbwc
yt-39211,2,3,Ep61tpBLF_k
yt-39212,2,4,9Yd7DSg3-rU
yt-39215,2,3,0fB5cltU6ZY
yt-39216,2,3,UBAY26elr-w
yt-39217,2,3,tAHK6E03ORo
yt-39219,2,3,YD3OakzpBLc
yt-39220,2,3,arcq0Pmpdvo
yt-39221,1,2,5HmcNcKSnbk
yt-39222,2,3,XcNXSJgzmLo
yt-39223,0,1,8Eit4S5k-QE
yt-39224,2,3,novideo-39224
yt-39225,2,4,_FoIY4MdolE
yt-39226,2,3,uX0z_0CvIl0
yt-39228,2,3,wau9hi5xGlE
yt-39229,2,3,CAHK-yJnxRk
yt-39231,0,1,MXg-Si_4mPc
yt-39232,2,3,vpoVEhc2Xgk
yt-39233,2,3,hYZrqTMueCI
yt-39234,1,2,Qn7Gb8_yciM
yt-39235,0,1,G3OjEQp_DS4
yt-39236,2,3,n087u279boY
yt-39237,0,1,93HCCPEZ_Hg
yt-39239,0,1,epwXjvLUr7E
yt-39240,2,4,KkmCZqxmod8
yt-39241,2,3,zS8XbFF9IXY
yt-39242,0,1,Abq4vNaZH-w
yt-39244,1,2,RIBEZaBR1dw
yt-39245,1,2,Kugv2fmlFBM
yt-39246,2,3,YBWm8wotXQI
yt-39248,2,3,uAzte5hqZoU
yt-39249,1,2,m0_SMiOecko
yt-39250,2,3,J7_-oVm5njU
yt-39251,0,0,LNK607qmtYw
yt-39252,0,1,HiS4fwEN6Zo
yt-39253,2,3,S9hmLBHYDSk
yt-39254,0,1,3yzavS-7Lxw
yt-39255,0,0,AHfD06_4v6Y
yt-39257,1,2,YvJKttWDBek
yt-39258,0,1,zS8XbFF9IXY
yt-39259,0,1,pzTgsdFxN68
yt-39260,2,3,k2BZWzTuKeM
yt-39261,0,0,BBSVM4juSk0
yt-39263,2,3,GeGNULL7Dlw
yt-39264,0,1,aOZdtgbBCis
yt-39265,0,1,-VDjG0yKBls
yt-39267,2,4,5i_X2SFHqDY
yt-39268,2,3,uJPe8Y7UO4o
yt-39270,0,1,my5WePg_TAY
yt-39271,0,1,0Bh9MKnnDQU
yt-39272,0,1,he7IWFZpm4s
yt-39273,1,2,iBMRSv8ZNTE
yt-39274,2,4,HsrDlkfuVPI
yt-39277,1,2,9TmO9LA0c0U
yt-39278,0,1,tuqPFKF5NJo
yt-39279,1,2,tKrxP1-LL04
yt-39280,2,3,NwCeg1jqh2Y
yt-39281,2,3,N9V-7TPtVzQ
yt-39282,1,2,L28jJUzsKqs
yt-39283,0,1,1a-4uIQS_1A
yt-39284,1,2,OhrX7At2UAs
yt-39285,0,1,d7E6UaXvgvk
yt-39286,0,1,_vPmeMis11Q
yt-39287,1,2,C41NWw9WtX0
yt-39288,2,4,5v7r26uWu4M
yt-39289,1,2,1fXmB6fIxpQ
yt-39290,2,3,YoD3GqU9HJQ
yt-39291,0,0,8YGpGFiGZR4
yt-39292,1,2,MwYatAqodsY
yt-39293,2,3,aEHQ0wMdy1c
yt-39295,0,1,qGUzlCiW9dw
yt-39296,0,1,Y4gfrjSveyk
yt-39297,2,3,m0_SMiOecko
yt-39298,0,1,wLUP2xRcYgg
yt-39299,2,3,GceG3HakyFo
yt-39300,0,1,9aXFA0HywDc
yt-39303,1,2,SF8clEjTXMk
yt-39304,2,3,0X_getR01Jw
yt-39305,2,3,t27sZz1Ifks
yt-39306,0,0,YQ6JEpBh-eU
yt-39307,2,3,q11oZixMRY8
yt-39308,1,2,gLqL_XUjtVY
yt-39309,0,0,Dr5zSI-8ZBg
yt-39310,0,1,qEIssm3hRSA
yt-39311,0,1,_gAU7JcQO6k
yt-39312,2,3,k9kHeaxj2Tw
yt-39313,1,2,WSCH4FRaRyQ
yt-39314,0,1,_4QaaGfgHVU
yt-39316,2,4,1xH14v11-eU
yt-39317,2,3,1YZ5yFrk090
yt-39318,0,1,FuZVA3s7b1c
yt-39319,2,3,1VTLzDSRNCE
yt-39320,0,1,JA2Nfbe41hY
yt-39322,1,2,bXZWusMdCQo
yt-39323,0,1,uJRq7aISZdo
yt-39324,0,0,wYIcBnRerFI
yt-39325,0,1,Xv96izCPxus
yt-39329,2,4,1VTLzDSRNCE
yt-39330,2,4,1VTLzDSRNCE
yt-39334,1,2,Eq8Ic1fZqMc
yt-39335,0,1,tvgOUH5FA4k
yt-39336,2,3,clTFpGUtAGY
yt-39337,0,1,aesvErH7aaQ
yt-39338,2,3,ejPRQ37seqk
yt-39339,2,3,ZOUSjqTH1xk
yt-39340,2,3,eOzZWv8hBr8
yt-39341,1,2,novideo-39341
yt-39343,2,3,Yq0EiGZrFlU
yt-39344,1,2,7jGNUfmr24A
yt-39345,2,3,l5gNpa_QekA
yt-39347,0,1,Nm8on_ZzXQc
yt-39348,0,1,novideo-39348
yt-39349,0,1,6F23dH5KHjs
yt-39351,2,3,pzIw3uR_DNQ
yt-39352,1,2,HykkwYN7kRw
yt-39353,1,2,yHNSkqg1xfg
yt-39354,0,1,wXUgESR-ImY
yt-39356,2,3,852q17z1D-A
yt-39357,1,2,yzD9t2M4N24
yt-39358,2,3,uCPkx7vX6ek
yt-39360,1,2,BChwKmBjovE
yt-39361,0,1,en8K9BnjCMQ
yt-39362,2,3,tYNyDdPW59k
yt-39363,2,3,9oE2bhIQs0w
yt-39364,0,1,-VWrqKzVXDw
yt-39365,0,1,obxWlT14_dY
yt-39366,0,1,7c2SrRP7HBw
yt-39367,1,2,RzXgg5vpyWk
yt-39368,0,0,BJmajbiUI0U
yt-39370,2,3,D-8WCKrxqGw
yt-39371,0,1,wRb6nE1sJRY
yt-39373,1,2,4WrHocm3Yow
yt-39374,1,2,MJJYgZFTjso
yt-39375,0,1,U94rZZAK7_w
yt-39376,0,1,dSdKszt_ohw
yt-39377,0,1,IK8sXuSDBDo
yt-39379,2,3,QyyEhXGKQrc
yt-39380,2,3,NxypeHZMIGQ
yt-39381,1,2,4NQFwvuWOFs
yt-39382,2,3,SVfbvYOqsfQ
yt-39384,1,2,m_lwRafhnC8
yt-39385,1,2,wHwBr7DWq3E
yt-39386,2,3,vpoVEhc2Xgk
yt-39387,0,1,28bL9Oc0D80
yt-39388,2,3,sxhTcQTd9Bk
yt-39389,2,3,nqzCoWS27O0
yt-39390,2,3,c8wXcPeE9FE
yt-39391,1,2,Pe0SmG6Rzj0
yt-39392,1,2,YoD3GqU9HJQ
yt-39393,0,0,KLCV2JQP9pQ
yt-39394,1,2,tb-f9smxiWg
yt-39395,2,3,zb6_XsPgPJ0
yt-39396,1,2,739RKwGok0c
yt-39397,2,3,rSlpeFsOsds
yt-39398,0,0,gTtVoyQbxaQ
yt-39399,2,3,Yc4OflBzihM
yt-39400,1,2,VX24pMefwkU
yt-39401,1,2,rGDwYKac4CU
yt-39403,2,3,D_Cppt57kQU
yt-39404,0,1,wyQGvdbRQts
yt-39405,2,4,FO_11hkhFEA
yt-39406,1,2,97vlSnirrII
yt-39411,1,2,58jW4L1NrV4
yt-39412,2,3,zYtSGXAxeag
yt-39414,1,2,-psmfGGak_g
yt-39415,2,3,IkZepqnjfUM
yt-39416,1,2,qAOpkXErt5M
yt-39417,2,3,nkE6M85fay0
yt-39418,2,3,2lTBkO_Npfo
yt-39420,1,2,iWpp9d57i8w
yt-39421,2,4,1GvtuuzZr9E
yt-39422,0,1,Nm8on_ZzXQc
yt-39423,0,1,TPxoN59lVrM
yt-39424,1,2,Ol4WwWUXJmI
yt-39425,1,2,xYFR5YJ5gv0
yt-39426,2,3,oKieT1EnPpw
yt-39427,2,3,OWizn10Imos
yt-39428,0,1,vI1P16MO6IM
yt-39431,0,1,jCCwe2E3JAQ
yt-39432,2,3,O3O2gu6XZDM
yt-39433,0,1,_jvlVlpK-Dk
yt-39434,0,1,lq-STRyZvok
yt-39435,1,2,5_ZzO4c4bGE
yt-39436,0,0,4EPnmoWBUfU
yt-39438,0,1,UgAD2hx0fs8
yt-39439,0,1,6zVLUwCAsFM
yt-39440,2,3,uSyQ2_lhuvI
yt-39442,2,3,8qWFCf7Ab7Y
yt-39443,1,2,60HOisCEuog
yt-39444,0,1,CAHK-yJnxRk
yt-39445,2,3,SuE-8xfeeeQ
yt-39446,0,1,cCJi_9GV44c
yt-39447,0,1,me7m4E7U4-c
yt-39449,2,3,uMQDC49UG2g
yt-39450,1,2,xtQIGTXIO8k
yt-39452,1,2,pMWVBnOheJI
yt-39453,0,1,novideo-39453
yt-39454,2,3,KEKjepewwfw
yt-39456,0,1,qTvLAElb5PI
yt-39457,2,3,JeFaQd2fq-8
yt-39458,1,2,Plg9P8sBAYE
yt-39459,2,3,IJ9vVLJA0Zw
yt-39460,2,3,1VTLzDSRNCE
yt-39462,2,3,UYlMVjEElQo
yt-39463,0,1,rZJT646i4TY
yt-39464,2,3,jOFElUa3gWo
yt-39465,0,1,Dbhb4ZBl1L0
yt-39466,0,1,m0_SMiOecko
yt-39469,2,3,ZOUSjqTH1xk
yt-39470,0,1,cfP0cBKHXo0
yt-39472,2,3,HTwW7rhCuuc
yt-39473,2,4,vtcOQGJfARE
yt-39474,2,3,ya03sXcaT1w
yt-39475,2,4,roB6y6pEUoU
yt-39476,1,2,GzunX8tsTac
yt-39477,0,1,k-_pA5XgHI8
yt-39478,1,2,-y-Xei7M6PQ
yt-39481,0,1,VyDN1dHWg50
yt-39482,2,3,id3-1yMuAp0
yt-39483,2,3,4EHZvEfQpIM
yt-39484,2,4,WfshEpeYqSo
yt-39485,1,2,i5s6RUdIJeg
yt-39486,0,1,e1aWJzC0mTM
yt-39487,2,3,novideo-39487
yt-39488,2,3,YtAA1eGdLoI
yt-39489,2,3,B2ZeTOm_sMA
yt-39492,0,1,ZOUSjqTH1xk
yt-39493,2,3,7hMfGlt-AfU
yt-39494,2,3,AvQbXuLmNkc
yt-39495,0,1,W_YhIsz1Opo
yt-39496,2,3,hNbNkY8oEVk
yt-39497,2,3,frpGiIWQIBo
yt-39498,1,2,clTFpGUtAGY
yt-39499,0,1,FR0f40WtJMA
yt-39500,0,1,gLmemI5o62A
yt-39501,1,2,kzSg8ie0REE
yt-39502,1,2,C2NQfX-Pjp4
yt-39503,0,1,novideo-39503
yt-39504,2,4,MhEQyO4-2o4
yt-39505,0,0,gzxnzsif2iE
yt-39506,2,3,ERUZo-m4V2U
yt-39507,0,1,YFJGQ3615FU
yt-39508,1,2,j6abzM1nCbo
yt-39509,2,3,ejPRQ37seqk
yt-39511,0,1,H0bKUYV7g44
yt-39512,2,3,KQSOSZAtQi4
yt-39513,0,1,Nc03TnT0xTg
yt-39514,1,2,y_hy8DfxDsw
yt-39516,2,3,V186Swb4xKk
yt-39517,0,1,Nm8on_ZzXQc
yt-39518,2,3,RAThbcWDGdM
yt-39519,1,2,OOseF5E2kqo
yt-39520,0,1,8N_0SwRhM8Q
yt-39521,1,2,vS99HF47vVE
yt-39522,1,2,hyNXMVrypRI
yt-39524,0,1,dHkHfGTaZsA
yt-39525,0,1,-Rzdsz1w3nw
yt-39526,1,2,novideo-39526
yt-39527,2,4,w6guCkiebEM
yt-39528,2,3,xcH3d0w9Xxw
yt-39530,2,3,Cme7daDaERc
yt-39531,0,1,zhyHyeWp8qM
yt-39532,0,1,rnIz7k95rxw
yt-39533,2,4,44BjDioAFno
yt-39534,2,4,dPPgumaP92M
yt-39535,2,4,vpoVEhc2Xgk
yt-39536,0,1,uu2zRlPidNk
yt-39537,1,2,_LHgWfujO5U
yt-39538,0,1,74A7-OztFQ8
yt-39539,0,0,QmfvaL9RgkE
yt-39542,0,1,novideo-39542
yt-39543,0,1,ZxYPktiBVU8
yt-39544,0,1,BT9D1phDhjQ
yt-39546,2,3,Z9k5dWX3Vlc
yt-39548,0,1,qkS_iEL_Zds
yt-39551,0,1,cCJi_9GV44c
yt-39552,0,1,lU9SS3DmukY
yt-39553,0,1,skB7jrIeM-A
yt-39555,2,3,zvVqXXVTqeQ
yt-39556,0,1,HihlV8VZ5gY
yt-39557,0,1,KT78CCbrqgU
yt-39558,2,3,yL76f9B0VEY
yt-39560,1,2,-mi8F_TA32k
yt-39561,1,2,3LQSbZt4V3A
yt-39564,2,3,8ovNXtyXEQA
yt-39565,0,1,nuphKDPbnbo
yt-39566,2,3,MKpg2oFp2aM
yt-39567,0,1,ULQNMeKEq-A
yt-39568,0,1,novideo-39568
yt-39569,2,3,_YpkTuPFniQ
yt-39570,0,1,yrzGb7hnUc8
yt-39571,0,1,9rNDCacky7I
yt-39572,0,1,4bRHWaMdvhw
yt-39573,0,1,SkeAmXaxDxo
yt-39574,2,3,ROPJbdR_o2E
yt-39575,0,1,BN-sgMgnIAk
yt-39576,2,3,tAHK6E03ORo
yt-39578,2,3,TeYFrJ8x-Xs
yt-39579,1,2,HVCPqbxZTvc
yt-39581,1,2,Bb-dA27VDFU
yt-39583,2,3,0PdDq3mvetk
yt-39584,1,2,Rl67vL22Gpo
yt-39585,0,1,DMQVKGXC12s
yt-39587,2,3,DC05VUtSHmA
yt-39588,2,3,ebYPx89GbHA
yt-39590,1,2,w0n0fKJ2nDM
yt-39591,0,1,N9V-7TPtVzQ
yt-39592,1,2,v9D3PKmtfYA
yt-39593,2,3,oipZf9goRec
yt-39594,1,2,OVlJczrBw0k
yt-39595,1,2,novideo-39595
yt-39596,0,1,jBxaqIGa98Y
yt-39597,2,3,1VTLzDSRNCE
yt-39598,2,3,8F28MgVPPNw
yt-39599,0,0,pXeOtkaIxgU
yt-39600,1,2,otbnIjWGmOU
yt-39601,2,3,pXeOtkaIxgU
yt-39602,2,3,zxLJd-1liF0
yt-39605,2,4,DSbgJUhUn2I
yt-39606,1,2,tUO0U4x942g
yt-39607,2,3,b_r-5dSZcfQ
yt-39608,0,1,rZJT646i4TY
yt-39610,2,4,tAHK6E03ORo
yt-39611,1,2,BpNvIShIm3k
yt-39612,0,1,DMaO5PcQ-Mg
yt-39615,2,3,m0_SMiOecko
yt-39616,2,3,rSlpeFsOsds
yt-39617,0,1,W-pZYsfYlws
yt-39618,2,3,RUWPVfum-Ag
yt-39619,0,1,novideo-39619
yt-39621,1,2,6mhlN0VdTmY
yt-39623,1,2,crxMMjAcugo
yt-39624,2,3,m0_SMiOecko
yt-39625,2,3,j1Knaj3OY6k
yt-39626,2,3,S4X1lwVEcwQ
yt-39628,0,1,NB1UGvvr2Xo
yt-39629,0,1,hkJtcKqccuE
yt-39631,0,1,jKxOOMvfdgw
yt-39632,2,3,fn4eih72BL0
yt-39633,2,3,sz9Oxe-iA8w
yt-39634,0,1,YD3OakzpBLc
yt-39636,1,2,QCSR6ETBoXA
yt-39637,0,1,d55s9Y_nX_s
yt-39638,2,3,JGDdMxxSEiw
yt-39639,0,1,Y5Lx_Vz1iz8
yt-39641,0,1,GwFVHbs2l1s
yt-39642,2,3,m0_SMiOecko
yt-39643,0,1,2WO0nOmXp70
yt-39644,0,1,5Fd8OxSbi_E
yt-39645,2,3,nVCYVN4HCjs
yt-39647,0,1,QZgYrxXlzDY
yt-39648,0,1,novideo-39648
yt-39649,2,4,PZRbbRsBvBI
yt-39650,2,3,80sReu_evSA
yt-39652,2,3,m0_SMiOecko
yt-39653,2,3,ff6vbx_mCkg
yt-39654,2,3,JNhSAtoeM9w
yt-39656,1,2,Eax6V6b4EMw
yt-39657,2,3,tyY8f5xpm5w
yt-39658,2,3,5MFMC7A56cs
yt-39659,2,3,DTXrPVvpkMg
yt-39660,1,2,m0_SMiOecko
yt-39661,0,1,WpAgZF1WMM8
yt-39662,2,3,8qWFCf7Ab7Y
yt-39663,2,3,9jFAmT1rFgY
yt-39664,2,3,4oLANg-lKX4
yt-39666,1,2,1Hef4OovCxQ
yt-39667,0,1,Y8S3fXlI6kI
yt-39668,2,3,K8QtAVB4aY0
yt-39669,2,3,jCCwe2E3JAQ
yt-39670,0,0,4hW8RoYZqWw
yt-39671,0,1,Dx1ynbOsMZ0
yt-39672,1,2,hpbB24Rbj_k
yt-39673,2,3,IpZf2KRUofA
yt-39674,1,2,va2aP-SuYLM
yt-39675,2,3,B1Pt9mOnI0E
yt-39676,2,3,eFZ5TXoPz_c
yt-39677,0,0,qdS8PTXLamc
yt-39678,0,1,Wsybj-jrLIk
yt-39679,0,1,f2bmR4e1v18
yt-39680,2,3,novideo-39680
yt-39681,1,2,E9RqZcjSir4
yt-39682,2,3,nZA8mmrTOYo
yt-39683,2,3,d3-ZO8viWdI
yt-39684,2,3,FJZmdzAJb9A
yt-39685,0,1,UjTDzdIYYeI
yt-39686,1,2,ZFbr9JGR2Ag
yt-39687,2,3,Z9k5dWX3Vlc
yt-39688,0,1,FuZVA3s7b1c
yt-39689,2,3,vpoVEhc2Xgk
yt-39690,2,4,-P4OoK-wzZY
yt-39691,2,3,g1UhspNtUiQ
yt-39692,2,3,OhrX7At2UAs
yt-39694,2,3,CBVGd8NfMxk
yt-39696,2,3,yW_W_ydkqZ8
yt-39698,1,2,3yhARNgg9tE
yt-39699,0,1,4NQFwvuWOFs
yt-39700,2,4,JCOiZtAvwso
yt-39701,0,1,gKohxH6Q23M
yt-39703,1,2,ruqsEMq2H6k
yt-39704,2,3,UhFdcBIIrBk
yt-39705,0,1,J_bi9jZ6N9o
yt-39706,0,1,9HI8wp_sIxQ
yt-39707,0,1,7lKJSB-Jfws
yt-39708,2,3,H7EFBFU0xDM
yt-39709,0,1,8tbmRUyQpvQ
yt-39710,1,2,exPfwMYpUuc
yt-39711,0,1,8oVpLsFr38A
yt-39713,2,3,5-dRwmUGcRk
yt-39714,1,2,EoliXTlgO00
yt-39715,1,2,2LWp99RA4gQ
yt-39716,2,3,PatLKH9RRPg
yt-39717,2,3,7hMfGlt-AfU
yt-39719,0,1,sIpop6Hg810
yt-39721,2,3,ByQvcDGPtQI
yt-39722,2,3,m0_SMiOecko
yt-39723,0,1,zVZ_5STazfo
yt-39724,2,3,pvjxvF9cwhk
yt-39725,1,2,C3z79NQUX28
yt-39727,1,2,hLQ-hI2Sdg0
yt-39728,1,2,lXvo5vZ4jH8
yt-39729,0,1,h4UMYASh0xw
yt-39730,2,3,6mhlN0VdTmY
yt-39732,0,1,W93B7cSaKLg
yt-39735,2,3,rui4gKUcDfA
yt-39736,0,1,9TmO9LA0c0U
yt-39737,0,1,fwhKf63ffgo
yt-39738,1,2,v7o4j-bq524
yt-39741,1,2,fCSwPXx0SzE
yt-39742,0,1,4xywRUZjeN0
yt-39744,0,1,gEaOzSsphdM
yt-39745,1,2,udeyypQDi5w
yt-39746,1,2,E7H2aJ26XRM
yt-39747,2,3,p3cavqdAkDY
yt-39748,1,2,VkuFXSGqxe8
yt-39749,1,2,WqntuC1K9pU
yt-39750,0,1,novideo-39750
yt-39751,2,3,dX7qmhhwT20
yt-39752,0,1,_wzZ5diqBJM
yt-39753,0,1,uqbJrVvRj-g
yt-39754,0,1,62jsmEqx-_4
yt-39755,1,2,4q9YGVyD5MA
yt-39759,2,4,XYumIVMLbmc
yt-39761,1,2,l1NfvQyoRbk
yt-39762,0,1,DjmpcRhNU3E
yt-39763,0,1,4EPnmoWBUfU
yt-39764,2,4,P_bDhgAKB9o
yt-39766,0,1,F85faLwfcBI
yt-39768,1,2,Jv6VLUr1dsI
yt-39769,2,3,XpLVpYtAvvo
yt-39771,2,3,2lTBkO_Npfo
yt-39772,0,1,q3ZmfnkywmY
yt-39773,0,1,HPZEwafMLD0
yt-39774,1,2,QmouG-7PQiY
yt-39775,0,1,4Nv4pOBrU38
yt-39777,1,2,RbwBiY1e6f0
yt-39778,0,1,4u-DMQNp-ms
yt-39779,1,2,sopvQ1SiFnI
yt-39780,2,3,DC05VUtSHmA
yt-39781,0,1,o1cioGCRYLA
yt-39782,2,3,xXpmw0eLIyk
yt-39783,1,2,YhobX7mHyLw
yt-39784,2,3,etNU6-fe4T4
yt-39785,2,3,2xXhXan72Gs
yt-39786,2,4,HCppZLJzGjo
yt-39788,1,2,6LKq_oX0aYY
yt-39790,1,2,oFx59Usy8uY
yt-39791,2,3,DC05VUtSHmA
yt-39792,2,3,ChLB3PYZM5c
yt-39793,2,4,yE9GifwnuqI
yt-39794,0,1,tUvUWQPPblY
yt-39795,2,3,unB18Si-rwg
yt-39796,0,1,A21R6eoF80k
yt-39797,1,2,4idjYpwSWP8
yt-39798,0,1,NSSAWsxshwE
yt-39799,1,2,d45u6qwIACM
yt-39801,1,2,RrLIHB_CTnk
yt-39802,0,1,novideo-39802
yt-39803,0,1,umoINFVUxUk
yt-39804,0,1,IJ9vVLJA0Zw
yt-39805,1,2,sA2n9nvADgk
yt-39806,1,2,YNjNrqxOkAo
yt-39807,2,4,SDRaoS39v8I
yt-39809,2,3,w9pKWG8qmDM
yt-39810,0,1,TsKfgXfDLYY
yt-39811,0,0,LNK607qmtYw
yt-39812,0,1,t8TivU51Ihg
yt-39813,1,2,-ve_VKH1weo
yt-39815,2,3,_00PNeVGiZU
yt-39816,0,1,CAzl_a-UDek
yt-39817,2,3,PdFQMG49LfM
yt-39818,0,1,UsW6M1-Nprs
yt-39819,2,3,m0_SMiOecko
yt-39820,2,3,novideo-39820
yt-39822,0,0,3-RDBxuBJgo
yt-39823,2,3,1ZwZLRPXXGY
yt-39824,1,2,qt4rVgyr1Rg
yt-39825,0,1,Bp3yeibMgQ4
yt-39826,1,2,crxMMjAcugo
yt-39827,0,1,r6yhMGAzIYE
yt-39828,2,3,ok4ZHdGmN6M
yt-39829,2,3,novideo-39829
yt-39830,2,3,cfP0cBKHXo0
yt-39831,0,1,-ld_NWySErk
yt-39832,1,2,yL76f9B0VEY
yt-39835,1,2,pY4yYLRINJ4
yt-39836,2,4,d6j6Yr1_bug
yt-39837,2,3,VfOC-eoK2fA
yt-39838,1,2,lZJ5okn5ayI
yt-39839,2,3,dYBUHBF-yLo
yt-39840,2,3,Qv256P8Ohx8
yt-39841,1,2,yqceRK724Zc
yt-39842,0,1,TY5YbMsLvvQ
yt-39843,0,0,novideo-39843
yt-39844,0,1,TWfDxfsgmnY
yt-39845,2,3,yqOZ74mR-gI
yt-39846,2,3,PHt74nKN0HU
yt-39847,0,1,9rlIU68u30g
yt-39848,2,3,rxAmEpyvMeI
yt-39849,0,1,OWh2jtr30j8
yt-39850,0,0,YvJKttWDBek
yt-39851,0,1,suibKgFNx5A
yt-39852,0,1,AySkVxTUgzs
yt-39853,1,2,jrVknoTp0Ro
yt-39854,2,3,oZ1hvGNm7h8
yt-39855,2,4,yb2efMVYuPM
yt-39856,0,1,C3z79NQUX28
yt-39857,2,3,F1xxC5dDOyA
yt-39858,2,4,SRRu0qOdmLQ
yt-39859,2,3,DC05VUtSHmA
yt-39860,0,1,DN8Y5hq8qro
yt-39861,2,3,-o8uo8FZyGc
yt-39862,0,1,4D9k_ZTBlPc
yt-39863,2,3,QyyEhXGKQrc
yt-39864,1,2,YDaPeHVWCkc
yt-39865,2,3,8UH6G1LnXR8
yt-39866,2,3,fe-wnxi7fN8
yt-39867,1,2,7zFG6XcXU2g
yt-39868,0,1,KdgSw94DlVk
yt-39870,0,1,UHXSajmumbU
yt-39871,0,1,yyqtpW7Tga4
yt-39872,1,2,novideo-39872
yt-39873,2,3,3-RDBxuBJgo
yt-39874,2,3,SLR2vFb-DBw
yt-39875,0,1,ZpqJgmftaTg
yt-39877,2,3,ZOUSjqTH1xk
yt-39878,1,2,roB6y6pEUoU
yt-39880,1,2,Nb1d3_cBaik
yt-39881,2,3,IoRsoNGoI7E
yt-39882,0,0,sUKlBrOCET4
yt-39884,1,2,SsLlA6BxBMI
yt-39885,2,3,245tJt9MIgU
yt-39887,0,1,_9CO4EiS0qc
yt-39888,1,2,kihJ-9P9aiI
yt-39889,2,3,7WWx12Y4NV4
yt-39891,2,3,W93B7cSaKLg
yt-39892,1,2,HeTm2y5FgHo
yt-39893,2,4,_cQa43SMBjo
yt-39894,0,1,zd7Rn6JMz3g
yt-39896,2,4,hmp4ZVhgm8o
yt-39897,1,2,Xgv2M5_IpCU
yt-39898,2,3,0_K6HfkP43k
yt-39900,0,1,EIx7GcLjYaA
yt-39902,2,3,avlwpnA4r9w
yt-39903,0,1,Eifv1zrQF3A
yt-39904,0,1,F_ob_8yMAck
yt-39905,1,2,852q17z1D-A
yt-39906,2,3,y9UtWHfG31U
yt-39907,0,1,fqvVOlIbR7g
yt-39908,0,1,_QjGMChHEQc
yt-39910,1,2,nfaADx4pcX8
yt-39912,0,1,wRb6nE1sJRY
yt-39914,2,3,Lr-ybn0qmEc
yt-39915,2,3,C3z79NQUX28
yt-39916,0,0,lgbADhdrtQ8
yt-39917,1,2,_ss3TZEMX3M
yt-39919,2,3,YS5e5OxkiVE
yt-39921,2,3,OyCH6f0HBlc
yt-39922,0,1,qyA9O6ykNHM
yt-39924,0,1,eHpBJGsJN6E
yt-39925,2,3,gzrc3lhDef0
yt-39926,1,2,pb4qYO7o8wA
yt-39927,2,3,m0_SMiOecko
yt-39928,2,3,dYBUHBF-yLo
yt-39930,2,3,m0_SMiOecko
yt-39931,1,2,_kBt-B3CTHY
yt-39932,1,2,kx0qfQ0_0u8
yt-39933,0,1,sKXbIsFm8iI
yt-39934,2,3,gh_Yqe0g3eA
yt-39935,2,3,rJaYYkUdKW8
yt-39936,1,2,_F_JlDNGoi0
yt-39937,1,2,9gGc3-cGYBA
yt-39938,1,2,npu1sASOflU
yt-39939,2,3,_RJjGCDSNdk
yt-39941,2,3,novideo-39941
yt-39942,2,3,UCJPIZrDmgk
yt-39943,2,3,fulCCOU6joE
yt-39944,2,3,557IbQjG8Dc
yt-39946,2,3,m0_SMiOecko
yt-39947,0,1,EQdZ6eSTOEo
yt-39948,2,3,YIkbuZOBa1U
yt-39949,2,3,lNxpRA-0mpQ
yt-39950,2,3,EABcHdza_R8
yt-39951,0,1,RmKl_zg46MU
yt-39952,2,3,LykotTtdTSQ
yt-39954,0,1,fulCCOU6joE
yt-39955,0,1,pb1gtLB7UXg
yt-39956,2,3,6mwkpAYv1ic
yt-39957,2,3,mZhm1zQ_RQg
yt-39958,2,3,b9gPs6V0RGs
yt-39959,0,1,YSyBk_v-JJs
yt-39960,1,2,tf1Tl4Q_660
yt-39961,0,1,hArDpQVdTYA
yt-39962,1,2,xSf2yZ-DaKk
yt-39964,0,1,P7jtdPBWwvg
yt-39965,2,3,lvKaNRxa55c
yt-39966,0,1,qcFU3KGNuVo
yt-39967,2,4,2v1pVPZZA5w
yt-39968,2,3,okVx5pfS94E
yt-39969,2,3,ICpXYViHGtY
yt-39970,1,2,IsBdqCaHfdI
yt-39971,0,0,IdSPi8AhoCg
yt-39974,1,2,h5jMbc24fiA
yt-39975,0,0,novideo-39975
yt-39977,0,1,novideo-39977
yt-39978,1,2,oHibNbmAZ8w
yt-39980,0,1,u1MnApNpV3c
yt-39981,2,3,ySqcW7RD1nU
yt-39982,0,0,JA2Nfbe41hY
yt-39983,0,1,DC05VUtSHmA
yt-39985,0,1,_fxNXEfRoV8
yt-39986,2,3,zaOiWaQPiHE
yt-39987,1,2,Vf7p7I40kH0
yt-39988,1,2,qnGRpD-mA0U
yt-39989,1,2,yOmJZSjSgJw
yt-39990,1,2,iYzVQLBQioo
yt-39991,2,3,bLMyYXFhxMs
yt-39992,1,2,ueiWyQg5jn8
yt-39993,2,3,JimcBwl9V64
yt-39994,0,1,1gfJwckIttY
yt-39995,0,0,CND2zexr0wk
yt-39996,2,3,k0NbnlUxniI
yt-39997,0,1,Y75S3K2qeo0
yt-39998,0,0,fzQSr9zTB4U
yt-39999,2,3,xU9PbqgBuV8
yt-40000,0,1,rjI8Pjc1_0g
yt-40001,2,3,tAHK6E03ORo
yt-40004,2,3,Iykno64pNHI
yt-40005,1,2,E9PhdRkfZvA
yt-40006,2,4,ZOUSjqTH1xk
yt-40007,0,1,SM57hxCQKII
yt-40008,2,3,EoliXTlgO00
yt-40009,1,2,SAiV087PyUI
yt-40010,0,0,PEGrRtsehHQ
yt-40011,0,1,TeYFrJ8x-Xs
yt-40012,1,2,Xx1Uqc41MUs
yt-40013,2,3,-hW-7SRRQaA
yt-40018,0,1,MbZJ1zJSxoY
yt-40019,1,2,SGmHjavi56Y
yt-40020,2,3,BN-sgMgnIAk
yt-40022,2,4,0uTkpD8_goo
yt-40024,2,3,wngiub8zON0
yt-40025,0,1,novideo-40025
yt-40026,2,3,Ol6xPOGLCGM
yt-40028,0,1,sBcv58DvnTc
yt-40029,1,2,nQ8-5jp-S8k
yt-40030,0,1,fDNJv2YIEdc
yt-40031,2,3,qxr4KnUz5_I
yt-40032,0,1,-p4k30TTF2U
yt-40033,2,3,1VTLzDSRNCE
yt-40038,0,1,VQ2WSA-iieA
yt-40041,2,3,BhHQ8DE3Mv4
yt-40042,0,1,-9yeBCXbxI0
yt-40043,2,3,IiUB2ZwgUag
yt-40044,0,1,xZB-3guAMKE
yt-40046,2,3,pqinvobBwRQ
yt-40047,0,1,C3z79NQUX28
yt-40048,0,1,g87R6f5EAuE
yt-40051,2,3,AHWKYX2qtRw
yt-40052,2,3,EIklI0sAvaI
yt-40053,2,3,_FoIY4MdolE
yt-40054,2,3,u7IUj_YJjQE
yt-40055,1,2,kDrXHw76h4I
yt-40058,0,1,dWnm28TSaYU
yt-40059,0,1,2sviNZYtPNQ
yt-40060,2,3,PdQNBw31sTc
yt-40062,2,3,1VRlsD09id8
yt-40064,0,1,sIfqRGC7NWA
yt-40065,0,0,GzunX8tsTac
yt-40066,2,3,-HHOOoGC1NQ
yt-40068,0,1,2wc90yf8_a0
yt-40069,2,3,QGq9lbRu2VM
yt-40070,2,3,XsmEUYIjrcY
yt-40072,1,2,F4hWe6yXsWM
yt-40073,2,3,8eS4xNtf07k
yt-40074,2,3,i5Kybh7ZtEs
yt-40075,1,2,-o8uo8FZyGc
yt-40077,2,3,z59k8T_zbVs
yt-40078,2,3,3MyVy5oRH94
yt-40079,2,3,ZxHpXD_LDxQ
yt-40080,0,1,H5WZyDQmS40
yt-40081,2,3,u55V9qR_fXM
yt-40082,2,3,64k6Tp7SyhI
yt-40084,1,2,_2J8ho5e2ns
yt-40085,2,3,9KOMrYH6yJI
yt-40086,2,3,y9UtWHfG31U
yt-40087,1,2,ezwqgunZ_Gg
yt-40088,1,2,aP6FvPeeWH4
yt-40089,2,3,VkuFXSGqxe8
yt-40090,2,3,fn4eih72BL0
yt-40091,1,2,VkuFXSGqxe8
yt-40092,2,3,8y9H_jcevic
yt-40093,2,3,IkZepqnjfUM
yt-40094,0,0,MGS-oU_JyWU
yt-40096,1,2,h8O3os4k9DY
yt-40097,2,3,dj5EFDulRDA
yt-40098,0,1,C76e4kpYv9I
yt-40100,2,3,I2_GBYnoKQw
yt-40101,2,3,2GPevLiLy_g
yt-40102,2,3,vpoVEhc2Xgk
yt-40103,0,1,sUKlBrOCET4
yt-40104,0,1,9XvlHN0UPbk
yt-40106,0,1,_-sXeX9ntsM
yt-40107,2,3,d9zOE9hZTQs
yt-40108,2,3,1VTLzDSRNCE
yt-40110,1,2,QLfX4FD7aiE
yt-40111,0,1,ZuWrUFk8xOw
yt-40112,2,3,wmKoR8OcsFc
yt-40113,2,3,CiAMHa9ta_M
yt-40114,0,1,tQQlBWoP2o8
yt-40115,1,2,IufTpRTKM7M
yt-40117,0,0,0tYTvthMPXA
yt-40119,0,1,YXhtTgh-igs
yt-40120,2,4,jVVo3io5J3A
yt-40121,2,3,n6bq8sB7SEc
yt-40123,2,3,UxcUG-V6mnM
yt-40124,1,2,FDm-vRmJQmY
yt-40128,2,3,XeODiGQcQTg
yt-40129,2,3,novideo-40129
yt-40130,2,3,wGuNHrDGfvA
yt-40131,0,1,u7whJGwIipQ
yt-40132,2,3,UVwj3xZUaM4
yt-40133,2,3,OTZFm5PQrrs
yt-40134,0,1,FrM3ZIK7ukM
yt-40135,2,3,ycOWu_WDDEg
yt-40136,2,4,P051rbLjttY
yt-40137,0,1,lJtc7SO8rWE
yt-40138,0,1,BNdZqem0mSU
yt-40139,2,3,Eq8Ic1fZqMc
yt-40140,2,3,1VTLzDSRNCE
yt-40143,0,0,2LWp99RA4gQ
yt-40144,1,2,g4e8Uw-lioQ
yt-40145,2,3,9fl_HU3qcbE
yt-40146,0,1,pvEUpDkjpbE
yt-40147,2,3,cfP0cBKHXo0
yt-40148,0,1,EgFL3XZ1kmM
yt-40149,0,1,pXdKUWlLH0g
yt-40150,2,3,_zg4pI-Qndc
yt-40151,0,0,JH9o21FUzGw
yt-40152,0,1,RnEiqCtr7Jc
yt-40153,0,1,L_HodGoQGLI
yt-40154,2,4,GHzaMI--BC8
yt-40155,2,3,RnEiqCtr7Jc
yt-40157,1,2,QDWO2ARANJM
yt-40158,1,2,qKahoohkUpM
yt-40159,2,3,FrIW2dnyPYc
yt-40160,2,4,Jh4tpeTceSg
yt-40162,2,3,P051rbLjttY
yt-40163,1,2,Hl3Bg0grAwY
yt-40164,1,2,QNxQ9tt5CGo
yt-40167,1,2,hyNXMVrypRI
yt-40168,2,3,b1Y194NNbug
yt-40169,0,1,ge6w_dEJL8w
yt-40170,1,2,IdtvHdm_saI
yt-40171,0,1,F85faLwfcBI
yt-40172,0,1,aKx83z-aSUc
yt-40174,2,3,OhrX7At2UAs
yt-40175,0,1,novideo-40175
yt-40176,2,3,zHt1w_zySKw
yt-40177,1,2,yni-Rl_gvHo
yt-40178,2,3,-LuA6HWi_-c
yt-40180,0,1,oZN2Ni9yXB4
yt-40181,2,3,a2R29Br5rpk
yt-40182,1,2,Qq-shGUnyCE
yt-40183,2,3,sepI2oMcbsM
yt-40184,0,1,NS2saZ6onrc
yt-40185,2,3,UBAY26elr-w
yt-40186,1,2,novideo-40186
yt-40187,1,2,jaklqSNMo3I
yt-40189,1,2,245tJt9MIgU
yt-40190,2,3,JCOiZtAvwso
yt-40192,0,1,1g59gXc7OYA
yt-40193,2,3,muJLEqk-osk
yt-40194,2,3,gc6LX9aGLtc
yt-40195,2,3,4H_utFM65n0
yt-40198,0,1,6Xta0UXNsLY
yt-40199,2,3,uCPkx7vX6ek
yt-40200,0,1,tuqPFKF5NJo
yt-40201,2,3,pXeOtkaIxgU
yt-40204,2,3,m0_SMiOecko
yt-40206,0,1,unB18Si-rwg
yt-40207,2,3,Hh7rXnwyi74
yt-40208,0,1,miyR7b0h7Eo
yt-40210,2,3,_cQLagZjDb0
yt-40211,2,3,-P4OoK-wzZY
yt-40212,1,2,fXt3e9QWkyU
yt-40214,2,3,m_hPNpFPS6w
yt-40215,2,3,1KZNiZnHQ_Q
yt-40216,0,1,gKSNOH04WiY
yt-40217,1,2,F21nkk0jLKU
yt-40220,1,2,ZOUSjqTH1xk
yt-40221,2,3,ZS4_w1xK3OE
yt-40222,2,3,s0DE-etJxFA
yt-40223,0,1,hBtfgqgrFEc
yt-40224,0,1,zGmVkufAIcA
yt-40226,2,4,M0PU56BHdxg
yt-40227,0,1,o8-4eE2YgDw
yt-40228,2,3,Sox8CAYui5A
yt-40231,0,1,xqFH7CnZsFg
yt-40232,0,1,3AhCpM1QbiM
yt-40233,1,2,X7fl-jN24j0
yt-40236,2,3,ReejhPZfYmw
yt-40238,0,1,dOCVlfrjSis
yt-40239,2,3,-V1Lx8awqog
yt-40240,0,1,lf4I_nXwsWY
yt-40241,1,2,U_uibzXsajc
yt-40242,1,2,Qw69h2cHKAc
yt-40243,2,3,SxaQU9wGpsg
yt-40244,2,3,Lr-ybn0qmEc
yt-40245,2,3,5etBJ2O6OpA
yt-40246,2,3,cJXc1u8LqFQ
yt-40247,1,2,GfMym551Ews
yt-40248,1,2,AxaIZ36B4C4
yt-40249,0,1,HXRHBo-IjVM
yt-40251,0,0,VkuFXSGqxe8
yt-40252,0,1,tIYqiVzCsKo
yt-40253,0,1,novideo-40253
yt-40254,2,3,Nwj5tU2Ikio
yt-40255,2,3,jN6WIEJSWEY
yt-40256,0,1,d3-ZO8viWdI
yt-40257,2,3,Zt48SKYliOs
yt-40258,2,3,Jh4tpeTceSg
yt-40259,1,2,0LRIFBFCZ1o
yt-40260,0,0,p4PZHMHpzl0
yt-40261,0,1,N9cQ7mQreOY
yt-40262,1,2,e7lzUWuCQXo
yt-40265,1,2,RZtdVoQCNlE
yt-40266,1,2,AcaIeqqp5oU
yt-40267,0,1,9TmO9LA0c0U
yt-40268,1,2,q4mXYzURSfo
yt-40269,0,1,JQ3h7Wk37eY
yt-40270,1,2,FqfaM7yKapo
yt-40271,0,1,ZlW7lcf54nI
yt-40272,2,3,wAx7pesU_ac
yt-40273,2,3,BRK9IeT0oY4
yt-40274,0,1,rb6xDZ6OGSQ
yt-40275,0,1,u6NFgW_Pmd8
yt-40276,0,1,hEl4giqCtUc
yt-40277,2,4,1VTLzDSRNCE
yt-40278,1,2,1y2IvCXZhts
yt-40279,1,2,BtNBhnz1hBM
yt-40280,2,3,7kCc4g8vT1I
yt-40281,2,3,Abq4vNaZH-w
yt-40283,2,3,nEmYy2ha520
yt-40284,2,3,zlvyZ-vOhis
yt-40285,2,3,4m_jvmSRt3Q
yt-40286,1,2,vI1P16MO6IM
yt-40288,2,3,FyWtzmH05k4
yt-40289,0,1,KJfMUNGjqp8
yt-40291,0,1,FWWrepdleFI
yt-40292,0,1,Och5IF4bctk
yt-40294,2,3,P1amCSIPKF8
yt-40295,2,3,Cp4jZ0KjgiM
yt-40296,0,1,qeTQudbNfns
yt-40299,0,1,Eq8Ic1fZqMc
yt-40300,0,1,mDeoBp8JNbo
yt-40301,0,1,CZdClt-_xjQ
yt-40302,2,3,TmrJHEtur4Y
yt-40303,0,1,VQrOMvikMlo
yt-40304,2,4,UBAY26elr-w
yt-40305,0,1,FqfaM7yKapo
yt-40306,1,2,LJDxqnJksc0
yt-40307,0,1,D-uZmr5IIXY
yt-40308,2,3,LMmuY-bxl-E
yt-40309,1,2,novideo-40309
yt-40310,2,3,VFuace2D7Fo
yt-40313,0,1,AIuuzkfxvio
yt-40314,2,3,6WxP5aK25K8
yt-40315,2,3,WSUcy_sh2Bg
yt-40316,2,3,YS5e5OxkiVE
yt-40317,0,1,Kc4GGo-2lLs
yt-40318,2,3,4wo0IEJA280
yt-40319,1,2,5GZ_EL_Mjq4
yt-40320,1,2,YJg7e1yYJXs
yt-40322,0,1,K0xQwPkfzzo
yt-40323,2,3,wAx7pesU_ac
yt-40324,0,1,lJtc7SO8rWE
yt-40325,2,3,novideo-40325
yt-40328,2,3,UBAY26elr-w
yt-40329,2,3,W5rronlf0VY
yt-40331,2,3,ZauXWli5XYk
yt-40332,1,2,Pe0SmG6Rzj0
yt-40334,2,3,m0_SMiOecko
yt-40335,1,2,C3z79NQUX28
yt-40336,2,4,Am2cxRMHNJY
yt-40337,0,1,sHoOplgaWWo
yt-40338,1,2,hyNXMVrypRI
yt-40339,0,1,Xf5ARPuQc1Q
yt-40340,1,2,_zr9P9Ic5nQ
yt-40341,0,1,TZXTO0IAV5M
yt-40342,1,2,Plg9P8sBAYE
yt-40344,2,3,Ia4RNWhq9K0
yt-40346,2,3,owFWmMIqP4A
yt-40347,1,2,frpGiIWQIBo
yt-40350,2,3,J9e-b-mek9A
yt-40351,1,2,8BLqIzq9EGM
yt-40353,2,3,DKbgiBF__zg
yt-40354,2,4,FJagwas5CuY
yt-40355,0,1,CMJj7P8aGBY
yt-40356,2,3,dw-HHW3_0KE
yt-40357,0,1,WPmF7PRK2p0
yt-40358,1,2,dd6D0xB7C1c
yt-40359,2,3,YoD3GqU9HJQ
yt-40360,2,3,VkuFXSGqxe8
yt-40362,0,0,y13SmilchQ0
yt-40363,0,1,0tPQJBRHt6k
yt-40364,2,3,MJJYgZFTjso
yt-40365,2,3,DrLKtYWWUyk
yt-40366,0,1,jrkUi8Wgh8A
yt-40367,0,1,KeZHrBkQXSg
yt-40368,1,2,F-2cxINsmI4
yt-40369,2,3,kJEUhL1jY5A
yt-40370,1,2,novideo-40370
yt-40372,2,3,9gGc3-cGYBA
yt-40373,1,2,jKt6X_Iyc2c
yt-40374,2,3,Rf5T8HjnGBo
yt-40375,0,1,VZSFaT_mkLM
yt-40376,2,3,WOdUJoLRfSc
yt-40377,0,1,77V2vUsYxXs
yt-40378,0,0,KdgSw94DlVk
yt-40381,1,2,PhbrX7K2GYg
yt-40382,0,1,RQWL1m55C58
yt-40383,0,1,K9tYa_j0FkQ
yt-40384,1,2,a5i_OqbtKg4
yt-40386,1,2,ICLWKeTEPcU
yt-40387,2,3,mZhm1zQ_RQg
yt-40388,0,1,k-nhBgWggLI
yt-40389,2,3,uRbjPF-1Udo
yt-40390,2,3,KBpEWX52fdo
yt-40391,2,3,0JGfMEy3Nn0
yt-40392,1,2,novideo-40392
yt-40393,0,1,CVt3UBCUirg
yt-40394,2,3,nyc3QgMmclU
yt-40395,2,3,5-dRwmUGcRk
yt-40397,0,1,novideo-40397
yt-40398,2,3,SH3-06sI77A
yt-40400,2,3,wDWr8NhtDWM
yt-40401,1,2,qK3GTkuYLjg
yt-40402,1,2,novideo-40402
yt-40403,0,1,P7CsaFq6yxk
yt-40404,1,2,PCFpZ0u_fyM
yt-40405,0,1,IJICQzsZoBA
yt-40406,1,2,-ILy3qmBmu8
yt-40407,2,3,v7o4j-bq524
yt-40412,2,3,9U9yprCQglQ
yt-40413,1,2,pzTgsdFxN68
yt-40414,0,1,iiFcYX2EHHU
yt-40415,2,4,YoD3GqU9HJQ
yt-40416,0,1,T-Otro-WMiA
yt-40417,2,3,bNouGHjePZU
yt-40418,0,1,-HCNpvHcEaY
yt-40419,0,1,m-lz5t_X1Bc
yt-40420,0,1,jqKgybIp3rU
yt-40421,0,1,58frGISFQUE
yt-40422,2,3,novideo-40422
yt-40423,0,1,tzSgynzbCwA
yt-40424,2,3,8UH6G1LnXR8
yt-40425,1,2,5uk2lIjM3rM
yt-40426,2,3,3-RDBxuBJgo
yt-40427,1,2,yni-Rl_gvHo
yt-40428,2,3,yTnHjR_HyMA
yt-40429,2,3,4q9YGVyD5MA
yt-40430,0,1,HrL5oCB7Kl4
yt-40431,1,2,novideo-40431
yt-40433,2,3,J9e-b-mek9A
yt-40434,1,2,ql1znzk-lX8
yt-40436,2,3,m0_SMiOecko
yt-40437,0,1,XsmEUYIjrcY
yt-40438,2,3,m0_SMiOecko
yt-40439,0,0,f_A51yP_SPg
yt-40440,2,3,q76_w4QwriE
yt-40441,2,3,okVx5pfS94E
yt-40442,1,2,1YZ5yFrk090
yt-40444,2,3,_1hwy7pmSwQ
yt-40445,0,1,74A7-OztFQ8
yt-40446,0,1,AsD0FKUW5bk
yt-40447,2,4,Y3T20pSx4C0
yt-40448,2,3,1y2IvCXZhts
yt-40449,2,3,m0_SMiOecko
yt-40451,2,3,z9DMY9Mw10M
yt-40452,2,3,yDs3Lvj0Yn8
yt-40453,0,1,-Jk2ohfOoz8
yt-40455,2,3,adBThEp8UOk
yt-40459,0,1,AxaIZ36B4C4
yt-40460,1,2,V0lzuMoa1fk
yt-40461,0,1,zsXvqzDRbMw
yt-40462,0,1,ZhXceQrwN2Y
yt-40463,1,2,ywdkzZxMsrI
yt-40464,0,1,_46CzJJudnc
yt-40465,2,3,grqxlQPhCt0
yt-40466,0,1,viMbX6iEQdc
yt-40467,2,3,fTTYTPe97zo
yt-40468,1,2,8j2Y9OOLTxs
yt-40470,0,1,0WdCO-JkKTo
yt-40471,0,1,XfVcdNB0mrk
yt-40472,2,3,qAOpkXErt5M
yt-40473,2,3,cqhZMrQi2UM
yt-40474,0,1,uzYdEkQzyaw
yt-40475,0,1,yD8GeoM6LIc
yt-40477,0,1,PgFmpMs5t8Y
yt-40478,1,2,P_PloaHWfoA
yt-40479,0,1,_QjGMChHEQc
yt-40480,1,2,qTlqqrLkats
yt-40481,0,1,Bl8qZUEZM4A
yt-40482,0,0,iZN_hzqcYBo
yt-40483,1,2,MCqysFqx01Q
yt-40484,0,1,hyNXMVrypRI
yt-40485,2,3,I5pLLeWFheA
yt-40486,0,1,dPTdf9MBCbg
yt-40487,1,2,P2SqIVgq9qY
yt-40488,2,3,1BlpQaiqdQM
yt-40489,0,1,MoWVuut-KjA
yt-40490,2,3,m0_SMiOecko
yt-40491,2,3,epwXjvLUr7E
yt-40493,0,1,YP7iaieE-Bw
yt-40494,0,1,he5KrEXE12g
yt-40495,1,2,AxaIZ36B4C4
yt-40496,2,3,m0_SMiOecko
yt-40498,2,3,ygxDx11UvyE
yt-40500,1,2,HM5BUqIugV8
yt-40501,0,1,p0wWGBxwRtI
yt-40502,0,1,PhEhD0Hxmqs
yt-40503,1,2,novideo-40503
yt-40506,2,3,_9fZSAcyNQ0
yt-40507,0,1,22FzwRRTbGk
yt-40508,2,4,hNbNkY8oEVk
yt-40509,1,2,zxLJd-1liF0
yt-40510,2,3,jfy1vTadoVU
yt-40513,0,1,CFTyyxTabmE
yt-40514,0,1,N6b9YnAnXs8
yt-40516,0,1,7wTSsk_k-iM
yt-40517,2,3,Y75S3K2qeo0
yt-40518,2,3,5_ZzO4c4bGE
yt-40520,2,3,pjbnL3s4RKU
yt-40521,2,3,xcH3d0w9Xxw
yt-40522,0,1,FG53xmDdw7k
yt-40523,2,3,NJAynZCKKbs
yt-40524,0,1,unB18Si-rwg
yt-40526,2,3,NDn1DoAdyh0
yt-40527,2,3,34e-GV-Sk0Y
yt-40528,0,1,novideo-40528
yt-40529,0,1,2ZwLSnX3Ce8
yt-40530,1,2,IZA7R1swt18
yt-40531,2,4,cthw9VNsg1U
yt-40532,2,3,1nvwgIuP474
yt-40533,2,3,unB18Si-rwg
yt-40534,2,3,mZhm1zQ_RQg
yt-40535,1,2,fKoS95zpevY
yt-40539,2,3,1VTLzDSRNCE
yt-40540,2,3,pybrTCs6Qr8
yt-40541,1,2,ioKo-n1PUgo
yt-40542,1,2,uu2zRlPidNk
yt-40543,2,3,ktwETEMGT6k
yt-40544,0,0,P_PloaHWfoA
yt-40546,0,1,Aznn0lCRK30
yt-40547,0,1,qHfsZrHTzaM
yt-40548,0,1,ZZ5oqJMmJQM
yt-40549,0,1,eFQ1CSw8TiY
yt-40550,1,2,mizez7RTHow
yt-40551,0,1,UnBRJQgBuwU
yt-40552,2,3,CC9VGbkO94U
yt-40554,0,1,Awbv3vjUp0g
yt-40555,1,2,4fow5lC2lHE
yt-40556,2,3,huaVhsK3cEs
yt-40557,2,3,EroGzWfesY0
yt-40558,0,1,2lt24c9e6yE
yt-40559,0,1,27en-_xLxfw
yt-40560,2,3,Ia4RNWhq9K0
yt-40561,2,3,tAHK6E03ORo
yt-40562,1,2,RP6Key8CWhM
yt-40563,0,1,Wsybj-jrLIk
yt-40564,2,3,ywdkzZxMsrI
yt-40566,2,3,YRw-YdlBVj8
yt-40567,2,3,k0NbnlUxniI
yt-40568,0,1,62m07JceyKw
yt-40569,0,1,3-RDBxuBJgo
yt-40570,0,1,novideo-40570
yt-40571,0,1,novideo-40571
yt-40572,0,1,xGVx3SWJB6U
yt-40573,2,3,xcH3d0w9Xxw
yt-40574,2,3,r-DrBwH3dd0
yt-40575,0,1,x6QDSYgZUqk
yt-40576,2,4,DN8Y5hq8qro
yt-40577,2,3,253kbgwi1Hc
yt-40579,2,3,VlEAmHVwrb4
yt-40581,1,2,WSDUAR4h-YY
yt-40583,0,1,QmfvaL9RgkE
yt-40584,1,2,lXvo5vZ4jH8
yt-40586,2,3,CFTyyxTabmE
yt-40587,1,2,RQWL1m55C58
yt-40588,0,1,EEN5X6bBtQc
yt-40589,0,1,42RfSrDw2WI
yt-40591,0,1,_-sXeX9ntsM
yt-40592,0,1,VfxOv_Ig2ac
yt-40593,1,2,novideo-40593
yt-40595,0,1,5hoWPP_0uJc
yt-40596,0,1,QYxXxccHR5Y
yt-40597,0,1,JySdMce3ZcA
yt-40598,1,2,lOP2_uhkWHY
yt-40599,0,0,o0xbhlphYTw
yt-40601,2,3,Ri_NGhF4auk
yt-40602,1,2,JSTHsPJUeNM
yt-40603,0,1,sR3TJZnGpYU
yt-40604,2,3,RP6Key8CWhM
yt-40605,2,3,eOzZWv8hBr8
yt-40606,1,2,nytpJhM15Ps
yt-40607,0,1,Gx8SZ8pRtEo
yt-40609,2,3,o98IhweLeN8
yt-40610,2,3,bImpocqxywA
yt-40611,0,1,jXQjdXFHsuw
yt-40612,1,2,OMXz6B_Z_54
yt-40613,2,3,40ns51R4HwY
yt-40615,0,1,novideo-40615
yt-40616,2,3,o-qColStwfI
yt-40617,2,3,vtcOQGJfARE
yt-40618,2,3,9KOMrYH6yJI
yt-40619,0,1,IsBdqCaHfdI
yt-40620,0,1,maoh80lgn-A
yt-40621,1,2,o0xbhlphYTw
yt-40622,2,3,0zCKzQtI-bQ
yt-40623,2,3,m0_SMiOecko
yt-40625,2,3,ICLWKeTEPcU
yt-40626,2,3,tvkn6j0RPrw
yt-40627,1,2,MJJYgZFTjso
yt-40628,2,3,x56_pH5OCkU
yt-40629,0,1,novideo-40629
yt-40634,2,3,yLV4MyNTSvo
yt-40636,1,2,W0Xx5OzQP7o
yt-40637,2,3,1evL9M5VvG4
yt-40638,2,3,1VTLzDSRNCE
yt-40640,1,2,uti1CzKiBWU
yt-40641,1,2,sopvQ1SiFnI
yt-40642,2,3,NBfQAHoAlzE
yt-40643,1,2,4QVNjkpXuyc
yt-40644,0,1,C6p5tslPr-k
yt-40646,2,3,C3z79NQUX28
yt-40647,2,3,novideo-40647
yt-40648,1,2,R7vR-Oclas4
yt-40649,0,1,YD3OakzpBLc
yt-40650,2,3,LlxDEMjUfXQ
yt-40652,1,2,-wT_VMigNvs
yt-40653,0,1,ZuWrUFk8xOw
yt-40655,1,2,J2SRVokb3IA
yt-40657,2,3,Abq4vNaZH-w
yt-40658,1,2,8SL8KgYvlCI
yt-40659,2,3,FOfPzuEc_Xk
yt-40661,2,3,Nyt1Q0QNpq8
yt-40663,2,4,DycGCnStUIY
yt-40666,1,2,qK0_SPwnars
yt-40667,0,1,Ef3pMjNz1y8
yt-40668,1,2,pY4yYLRINJ4
yt-40669,1,2,DKbgiBF__zg
yt-40670,2,3,bWwY1z38k2c
yt-40671,2,3,dyDMHEeeaUw
yt-40672,0,1,cqhZMrQi2UM
yt-40673,2,3,4m_vZRhtMyI
yt-40674,0,1,6VWfd3SaBwg
yt-40675,2,3,TeYFrJ8x-Xs
yt-40676,2,3,fx3WrCnA4-E
yt-40677,0,1,-Y9MePV-uqk
yt-40679,0,1,DEGJl0OrYF0
yt-40681,2,3,bbevAiec2gc
yt-40683,1,2,mZhm1zQ_RQg
yt-40684,2,3,kHwHSMPne2U
yt-40685,2,3,CFTyyxTabmE
yt-40687,2,3,UTWvhpd6Qpo
yt-40688,0,1,QtcUTc44jvE
yt-40689,2,3,DK-L1hS6Iy4
yt-40690,2,3,-Ds3aVehUEc
yt-40691,0,1,IJKrEsyXzR0
yt-40692,0,1,x8oojlwR2Rc
yt-40693,2,3,1fvPRKK0_j0
yt-40694,2,3,4ZPqYoF-CPU
yt-40695,2,3,-HHOOoGC1NQ
yt-40696,1,2,DOnVhdn6txc
yt-40697,2,3,SFLG6xdxvkU
yt-40700,1,2,38-ahnQ2CKg
yt-40701,2,3,I5pLLeWFheA
yt-40702,0,1,12MuVSi2jZQ
yt-40705,2,3,m0_SMiOecko
yt-40706,0,1,kXLbknnb1YI
yt-40707,2,4,RsUacmFZRwE
yt-40708,0,1,d9rnYFKjwCg
yt-40709,1,2,fx3WrCnA4-E
yt-40710,1,2,d6ZV7O-4oyc
yt-40711,0,0,agzrCTn1zd4
yt-40712,2,3,pXdKUWlLH0g
yt-40714,0,1,ZOUSjqTH1xk
yt-40715,2,3,Abq4vNaZH-w
yt-40716,0,1,CFTyyxTabmE
yt-40717,0,1,novideo-40717
yt-40718,2,3,LG401aBnG8M
yt-40719,0,1,11BY2AM5XFo
yt-40720,1,2,g1UhspNtUiQ
yt-40722,2,3,m0_SMiOecko
yt-40723,0,1,m33DP7I2yok
yt-40724,0,1,jQB-_j5ZFgY
yt-40725,1,2,gHk3mTgBAGI
yt-40727,1,2,j1m4J60umVo
yt-40728,0,1,HYF_DV-OemE
yt-40729,2,4,WWDAxtQQOQY
yt-40730,0,1,MGS-oU_JyWU
yt-40731,1,2,QY7n-06brwI
yt-40732,2,3,aEUszOz2_5w
yt-40733,0,1,lGnEOGyFpLY
yt-40734,0,1,o0xbhlphYTw
yt-40735,1,2,QNxQ9tt5CGo
yt-40737,2,3,vS99HF47vVE
yt-40738,0,1,d8gX2VvytkY
yt-40739,2,3,kwrfYl1rAjg
yt-40740,2,3,kHwHSMPne2U
yt-40741,2,3,FHWnb-dpHYs
yt-40742,2,3,mD_D1JArYZE
yt-40743,2,3,Eq8Ic1fZqMc
yt-40744,2,3,NuY4K7oIR5c
yt-40745,2,3,9TmO9LA0c0U
yt-40746,2,3,W0vg38J8Uc0
yt-40747,1,2,novideo-40747
yt-40748,2,3,vGyvHBYd2qU
yt-40750,0,1,f6T7rpQwe-c
yt-40751,1,2,HxKLQVUU-rg
yt-40752,0,0,Etu6rKqKp50
yt-40753,1,2,G1q8ZuC0M8Q
yt-40754,2,3,rSlpeFsOsds
yt-40755,2,3,9yi9kqNKq0c
yt-40756,1,2,ErkTuzppcHA
yt-40757,0,1,U5nSgJE-bfQ
yt-40760,0,1,Y8m9hnt98vQ
yt-40762,1,2,6xf4M84DTAs
yt-40763,0,1,Ol4WwWUXJmI
yt-40764,1,2,0w7Sah9pLoE
yt-40765,0,1,KdgSw94DlVk
yt-40766,2,3,Z0pWU8Ezu1s
yt-40767,1,2,WSDUAR4h-YY
yt-40769,0,1,YD3OakzpBLc
yt-40770,1,2,novideo-40770
yt-40771,2,3,gxTnk3Rt8Hc
yt-40772,2,3,Y6kO2yNtJXY
yt-40773,0,1,eaxz9htVkio
yt-40775,0,1,0MMB8wums2k
yt-40776,0,1,lAuG9wG_rfk
yt-40777,0,1,0NjppfLG1zs
yt-40779,2,3,OfL-IOLWe1g
yt-40780,0,1,hURR5xNEy9g
yt-40781,2,3,J9e-b-mek9A
yt-40782,2,3,novideo-40782
yt-40783,2,3,rKgAAYXv5BM
yt-40784,2,3,NLgu0wcTCd4
yt-40786,0,1,CBVGd8NfMxk
yt-40787,1,2,nzF44KFi8gA
yt-40788,2,3,BFsvp5H9BH8
yt-40789,2,3,FDm-vRmJQmY
yt-40790,2,3,Ep61tpBLF_k
yt-40791,1,2,8f5ZWJoqFJo
yt-40792,0,1,dYfGYirFV6M
yt-40794,0,0,e1Uqw-tE6nU
yt-40795,1,2,aJ2Ae6WAIgw
yt-40796,2,3,m0_SMiOecko
yt-40797,0,1,NY3X_6i4eME
yt-40799,0,1,kgXAbSJYWgM
yt-40800,2,3,4uogMbmIziU
yt-40801,0,1,5iFHtwUUYoE
yt-40802,0,1,d6Hd7Q8s4nA
yt-40803,0,1,zUsaiEWbpzk
yt-40804,0,1,TygGKq1HXOY
yt-40805,0,1,m2dEe3Na-w4
yt-40806,1,2,U_tzY1wt7Dk
yt-40807,0,1,qUiOE9gNXYM
yt-40809,1,2,AuFArbFXeVY
yt-40810,2,3,FDuzce7XL0k
yt-40811,2,3,Rf5T8HjnGBo
yt-40812,2,3,jHaA28qLf8I
yt-40814,0,1,pG53ABtGNjs
yt-40815,1,2,BpNvIShIm3k
yt-40816,0,1,2eM29Yc2pfI
yt-40818,0,1,DZcNvpk0aHg
yt-40819,2,3,kd7GFeC_e5g
yt-40820,1,2,LdrayMyT9Lk
yt-40821,0,0,pXeOtkaIxgU
yt-40822,0,1,JWbnm05ERqM
yt-40823,2,3,9gGc3-cGYBA
yt-40824,0,0,lguUYadipG4
yt-40825,1,2,zT5BW0kR_z4
yt-40826,1,2,pb4qYO7o8wA
yt-40827,0,1,wwGJJ4Yj3FA
yt-40828,0,1,V-nZDGMn4tA
yt-40829,1,2,pHvFQ71MrdA
yt-40830,2,3,w0kC3cQ1Wx8
yt-40831,2,3,3-RDBxuBJgo
yt-40833,2,3,pdImt5Nc0yk
yt-40834,0,1,9aXFA0HywDc
yt-40835,2,3,crxMMjAcugo
yt-40837,2,4,ICLWKeTEPcU
yt-40838,0,1,9TmO9LA0c0U
yt-40839,2,3,novideo-40839
yt-40841,0,1,0B0hG-LIgMY
yt-40842,0,1,tAHK6E03ORo
yt-40845,0,1,gDXm_r2VYP4
yt-40846,0,1,-8ERHkXzBPI
yt-40847,1,2,YD3OakzpBLc
yt-40848,0,1,zhyHyeWp8qM
yt-40849,2,3,DC05VUtSHmA
yt-40850,0,1,onaEQFMRtUo
yt-40851,0,1,439EHKYXHvQ
yt-40852,2,3,DrLKtYWWUyk
yt-40854,2,3,A2BOIUsUGFM
yt-40855,1,2,6-KgPPx3uwI
yt-40856,2,3,biLd7JJb71Q
yt-40857,0,1,vpoVEhc2Xgk
yt-40859,0,1,2LDGKB9tvmk
yt-40860,2,4,5MFMC7A56cs
yt-40861,1,2,rdkBSAce3vE
yt-40864,2,3,Pa8-P_M5AOQ
yt-40866,2,3,1VRlsD09id8
yt-40867,2,3,TEc0hbzEt70
yt-40868,1,2,pXeOtkaIxgU
yt-40869,2,3,5JlBt0U_v78
yt-40870,1,2,FvIn75XLolo
yt-40871,1,2,oqfNS3nk_J4
yt-40872,2,3,bEmth44pj6k
yt-40873,0,1,IM-h36KAGjk
yt-40874,1,2,1VTLzDSRNCE
yt-40875,0,1,FvIn75XLolo
yt-40876,2,3,RffjlOYCPCM
yt-40877,1,2,BpNvIShIm3k
yt-40878,1,2,QAtPYVJzeZ4
yt-40879,2,3,PkLeE7ksifI
yt-40880,1,2,-gbNTs6Sn7g
yt-40881,1,2,OLHNtZxyX5s
yt-40883,2,3,DC05VUtSHmA
yt-40884,0,0,4IpwETPUosc
yt-40885,1,2,GRFusZGdzOo
yt-40886,1,2,bFyYp_SiIac
yt-40888,1,2,mReNPLJ9tMc
yt-40889,0,1,57cs8k4MZC0
yt-40890,0,1,_AFqjq3X2Kk
yt-40891,1,2,hyNXMVrypRI
yt-40892,0,1,UDusLHN1HDE
yt-40894,2,3,l64TJ-wyV9M
yt-40895,2,3,dYBUHBF-yLo
yt-40897,2,4,Y3T20pSx4C0
yt-40899,0,1,njpFu9E1r3g
yt-40900,2,3,wfwLC92wSKM
yt-40901,2,3,RGTF49_7bPc
yt-40903,2,3,PLCR4rhl9Rw
yt-40904,0,1,FuZVA3s7b1c
yt-40905,0,1,KS4AhG8gKqs
yt-40906,0,1,fn4eih72BL0
yt-40907,2,3,T2RfleNg7vQ
yt-40909,0,1,RUAg793JppE
yt-40910,1,2,eOzZWv8hBr8
yt-40912,2,3,a2R29Br5rpk
yt-40913,1,2,o8-4eE2YgDw
yt-40914,0,1,Xgv2M5_IpCU
yt-40915,2,3,5-9Jl_46cCQ
yt-40916,1,2,mReNPLJ9tMc
yt-40917,2,3,wO0gyA3wr0U
yt-40918,0,1,lpcZUVgQEOg
yt-40919,2,3,zBMK0yzugu0
yt-40920,2,3,aMJ41xb_nk4
yt-40924,0,1,qcAJOGQxlPw
yt-40925,2,3,J-3IOWMMrzs
yt-40926,0,0,bLuzHfbpres
yt-40927,2,3,5etBJ2O6OpA
yt-40928,2,3,-HHOOoGC1NQ
yt-40929,2,3,3RLLJbacMuA
yt-40930,2,3,W9ZFg7B8YCY
yt-40931,2,3,Fpo_OmFwiBA
yt-40932,1,2,r2eR2sZAXsU
yt-40933,1,2,qGKAHFvdYT8
yt-40934,2,4,L2ievKIPbJk
yt-40935,2,4,VTP9yt9TPYo
yt-40936,1,2,wm5K9vdqfBk
yt-40937,2,4,gaW4gMFZm4I
yt-40938,0,1,xteTBe3m2OY
yt-40939,1,2,JFGZ3stCb9E
yt-40940,2,3,_zg4pI-Qndc
yt-40941,1,2,H06hsvED2lQ
yt-40942,1,2,RFiRCVMZbtA
yt-40943,1,2,novideo-40943
yt-40945,0,1,Zu90jlvKgYo
yt-40947,1,2,aEUszOz2_5w
yt-40948,2,3,qs6lBica0QE
yt-40949,0,1,surebk-9f2Y
yt-40950,2,3,m0_SMiOecko
yt-40951,2,3,vJv2MpQSeWg
yt-40952,2,3,1y2IvCXZhts
yt-40954,2,3,Y75S3K2qeo0
yt-40955,0,1,-VWrqKzVXDw
yt-40956,1,2,RzXgg5vpyWk
yt-40957,2,3,_FoIY4MdolE
yt-40958,0,1,2oKqU0lQih8
yt-40961,2,3,uCPkx7vX6ek
yt-40962,0,1,Poy35rRTf3Y
yt-40965,0,1,Bp3yeibMgQ4
yt-40966,1,2,kWdmzvLjozE
yt-40967,1,2,XqlZxiC1eio
yt-40968,2,3,j_jiRXWjo5M
yt-40969,0,1,VltYCbUErsg
yt-40971,0,1,KdgSw94DlVk
yt-40972,0,1,gBkadTkcyPM
yt-40973,0,0,lNxpRA-0mpQ
yt-40975,0,0,IWEh6oySQAk
yt-40977,2,3,wl_vx1qIiVs
yt-40978,2,3,Yq0EiGZrFlU
yt-40980,1,2,crxMMjAcugo
yt-40982,2,3,BABRe53fna4
yt-40983,1,2,teslzmC6G74
yt-40984,0,1,-VWrqKzVXDw
yt-40985,1,2,DG1Wx_AMIhk
yt-40986,1,2,IWEh6oySQAk
yt-40987,0,1,uqOx5GbwdoM
yt-40988,0,1,2sjY-JlGZqo
yt-40989,0,1,AGuJOMZGXV4
yt-40990,2,4,_tZA5mrRG5k
yt-40991,2,3,pNbpijn86ec
yt-40992,0,1,isaWzqolN44
yt-40993,1,2,zWe_gwkgKlw
yt-40994,2,3,pXu9urbN6eA
yt-40995,2,3,3-RDBxuBJgo
yt-40996,2,3,K0XSZTOf6UY
yt-40997,2,4,mtOVL0hJFu8
yt-40999,2,3,0s0PZqI_BOo
yt-41000,2,4,MJJYgZFTjso
yt-41002,0,1,novideo-41002
yt-41003,0,1,3BEdNkDN3ws
yt-41004,0,1,FRQZzJvBwyw
yt-41006,1,2,FuZVA3s7b1c
yt-41007,2,3,GP6N4gM0CRo
yt-41008,0,1,TXDff6oLYoY
yt-41011,2,4,_FoIY4MdolE
yt-41012,0,1,UNyyd6eZNJU
yt-41013,0,1,F85faLwfcBI
yt-41014,2,3,UbJQAcRy9gE
yt-41015,2,3,xzlwp4TcDQo
yt-41016,1,2,YD3OakzpBLc
yt-41017,2,4,jGhmtBavLVM
yt-41019,0,1,sZgbTEpm7XA
yt-41020,2,3,jOAPhkYbNjo
yt-41021,2,4,BUTiridqfyM
yt-41022,2,3,dQMkmlKi6U8
yt-41023,0,1,lq-STRyZvok
yt-41025,2,3,UKpExvEDGx8
yt-41026,2,3,TtWZjdtg494
yt-41027,0,1,gpB7kmjTqy8
yt-41028,2,4,0IUPr4zLkAY
yt-41029,2,4,P7jtdPBWwvg
yt-41030,1,2,k0NbnlUxniI
yt-41031,1,2,0tYTvthMPXA
yt-41033,2,3,C3z79NQUX28
yt-41034,0,1,IrLNfFMcBJY
yt-41035,2,3,1OhmXyEjIB0
yt-41036,0,1,DvTbjFIIa_A
yt-41037,0,1,Xn9OvxpuqE0
yt-41038,0,1,Bxc6KizI66I
yt-41039,1,2,TfgdwInk4l4
yt-41040,2,3,ea_q0MnFT6E
yt-41041,0,1,2bK1_-OXW0g
yt-41042,2,3,ZOUSjqTH1xk
yt-41043,0,1,FuZVA3s7b1c
yt-41044,1,2,RnEiqCtr7Jc
yt-41045,0,1,pmXCEk-DxlI
yt-41046,2,3,2xXhXan72Gs
yt-41047,0,0,FM8dg8dQ46Y
yt-41048,0,1,CpOrZE7l6H4
yt-41050,0,1,PG-DfafVW1g
yt-41051,0,0,novideo-41051
yt-41052,1,2,dYBUHBF-yLo
yt-41055,1,2,p0wWGBxwRtI
yt-41056,0,1,2FxJSOxsQNg
yt-41057,0,1,GCdTWyocEsY
yt-41058,1,2,Uo72ijyLlGU
yt-41059,0,1,MAVS-JU9Go0
yt-41060,1,2,n7SABpul19A
yt-41061,0,1,OmqNt7eMziQ
yt-41063,2,3,LIB25OUtePc
yt-41065,0,1,DamIL1cO2gE
yt-41066,1,2,6u7B_yIiDb4
yt-41067,0,1,xYFR5YJ5gv0
yt-41068,2,3,bOFh6vvX_Bk
yt-41069,1,2,novideo-41069
yt-41070,0,1,Xr5oGTTpdjE
yt-41071,0,1,jFrKRdtmTcY
yt-41072,1,2,R9VkwvW2LDU
yt-41073,0,1,RnbfCrH8mgs
yt-41074,2,3,fVX04ZcubfM
yt-41075,2,3,2D95eLZYiPQ
yt-41077,0,1,H0uL6IvV918
yt-41078,0,1,MA-D0qmDolc
yt-41079,2,3,scu82wFpn_g
yt-41080,0,1,DuKF30_umT4
yt-41081,0,1,-GNhZklDf-Q
yt-41084,2,3,Cn35Hd0Mr5w
yt-41085,2,3,EeH6Pl10Zs0
yt-41086,1,2,vdzQSC98iPs
yt-41087,2,3,BFuz4UsYRVo
yt-41088,2,3,lIB4Jm8DQ4Y
yt-41089,2,3,v9D3PKmtfYA
yt-41090,0,1,paRWiyIjhb0
yt-41091,2,3,8UH6G1LnXR8
yt-41092,2,3,j7rC4gcqyfM
yt-41093,2,4,7aABAmWQmSE
yt-41094,0,1,EgFL3XZ1kmM
yt-41095,0,1,uu2zRlPidNk
yt-41097,1,2,rwvC8_heqM8
yt-41100,2,3,m0_SMiOecko
yt-41101,2,3,s274dj97BW4
yt-41102,1,2,BHjpauuSRl0
yt-41103,2,3,novideo-41103
yt-41105,1,2,IWEh6oySQAk
yt-41106,1,2,teS7GwIzNP0
yt-41107,0,1,tAgEJhpAhSs
yt-41109,0,1,cayZiB87KyI
yt-41110,2,4,nxG1Yy6bF6A
yt-41111,2,3,P0EOKdVKMqQ
yt-41112,0,1,pXdKUWlLH0g
yt-41113,2,3,sBS34jx32yU
yt-41114,1,2,8uJe2WQYzEY
yt-41115,0,1,5f4UFbKQCyw
yt-41116,1,2,IHqJGDzFGiI
yt-41117,0,0,AIuuzkfxvio
yt-41118,2,4,m0_SMiOecko
yt-41120,0,1,AS2POyhDP5E
yt-41124,2,3,djVmTm_AN_k
yt-41125,0,1,0v8GCvfryqA
yt-41126,2,4,1ISM5Lo0MGk
yt-41128,0,1,EdKJ2MArvnU
yt-41129,2,4,PIkDrW_3Vz0
yt-41130,1,2,W0Xx5OzQP7o
yt-41131,1,2,FqfaM7yKapo
yt-41132,0,1,twQKqi6m56o
yt-41133,1,2,HZGmuIAu0v0
yt-41134,0,1,ZCw_Zcl3nTU
yt-41135,2,3,saJt_gqnrRk
yt-41136,1,2,H9d5iv53lGE
yt-41137,2,3,j84zsPtsDnU
yt-41138,2,3,7XtsI8iO1Pw
yt-41139,1,2,DZcNvpk0aHg
yt-41140,0,1,C3z79NQUX28
yt-41142,2,4,bvUu0Rg90NQ
yt-41143,2,3,QNxQ9tt5CGo
yt-41146,2,4,m0_SMiOecko
yt-41148,2,3,8UH6G1LnXR8
yt-41149,0,1,RGykvD39HEQ
yt-41150,1,2,3sJ9hxIKLVk
yt-41151,2,3,lXvo5vZ4jH8
yt-41153,0,1,UnezKUzg2yM
yt-41154,1,2,ZYbc6CqT1aA
yt-41156,2,3,VkuFXSGqxe8
yt-41157,0,1,KdgSw94DlVk
yt-41158,2,3,aEHQ0wMdy1c
yt-41159,2,3,7_YV6YU-7Ug
yt-41160,2,3,3sJ9hxIKLVk
yt-41162,1,2,e1aWJzC0mTM
yt-41163,1,2,SjBG8p6snGg
yt-41164,0,1,HrL5oCB7Kl4
yt-41167,1,2,Cw42J0soHIc
yt-41168,2,3,Yd4aPh393lw
yt-41169,0,1,d45u6qwIACM
yt-41171,0,1,olkQzi-fACk
yt-41173,2,3,itDpHvtRysE
yt-41175,2,3,chRBXXpWUSI
yt-41176,2,3,P1dRFvMpF-U
yt-41177,2,3,FNzEJuVv3qU
yt-41178,2,4,eZw_irtcyiE
yt-41179,1,2,UztiY0Apojk
yt-41180,2,3,KxLW4jZm2uU
yt-41181,0,1,g5OGlPiTYlg
yt-41182,0,1,_NsDbBozNBA
yt-41183,1,2,IP6NQCxw8Nk
yt-41185,1,2,z6o6I25klrc
yt-41186,2,3,rn3gcCgylwE
yt-41189,0,1,odjIjCsTB_M
yt-41190,2,3,M9W9zk014rY
yt-41191,1,2,DmEwUihbsDM
yt-41192,2,3,xk5jUWlygLc
yt-41194,0,1,5RnscnAPNms
yt-41195,2,3,EsFQDgia5KE
yt-41197,0,1,KWDJNP00XNk
yt-41198,0,1,UNyyd6eZNJU
yt-41199,2,3,ktwETEMGT6k
yt-41200,1,2,s_3K1GsOl8c
yt-41201,2,3,5W6yUapf0a0
yt-41203,2,3,o98IhweLeN8
yt-41204,0,0,MsZVoEc7fEw
yt-41205,1,2,0cxo5idZuMY
yt-41206,2,3,ZOUSjqTH1xk
yt-41207,2,3,dj2o5QYAHIY
yt-41208,1,2,kmwv9m_xKFA
yt-41210,0,1,-V1Lx8awqog
yt-41211,0,1,lQIz8m1hTsc
yt-41212,0,1,gHg7pDXS8vc
yt-41214,0,1,wDWr8NhtDWM
yt-41215,0,1,Rc0ZGv58hnw
yt-41216,2,3,Xi_BwJ6T_3s
yt-41217,1,2,7jP7Oom6RFU
yt-41218,0,1,novideo-41218
yt-41219,2,3,Jh4tpeTceSg
yt-41220,2,3,uRiW3NRF2Ys
yt-41221,2,3,_00PNeVGiZU
yt-41222,2,3,SdmPmEnVCiY
yt-41224,2,3,8sZ0cGpAJmg
yt-41227,1,2,yHNSkqg1xfg
yt-41228,1,2,07C1KJrlTPk
yt-41230,0,1,novideo-41230
yt-41231,1,2,4lqLScgbQzI
yt-41232,1,2,pOYBhxbBnUQ
yt-41233,0,1,w91vltNo2vM
yt-41234,2,3,YuptdwecFkE
yt-41235,0,1,5PSgss-08nE
yt-41237,0,0,F85faLwfcBI
yt-41238,1,2,wAdyQQUVNjY
yt-41239,0,0,bBIduwa6jR4
yt-41240,2,4,0xITW_W-Q0M
yt-41244,0,1,Dx1ynbOsMZ0
yt-41245,2,3,J9e-b-mek9A
yt-41246,2,3,qMAeQeZDgqA
yt-41248,1,2,pGglukUxc8c
yt-41250,1,2,fXt3e9QWkyU
yt-41251,2,3,H5WZyDQmS40
yt-41252,0,1,novideo-41252
yt-41253,2,3,qIceQUNrIxA
yt-41254,2,4,Kf62ZOdP4X8
yt-41255,2,3,_IeRb7S4BCE
yt-41257,2,3,Nyt1Q0QNpq8
yt-41258,1,2,C3z79NQUX28
yt-41259,0,1,3SgI8RKVgl4
yt-41260,2,3,yTnHjR_HyMA
yt-41261,0,1,TeYFrJ8x-Xs
yt-41262,2,3,sRbYpg4Mu4U
yt-41264,0,1,RJ9wf8Zyelg
yt-41265,0,1,tsD8EfAhOk4
yt-41267,2,3,_FoIY4MdolE
yt-41268,2,4,SH3-06sI77A
yt-41269,0,1,TgjOCaH5RX4
yt-41270,2,3,YFM8Axmv-jc
yt-41271,0,1,iB3b7oBUdxY
yt-41272,0,1,r5r0l-VLos0
yt-41273,2,3,_zBTDA5JvQM
yt-41274,0,0,s6oMERdfHR0
yt-41275,0,1,HKMjbS77MfU
yt-41277,0,1,j1m4J60umVo
yt-41278,1,2,pfaanNMYlbU
yt-41279,1,2,A2Mgu79Pmqo
yt-41280,1,2,Nm8on_ZzXQc
yt-41281,0,1,RasXoEuHbHQ
yt-41282,1,2,M4yl9pIKqPc
yt-41283,0,0,kQHzliGnO3M
yt-41284,2,3,IF5h1s7g4ks
yt-41285,1,2,JeFaQd2fq-8
yt-41286,0,1,gxDGZH7anF8
yt-41287,1,2,LJhGrWZFvDI
yt-41288,1,2,6ZOmuWWomSI
yt-41290,2,3,pXu9urbN6eA
yt-41291,2,3,8t4weGxVZyo
yt-41292,0,1,PH_8xiKFBxk
yt-41294,0,1,4io0HzYkCZI
yt-41295,0,1,ddCdVDnguWI
yt-41296,2,3,Y0CQMESpz0I
yt-41297,1,2,A4b0Hstemfo
yt-41298,2,3,w_QljJD0lcQ
yt-41299,0,1,KeZHrBkQXSg
yt-41300,0,1,5U7D8PsT_4U
yt-41302,2,4,J9e-b-mek9A
yt-41303,2,3,ewqz_E6edNE
yt-41304,1,2,CaX03KvZO4c
yt-41305,1,2,qlA7BsljdG0
yt-41306,2,3,hScyl_ItHIw
yt-41307,0,1,Y4lTDBEr0BM
yt-41308,2,3,47Tb8QZH02M
yt-41309,0,1,-hQaxmfuTk8
yt-41310,2,3,RL_9_0cdfIU
yt-41311,0,1,gKz40oYeHwg
yt-41312,1,2,dX7qmhhwT20
yt-41313,1,2,g1UhspNtUiQ
yt-41314,0,1,GgOOdZ-h1U0
yt-41317,1,2,40RTcb4E6U4
yt-41318,0,1,NLgu0wcTCd4
yt-41319,0,0,AMK7Qgctj1I
yt-41320,2,4,IeSXMofYCbk
yt-41321,0,1,1AqAmoMfAZs
yt-41323,2,3,UahP7R7l168
yt-41324,0,1,mURdo7tzxe4
yt-41325,2,3,IsBdqCaHfdI
yt-41326,2,3,k1FMJmeViOc
yt-41327,0,1,uXFOFvBbagw
yt-41328,1,2,Z97JSt35A2I
yt-41329,2,3,L1AXtpH8IkU
yt-41330,1,2,yqOZ74mR-gI
yt-41332,1,2,ao_Ap0hN2Q8
yt-41334,1,2,38-ahnQ2CKg
yt-41335,2,3,DN8Y5hq8qro
yt-41337,1,2,pHDoT3lspFU
yt-41338,1,2,YdVPy-RxV78
yt-41339,0,1,JafMF-tv1do
yt-41340,2,3,2pOo1MGJ6mc
yt-41342,2,3,477QQk41VKk
yt-41343,2,3,q11oZixMRY8
yt-41344,0,1,FqfaM7yKapo
yt-41345,0,1,iW8sc8zkki8
yt-41346,1,2,u55V9qR_fXM
yt-41347,2,3,8UH6G1LnXR8
yt-41348,0,1,-LXyIGL2flw
yt-41350,0,1,x2uTVRkh96A
yt-41351,0,1,-5T9cwWm1C4
yt-41352,2,3,w2mEM_VPaZQ
yt-41353,0,1,7PNqe68jPXM
yt-41354,0,1,k1gN-kDVeXg
yt-41355,2,3,EY34hxvOWlE
yt-41356,0,1,BZKi4RQq-BY
yt-41357,2,3,MZoCP9okU5U
yt-41358,2,3,bjXl7FtQoP0
yt-41359,0,1,wyl-60x2MYE
yt-41360,0,1,PEGrRtsehHQ
yt-41361,2,3,pUWyUUVfkOc
yt-41366,0,1,L28jJUzsKqs
yt-41367,2,3,y8g4cgXFUTs
yt-41369,2,3,Jw6l11taw1I
yt-41370,2,3,cfBbQCTvLRg
yt-41371,2,3,beyF_duOE-w
yt-41372,2,3,cqhZMrQi2UM
yt-41374,1,2,qUiOE9gNXYM
yt-41375,0,1,1AqAmoMfAZs
yt-41376,0,1,Q7ajgBK8UgI
yt-41377,0,1,BGpSMJm64xE
yt-41378,2,4,qN6oGp7wlcE
yt-41380,0,1,3SbjobB7mWw
yt-41381,0,1,IcvVvKMUzik
yt-41382,1,2,ilsSBu6D5mQ
yt-41383,0,1,KZjnmMNtXxo
yt-41384,2,3,rzJV7tJIXjA
yt-41385,0,1,novideo-41385
yt-41386,0,1,pdLhRemVJXE
yt-41387,1,2,YoD3GqU9HJQ
yt-41388,1,2,MK6ZM44c6RU
yt-41389,0,1,2zXh1XqNU64
yt-41391,0,1,Abq4vNaZH-w
yt-41392,0,1,KCqHky2T-B8
yt-41393,2,3,DV5zCjjKLZg
yt-41394,2,3,-JgKj3uSxbw
yt-41396,0,1,PX6FqWjkeWI
yt-41397,1,2,STP-xpjxwzw
yt-41398,0,1,JGLutYL52ys
yt-41399,0,1,unB18Si-rwg
yt-41400,2,3,Hg2S_aE2kJs
yt-41401,1,2,wkH2T_QCDeM
yt-41402,1,2,pRerRF3DE_w
yt-41403,2,3,qGKAHFvdYT8
yt-41404,0,0,3hO5ckTrfGE
yt-41405,2,4,BVpEuIXVKA0
yt-41406,2,3,245tJt9MIgU
yt-41407,2,3,I5pLLeWFheA
yt-41408,1,2,kQVnUfsamjc
yt-41411,0,1,Pf9jTAIXhj8
yt-41413,2,3,YSKT0-lynNw
yt-41414,0,1,uwD7JrO0QhQ
yt-41415,2,3,BABRe53fna4
yt-41416,0,1,3OkbZjk6Xvo
yt-41417,2,3,mPRO4nFVwy8
yt-41419,0,0,fnUin4Rn_oo
yt-41420,1,2,aIA4woCcjVw
yt-41421,0,1,IXEAfFKcLGg
yt-41422,2,3,qt4rVgyr1Rg
yt-41423,1,2,KoJ-HH9wt6w
yt-41425,0,1,J2FoVF0cpkg
yt-41426,2,4,yNuU2vm2784
yt-41427,1,2,Xr9ETacAhOA
yt-41429,2,4,MTJyEXx0PZA
yt-41430,1,2,J370H_ZEafk
yt-41431,2,4,DC05VUtSHmA
yt-41432,0,1,_y7Nqf3z_LA
yt-41433,2,3,YoD3GqU9HJQ
yt-41434,2,3,uSyQ2_lhuvI
yt-41435,0,1,Ku1VllsV2yg
yt-41436,2,3,Zgg7zMEg6kk
yt-41437,0,1,uwrM9PiNw50
yt-41439,1,2,mNaJbTRGqTc
yt-41440,0,1,novideo-41440
yt-41441,0,1,MDDZd7bT6No
yt-41442,1,2,aCE9WpOrA_U
yt-41443,2,3,fE20-cSNxf4
yt-41444,0,1,Aewz7QIILk8
yt-41445,0,1,Zu21-PF_nTc
yt-41447,2,3,X7fl-jN24j0
yt-41450,0,0,qsnIICtRYp8
yt-41451,0,1,T_U2jcv6wXs
yt-41452,1,2,JLE7uI-BGLY
yt-41454,0,1,unB18Si-rwg
yt-41455,2,3,QgQLBED7lmw
yt-41457,2,3,vpoVEhc2Xgk
yt-41462,0,1,YzEc1SW8Ktg
yt-41463,1,2,87YSAS3LJlw
yt-41464,2,3,lIB4Jm8DQ4Y
yt-41465,0,0,xYFR5YJ5gv0
yt-41466,0,1,novideo-41466
yt-41468,0,1,CToD3XLNYCg
yt-41470,0,1,LIdOR_-8fRs
yt-41471,1,2,KeZHrBkQXSg
yt-41473,1,2,NWYSsAv7Qxo
yt-41474,0,1,prwUIsvZcp4
yt-41476,1,2,WwZF2TUy-tc
yt-41477,2,3,TEc0hbzEt70
yt-41478,2,3,EsOgyP7ZuV4
yt-41479,0,1,NS2saZ6onrc
yt-41480,1,2,RllOvVuC0JM
yt-41481,2,3,3BeKSZ8wUZg
yt-41482,2,3,BObJiy5noaM
yt-41483,0,1,5lXeSCXnxjI
yt-41485,1,2,fKoS95zpevY
yt-41486,0,1,zQiCkbGdrvE
yt-41487,2,3,tAHK6E03ORo
yt-41488,2,3,tAHK6E03ORo
yt-41491,2,3,LP3t_1x6W58
yt-41492,1,2,_n11RrxUuEg
yt-41493,1,2,3yzavS-7Lxw
yt-41494,0,1,9lxQeHHlqzY
yt-41495,0,1,novideo-41495
yt-41496,0,1,ovXkapVSGPI
yt-41497,0,1,hyNXMVrypRI
yt-41498,0,1,NxypeHZMIGQ
yt-41499,1,2,QDZFjDdZ_5E
yt-41500,2,3,4q9YGVyD5MA
yt-41502,1,2,iDb9YO6YeXw
yt-41503,1,2,novideo-41503
yt-41504,2,3,uK-MGDE2dE4
yt-41505,2,3,GHzaMI--BC8
yt-41506,2,3,drjF4_BOINc
yt-41507,1,2,FxZGUeXl03M
yt-41509,0,1,ZZ5oqJMmJQM
yt-41511,2,3,mhySXh9xEuI
yt-41512,2,3,uCPkx7vX6ek
yt-41513,2,3,ZOUSjqTH1xk
yt-41514,0,1,iQEiTL_onQ8
yt-41516,0,1,RJxpwoSA1XM
yt-41518,2,3,tm3SnDw9xqI
yt-41521,0,1,Pk0TjLPyaXk
yt-41522,2,3,I2Oh9b2bd4U
yt-41523,0,1,XTLpFDsfvzk
yt-41525,1,2,DcEsiGwcmrA
yt-41526,0,1,QepckkKHvHM
yt-41528,0,1,ZhPiWybyCQI
yt-41529,0,0,WaIjerm9AH4
yt-41530,2,3,pXeOtkaIxgU
yt-41531,2,3,0VrZVZNR8oA
yt-41532,2,3,vsdLVZ5-KD8
yt-41533,2,3,35VTsaM2yR0
yt-41534,2,3,npu1sASOflU
yt-41535,2,3,pzTgsdFxN68
yt-41536,1,2,0vbJtS97OVc
yt-41538,2,3,C3z79NQUX28
yt-41539,2,3,qh85fT3ARe8
yt-41540,2,3,jE2A55tf_YY
yt-41542,0,1,jOFElUa3gWo
yt-41543,2,3,t_-O1grAqYE
yt-41544,2,3,vsdLVZ5-KD8
yt-41545,0,1,PtIoNv_Yjpc
yt-41546,2,3,Hy9SvepJ4Ts
yt-41548,2,3,As1S8IfJ3YQ
yt-41550,2,3,xOjr4CGDjjs
yt-41551,0,1,novideo-41551
yt-41552,0,1,EJN_E9vXLJo
yt-41553,0,1,2hB7nn5Wk0M
yt-41554,1,2,6K0qqR-yEz8
yt-41555,2,3,m0_SMiOecko
yt-41556,2,3,nwyKeZpdRQU
yt-41557,2,3,1VRlsD09id8
yt-41558,0,1,truZfa_jtF8
yt-41559,0,0,ABnjxb1X2Lg
yt-41560,2,3,eOdS_joghKw
yt-41561,2,3,WzbSh8rhacQ
yt-41562,2,3,tAHK6E03ORo
yt-41564,0,1,AN7c1SfNMlU
yt-41565,1,2,UDQItSeTS8M
yt-41566,2,4,4l4SuBZW6Tw
yt-41567,2,3,q-w3_tpQGs4
yt-41569,1,2,RllOvVuC0JM
yt-41571,1,2,UgAD2hx0fs8
yt-41573,0,1,yNuU2vm2784
yt-41574,1,2,aY51yGM8L_4
yt-41575,0,1,FfXVzl00shs
yt-41576,2,3,m0_SMiOecko
yt-41577,1,2,PMpmRb07Foc
yt-41578,2,3,d9yKdTxrjck
yt-41580,2,3,dYBUHBF-yLo
yt-41581,2,3,Fk6Cn1MHSsY
yt-41583,2,4,fCSwPXx0SzE
yt-41586,0,1,fyotedVQ60w
yt-41587,1,2,novideo-41587
yt-41588,2,3,Yq0EiGZrFlU
yt-41589,2,4,4udGUaa-PKs
yt-41590,2,3,efe2muJs89E
yt-41593,0,1,QI1hWq4K3dw
yt-41594,1,2,OQjg6j_Gx2k
yt-41595,1,2,i7dCG5w3jHM
yt-41596,2,3,40ns51R4HwY
yt-41599,1,2,QNxQ9tt5CGo
yt-41600,2,3,2ekagh_aMrs
yt-41602,0,1,9oE2bhIQs0w
yt-41603,2,3,rjkCzq4cpZU
yt-41604,0,1,xABqJVC5z34
yt-41606,0,1,f3N0zDOtHuQ
yt-41607,0,1,gzxnzsif2iE
yt-41608,1,2,Dx1ynbOsMZ0
yt-41609,1,2,DClLbX9hOqU
yt-41610,2,3,ZOUSjqTH1xk
yt-41611,2,3,nHlMTLzam8Q
yt-41612,1,2,ndjI4Y-eQaY
yt-41613,2,3,tGOc-6Q3sRw
yt-41615,0,1,mitSurcP298
yt-41616,0,1,5RnscnAPNms
yt-41617,2,3,GM0ggmgLsiM
yt-41618,0,1,YoD3GqU9HJQ
yt-41619,1,2,SV9ZgPtPVHo
yt-41621,2,3,EsOgyP7ZuV4
yt-41622,0,1,NgYcIzHDABo
yt-41623,0,1,6MhzUPAlYDQ
yt-41624,1,2,L0F6PL9ABy8
yt-41625,1,2,ReejhPZfYmw
yt-41626,2,3,m0_SMiOecko
yt-41628,0,1,tuqPFKF5NJo
yt-41629,2,4,novideo-41629
yt-41630,2,3,vn53N8iocfs
yt-41632,0,1,Nm8on_ZzXQc
yt-41633,2,3,BenmwYiPn8U
yt-41636,0,1,-Fg0mfAYV6U
yt-41637,0,1,D_o2CaLlz8A
yt-41638,2,3,U9_HjntMOy8
yt-41639,0,1,l9mPU7P3raM
yt-41640,0,1,3atga7ge-ac
yt-41641,2,3,aGL0H4HyotM
yt-41642,1,2,BFsvp5H9BH8
yt-41643,0,1,RQWL1m55C58
yt-41644,0,1,7DyqyrfgSfI
yt-41645,2,3,Aj15i4Mbr-8
yt-41646,1,2,x8oojlwR2Rc
yt-41648,1,2,aF9u2I98T78
yt-41649,0,1,1-LZVeFZ6kE
yt-41650,0,1,4Egb9IPRrNk
yt-41651,1,2,Br02-X3E330
yt-41652,0,1,2BKjIJazDmc
yt-41653,2,4,Jh4tpeTceSg
yt-41655,0,1,Dgw81lEhrbQ
yt-41656,2,3,Da6ljj6yT0U
yt-41657,1,2,mHg4Wat0bdc
yt-41658,0,1,F17bfolsnxk
yt-41660,0,0,ilsSBu6D5mQ
yt-41662,1,2,izjmMyE5mq8
yt-41663,0,1,AS9bzGDVsX0
yt-41665,1,2,eNkzKSLfDJo
yt-41666,2,3,LZ7g4Gt5FqE
yt-41667,0,1,G6KHT5DdEIk
yt-41668,2,3,JCOiZtAvwso
yt-41669,0,1,blCSl6aTdz4
yt-41670,2,3,sepI2oMcbsM
yt-41671,0,1,novideo-41671
yt-41672,2,3,jOzNcze0k0Y
yt-41673,2,4,DjJ8KrAAQko
yt-41674,2,3,SDqZYV_p7xI
yt-41675,2,4,1VRlsD09id8
yt-41676,0,1,qQGNUP38ZPM
yt-41677,2,3,lVH7Huhn6Io
yt-41678,0,1,K2GRx01R8N4
yt-41679,1,2,Bp8ZRYVTLzQ
yt-41680,1,2,CXU7DTrszm0
yt-41681,0,1,TfWZD310XWc
yt-41682,0,1,DClLbX9hOqU
yt-41683,2,3,novideo-41683
yt-41684,0,1,NQ4sX6jJ_54
yt-41685,1,2,qlmoUeCjNtQ
yt-41686,0,1,9KOMrYH6yJI
yt-41688,0,1,FfXVzl00shs
yt-41690,0,1,i7dCG5w3jHM
yt-41691,0,0,u1MnApNpV3c
yt-41693,2,3,DrLKtYWWUyk
yt-41694,2,3,BABRe53fna4
yt-41695,1,2,r5BjIwWi3Fc
yt-41696,0,1,4xywRUZjeN0
yt-41697,2,3,m0_SMiOecko
yt-41698,1,2,7uuSaaRKyXw
yt-41699,2,3,jiQJcxLa9ns
yt-41700,0,1,RnEiqCtr7Jc
yt-41703,2,3,novideo-41703
yt-41705,2,3,8CklEfc4L6I
yt-41706,0,1,Xw4FyKUpWs8
yt-41707,0,1,o4iinRtHD3U
yt-41709,0,1,XfSe6TNk8_U
yt-41710,1,2,l03uPFzbLK4
yt-41712,2,3,A6g5d-e6qsk
yt-41713,2,3,Iykno64pNHI
yt-41715,2,3,v9D3PKmtfYA
yt-41716,2,3,Ep61tpBLF_k
yt-41717,0,1,bxu9Gg0jVRE
yt-41719,2,3,38WpQsCVJno
yt-41720,2,3,DSbgJUhUn2I
yt-41721,2,3,cwHarQaYz0g
yt-41722,2,3,baF_fW59odg
yt-41725,0,1,d3-ZO8viWdI
yt-41726,1,2,J9e-b-mek9A
yt-41727,2,3,pXeOtkaIxgU
yt-41728,1,2,FqfaM7yKapo
yt-41730,0,1,3iCJd3WqyvM
yt-41731,2,3,hQ5cK0eYsbU
yt-41732,1,2,o-yjH6pyabU
yt-41733,2,3,N9V-7TPtVzQ
yt-41734,1,2,7hMfGlt-AfU
yt-41735,0,1,l3tGXxS6QxM
yt-41736,2,3,YoD3GqU9HJQ
yt-41738,0,1,JijC3ygOdPc
yt-41739,2,3,l3ggcJEsQ48
yt-41741,0,1,dOrwEf05iXQ
yt-41742,1,2,Nm8on_ZzXQc
yt-41746,2,4,PpoCV3NVOSE
yt-41747,1,2,D6BD6KREFAg
yt-41748,2,3,b67bNzZtCp0
yt-41749,1,2,U7R9rAk7ewU
yt-41751,0,1,jTj3dzbCjws
yt-41752,0,1,hRkYGRzwPqQ
yt-41753,2,3,Y4OwOx_tzZ0
yt-41754,0,1,XLb9fujOmyI
yt-41755,0,1,50_ePQkWBhE
yt-41757,0,1,N6TY2PqEa6Q
yt-41758,0,1,Vo_yNGKR8MI
yt-41759,1,2,pqinvobBwRQ
yt-41760,2,3,PdUOl_04osk
yt-41761,1,2,LWYRcYtGWEQ
yt-41762,2,3,yLV4MyNTSvo
yt-41763,0,1,_ffWIGqVcqw
yt-41765,2,3,xcH3d0w9Xxw
yt-41766,1,2,_0NfhVyeqQ8
yt-41771,0,1,UgAD2hx0fs8
yt-41772,2,3,MvO5xi3CGm8
yt-41773,0,1,0SmP7KUKQdk
yt-41774,2,3,novideo-41774
yt-41776,2,3,C3z79NQUX28
yt-41777,0,1,f2bmR4e1v18
yt-41778,0,1,h1mk-6z_UtI
yt-41780,2,4,uSyQ2_lhuvI
yt-41781,0,0,Ibratm0oo44
yt-41782,1,2,DJ6vddaZHXA
yt-41783,2,3,6zNtY6vCpG8
yt-41786,0,1,pXeOtkaIxgU
yt-41787,0,1,1ZwZLRPXXGY
yt-41789,2,4,8UH6G1LnXR8
yt-41790,0,0,MwYatAqodsY
yt-41791,1,2,FMNMRr8JRc0
yt-41792,0,1,EUN0F2VLa3c
yt-41793,2,3,O0btx0F03AQ
yt-41794,2,3,XIZm_GUzCnc
yt-41795,0,1,zJgt-WbE7oc
yt-41796,0,1,SAwjGnGGTMg
yt-41797,0,1,V0lxEGajwrc
yt-41798,0,0,3lYX1XPfoz4
yt-41799,1,2,6MIEVOa1RB8
yt-41800,1,2,nHr3ZKEEL4E
yt-41802,1,2,hSgq0CpTJOc
yt-41803,2,3,WTnC_b9Ed5c
yt-41804,0,1,pzSuYucC7M8
yt-41805,2,3,P051rbLjttY
yt-41806,1,2,7Y1Hh1Bgr-A
yt-41808,0,1,pmQm3gUN7xc
yt-41810,2,3,9coKy-Eyx8g
yt-41811,2,3,ehnxHx0mlX8
yt-41812,0,1,KOvbTza65zk
yt-41813,2,3,5XJU5pu352I
yt-41814,2,3,GLv0AGKDQWQ
yt-41815,0,1,nLB0e9ISrOA
yt-41817,1,2,1CbhgAL44Gk
yt-41818,2,4,txFSflJkL3g
yt-41819,0,1,nTPf1iVlPB4
yt-41820,2,3,dyDMHEeeaUw
yt-41821,0,1,U-cvoKLtqoE
yt-41822,0,1,PJ5pCTy3rvs
yt-41825,1,2,gfbHCHZbNxI
yt-41826,2,4,bCh-l8kzeFM
yt-41828,0,1,T1a8gGD1zAQ
yt-41829,0,1,_BrbfewgQtM
yt-41832,0,1,_WheySgo7Lg
yt-41834,2,3,p6py9G2P6XM
yt-41836,2,3,qITFN1adOvE
yt-41837,2,3,ptXFI8q_wfY
yt-41838,2,3,V-nZDGMn4tA
yt-41840,1,2,IwDoNLKJ-jE
yt-41841,0,1,LXyKo2-9G1Y
yt-41844,1,2,hEOpSXxiSyY
yt-41845,2,3,xivu81EIMds
yt-41846,2,3,F9MctqJgJVk
yt-41847,1,2,INgFRp5kB4s
yt-41849,0,1,6HaXVg-ZCpA
yt-41850,0,1,m6374K-NXZ0
yt-41852,2,3,DvOm-15FR2U
yt-41853,0,1,gMEsF4z0i2Y
yt-41854,1,2,MhEQyO4-2o4
yt-41855,2,4,mraw40532V8
yt-41856,2,3,OO8hfzFaZdE
yt-41857,2,3,jFDkhoj2HjA
yt-41858,0,1,9fz_YqVLIlc
yt-41859,0,1,1veitumiKwc
yt-41860,1,2,k4VurHbhoyM
yt-41861,2,3,m0_SMiOecko
yt-41862,2,3,StzZEW8T2tM
yt-41863,2,3,zJgt-WbE7oc
yt-41864,1,2,8l6Fli5sxgw
yt-41865,1,2,p76GOlVrxBQ
yt-41866,2,3,1VTLzDSRNCE
yt-41867,2,4,jOFElUa3gWo
yt-41869,0,1,Gl23R14V0zY
yt-41871,2,3,j2Rc22LDuiA
yt-41872,1,2,u1yXdAYGCf4
yt-41873,0,1,novideo-41873
yt-41874,2,3,QGCpBOTJXhg
yt-41875,2,3,fe-wnxi7fN8
yt-41876,0,1,sKXbIsFm8iI
yt-41877,2,4,Z-L0wVN5GPw
yt-41878,0,0,mC4yg9n7OR8
yt-41879,1,2,ZC_5c6DPIC8
yt-41880,0,1,CFTyyxTabmE
yt-41882,1,2,3AVbCIqmEqo
yt-41883,2,4,3-RDBxuBJgo
yt-41884,1,2,245tJt9MIgU
yt-41885,2,3,YoD3GqU9HJQ
yt-41886,0,1,Y75S3K2qeo0
yt-41887,2,3,7_7SVPt7ANY
yt-41889,0,1,gLxRYUcx2cE
yt-41890,0,1,6UEUMCbn86U
yt-41891,2,3,YIE0PRuA3I4
yt-41892,0,1,M0gyIi3c_JE
yt-41893,0,1,H5WZyDQmS40
yt-41895,2,4,MCRlYg2l4Jg
yt-41896,1,2,IHqJGDzFGiI
yt-41898,2,3,VX24pMefwkU
yt-41899,2,3,Iykno64pNHI
yt-41900,0,1,xYFR5YJ5gv0
yt-41901,1,2,lxc8Z9kejo4
yt-41902,0,0,rZJT646i4TY
yt-41903,2,3,_FoIY4MdolE
yt-41904,1,2,s2w0X6aL1Do
yt-41907,0,1,novideo-41907
yt-41910,2,4,cGN5w_Glqok
yt-41911,2,4,sG3ka5UHBqo
yt-41913,2,3,bLoV5iaKiIo
yt-41917,2,3,XcWwnXv8FpY
yt-41918,2,3,7lhGtTlNRKc
yt-41919,1,2,NWaRM1VFxDQ
yt-41923,2,3,drjF4_BOINc
yt-41924,2,3,87-suVfGLyE
yt-41925,0,1,KaEAPsEBFo0
yt-41926,1,2,1jOeQBMWmYs
yt-41928,0,1,sIpop6Hg810
yt-41929,1,2,WEBMAcgErY0
yt-41932,2,3,m0_SMiOecko
yt-41933,2,3,m0_SMiOecko
yt-41934,1,2,aUmRiEhOjBE
yt-41936,2,3,C3z79NQUX28
yt-41937,0,1,UQo9rP_iBuM
yt-41938,0,1,rnrzejJ-80Y
yt-41940,1,2,pIBlRK4pjcQ
yt-41941,0,1,Ho4pbT__VVE
yt-41942,0,1,0Baydln0oDY
yt-41943,1,2,Ksmma5XN-QI
yt-41944,1,2,ROPJbdR_o2E
yt-41945,2,3,b7ZlmRH-UrI
yt-41948,0,1,ZuK4ACMjAGc
yt-41949,2,3,FTfi8RMSbbw
yt-41950,1,2,UoqLFGKfEjM
yt-41951,0,1,novideo-41951
yt-41952,0,1,xxmRMBtquOg
yt-41955,2,3,pdImt5Nc0yk
yt-41956,2,3,MCRlYg2l4Jg
yt-41957,0,1,0Bh9MKnnDQU
yt-41958,2,3,3kXpCmuHUMY
yt-41959,2,4,Jh4tpeTceSg
yt-41960,2,4,v9D3PKmtfYA
yt-41961,0,1,d3-ZO8viWdI
yt-41962,1,2,7kCc4g8vT1I
yt-41964,0,1,4YPOvlVerOg
yt-41965,0,1,l0WlzaE89oY
yt-41966,0,1,novideo-41966
yt-41967,2,3,9gGc3-cGYBA
yt-41968,2,3,AxaIZ36B4C4
yt-41969,0,1,6HvvgTXHVes
yt-41972,2,3,m0_SMiOecko
yt-41973,0,1,-kpnV-dBNo0
yt-41976,0,0,7tnZtW7N2g4
yt-41978,0,1,XsmEUYIjrcY
yt-41979,0,1,rdyZR39rgxc
yt-41980,0,1,JOAPvF8DavI
yt-41981,2,3,dyUKWm0u-ms
yt-41982,0,1,c4Gn4qZIIoU
yt-41983,2,3,5VuTOIPUwdM
yt-41984,0,1,m0_SMiOecko
yt-41986,0,0,novideo-41986
yt-41987,0,1,i4LSAhXJTqk
yt-41990,1,2,US8NRrdts2o
yt-41991,1,2,teD2iHv2hZ8
yt-41992,2,3,SDgcPAwaVPU
yt-41994,1,2,-Abl_vxbhiU
yt-41995,1,2,rXSZoxSjXMk
yt-41996,2,4,VkuFXSGqxe8
yt-41997,1,2,EELDpC4nY44
yt-41998,2,3,TfgdwInk4l4
yt-41999,2,3,xYr7ySPOGgc
yt-42001,1,2,gKz40oYeHwg
yt-42002,0,1,ilsSBu6D5mQ
yt-42003,2,3,HJjaseDFEZA
yt-42004,1,2,grqxlQPhCt0
yt-42006,0,1,H7Cri5RHo2I
yt-42007,2,4,sauTZ1NAbmo
yt-42009,0,1,zwwVFse75Is
yt-42010,2,3,7pMd3-LjOdc
yt-42012,2,3,mD_D1JArYZE
yt-42013,0,1,cfBMKEMOHIs
yt-42014,0,1,AwMKQWt3oSw
yt-42015,2,3,pY4yYLRINJ4
yt-42016,2,3,97vlSnirrII
yt-42017,2,3,rcHJ9QJkpuI
yt-42018,2,3,Qt6ZrjxCCZc
yt-42019,0,1,sBcv58DvnTc
yt-42020,0,1,tf1Tl4Q_660
yt-42022,2,3,gdZbz7hYh_I
yt-42023,2,3,xy9WZe7hxlU
yt-42024,1,2,mGBT-pQPxOY
yt-42025,0,1,7_0uk_ZV1lw
yt-42026,0,1,-HCNpvHcEaY
yt-42027,2,3,W93B7cSaKLg
yt-42028,2,3,Iykno64pNHI
yt-42029,2,3,yTnHjR_HyMA
yt-42030,1,2,UvKk4-jpv0Y
yt-42031,2,3,tJbx31WXc7g
yt-42032,0,1,_tJ92azcWyI
yt-42033,1,2,tUV5W1dF3Nw
yt-42036,1,2,fzQSr9zTB4U
yt-42037,2,3,ehnxHx0mlX8
yt-42038,0,1,ZHFsHM9V9Jw
yt-42039,0,1,samrz__j0TQ
yt-42040,0,0,AzUecxQSQGc
yt-42041,0,1,YD3OakzpBLc
yt-42042,2,3,novideo-42042
yt-42043,2,3,vLaZV3QhmlU
yt-42044,2,3,dYBUHBF-yLo
yt-42045,0,1,9DDXTWcf_B4
yt-42046,0,1,KeZHrBkQXSg
yt-42047,0,1,s9_m1BAoC50
yt-42048,0,1,iZN_hzqcYBo
yt-42049,1,2,p-0ZQOssfTM
yt-42050,0,1,k-_pA5XgHI8
yt-42051,2,3,VkuFXSGqxe8
yt-42052,1,2,qKahoohkUpM
yt-42053,0,1,jgbzFxgNXZ8
yt-42054,1,2,2ckTjFoTSqI
yt-42056,0,1,dOFQL-liask
yt-42059,2,3,PCFpZ0u_fyM
yt-42060,0,1,2D95eLZYiPQ
yt-42062,1,2,ZOUSjqTH1xk
yt-42063,2,3,ovXkapVSGPI
yt-42064,1,2,GbXDSAzdoso
yt-42065,2,3,laLIidriPrs
yt-42066,2,4,novideo-42066
yt-42068,1,2,l7R7A89tRMI
yt-42070,2,3,9gGc3-cGYBA
yt-42071,0,1,CiAMHa9ta_M
yt-42072,2,3,77p1PBdKxNw
yt-42073,1,2,NIK-pSXcLDE
yt-42074,1,2,xk5jUWlygLc
yt-42075,2,3,dYBUHBF-yLo
yt-42076,2,3,nGezdG3bdXk
yt-42077,2,3,DaRMnpQJ-Rc
yt-42078,1,2,SxIIiXYnNL4
yt-42080,0,1,UWZa9JjNcMI
yt-42081,2,3,GOXdhI7RF3o
yt-42082,0,1,iOU7C42eWGU
yt-42083,1,2,1qvkVC6WTeM
yt-42084,2,3,pgtFd-3xhfI
yt-42085,0,1,vsDtp_99NUk
yt-42087,2,3,FP3WrKvLqb4
yt-42088,2,3,K0ENokJU4j8
yt-42089,2,3,IyoZBHfRydM
yt-42090,2,3,DXVycGqNQeE
yt-42092,2,3,ONfMmSNXUzc
yt-42094,2,3,P49zOa5-pB4
yt-42095,0,1,rOaV0ZD8BpA
yt-42096,1,2,_QDX1gi3AAw
yt-42097,0,1,0IUPr4zLkAY
yt-42098,1,2,axW94tjjAb4
yt-42099,2,3,BFuz4UsYRVo
yt-42100,2,4,GPyd_DH7zBE
yt-42101,0,1,rEcHrPe5zDQ
yt-42104,0,1,JWm8nwsFT7o
yt-42106,2,3,m0_SMiOecko
yt-42107,2,3,T0AQy9oMulk
yt-42108,1,2,SGX6aguU5QM
yt-42109,2,3,m0_SMiOecko
yt-42110,1,2,pCabfVMypvU
yt-42111,1,2,tAHK6E03ORo
yt-42112,2,3,shc4A5SupfU
yt-42113,0,1,AANG-Uxv2bc
yt-42114,2,4,gCPZg-3h89o
yt-42116,0,1,MgTzLaG2fnQ
yt-42118,0,1,TA8RrU9XkLE
yt-42120,1,2,yrzGb7hnUc8
yt-42121,0,1,0LORIyIjbpk
yt-42122,2,3,_JyFHbhWd9o
yt-42123,2,4,novideo-42123
yt-42125,2,3,IRObFMbFOIU
yt-42127,1,2,hme1dkisCvI
yt-42129,1,2,TZu9hYiFZnk
yt-42130,1,2,YvJKttWDBek
yt-42131,0,1,1VTLzDSRNCE
yt-42132,2,3,pXdKUWlLH0g
yt-42134,0,1,96X_tsR38Pc
yt-42135,0,1,4D9k_ZTBlPc
yt-42136,2,3,FhwbNerPFZw
yt-42137,1,2,O8Yb9Yzm-Kw
yt-42138,0,1,URYu8gilAgo
yt-42139,2,3,40ns51R4HwY
yt-42140,0,1,-VDjG0yKBls
yt-42141,0,1,3UsxOwcPliE
yt-42148,0,1,Y75S3K2qeo0
yt-42150,2,3,Ep61tpBLF_k
yt-42153,1,2,Fje7aW_fqsE
yt-42154,2,3,V0Va_HxkKps
yt-42155,1,2,9yiM1Ipj6Eg
yt-42156,0,1,d_eZ4O5HiMQ
yt-42157,0,1,H7EFBFU0xDM
yt-42159,0,1,Y75S3K2qeo0
yt-42160,1,2,yypLKij21-Y
yt-42161,2,3,71imRQAKV6I
yt-42163,1,2,BUTiridqfyM
yt-42165,0,1,NI7P8o88q_Y
yt-42167,0,1,33F0npxR3k8
yt-42168,0,1,jwxV4Xz23eM
yt-42169,2,3,sBcv58DvnTc
yt-42170,2,3,W93B7cSaKLg
yt-42171,2,3,MJJYgZFTjso
yt-42172,0,1,Ma60BMXLe7s
yt-42173,1,2,7pMd3-LjOdc
yt-42174,2,3,K68xxNNmnPo
yt-42175,2,4,dPPgumaP92M
yt-42176,0,1,UTrwYp87ayU
yt-42177,0,1,9Q9E8h7pyAk
yt-42178,0,1,fwYA2nZMN7Q
yt-42179,0,1,FSUuV6qs6Fg
yt-42180,0,1,78MTITJo4cQ
yt-42181,1,2,CS9ZfchId8Y
yt-42182,1,2,ukQYil9ePe4
yt-42183,0,1,CFTyyxTabmE
yt-42185,1,2,3Adtx8HrnEk
yt-42186,0,1,CMwvKBvZyLM
yt-42188,1,2,Rz0Cr-ftmYM
yt-42190,0,1,HtqyzjEuwlE
yt-42191,0,1,iZN_hzqcYBo
yt-42193,2,3,fjZDPtppWoo
yt-42194,2,3,VkuFXSGqxe8
yt-42195,2,3,-c39jDfC2W8
yt-42196,0,1,2Dv0IBFwmn4
yt-42197,0,1,rTjF397Ww00
yt-42198,2,3,RzXgg5vpyWk
yt-42200,2,4,4WrHocm3Yow
yt-42201,1,2,_TpklZJKDus
yt-42202,1,2,HM5BUqIugV8
yt-42203,2,4,i4vuLt68WEw
yt-42205,1,2,RRuIXaxOb9Y
yt-42206,0,1,FqfaM7yKapo
yt-42208,0,1,JA2Nfbe41hY
yt-42209,2,3,YcOe33UcxYY
yt-42212,0,1,HvqZL7IH6Xk
yt-42213,0,1,C3z79NQUX28
yt-42214,0,1,KdgSw94DlVk
yt-42215,1,2,htV-wOnyprI
yt-42216,2,3,iYI9zLyZqg0
yt-42217,2,3,PSDZRrtFYn4
yt-42218,1,2,mZhm1zQ_RQg
yt-42220,2,3,3IbqDw2-2vg
yt-42221,2,4,m0_SMiOecko
yt-42222,0,1,Cc1cSL_S-f8
yt-42223,1,2,FqfaM7yKapo
yt-42225,1,2,Q159-4AnuVg
yt-42226,1,2,07C1KJrlTPk
yt-42227,2,3,d9zOE9hZTQs
yt-42231,2,3,qAoMIMeh7ns
yt-42232,0,1,_gAU7JcQO6k
yt-42233,2,3,cmr6z1HQP28
yt-42234,1,2,O_-e5eN1ZtY
yt-42235,2,3,7hMfGlt-AfU
yt-42236,2,3,m0_SMiOecko
yt-42237,0,1,lXmC-Bstmyw
yt-42238,1,2,J7_-oVm5njU
yt-42239,0,1,sBcv58DvnTc
yt-42241,1,2,ejPRQ37seqk
yt-42243,2,3,novideo-42243
yt-42244,2,3,DK-L1hS6Iy4
yt-42245,0,1,WCpKtlkGOuY
yt-42246,0,0,9yGTk3N-ZtU
yt-42247,2,4,YoD3GqU9HJQ
yt-42248,0,1,PjBNMbI6-sk
yt-42250,2,3,NBnZ12z72fM
yt-42252,1,2,wcVwi6-j6M4
yt-42253,0,0,XfVcdNB0mrk
yt-42254,2,3,QSyKVKXRJ24
yt-42256,0,1,5h0nRd32Jho
yt-42257,0,1,novideo-42257
yt-42258,0,1,J6C5Qe7WHbg
yt-42261,0,1,sBcv58DvnTc
yt-42262,2,4,IS_CW2QDneQ
yt-42263,2,3,WF--CvhmU14
yt-42264,0,1,xGVhvY3GWBU
yt-42265,0,1,m0_SMiOecko
yt-42266,2,3,sZgbTEpm7XA
yt-42267,2,3,m0_SMiOecko
yt-42268,1,2,VNFL3tnHd6s
yt-42269,2,3,N7dMYBGhLv0
yt-42270,2,3,mSAWbrM7fYk
yt-42271,2,3,miyR7b0h7Eo
yt-42272,1,2,7p38mvKs7gU
yt-42273,2,3,MhEQyO4-2o4
yt-42274,1,2,Cc1cSL_S-f8
yt-42275,0,1,uRbjPF-1Udo
yt-42276,0,1,RMxbfIy3kms
yt-42277,0,1,QtcUTc44jvE
yt-42278,2,3,mReNPLJ9tMc
yt-42279,1,2,1nGU618FBY0
yt-42280,0,1,nH6aJeWGH2U
yt-42281,0,1,YQ6JEpBh-eU
yt-42282,2,3,L5aQ9IjbgmY
yt-42283,0,1,f8PT1n9Dfqg
yt-42284,2,3,YMtiLEZOdLI
yt-42285,0,1,1VTLzDSRNCE
yt-42286,2,4,-HHOOoGC1NQ
yt-42287,2,3,JC-_pr9VRiA
yt-42288,2,3,hof4KDEExCk
yt-42289,0,1,t-RAAKMZ3jU
yt-42290,1,2,-SEgqkHq8-s
yt-42291,2,3,_C69nVqkpRM
yt-42292,2,4,0w7Sah9pLoE
yt-42293,0,1,y5Y_pYo5NO8
yt-42294,0,1,JruRKOKSPk0
yt-42295,2,3,Of43L-Xj3g0
yt-42297,1,2,novideo-42297
yt-42298,2,3,_Kk5vwEVOIA
yt-42299,1,2,Abq4vNaZH-w
yt-42300,2,3,vpoVEhc2Xgk
yt-42301,2,3,53LyRClbD40
yt-42302,0,1,CHUtmFmbYiY
yt-42303,0,1,-shPG--27D0
yt-42304,1,2,wxUREwR_y_k
yt-42306,2,3,g1UhspNtUiQ
yt-42307,2,4,mD_D1JArYZE
yt-42308,2,3,O_-e5eN1ZtY
yt-42309,2,3,novideo-42309
yt-42310,0,0,zhyHyeWp8qM
yt-42311,2,3,5-dRwmUGcRk
yt-42312,1,2,yTYmeWlHW30
yt-42313,0,1,5an2yW2g_HQ
yt-42314,0,1,eomYHZ7jwYw
yt-42316,2,4,p0y5M_yN8oA
yt-42317,0,1,9TmO9LA0c0U
yt-42318,1,2,4uak_zN9XFk
yt-42320,0,1,eOzZWv8hBr8
yt-42321,0,1,rOaV0ZD8BpA
yt-42322,0,1,SNvpAbLeDec
yt-42323,1,2,0SmP7KUKQdk
yt-42325,2,3,5xw7ZOBeE98
yt-42327,0,1,IJ9vVLJA0Zw
yt-42328,2,3,qAoMIMeh7ns
yt-42329,0,1,jFrKRdtmTcY
yt-42331,2,4,V-nZDGMn4tA
yt-42332,1,2,Sml7i0rw0H8
yt-42333,0,1,nyrKuICnA4c
yt-42334,1,2,h3EFevb9N6Y
yt-42335,0,1,OHt-VEC3Avs
yt-42337,0,1,NfAcm4V-nV8
yt-42338,0,1,qUwaIayRIqg
yt-42339,2,3,efe2muJs89E
yt-42340,2,3,bg9HmkdGFSo
yt-42341,2,4,MJJYgZFTjso
yt-42342,1,2,pb4qYO7o8wA
yt-42343,2,3,tAHK6E03ORo
yt-42344,0,1,rFioh-ET-pI
yt-42345,2,3,s2w0X6aL1Do
yt-42346,0,1,DH-qZx_54G4
yt-42347,2,3,KRI_GfVG8sQ
yt-42348,1,2,uNDoiokVsWk
yt-42349,0,1,wO0gyA3wr0U
yt-42350,2,3,qUiOE9gNXYM
yt-42351,2,3,245tJt9MIgU
yt-42353,0,1,novideo-42353
yt-42354,2,3,td4VFyTDeqo
yt-42355,2,3,zQiCkbGdrvE
yt-42356,1,2,novideo-42356
yt-42357,0,0,5RnscnAPNms
yt-42358,2,3,s274dj97BW4
yt-42359,2,3,d_eZ4O5HiMQ
yt-42360,2,4,IJ9vVLJA0Zw
yt-42361,0,1,uPOBALoArcg
yt-42362,2,3,F-ni1DFtdr8
yt-42363,0,1,wYXoCWQVabo
yt-42364,1,2,i5Kybh7ZtEs
yt-42365,2,3,vJv2MpQSeWg
yt-42366,1,2,HrL5oCB7Kl4
yt-42367,1,2,m0_SMiOecko
yt-42369,0,1,tFBtMWEMxT8
yt-42370,2,3,tERSI-IjGpE
yt-42371,2,4,-lIB3vNY-lg
yt-42372,0,1,qNkOX2JBOHU
yt-42374,0,1,bCQE-nZfpjQ
yt-42375,0,1,BhDowS07XuU
yt-42376,2,3,yTnHjR_HyMA
yt-42377,2,3,DBnMtri_79E
yt-42379,2,3,K8mjH0u5Pug
yt-42380,0,1,qR1OaEjS8VA
yt-42381,2,4,nVUDOMjq23g
yt-42382,2,3,8_68bX9Tm3A
yt-42383,0,1,bJROHlHFBHM
yt-42385,1,2,50_ePQkWBhE
yt-42386,1,2,mDM5cCeawik
yt-42387,0,1,sBcv58DvnTc
yt-42388,2,3,PpMmSQBFV7Q
yt-42389,0,1,92wST-C7Z5E
yt-42391,2,3,novideo-42391
yt-42392,1,2,y_hy8DfxDsw
yt-42393,0,1,iunDl7xfxe8
yt-42394,0,0,EBMTsXPdGbs
yt-42397,0,1,novideo-42397
yt-42398,1,2,aH1o9CDsS5Q
yt-42399,0,0,9Ad4vjJznco
yt-42400,1,2,IbNMuIDeHAM
yt-42401,0,1,oyrocnbV-H4
yt-42403,2,4,XHqFoc0Gpk0
yt-42404,1,2,SdyHJno4o2o
yt-42405,0,1,hMIq95goIxQ
yt-42406,0,1,i5Kybh7ZtEs
yt-42407,2,3,vcCoyEl_tpw
yt-42408,1,2,novideo-42408
yt-42409,2,3,_G9TPRHlunM
yt-42410,1,2,LyPHarXiPkE
yt-42411,0,1,novideo-42411
yt-42412,2,3,IfEQvQya5E0
yt-42413,2,3,-AVpfcE3F3E
yt-42414,0,0,9TmO9LA0c0U
yt-42416,2,3,qMAeQeZDgqA
yt-42417,0,1,novideo-42417
yt-42418,2,3,g1UhspNtUiQ
yt-42419,0,1,NsbBcPpWtKw
yt-42420,0,1,vhgSbSDlIKI
yt-42421,2,3,putg0H-9a54
yt-42422,1,2,fYXfRVrPU2E
yt-42423,1,2,pybrTCs6Qr8
yt-42424,2,3,ZOUSjqTH1xk
yt-42426,2,3,DAON8FXoyu8
yt-42427,0,1,G2uUFMSR_Nw
yt-42429,2,4,U9_HjntMOy8
yt-42430,2,3,Abq4vNaZH-w
yt-42431,2,3,JeFaQd2fq-8
yt-42432,0,1,novideo-42432
yt-42434,2,3,WgBoQYwsU8o
yt-42435,2,3,dYBUHBF-yLo
yt-42437,0,1,VkuFXSGqxe8
yt-42439,2,3,9nQPBECsu6k
yt-42440,2,3,qJO50G2D0AU
yt-42441,0,1,LqkfooLsJHU
yt-42442,2,3,tuqPFKF5NJo
yt-42443,2,3,P1amCSIPKF8
yt-42444,2,3,TXDff6oLYoY
yt-42445,2,4,wJbhkoOCFy4
yt-42447,2,3,ilVxOtTyh9c
yt-42448,2,3,TtMlD1uTN7I
yt-42450,0,1,qpGHlrNOrRU
yt-42451,1,2,NVKuUBVSiNQ
yt-42455,2,3,VWKzNha0JOc
yt-42456,2,3,ONfMmSNXUzc
yt-42458,0,1,I--mpV8DzmQ
yt-42459,1,2,pybrTCs6Qr8
yt-42460,0,1,BtNBhnz1hBM
yt-42461,2,3,TqPzuyAnaFs
yt-42462,1,2,1g59gXc7OYA
yt-42463,2,3,RRuIXaxOb9Y
yt-42464,0,1,yZ6EH6w15KY
yt-42465,2,3,jeEbOUQECn0
yt-42466,0,0,BNExcPJENF4
yt-42467,0,1,K7b7vGEr6CU
yt-42470,1,2,J9e-b-mek9A
yt-42471,2,4,s0nuKKa7Lv0
yt-42473,2,3,Dknnm0oEJtA
yt-42474,1,2,3iCJd3WqyvM
yt-42475,2,3,H5WZyDQmS40
yt-42476,2,3,A2BOIUsUGFM
yt-42477,0,1,d2xjsCHotic
yt-42478,0,1,_46CzJJudnc
yt-42479,0,0,KdgSw94DlVk
yt-42480,0,1,pUZ2tR9yQIQ
yt-42481,0,1,bdbvmoqyCsI
yt-42482,0,1,KdgSw94DlVk
yt-42483,2,3,HNE1jQkN0yI
yt-42485,0,1,wH-aOw0aHHI
yt-42486,0,1,Abq4vNaZH-w
yt-42487,2,3,nyc3QgMmclU
yt-42488,1,2,8qWFCf7Ab7Y
yt-42490,2,3,1VTLzDSRNCE
yt-42491,0,1,awnjAt0GBF4
yt-42492,2,3,jvv-67ONtzo
yt-42495,2,3,y-eH5oo7BP0
yt-42496,0,1,9XTSwiqgMfQ
yt-42497,1,2,GbCJp2HqDJ4
yt-42498,2,3,MhEQyO4-2o4
yt-42499,2,4,VkuFXSGqxe8
yt-42501,1,2,H5WZyDQmS40
yt-42502,0,1,nMCuI938c7A
yt-42505,2,3,LJDxqnJksc0
yt-42506,0,0,npu1sASOflU
yt-42507,0,1,ytitID15C9w
yt-42510,1,2,0uTkpD8_goo
yt-42511,2,3,NQ4sX6jJ_54
yt-42512,0,0,4m_jvmSRt3Q
yt-42514,1,2,Uo72ijyLlGU
yt-42515,0,1,yEqPN1lzidY
yt-42516,0,1,mkzm5EHrTJg
yt-42518,2,3,8UH6G1LnXR8
yt-42519,1,2,Dav6u45O_6M
yt-42521,2,4,uRbjPF-1Udo
yt-42522,0,1,RlKNDEjanQE
yt-42523,0,1,MhEQyO4-2o4
yt-42525,0,1,EA-pVOEVzoI
yt-42526,1,2,rMDYpDPFbw8
yt-42528,1,2,PXa0uBB_hzU
yt-42529,2,3,VTMCw0HG0-s
yt-42530,1,2,yD8syjMXhyc
yt-42533,0,0,W-mJod-pzng
yt-42534,2,3,fpmZTP1SZpw
yt-42535,2,3,ers85k9s6u4
yt-42536,0,1,CaX03KvZO4c
yt-42538,2,3,0Hmid399P4Y
yt-42539,2,3,fD0PUgYIvmA
yt-42540,0,1,novideo-42540
yt-42541,2,3,xb7Nws_Dy50
yt-42542,2,3,Y-6dOXDBflA
yt-42543,2,3,u1MnApNpV3c
yt-42544,2,4,SJNaFfvYahA
yt-42545,2,3,8cnhmXyC7bY
yt-42546,0,1,oKieT1EnPpw
yt-42547,2,3,ejPRQ37seqk
yt-42548,1,2,Gj2U8m5-USk
yt-42550,1,2,VkuFXSGqxe8
yt-42552,2,4,ONfMmSNXUzc
yt-42553,2,3,ZSw4nXr-Nwg
yt-42554,2,3,F9MctqJgJVk
yt-42555,2,3,novideo-42555
yt-42556,0,1,QmfvaL9RgkE
yt-42558,2,3,UBAY26elr-w
yt-42559,0,1,sTigFa8aeAk
yt-42561,0,1,unB18Si-rwg
yt-42562,2,3,YF_L0vW3RaQ
yt-42563,2,4,LKc7GVCieb0
yt-42564,2,3,novideo-42564
yt-42569,0,1,lcC_n98e-Tw
yt-42571,0,1,7JR9mlBW1Ts
yt-42572,2,3,RZojVaCbAAI
yt-42573,2,3,FrIW2dnyPYc
yt-42574,0,1,ddCdVDnguWI
yt-42576,2,3,3TycaVO0Rso
yt-42577,0,1,novideo-42577
yt-42578,2,3,EA-pVOEVzoI
yt-42579,0,1,Qba8VtbfKmo
yt-42580,2,3,novideo-42580
yt-42582,1,2,okyWKoKAYHQ
yt-42583,0,1,b8L4B2ie_D0
yt-42585,2,3,RN0zNNH89h8
yt-42586,0,1,Da6ljj6yT0U
yt-42587,0,1,IWEh6oySQAk
yt-42588,1,2,URYu8gilAgo
yt-42589,1,2,3Tys0AjcxRQ
yt-42590,2,3,SGmHjavi56Y
yt-42592,0,1,EfLVg0iXx7c
yt-42593,2,3,-bIeNuXQouo
yt-42594,1,2,Y75S3K2qeo0
yt-42595,2,3,m0_SMiOecko
yt-42597,2,3,VX24pMefwkU
yt-42598,2,4,DO__-CVBD9Q
yt-42599,2,3,fwmMqPjoHog
yt-42600,2,4,IveneGKsoj0
yt-42601,2,3,Y5FnCh-NGGE
yt-42602,2,3,2aOcNvjzZXs
yt-42604,0,1,IcVpCeocy44
yt-42605,0,1,UsK53PdWO7o
yt-42606,2,3,ZS9loSj-L6I
yt-42607,2,3,cK9wn2mWM9w
yt-42609,2,3,cUPIl7oBRRE
yt-42610,2,3,Ln_wQo2CZc0
yt-42613,0,1,L67PgzEsSXU
yt-42615,0,1,umoINFVUxUk
yt-42616,1,2,0DhcEIBaZHA
yt-42617,1,2,PsXHrCGL1To
yt-42619,1,2,1sU5lC0o34E
yt-42620,0,1,CHctyDMGUZg
yt-42621,2,3,M-79i7zVJpY
yt-42622,2,3,P7BwzwS2oio
yt-42623,2,3,ZhXceQrwN2Y
yt-42624,1,2,n1uRSXcmu6c
yt-42626,0,1,jDojmaaHaSk
yt-42627,0,1,_R6xV9uDyXE
yt-42628,2,3,7hMfGlt-AfU
yt-42629,1,2,YD3OakzpBLc
yt-42630,2,3,V-nZDGMn4tA
yt-42631,1,2,DC05VUtSHmA
yt-42632,0,1,tAgEJhpAhSs
yt-42633,2,3,jk3ppAAaT6s
yt-42635,0,1,DC05VUtSHmA
yt-42637,0,1,zoXFDPV7FL4
yt-42639,1,2,fx3WrCnA4-E
yt-42640,2,3,Xx1Uqc41MUs
yt-42641,2,3,C3z79NQUX28
yt-42643,2,4,er76RKIFV-w
yt-42644,0,0,7jRoVP1uMCs
yt-42645,0,0,hAmI6_Igygg
yt-42647,0,1,novideo-42647
yt-42649,0,0,pXdKUWlLH0g
yt-42651,0,1,WD5HrfQ1HPw
yt-42652,0,1,my5WePg_TAY
yt-42653,1,2,0qTFQ4zhLPE
yt-42654,1,2,ZaqJn4JvWd0
yt-42655,1,2,ekiO4ZMZxyE
yt-42656,2,3,zhngeBSdLpc
yt-42657,2,3,XV8ah3XFXhk
yt-42658,2,3,I2Oh9b2bd4U
yt-42659,2,3,dYBUHBF-yLo
yt-42660,0,1,nvhf_kYoVms
yt-42661,2,4,oR8-YfOlqUc
yt-42662,0,1,A1XExIQj8p0
yt-42663,1,2,lounYQ5WELM
yt-42666,0,0,0FqCPzDOIxc
yt-42668,0,1,Lr-ybn0qmEc
yt-42670,1,2,3yhmC1TpKxs
yt-42671,2,3,pXeOtkaIxgU
yt-42672,1,2,oZN2Ni9yXB4
yt-42673,1,2,_FoIY4MdolE
yt-42674,0,1,BLX7sTQqkYA
yt-42675,2,4,abVYw35n9D8
yt-42676,0,1,HNE1jQkN0yI
yt-42677,1,2,7PuvK5DM7DY
yt-42678,0,0,UVwj3xZUaM4
yt-42679,2,3,m0_SMiOecko
yt-42680,2,4,xyFvpYh1v9k
yt-42681,2,4,UBC3YvpX8ro
yt-42683,2,3,V9-hAPvI1uo
yt-42685,1,2,jXcy0F1Zsv8
yt-42687,1,2,7xCIfAW0CPw
yt-42688,0,1,rysufXzqcIs
yt-42690,2,4,xudo1vw3oOk
yt-42691,2,3,rD_ketmxFy0
yt-42692,1,2,kGse0tGRc1k
yt-42693,1,2,UU1Ou0PVz1Q
yt-42694,0,1,Abq4vNaZH-w
yt-42695,0,1,j2uhTjJMS_E
yt-42696,2,3,aaLkHKhnoCA
yt-42697,1,2,Yq0EiGZrFlU
yt-42698,0,1,k9hI5L5rMSY
yt-42700,2,3,m0_SMiOecko
yt-42701,2,3,Fls21k1zOA4
yt-42702,2,3,KOXIrIUMB0Q
yt-42703,1,2,7kCc4g8vT1I
yt-42704,2,3,nRfwJR9HMyY
yt-42705,0,1,t9XFLbYWcPU
yt-42706,0,1,DV5zCjjKLZg
yt-42707,2,3,Qph1vd4Xmyc
yt-42708,2,3,R7vUGB8GEHU
yt-42709,2,3,Bgnb6AMnZOU
yt-42710,0,1,YyzeXfv3LzE
yt-42711,1,2,Rf5T8HjnGBo
yt-42712,0,1,9yiM1Ipj6Eg
yt-42713,1,2,A4eKIepGAzg
yt-42714,0,1,8ochocxoUmc
yt-42715,1,2,ICLWKeTEPcU
yt-42716,0,1,SL6EgMQeM2s
yt-42717,1,2,Poy35rRTf3Y
yt-42718,0,0,bnLcy9gt14o
yt-42720,2,3,44BjDioAFno
yt-42721,0,1,6utTqw93x6U
yt-42723,1,2,KlcNe8lto4U
yt-42724,2,3,0s0PZqI_BOo
yt-42725,1,2,hXVvknE1IO8
yt-42727,0,1,JC96J_ZsN1g
yt-42729,0,0,C2NQfX-Pjp4
yt-42730,1,2,B-S-uuiwd_U
yt-42731,2,3,l9mPU7P3raM
yt-42732,2,3,m0_SMiOecko
yt-42733,1,2,eoVV9Dj9cPY
yt-42734,1,2,SuE-8xfeeeQ
yt-42735,0,1,CCdRLdqaO4I
yt-42736,2,3,truZfa_jtF8
yt-42737,2,3,FuZVA3s7b1c
yt-42738,2,3,rx0rnIb0Jhw
yt-42739,2,3,Plg9P8sBAYE
yt-42740,0,1,e5i5BP-d81k
yt-42741,0,1,9jhcIqBZuzo
yt-42742,2,3,C3z79NQUX28
yt-42743,0,1,ZZ5oqJMmJQM
yt-42744,0,1,OSA_emHHQTM
yt-42745,1,2,XLQYUKvQO7Q
yt-42746,0,1,fKKVrpCSmtw
yt-42747,0,1,Ww7ttVTwDb8
yt-42748,0,1,kSFDu7qonAg
yt-42749,1,2,XvT_n-62R0g
yt-42750,2,3,_dE9-4G0MII
yt-42752,2,3,PdFQMG49LfM
yt-42754,2,3,U2jgmA_2T1M
yt-42755,1,2,NxypeHZMIGQ
yt-42756,1,2,Mg_AUGwRZM8
yt-42757,1,2,BnLIvk4XQmo
yt-42758,1,2,TmFt7IVTZG0
yt-42761,2,3,yypLKij21-Y
yt-42762,2,3,TCrN6bSbW9I
yt-42763,2,3,vpoVEhc2Xgk
yt-42764,2,3,2Dv0IBFwmn4
yt-42765,0,1,H5WZyDQmS40
yt-42766,0,1,wxYsYm5fFTM
yt-42768,1,2,PLCR4rhl9Rw
yt-42770,2,3,HCr25w_SiFs
yt-42771,2,3,q0vbC-pz4CM
yt-42773,1,2,m0_SMiOecko
yt-42775,1,2,2DdWpol5lTs
yt-42776,1,2,jBSPfZ6MTlA
yt-42777,2,3,eXs5yObcxqc
yt-42779,2,3,f9AjVEfwmbc
yt-42780,1,2,OlpcuUS0FYo
yt-42781,1,2,ZiEOmIX5pXg
yt-42782,2,3,jE1iWiEBNag
yt-42783,1,2,Qz6awE1yELg
yt-42784,2,3,p522K4lYI3Q
yt-42786,0,1,X3vrAPgurX8
yt-42787,0,1,1lXW2GFQo_E
yt-42788,0,1,8BX1ga4YeEI
yt-42789,1,2,jKt6X_Iyc2c
yt-42790,0,1,QQgT1Ewh760
yt-42793,2,3,j2uhTjJMS_E
yt-42794,2,3,r9Ljy8xMrRc
yt-42795,0,1,wJbhkoOCFy4
yt-42796,2,3,YoD3GqU9HJQ
yt-42799,1,2,tj6ngNtN5oI
yt-42800,0,1,Pi03mX7p_6w
yt-42802,2,3,bNouGHjePZU
yt-42803,2,3,-fgNlD543GE
yt-42805,2,3,2D95eLZYiPQ
yt-42806,1,2,gzxnzsif2iE
yt-42807,1,2,8JZJQaWBRwo
yt-42809,1,2,VNWCfMuahn4
yt-42811,0,1,novideo-42811
yt-42813,2,4,YoD3GqU9HJQ
yt-42814,0,0,SETNDblOnXU
yt-42816,2,3,MJJYgZFTjso
yt-42818,0,1,2ytYWziovIo
yt-42820,2,4,QAtPYVJzeZ4
yt-42821,0,1,gzXMnlrrLHY
yt-42822,0,0,IvZS9GW_C9s
yt-42823,2,3,bOMp3FbQ8aw
yt-42824,0,1,etHIMJ0vsXQ
yt-42825,2,3,dEl-P_3pBnQ
yt-42827,2,3,Ia4RNWhq9K0
yt-42828,0,1,I0fRNdYWXY4
yt-42830,1,2,HtqyzjEuwlE
yt-42831,2,4,W74yA-FMcN4
yt-42832,2,3,ppVa-oUquhI
yt-42833,2,4,0zCJDUiaN2Q
yt-42834,1,2,LmJ7aSl-fsY
yt-42835,0,0,WvCKbDxymqo
yt-42837,2,3,nEoZ3J74Y3k
yt-42838,0,1,rmj9brAgOy8
yt-42839,2,3,5MFMC7A56cs
yt-42840,2,3,LykotTtdTSQ
yt-42841,0,1,9feay_VPW74
yt-42842,1,2,ONfMmSNXUzc
yt-42843,1,2,DamIL1cO2gE
yt-42844,0,1,LejEwNznAuk
yt-42845,0,0,Z3_umP8CgBs
yt-42846,2,4,Li25SFvZofU
yt-42847,1,2,lq-STRyZvok
yt-42849,0,1,d9rnYFKjwCg
yt-42850,2,3,CNFn7nsVvsc
yt-42851,0,1,s5t-Bnlz0Jw
yt-42852,1,2,k_wioEtx4AY
yt-42853,0,1,mitSurcP298
yt-42854,2,3,diOkxTDJWgI
yt-42855,2,3,rAoPwcC4vhY
yt-42856,0,1,IZA7R1swt18
yt-42857,0,1,QDjzoeu0udc
yt-42858,1,2,pdImt5Nc0yk
yt-42859,2,3,abVYw35n9D8
yt-42860,0,0,ct64U3orVec
yt-42862,2,3,UhFdcBIIrBk
yt-42866,2,3,-lIB3vNY-lg
yt-42867,2,3,7w2HnzE1uzg
yt-42868,2,3,_6nCS7fmiO0
yt-42870,2,3,wlenxhWvNhs
yt-42871,0,1,05Zcf17eO14
yt-42872,1,2,-VH2Xbe7mvI
yt-42873,0,1,i0Ae16B9uu8
yt-42874,0,1,J0fUy0AyQso
yt-42875,2,3,m0_SMiOecko
yt-42877,0,1,L2uCVsZ0J0Y
yt-42878,2,3,OcWgfvbOips
yt-42880,2,3,8qWFCf7Ab7Y
yt-42881,0,1,DBFfe0IH0as
yt-42882,2,3,P0EOKdVKMqQ
yt-42883,1,2,Pjpsw9Va5Jg
yt-42884,2,3,ROPJbdR_o2E
yt-42885,1,2,hYlLjR8TXMg
yt-42886,2,3,3OJ0vV2zYQ0
yt-42887,2,3,VkuFXSGqxe8
yt-42888,0,1,hiUANxZBtjM
yt-42889,0,1,JA2Nfbe41hY
yt-42890,2,3,ZSw4nXr-Nwg
yt-42891,0,1,FTKDwF3JyXo
yt-42892,2,3,2xXhXan72Gs
yt-42893,0,1,GMCwvJFn1iY
yt-42894,2,3,gCPZg-3h89o
yt-42898,2,3,P2gLDmOMbo0
yt-42899,1,2,PvW8lMLYEnI
yt-42900,2,3,1VTLzDSRNCE
yt-42902,1,2,EEVo4bbAWP4
yt-42903,2,3,LhnIMCN8c1s
yt-42904,1,2,sJCFaXIt29w
yt-42905,1,2,jJa_Acv4CB0
yt-42906,0,1,lq-STRyZvok
yt-42907,0,1,sQ3zaKODtaU
yt-42908,2,4,rdkBSAce3vE
yt-42909,2,3,1ZwZLRPXXGY
yt-42911,1,2,NQDNyRInMXw
yt-42912,0,1,AAL1oOELC0Q
yt-42913,2,3,rEK9mA9aDCA
yt-42914,1,2,psSY2u9YyFQ
yt-42915,0,1,k8EFu2rRDa8
yt-42916,0,1,fEcG4LWPlAg
yt-42917,2,3,Hl3Bg0grAwY
yt-42918,0,1,J_bi9jZ6N9o
yt-42919,1,2,aW5ixqWA6kc
yt-42920,1,2,rbPixM-Crtk
yt-42921,2,3,1VTLzDSRNCE
yt-42923,2,3,MAVS-JU9Go0
yt-42926,2,3,pXeOtkaIxgU
yt-42927,1,2,SdHoFjZD53A
yt-42928,0,1,yEMY0GeVMsE
yt-42929,0,1,AM4xPu-1i7w
yt-42930,2,3,JTMwxYScWMo
yt-42931,0,1,Y4lTDBEr0BM
yt-42932,0,1,RRuIXaxOb9Y
yt-42934,0,1,3hO5ckTrfGE
yt-42935,0,1,JpbBaSxsNrM
yt-42936,2,3,yLV4MyNTSvo
yt-42937,1,2,YqK5pHYjXIw
yt-42938,2,3,HJjaseDFEZA
yt-42939,1,2,novideo-42939
yt-42940,0,1,sJCFaXIt29w
yt-42941,2,3,rq-wfOx-4Iw
yt-42942,0,1,pXeOtkaIxgU
yt-42943,0,0,XgHRpThvZR8
yt-42944,0,0,BwaMlfIFR-0
yt-42946,0,1,06tWe_Ql60M
yt-42947,2,3,jVkqxC4ST2Y
yt-42949,1,2,Iykno64pNHI
yt-42950,2,3,HwW4n6ZAXpc
yt-42951,1,2,9yiM1Ipj6Eg
yt-42952,0,1,9XvlHN0UPbk
yt-42953,2,3,w_mYJ-wansQ
yt-42955,0,1,8oCh_WrQUBQ
yt-42956,1,2,hhPnE28AXf8
yt-42957,2,3,IKlPkaJyOjE
yt-42958,2,3,lIh1I6yX04k
yt-42959,0,1,uqbJrVvRj-g
yt-42960,2,3,inqlTawovo8
yt-42962,0,1,QtcUTc44jvE
yt-42963,1,2,ZWYTCLsgO00
yt-42964,0,1,VFuA_A53Nwo
yt-42965,2,3,rSlpeFsOsds
yt-42966,1,2,kae6c1tHLaA
yt-42968,0,1,FM6LR2XwOR4
yt-42970,2,3,wYXoCWQVabo
yt-42971,0,1,G_wXxnP7iXQ
yt-42972,2,3,dOCVlfrjSis
yt-42973,1,2,ptpl25AWYCs
yt-42974,2,3,UmHawxpL0xs
yt-42976,1,2,24Z7BuAc-0Y
yt-42977,2,3,dPPgumaP92M
yt-42978,2,3,NUXEQaYRLwA
yt-42979,0,1,6kCchIQoShI
yt-42980,1,2,qGKAHFvdYT8
yt-42981,1,2,y3FWQuK8ftw
yt-42983,0,1,sBcv58DvnTc
yt-42984,2,3,u55V9qR_fXM
yt-42985,2,3,HGeOeiH5WPQ
yt-42986,2,3,3LKLpoyrI4g
yt-42988,0,1,tVbZn83-cnM
yt-42990,0,1,p4frTp4QxPM
yt-42991,2,3,bj6QgQ15K-k
yt-42992,1,2,mD_D1JArYZE
yt-42993,0,1,wBzCaxmw9os
yt-42994,1,2,lixZBYDAbaQ
yt-42995,2,3,OuQXqDuayTU
yt-42997,1,2,JeFaQd2fq-8
yt-42998,1,2,2zGOv0BgsMA
yt-42999,2,3,bE8KKA82HrU
yt-43000,2,3,L28jJUzsKqs
yt-43001,2,3,EdNZv0KC2yk
yt-43002,2,3,BVc9kPBWOG0
yt-43003,0,1,QmfvaL9RgkE
yt-43004,2,4,F9MctqJgJVk
yt-43005,1,2,bvUu0Rg90NQ
yt-43006,0,1,7-gAOsV_i_4
yt-43008,2,3,njSE3mir3Ls
yt-43009,0,1,6-hnCvWos6M
yt-43012,1,2,Rzif7suwWJQ
yt-43014,1,2,jwe6VHlZyl4
yt-43015,0,0,sTdWk70qyPs
yt-43016,1,2,9eGNLF9DPP8
yt-43019,0,1,ff6vbx_mCkg
yt-43020,0,1,rEeJDEhqJ0g
yt-43021,1,2,_gAU7JcQO6k
yt-43022,1,2,ff6vbx_mCkg
yt-43023,0,1,1qGT-g_LJYM
yt-43025,1,2,KdgSw94DlVk
yt-43026,1,2,rkqU4DxnE8g
yt-43028,0,1,22mzHPlC_kE
yt-43030,2,3,pXeOtkaIxgU
yt-43031,2,3,bY00UNnWSPg
yt-43032,2,3,s0nuKKa7Lv0
yt-43034,0,1,Nk8FLDW8T4g
yt-43036,0,1,v9D3PKmtfYA
yt-43037,1,2,umDerfDzuLU
yt-43039,2,4,m0_SMiOecko
yt-43040,2,4,mPRO4nFVwy8
yt-43041,1,2,novideo-43041
yt-43044,0,0,HvqZL7IH6Xk
yt-43045,0,1,hqK5E9JT-wQ
yt-43046,2,3,C3z79NQUX28
yt-43047,2,3,tSVvtRBZJRs
yt-43048,2,3,VkuFXSGqxe8
yt-43049,0,1,qQ4_KI8ZGuE
yt-43051,2,3,qa4dR5F9TZU
yt-43052,2,3,pXeOtkaIxgU
yt-43053,1,2,bB4uGae-8OE
yt-43054,2,3,sMiFs6imFCs
yt-43056,0,1,WJwHdcExnC4
yt-43057,1,2,pyTI1oNUzMI
yt-43058,2,4,ZAErDN5tNZ8
yt-43059,2,3,mZhm1zQ_RQg
yt-43060,2,3,VkuFXSGqxe8
yt-43061,0,0,SoGmtOc7K4Q
yt-43062,2,3,novideo-43062
yt-43063,0,1,nkE6M85fay0
yt-43064,2,3,S1wIrV5urhU
yt-43065,2,3,kHwHSMPne2U
yt-43066,2,4,mPQuhb-8_28
yt-43067,1,2,MJkgGq5LKG4
yt-43068,0,1,VvJM0v-vPkE
yt-43069,2,3,VTNyWzq3kj8
yt-43070,0,1,yTYmeWlHW30
yt-43071,2,3,pXeOtkaIxgU
yt-43073,2,3,893f-VqGXLM
yt-43074,0,1,novideo-43074
yt-43075,2,3,QAtPYVJzeZ4
yt-43076,2,3,cWcKj2ZGeGk
yt-43077,2,3,HZQcp6OmfIo
yt-43078,2,3,me8YfXCwYTM
yt-43079,2,4,Cy2r7T7sVLU
yt-43080,2,3,-HHOOoGC1NQ
yt-43081,0,1,novideo-43081
yt-43082,1,2,linvXAI_qnM
yt-43083,1,2,glmNZdW96VI
yt-43084,0,1,8uanMhsNuUQ
yt-43085,2,3,QAtPYVJzeZ4
yt-43086,0,1,6jxrF6EB-PA
yt-43087,2,3,k5Ci_y4UWSI
yt-43088,2,3,EA-pVOEVzoI
yt-43089,2,3,s2w0X6aL1Do
yt-43090,2,3,8FumCD3_J8w
yt-43091,1,2,JKuZq--phWw
yt-43093,2,3,i7dCG5w3jHM
yt-43094,0,1,novideo-43094
yt-43096,2,4,fp3YpxUKQ5U
yt-43097,2,3,mD_D1JArYZE
yt-43098,2,4,Xkf6Ele_A_0
yt-43099,1,2,rY9LOYZr5Dg
yt-43100,1,2,g_uqYmDkDdk
yt-43101,2,3,Aexm2diDfYw
yt-43102,2,4,h-p2bTSLEDo
yt-43103,0,1,LlxDEMjUfXQ
yt-43104,0,1,LDGyooZNX2c
yt-43105,2,3,QGCpBOTJXhg
yt-43106,2,3,jXcy0F1Zsv8
yt-43107,0,1,novideo-43107
yt-43108,1,2,_wUW1tKmVZA
yt-43109,0,1,pXeOtkaIxgU
yt-43110,2,3,GSSO_Q60v4Y
yt-43111,0,1,o0xbhlphYTw
yt-43112,2,3,ZOUSjqTH1xk
yt-43113,0,1,vpoVEhc2Xgk
yt-43115,1,2,hKOEs66hdKk
yt-43116,2,3,B04mQuuRBDc
yt-43117,0,1,k-_pA5XgHI8
yt-43118,2,4,m0_SMiOecko
yt-43119,1,2,FNYeN_YrAxg
yt-43120,1,2,RnEiqCtr7Jc
yt-43122,2,3,RzXgg5vpyWk
yt-43124,2,3,ejcU9qjs07I
yt-43125,2,3,v_J-aRYrFEg
yt-43126,2,3,YD3OakzpBLc
yt-43129,2,3,HtqyzjEuwlE
yt-43130,2,3,guGV-Mhb6vk
yt-43131,0,1,jCdjca0Ypew
yt-43132,0,1,novideo-43132
yt-43133,2,3,6hoJ81zZ5tM
yt-43134,1,2,8aaRZsY-M_k
yt-43136,0,1,3kGUrII4CgU
yt-43137,2,3,m0_SMiOecko
yt-43138,1,2,jrVknoTp0Ro
yt-43140,2,3,qh85fT3ARe8
yt-43141,0,1,oCMz9BWr25M
yt-43142,2,3,YTNuzwtEWQI
yt-43144,1,2,novideo-43144
yt-43145,2,3,FHracgmfi0E
yt-43147,2,3,Ep61tpBLF_k
yt-43148,0,0,tlbUIhSrTJA
yt-43149,0,1,8OaxA17_LZI
yt-43150,1,2,F9MctqJgJVk
yt-43151,2,4,UBAY26elr-w
yt-43152,0,1,NvayFegLsw0
yt-43153,1,2,MJJYgZFTjso
yt-43156,0,1,k_wioEtx4AY
yt-43157,0,1,novideo-43157
yt-43159,0,1,e1Uqw-tE6nU
yt-43160,1,2,OhwD1UD-5Sw
yt-43161,2,3,GJpZNvMareA
yt-43162,0,1,Dr5zSI-8ZBg
yt-43164,0,1,hTCALnq49yI
yt-43165,2,3,novideo-43165
yt-43166,1,2,YoD3GqU9HJQ
yt-43167,0,0,CDtxeI-qJ-Y
yt-43168,2,3,cPAjQ7LbM_g
yt-43169,0,1,8VPVWtqzvHY
yt-43170,2,3,I0fDsCgxAdQ
yt-43171,1,2,tlnxR6GYgyk
yt-43172,0,1,FuZVA3s7b1c
yt-43173,2,3,exXMeMHS3yw
yt-43174,1,2,pRerRF3DE_w
yt-43175,2,3,mRYmb8CKlKA
yt-43176,2,3,fk3BKMaP_Ug
yt-43177,2,4,ekBkiLlfYVM
yt-43178,0,1,novideo-43178
yt-43180,1,2,NxynorWXCms
yt-43181,2,3,J9e-b-mek9A
yt-43182,0,1,BypFL3mJJZY
yt-43185,1,2,nMoqriz0ITs
yt-43186,1,2,fiCgTL2bVeY
yt-43188,0,1,jk3ppAAaT6s
yt-43189,2,3,js3AebN1HNo
yt-43190,2,4,4pgJgf5TNcA
yt-43191,0,0,86yhLXwMwCo
yt-43192,0,1,LDGyooZNX2c
yt-43193,0,1,VTNyWzq3kj8
yt-43194,1,2,mnu4fv4umGk
yt-43195,2,3,seZOiYl_V1g
yt-43196,0,1,fwajPLm2OjE
yt-43198,2,3,wF0BFR24WLo
yt-43200,0,1,Wsybj-jrLIk
yt-43202,1,2,SH3-06sI77A
yt-43203,2,3,mPRO4nFVwy8
yt-43204,1,2,Rbm5xnE7zHQ
yt-43205,0,0,fDbJzMNFOkg
yt-43207,1,2,C2NQfX-Pjp4
yt-43208,0,0,weVYvAXStew
yt-43209,0,1,XoWjS1znGEA
yt-43210,0,1,_Ye-akTTRzc
yt-43211,0,1,KdgSw94DlVk
yt-43212,0,1,3atga7ge-ac
yt-43213,2,3,m0_SMiOecko
yt-43214,2,3,2EBffNelAdk
yt-43215,2,3,HyXYwx9AHHI
yt-43216,0,1,tMeL7FKBpUQ
yt-43217,2,3,izjmMyE5mq8
yt-43218,2,3,xRIMGt73VZo
yt-43219,0,1,rcHJ9QJkpuI
yt-43220,0,1,uh_zgtOckLM
yt-43222,2,3,2Dv0IBFwmn4
yt-43223,0,1,5Fd8OxSbi_E
yt-43224,2,3,dRskXTlEfac
yt-43226,0,1,95roSRA5JSk
yt-43227,1,2,FqfaM7yKapo
yt-43230,2,3,_zBTDA5JvQM
yt-43231,2,3,0n5VgU_cw6c
yt-43232,2,3,8j0QVybnbyo
yt-43233,0,1,qTSbONErtIM
yt-43234,0,1,iUC9R4PnzoI
yt-43235,0,1,DW6xk37d7Z8
yt-43236,2,3,yTnHjR_HyMA
yt-43237,0,1,YJg7e1yYJXs
yt-43238,2,3,DzGPajjBF4g
yt-43239,2,3,wQKcNyGty4c
yt-43240,2,3,8qWFCf7Ab7Y
yt-43241,2,3,mZhm1zQ_RQg
yt-43242,1,2,zd7Rn6JMz3g
yt-43243,2,3,CRSYOB578yY
yt-43245,2,3,yqOZ74mR-gI
yt-43246,2,3,novideo-43246
yt-43247,0,0,novideo-43247
yt-43249,1,2,z2DoXPFASn0
yt-43250,1,2,GscXVcGcHRY
yt-43251,0,1,FuZVA3s7b1c
yt-43253,0,0,xYFR5YJ5gv0
yt-43254,0,1,H0jIiPBBvCo
yt-43255,0,1,v0kxJ_1yD1g
yt-43256,1,2,ApRcoezI6R8
yt-43257,1,2,CEDBmkhOCwY
yt-43258,1,2,7uhZGqyzIKM
yt-43259,1,2,VfxOv_Ig2ac
yt-43260,0,1,xxmRMBtquOg
yt-43261,0,1,IM-h36KAGjk
yt-43262,1,2,9dJygQT_g24
yt-43263,0,1,1tDMxxirgks
yt-43264,1,2,tNqB59WBAZs
yt-43267,1,2,vs4FKgq8jIQ
yt-43268,2,3,Q9HWG9HL-V8
yt-43269,0,1,_20G2--E0bs
yt-43270,1,2,CNkbSCOyazw
yt-43271,2,3,5GzHAVc6vF0
yt-43273,2,3,qKahoohkUpM
yt-43276,1,2,u55V9qR_fXM
yt-43277,2,3,XNk_K0xhR7A
yt-43278,0,0,M6v2eNVjJrQ
yt-43280,0,1,_Ru3tJfLKZg
yt-43281,0,1,K5-RHgHBk2o
yt-43282,2,3,ejPRQ37seqk
yt-43283,1,2,gGIkgTG8FBk
yt-43284,1,2,IjyH-MvF1tQ
yt-43285,0,1,ukE70NOvzlQ
yt-43286,0,1,i5Kybh7ZtEs
yt-43288,1,2,DQL2yRXaWgw
yt-43289,0,1,6c3sn8MgaEk
yt-43290,2,3,pNEBZgdDUzg
yt-43292,0,1,YpI2_kMaRRw
yt-43293,0,1,Z0eoeFcnV7M
yt-43294,2,3,AbuJ777PDmE
yt-43295,1,2,9Q9E8h7pyAk
yt-43296,2,3,PH_8xiKFBxk
yt-43297,0,1,IPKkm5vaxGo
yt-43299,2,4,hmkI3JEXjmU
yt-43300,1,2,06xNp4aikiA
yt-43301,0,1,ERUZo-m4V2U
yt-43302,2,4,qGKAHFvdYT8
yt-43303,0,1,ktgsMsgC3mg
yt-43304,0,1,Bgnb6AMnZOU
yt-43306,0,1,K3A1zTTSLcE
yt-43307,1,2,ubWoy6ZvIG8
yt-43308,1,2,m0_SMiOecko
yt-43310,1,2,_gAU7JcQO6k
yt-43311,0,1,N38gpjro4OA
yt-43312,2,3,k0NbnlUxniI
yt-43313,2,3,96J-PnnWQpY
yt-43315,2,3,1JZvU0o_lS0
yt-43316,1,2,Kge9ck9THuc
yt-43317,2,3,pXeOtkaIxgU
yt-43318,0,1,zTOMEmtYNEY
yt-43319,1,2,c_yQgBwKcFU
yt-43321,1,2,2SS23xJULPk
yt-43323,1,2,Suex0bSJJCI
yt-43324,0,1,zPixiY-Qchg
yt-43325,2,3,m8HISTVIV1M
yt-43328,1,2,WjovWkldUdw
yt-43329,2,3,ewqz_E6edNE
yt-43330,2,3,mZhm1zQ_RQg
yt-43331,0,1,w73JOcDtd8A
yt-43332,2,3,q11oZixMRY8
yt-43333,0,0,iJ4dY6h0OsI
yt-43334,2,3,m0_SMiOecko
yt-43335,2,3,DycGCnStUIY
yt-43337,1,2,cAmWOUv_OXg
yt-43338,2,3,m0_SMiOecko
yt-43339,1,2,MMFSnO_n_MM
yt-43340,2,3,BKPd5aOL8hI
yt-43342,1,2,_G3YdfbNtY8
yt-43343,2,3,I5pLLeWFheA
yt-43344,0,1,xYFR5YJ5gv0
yt-43345,0,1,VJTVMgxhzUA
yt-43346,1,2,9Z6P2SU8my4
yt-43347,0,1,z-nOrphlA_Q
yt-43348,0,1,X1Bs1UwR8RY
yt-43349,2,3,8N_0SwRhM8Q
yt-43352,0,1,Awi5YLCzRzk
yt-43353,2,4,3aeJpHCTGMY
yt-43354,0,1,3a8LA48OY5s
yt-43355,2,3,lOfHTsy5g4Q
yt-43357,1,2,jSlvUNBLpuI
yt-43358,2,3,MYAvXzvuPx8
yt-43359,0,0,DamIL1cO2gE
yt-43360,0,1,_jvlVlpK-Dk
yt-43363,2,3,DC05VUtSHmA
yt-43364,0,1,4fcasDYVL90
yt-43365,2,3,rWWR9BUvIqA
yt-43366,1,2,a3JY9mWX00M
yt-43367,1,2,wzKUmFqzSJc
yt-43368,2,3,9M6zc3KnQvk
yt-43369,0,0,l9mPU7P3raM
yt-43370,0,1,2pC1_zHxZvE
yt-43371,1,2,5uTjAFLSEcs
yt-43372,2,3,tAHK6E03ORo
yt-43374,0,1,OdIi7tpBefM
yt-43375,2,3,K8F29h6fPSA
yt-43376,1,2,AHNvUthRtxQ
yt-43377,0,1,5UXGwEGW51A
yt-43379,2,3,frpGiIWQIBo
yt-43380,0,1,3PmEVDCLhuM
yt-43381,0,1,d9zOE9hZTQs
yt-43382,1,2,IyoZBHfRydM
yt-43384,2,3,m0_SMiOecko
yt-43385,2,4,TfgdwInk4l4
yt-43386,2,3,mZhm1zQ_RQg
yt-43388,0,1,If-8xEShseU
yt-43391,2,3,Qn7Gb8_yciM
yt-43392,1,2,gB-K-PSppC4
yt-43393,1,2,cbkxRtZ5DTc
yt-43394,1,2,pDKc4I-U3RM
yt-43397,0,1,Uko6GcLxw1c
yt-43398,0,0,1Pz0-p3HI8A
yt-43399,2,4,P--ucT_Joqw
yt-43400,1,2,fl3gtypYf10
yt-43401,2,3,2pC1_zHxZvE
yt-43403,2,3,WjovWkldUdw
yt-43404,2,3,DuQqdy6HG9E
yt-43405,2,3,bUswGiwRrjM
yt-43407,2,3,smRj5yUtG5g
yt-43408,1,2,novideo-43408
yt-43409,2,3,Q9HWG9HL-V8
yt-43410,1,2,bQAWaCQ_s7w
yt-43411,0,1,H0bKUYV7g44
yt-43412,0,1,gEU-icnR8xE
yt-43413,2,3,novideo-43413
yt-43414,1,2,i0Z0hp4WPNk
yt-43415,2,3,oqhzw42jS38
yt-43416,1,2,5_ZzO4c4bGE
yt-43417,0,1,hy_Ms6HZtHY
yt-43419,0,1,H7Cri5RHo2I
yt-43420,0,1,rnIz7k95rxw
yt-43421,0,1,2l0W4XFjkbk
yt-43422,2,3,PMpmRb07Foc
yt-43423,0,1,ETm3yz-33nA
yt-43425,1,2,u7IUj_YJjQE
yt-43426,1,2,nAOy7C5XTjw
yt-43427,1,2,HpH3rEI-FqE
yt-43428,1,2,gEaOzSsphdM
yt-43431,2,3,XY9GhLNm37g
yt-43432,2,4,yqOZ74mR-gI
yt-43433,0,1,XhVlbg48LE8
yt-43435,0,1,novideo-43435
yt-43436,1,2,yuhO8zdMs8A
yt-43437,2,3,id3-1yMuAp0
yt-43438,0,1,nVCYVN4HCjs
yt-43439,2,3,2UDCmQ4kgvs
yt-43441,0,1,N6TY2PqEa6Q
yt-43443,1,2,Uk-AH5zgnOw
yt-43444,1,2,5TWVlB4mYZM
yt-43445,2,3,2MbpQt1Lxkk
yt-43446,0,1,kgQU6nfh8eM
yt-43447,2,3,LJDxqnJksc0
yt-43449,1,2,HSiWHKHvfPc
yt-43451,2,3,87pAZEUkp8k
yt-43452,1,2,0tYTvthMPXA
yt-43453,0,1,novideo-43453
yt-43454,2,3,novideo-43454
yt-43455,1,2,yL76f9B0VEY
yt-43456,2,3,s708vGW4Ur8
yt-43458,0,0,wjkwoa74XyA
yt-43459,2,4,DC05VUtSHmA
yt-43460,2,3,qe41oDSIwjw
yt-43461,1,2,KKgI1ikm_zM
yt-43462,2,3,WSWO0qd2XrA
yt-43463,0,1,f_iZIGzqe5M
yt-43464,0,1,skXZ2QFKIDE
yt-43465,2,3,YS5e5OxkiVE
yt-43466,1,2,QeG0LZxj4tE
yt-43468,1,2,O44CI-LvImE
yt-43469,2,3,nRvjb4VG2K8
yt-43470,0,0,l1on0yF07Yg
yt-43474,0,1,ZgJW1KlSzrg
yt-43475,2,3,u6NFgW_Pmd8
yt-43476,1,2,50_ePQkWBhE
yt-43477,1,2,ulFwNfymkwk
yt-43478,2,4,8-bDTTm3vuE
yt-43479,1,2,6cQza25JhSk
yt-43481,1,2,miyR7b0h7Eo
yt-43484,2,4,6m69n_Aa7PI
yt-43485,0,1,Xgv2M5_IpCU
yt-43486,1,2,C3z79NQUX28
yt-43487,1,2,awG7q2XUhU8
yt-43488,2,3,novideo-43488
yt-43489,0,1,novideo-43489
yt-43491,1,2,qnTDIrwlFTM
yt-43493,0,1,h6tZLECLPc8
yt-43494,2,4,Rc0ZGv58hnw
yt-43495,0,1,QmfvaL9RgkE
yt-43496,2,3,5pw9BE7YKok
yt-43497,0,1,aY51yGM8L_4
yt-43498,1,2,UrASKYzII5M
yt-43499,0,1,XyHbamiH-Ks
yt-43501,2,3,w-PavThFSU0
yt-43502,2,3,NUXEQaYRLwA
yt-43504,0,1,u1MnApNpV3c
yt-43505,0,1,dYBUHBF-yLo
yt-43506,1,2,0IOENnL8PjE
yt-43508,1,2,fpQ_llpPlAo
yt-43509,0,1,aUgYVg3wLNI
yt-43510,0,1,tRo8CQnyIic
yt-43511,2,3,8eS4xNtf07k
yt-43512,2,4,6Mri0W_pygg
yt-43513,0,0,_na9ATZiw84
yt-43514,0,1,C_1VjcKhQM8
yt-43516,2,3,m0_SMiOecko
yt-43517,2,3,V6BBTSa3arg
yt-43518,2,3,Mw7BGjl2o5Q
yt-43519,2,3,SH3-06sI77A
yt-43520,0,1,qgyf4Ft3Fto
yt-43521,1,2,HlpuetLbZZc
yt-43523,0,1,rZJT646i4TY
yt-43524,0,1,HO04mm0QkKo
yt-43525,1,2,V-nZDGMn4tA
yt-43526,2,3,V0Va_HxkKps
yt-43527,2,3,Eec4G6B8ggY
yt-43528,1,2,lq6dW5T-iN8
yt-43529,2,3,0Q3aqqhxMXY
yt-43530,1,2,9e4SzOy8bbQ
yt-43531,0,1,N1apeY3yz6A
yt-43532,2,3,kSFDu7qonAg
yt-43533,2,3,grqxlQPhCt0
yt-43535,1,2,YcMbRj-jUxI
yt-43536,2,3,YDaPeHVWCkc
yt-43537,2,3,-HHOOoGC1NQ
yt-43540,1,2,OPRvwchV00A
yt-43541,1,2,IwDoNLKJ-jE
yt-43542,0,1,_yHkos_mOXo
yt-43543,0,1,jF2Uiap1dwY
yt-43545,1,2,87YSAS3LJlw
yt-43546,2,3,w478pEFdUqg
yt-43547,2,3,0QiiLw1P3kg
yt-43548,0,1,BcRxgFnFuLA
yt-43549,0,1,jwQ18qOv83k
yt-43550,2,3,oqhzw42jS38
yt-43551,0,1,-SJ2Tt0t-VI
yt-43552,0,0,BDfqViakH4I
yt-43554,2,3,i8LOQRfsJ24
yt-43555,2,3,DsXszU_mSg4
yt-43556,0,1,novideo-43556
yt-43557,1,2,DN8Y5hq8qro
yt-43558,0,1,tF88vkAyNT0
yt-43559,2,3,j84zsPtsDnU
yt-43560,0,1,k7qoezOJJDY
yt-43561,0,1,pwq-txh6_VY
yt-43562,2,3,VfP_rEbsfrs
yt-43563,2,4,5UXGwEGW51A
yt-43565,2,3,2AdZazIy-cw
yt-43566,1,2,DDtyKUaeYhc
yt-43567,0,1,FRQZzJvBwyw
yt-43568,2,3,VNWCfMuahn4
yt-43569,1,2,iQUSPmnRvw4
yt-43570,2,3,M4yl9pIKqPc
yt-43571,0,1,mzUhVKO7_eQ
yt-43574,0,1,DgkBbyeyjos
yt-43575,0,0,fHdhwi8McsY
yt-43576,1,2,-imuUuHXJMo
yt-43577,0,0,UNyyd6eZNJU
yt-43578,2,3,KdgSw94DlVk
yt-43579,2,3,pFzErSz4Aq8
yt-43580,1,2,m0_SMiOecko
yt-43583,1,2,FDm-vRmJQmY
yt-43586,0,1,57P4muPJrLQ
yt-43587,2,3,aEUszOz2_5w
yt-43588,2,3,rEFUs_ru2l0
yt-43589,0,0,lL7gffq17Xg
yt-43590,2,3,y_hy8DfxDsw
yt-43591,1,2,jFqqr8QAh7M
yt-43594,2,4,P0EOKdVKMqQ
yt-43597,0,1,Abq4vNaZH-w
yt-43598,1,2,XGL4F-2uOXU
yt-43599,0,1,YGTaASXDQQU
yt-43600,2,3,iRGEijVA0pY
yt-43601,2,3,0tYTvthMPXA
yt-43602,1,2,fEcG4LWPlAg
yt-43603,0,1,novideo-43603
yt-43604,1,2,245tJt9MIgU
yt-43606,0,1,eY8HvwkRH6s
yt-43608,0,1,CUtYc6Z64uI
yt-43611,2,3,wJbhkoOCFy4
yt-43613,2,4,pRerRF3DE_w
yt-43614,1,2,a2SylFIXIE0
yt-43615,1,2,ML3QKxPsxww
yt-43616,1,2,WAGN6X9jaBw
yt-43617,2,3,DsKfwvhYcio
yt-43618,1,2,XYumIVMLbmc
yt-43619,1,2,Na5HfzaQq9Q
yt-43621,0,1,OMQLXHJhhYs
yt-43622,0,1,lq-STRyZvok
yt-43623,2,3,z0Xh_BZHecI
yt-43624,2,3,7xKWqyCSkn4
yt-43625,1,2,mJu3mDZ46TM
yt-43626,2,3,THxtdqsFjp8
yt-43627,0,1,w41u63eippM
yt-43628,0,1,novideo-43628
yt-43629,2,3,5POnpMrDbw8
yt-43631,1,2,csq_weCDyXs
yt-43632,1,2,5blAFhpDtlo
yt-43633,0,1,fn4eih72BL0
yt-43634,0,1,hIyUCqJqGqI
yt-43635,2,3,yfQMFyPnGnE
yt-43636,0,1,kKzQScAZ-rA
yt-43637,1,2,ALCbUmCuc5k
yt-43638,1,2,VCQKvXf2Sro
yt-43640,0,1,89OtctjaI1Q
yt-43641,0,1,N7Mb2Q6LMvQ
yt-43642,2,3,novideo-43642
yt-43643,2,3,1VTLzDSRNCE
yt-43644,0,1,s6pRiWORI2I
yt-43645,2,3,Iykno64pNHI
yt-43646,2,3,MhEQyO4-2o4
yt-43647,0,1,4WrHocm3Yow
yt-43648,2,3,yG2HjJLNWDY
yt-43649,2,3,oZN2Ni9yXB4
yt-43650,1,2,GpYt8uS7eWU
yt-43651,2,3,5MFMC7A56cs
yt-43652,0,1,novideo-43652
yt-43653,2,3,tnZAeUEGGLo
yt-43655,0,0,4JnUfQGaaIA
yt-43656,1,2,-G_CjdQZgf0
yt-43657,2,3,m0_SMiOecko
yt-43658,0,1,i8XwPWlCHuA
yt-43659,0,0,ar_SIWMZakk
yt-43660,0,1,7o7snunQon0
yt-43661,2,3,oKieT1EnPpw
yt-43662,1,2,gcZKZyPYXPc
yt-43663,2,3,ByQvcDGPtQI
yt-43664,1,2,YqWlC52WijA
yt-43665,2,3,rSlpeFsOsds
yt-43666,1,2,l-bPvckrg6o
yt-43667,2,3,DC05VUtSHmA
yt-43669,1,2,skXZ2QFKIDE
yt-43670,2,3,0SmP7KUKQdk
yt-43671,1,2,I--mpV8DzmQ
yt-43672,2,3,4x9ll6i1Pdg
yt-43673,1,2,Plg9P8sBAYE
yt-43674,2,3,qmfCX_TgS6w
yt-43676,2,3,m0_SMiOecko
yt-43677,0,1,ajNpsg1Do9U
yt-43678,0,1,zJgt-WbE7oc
yt-43679,2,3,0LlwjpMXBto
yt-43680,2,3,v7o4j-bq524
yt-43681,2,3,I5pLLeWFheA
yt-43682,2,3,OTZFm5PQrrs
yt-43683,0,0,upAT_G6Smew
yt-43684,2,3,chnQ9l3vuHI
yt-43685,2,3,Ku1VllsV2yg
yt-43686,1,2,GA7oKHlcOUA
yt-43688,1,2,GbCJp2HqDJ4
yt-43689,0,0,0tPQJBRHt6k
yt-43690,2,3,vpoVEhc2Xgk
yt-43692,0,1,yDE8Lonz3Fg
yt-43693,0,0,ZGmi8XEX_XI
yt-43695,1,2,v1Px4hB18UM
yt-43697,1,2,o7bR9EJuQ04
yt-43702,2,3,m0_SMiOecko
yt-43703,1,2,geW_W_hlzo8
yt-43704,0,1,7lNFoATfeZ4
yt-43705,0,1,novideo-43705
yt-43708,0,1,AMK7Qgctj1I
yt-43709,2,3,MJJYgZFTjso
yt-43710,0,1,qVf2CFXpVTU
yt-43711,1,2,YNjNrqxOkAo
yt-43712,2,4,DjJ8KrAAQko
yt-43713,1,2,e8dcNzq8dEc
yt-43714,0,1,0IUPr4zLkAY
yt-43715,0,1,A1bUx3e85yA
yt-43716,0,1,f16SaxwYRvs
yt-43717,1,2,7OIzJGq3jfY
yt-43718,2,4,ZSw4nXr-Nwg
yt-43719,0,1,o8-4eE2YgDw
yt-43720,2,4,0n5VgU_cw6c
yt-43721,1,2,ffyk6ABUK1Y
yt-43722,1,2,ej6WLXuJqkY
yt-43724,1,2,mK7J6ScCG70
yt-43725,0,1,GGRAglurMa8
yt-43726,1,2,lRoiTEPXlVU
yt-43727,1,2,aXzIxPjRbrs
yt-43729,0,1,xQdZ2ChNBhE
yt-43731,0,1,OWEyvbfVQq8
yt-43732,0,1,eZUXdjV_2dg
yt-43734,0,1,Tz_Ze6o0stc
yt-43735,2,3,LEUVza-lBYc
yt-43736,0,1,Wio2JCY4WCk
yt-43737,0,1,vVw3GejDOIs
yt-43738,0,1,8j2Y9OOLTxs
yt-43739,0,1,VF-2J3IF-XQ
yt-43741,2,3,dyUKWm0u-ms
yt-43742,2,3,nLj1T4HdVJk
yt-43743,0,1,0Y2mwEJ26N0
yt-43744,0,1,bLoV5iaKiIo
yt-43745,0,1,RP6Key8CWhM
yt-43747,2,3,gFTOlZm49pQ
yt-43748,0,1,lvKaNRxa55c
yt-43749,0,1,yrzGb7hnUc8
yt-43751,1,2,1VTLzDSRNCE
yt-43752,2,3,skXZ2QFKIDE
yt-43754,0,1,uKWBbDtpWKQ
yt-43755,0,1,HZGmuIAu0v0
yt-43757,0,1,PKYEDPlruA0
yt-43758,0,1,novideo-43758
yt-43759,0,1,EA-pVOEVzoI
yt-43760,2,3,7CYSxJXMsfM
yt-43761,1,2,pY4yYLRINJ4
yt-43764,2,3,i6mCYc_24Qw
yt-43765,0,1,C3z79NQUX28
yt-43766,0,1,oKieT1EnPpw
yt-43767,1,2,76zHukv5Tro
yt-43768,2,3,y-eH5oo7BP0
yt-43769,2,3,_d_S0CHRQYk
yt-43771,0,1,yEZvECAO41g
yt-43772,0,1,LbmOatgx-34
yt-43773,2,3,unB18Si-rwg
yt-43775,0,1,-lIB3vNY-lg
yt-43776,0,1,Q35vQalYuRA
yt-43778,2,4,7pdagiR3I6g
yt-43780,0,1,6-KgPPx3uwI
yt-43781,0,1,Da6ljj6yT0U
yt-43782,2,3,rBrUSGgnn80
yt-43783,1,2,VWKzNha0JOc
yt-43784,0,1,pqSoxY8t24M
yt-43785,2,3,3TycaVO0Rso
yt-43786,1,2,ueiWyQg5jn8
yt-43787,0,1,-8h5bB3Idz0
yt-43788,0,1,no5U-HncuHU
yt-43789,2,3,RN0zNNH89h8
yt-43790,0,1,RasXoEuHbHQ
yt-43791,0,1,RN0zNNH89h8
yt-43792,1,2,lXvo5vZ4jH8
yt-43793,0,1,_i9VlIHjC0E
yt-43794,2,3,yNuU2vm2784
yt-43795,0,1,_TpklZJKDus
yt-43796,2,3,RnEiqCtr7Jc
yt-43798,1,2,wPU8yypCpRc
yt-43800,2,3,XJGQysfHgm4
yt-43801,2,3,VfP_rEbsfrs
yt-43802,0,1,ilsSBu6D5mQ
yt-43804,2,3,novideo-43804
yt-43806,2,3,t3Q8Haoiv6g
yt-43807,1,2,SsLlA6BxBMI
yt-43808,0,1,N6b9YnAnXs8
yt-43809,0,0,mURdo7tzxe4
yt-43811,2,3,ROPJbdR_o2E
yt-43812,2,3,IR-ov5G318I
yt-43813,0,1,rZJT646i4TY
yt-43814,0,1,UWZa9JjNcMI
yt-43815,2,3,StEbUmobvwo
yt-43816,2,3,LBA6dLKTdmc
yt-43817,1,2,HtqyzjEuwlE
yt-43818,2,3,erNKleMRuAE
yt-43819,2,3,VIokC9nEMp4
yt-43821,2,3,dYBUHBF-yLo
yt-43823,2,3,35VTsaM2yR0
yt-43826,1,2,TUl9wbbW62I
yt-43827,1,2,lyoTIRdZsmM
yt-43828,1,2,5yrJD3OqzYM
yt-43829,2,3,EvQntEB8fVY
yt-43830,2,3,AJmR4KLH_9s
yt-43832,0,1,peQWsuCEnLs
yt-43833,1,2,p_UtomFvtNE
yt-43835,1,2,sBcv58DvnTc
yt-43836,0,1,pBUD3U9-eWk
yt-43837,0,1,HA3c46pOsrw
yt-43838,2,3,6mhlN0VdTmY
yt-43839,2,3,C0qcdhqhl1A
yt-43840,0,0,9YMyMhf3cpM
yt-43841,0,1,qpGHlrNOrRU
yt-43842,2,3,5TWVlB4mYZM
yt-43843,2,3,lOfHTsy5g4Q
yt-43844,0,0,lEFb437gK4w
yt-43847,1,2,m0_SMiOecko
yt-43848,0,0,0gafYXgVQcY
yt-43849,0,1,novideo-43849
yt-43850,0,1,oIs4jYuXxNs
yt-43851,1,2,HxBfjP29rWM
yt-43852,2,4,P1amCSIPKF8
yt-43853,0,1,sHoOplgaWWo
yt-43854,0,1,VN_F8L4iXMk
yt-43855,2,3,fCvhAHmddKE
yt-43857,2,3,SNvpAbLeDec
yt-43858,1,2,eTLbTwO-aW4
yt-43860,2,3,7p1lP7oqECA
yt-43861,0,1,YoD3GqU9HJQ
yt-43862,1,2,Y2jt_ka7K_8
yt-43863,2,3,jVVo3io5J3A
yt-43864,0,1,Z_rDwJqYexs
yt-43865,0,1,7PuHBVfXFBI
yt-43866,1,2,RnEiqCtr7Jc
yt-43867,1,2,0i8jJNrmZrk
yt-43868,2,3,zS8XbFF9IXY
yt-43869,0,1,-VDjG0yKBls
yt-43871,2,3,-Fg0mfAYV6U
yt-43873,1,2,j2Rc22LDuiA
yt-43874,0,1,xHeEEkZ1v78
yt-43875,2,3,vn53N8iocfs
yt-43876,0,1,rHrMZ_2lI5c
yt-43877,2,3,eXs5yObcxqc
yt-43878,0,1,8TVSNvlFZlk
yt-43881,0,1,ICsHXjDVxSk
yt-43882,2,3,5wjtrINkBgQ
yt-43884,0,1,UBC3YvpX8ro
yt-43885,2,3,xUrVmT2363U
yt-43886,0,1,aZSM2Yl7wRc
yt-43889,0,1,ULQdVSpn9kM
yt-43890,0,1,-DaLzhF64DM
yt-43891,0,1,nRvjb4VG2K8
yt-43892,1,2,CXjc3_9oBMY
yt-43893,2,4,s0nuKKa7Lv0
yt-43894,2,3,NQ4sX6jJ_54
yt-43896,1,2,cggJdjWX9_E
yt-43897,2,4,x2C2e5-LqX0
yt-43899,2,3,y3FWQuK8ftw
yt-43900,0,1,LdKSC-iCWs0
yt-43901,0,1,H0bKUYV7g44
yt-43902,0,1,ATWAlBNnBUk
yt-43903,0,1,Uo72ijyLlGU
yt-43905,0,1,Abq4vNaZH-w
yt-43906,2,4,UCJPIZrDmgk
yt-43907,2,3,uK-MGDE2dE4
yt-43909,1,2,2zXh1XqNU64
yt-43910,2,3,dYBUHBF-yLo
yt-43912,2,3,iRmZXzKS6e4
yt-43913,1,2,0qNQWDLFv90
yt-43914,1,2,PSDZRrtFYn4
yt-43915,2,3,rBrUSGgnn80
yt-43916,2,3,ntcXEPLfIro
yt-43918,2,3,6R5MR4zgQMs
yt-43919,1,2,zKmaBkTtdvw
yt-43920,2,3,sxlD4viuxMQ
yt-43921,0,1,Xg9hF50AsS0
yt-43923,1,2,me9UmUy40YY
yt-43925,2,3,GBcrT9Pfcfo
yt-43926,2,4,dj5EFDulRDA
yt-43927,2,3,P051rbLjttY
yt-43928,2,3,5MFMC7A56cs
yt-43929,1,2,w-QQcCoS5C0
yt-43930,0,1,aaLkHKhnoCA
yt-43933,0,1,h4hlfEXc5Cs
yt-43934,1,2,7zSgruNR0d8
yt-43935,2,3,-VH2Xbe7mvI
yt-43937,1,2,YXtOqfN3yIg
yt-43938,0,1,xWPfTnwPdpE
yt-43939,0,1,DMaO5PcQ-Mg
yt-43940,2,4,1VTLzDSRNCE
yt-43941,2,3,KpOn8-KRhpg
yt-43943,1,2,n_JweqpyQfk
yt-43944,0,1,lwr3N1jr-BU
yt-43946,2,3,Ku1VllsV2yg
yt-43947,0,0,obBLoImFGcg
yt-43948,0,1,AxaIZ36B4C4
yt-43950,2,3,novideo-43950
yt-43951,0,1,ovXkapVSGPI
yt-43952,2,3,FyWtzmH05k4
yt-43953,2,3,7OIzJGq3jfY
yt-43955,0,1,9XvlHN0UPbk
yt-43957,2,3,JGDdMxxSEiw
yt-43958,0,1,o7xE-xNgLJc
yt-43959,0,1,tuqPFKF5NJo
yt-43960,1,2,ULrlxbyoGbo
yt-43961,2,3,m0_SMiOecko
yt-43962,2,3,bioHLji0WPU
yt-43964,0,1,bO1MWXrsu08
yt-43966,0,1,_i9VlIHjC0E
yt-43968,1,2,W93B7cSaKLg
yt-43969,2,3,iKJtzE16FIs
yt-43970,1,2,WeosJB7mc9k
yt-43971,0,1,UBAY26elr-w
yt-43972,1,2,YPmW3Lan6k8
yt-43973,0,1,7ucnwDU8uDQ
yt-43975,1,2,iQIAnyUYEI4
yt-43976,2,3,o-qColStwfI
yt-43977,0,1,AS9bzGDVsX0
yt-43978,2,3,KjUaY-_HVVE
yt-43979,1,2,vmUo7c_dKA8
yt-43980,2,3,s0nuKKa7Lv0
yt-43981,0,1,lgbADhdrtQ8
yt-43982,0,1,NZhIp8jz-WQ
yt-43983,2,3,BaP-jAc6-2M
yt-43985,2,3,1VTLzDSRNCE
yt-43986,2,4,NrgGP6qbdZw
yt-43988,0,1,IufTpRTKM7M
yt-43989,2,3,PH_8xiKFBxk
yt-43991,2,3,XoWjS1znGEA
yt-43993,1,2,OHVWSNOKXUQ
yt-43995,0,0,7o7snunQon0
yt-43996,2,3,Pe0SmG6Rzj0
yt-43997,2,4,4NQFwvuWOFs
yt-43998,2,3,-AVpfcE3F3E
yt-43999,0,1,iy1F0N1-EeA
yt-44000,1,2,_goemMphhzc
yt-44001,0,1,jZpdgru2i5U
yt-44002,1,2,7c2SrRP7HBw
yt-44003,0,1,jP-4zuYlEkw
yt-44004,1,2,DC05VUtSHmA
yt-44006,2,3,D5THT9WP1rA
yt-44007,2,3,jO6wyIVeVmM
yt-44008,2,3,ckC5kEfOr8o
yt-44009,2,3,3jEAMSc7udQ
yt-44010,0,1,novideo-44010
yt-44012,0,1,MQzpS_qfhY0
yt-44013,1,2,oul2laNgb9c
yt-44014,2,3,qRESbgJqk_E
yt-44016,0,1,IvZS9GW_C9s
yt-44017,0,1,votMLdtgTLY
yt-44018,0,1,1xZwp1H5hNc
yt-44019,0,1,jtEuuhQiPVU
yt-44020,2,3,Ci_V1mPxbVs
yt-44023,0,1,0f-IHQMpNA0
yt-44024,2,3,FZJTMwd1pfk
yt-44025,0,1,ffyk6ABUK1Y
yt-44026,1,2,OHWieyLGlUc
yt-44027,2,3,jK8L8LCibfY
yt-44029,2,3,pXdKUWlLH0g
yt-44030,2,3,QokMrwVKzZY
yt-44031,1,2,OZ7MvTa8L5w
yt-44032,1,2,xk5jUWlygLc
yt-44033,0,1,PaO-4FJNzDY
yt-44034,0,1,AlefKV2fe6s
yt-44035,1,2,kplCzDE89ZQ
yt-44037,1,2,m0_SMiOecko
yt-44038,0,1,DMVxNqj1VcE
yt-44040,2,3,0sPXIxSlwSY
yt-44041,0,1,Eifv1zrQF3A
yt-44043,2,3,7uzK-ZdEPnk
yt-44044,0,1,sX5ORTz9SAo
yt-44046,2,3,hxdRSl5gufQ
yt-44048,0,1,9TmO9LA0c0U
yt-44049,2,3,X7DNfUdKpNs
yt-44050,0,1,PbPHZa4OqyA
yt-44051,0,0,uTJtDjyPFZc
yt-44052,2,3,qHyxB6Px6eo
yt-44053,1,2,rbKPv94e23E
yt-44054,0,1,Abq4vNaZH-w
yt-44055,2,3,pXeOtkaIxgU
yt-44056,2,3,NUlB9JBYXTk
yt-44057,2,3,dyDMHEeeaUw
yt-44058,2,3,VQe9SFR7Rj0
yt-44059,2,4,yypLKij21-Y
yt-44060,1,2,0MV-R3P9SBU
yt-44061,2,3,5v7r26uWu4M
yt-44062,2,3,novideo-44062
yt-44063,0,1,0IoioOain7c
yt-44065,0,1,echLCeJngT8
yt-44066,2,3,peHYRcZ_zP8
yt-44067,0,1,d9rnYFKjwCg
yt-44068,2,3,d_Py5MVcD3A
yt-44069,0,1,tAgEJhpAhSs
yt-44070,0,1,KdgSw94DlVk
yt-44071,2,3,m0_SMiOecko
yt-44072,0,1,novideo-44072
yt-44073,1,2,7uzK-ZdEPnk
yt-44074,1,2,nAOy7C5XTjw
yt-44076,0,1,lEFb437gK4w
yt-44077,1,2,uIUxY4vPUJk
yt-44078,2,3,bp6k1uU0fd0
yt-44079,1,2,ovXkapVSGPI
yt-44081,1,2,oAAeIeLWOXE
yt-44082,1,2,Fr5XQctPPtI
yt-44083,2,3,IBMpGOBDnoo
yt-44084,2,3,qAX5s-ivpbg
yt-44085,1,2,9uX7sYev8OY
yt-44086,2,3,DSeio2-sBPc
yt-44087,2,3,z6o6I25klrc
yt-44089,1,2,tGhM1qUHb9c
yt-44090,2,3,ZOUSjqTH1xk
yt-44091,2,3,2mXoAOX1YjA
yt-44094,1,2,n7SABpul19A
yt-44095,2,3,grqxlQPhCt0
yt-44096,1,2,iFcmWQ4tjnw
yt-44097,2,3,lXvo5vZ4jH8
yt-44098,2,3,ketQg9CpX8Y
yt-44099,0,0,owYZDV-7dZY
yt-44100,1,2,xLDqwQDLzlo
yt-44101,2,3,FnlgmLn8H7I
yt-44102,2,3,MJz9lmvKrZQ
yt-44104,2,3,FKDbf-DX5-4
yt-44105,2,3,3hsJ0hCLx5o
yt-44106,2,3,8qWFCf7Ab7Y
yt-44107,0,1,bgI0r1-k9Rc
yt-44108,1,2,X7fl-jN24j0
yt-44109,2,3,4WrHocm3Yow
yt-44110,2,3,mZhm1zQ_RQg
yt-44112,1,2,7eMTB15ltOo
yt-44113,2,4,TeYFrJ8x-Xs
yt-44114,0,0,qZXtvknKFjo
yt-44115,0,1,QKs6-kpPPoc
yt-44116,2,3,lfpxiRccdok
yt-44117,0,1,l9mPU7P3raM
yt-44118,1,2,a-xjXmPBkLE
yt-44119,2,3,9e4SzOy8bbQ
yt-44120,0,1,novideo-44120
yt-44121,1,2,GRFusZGdzOo
yt-44123,2,3,8UH6G1LnXR8
yt-44124,2,3,PKctTa8M8ys
yt-44125,0,1,6Frf_iV9MZs
yt-44126,2,3,OnWM14r1EMo
yt-44127,2,3,gFTOlZm49pQ
yt-44131,0,1,3iEHSL2XHxQ
yt-44132,1,2,CZYks3pUD6A
yt-44133,0,1,61ie1M1E7MI
yt-44134,0,1,oqfNS3nk_J4
yt-44135,1,2,7BI40f8bzKs
yt-44136,0,1,novideo-44136
yt-44137,0,0,V1ixSiWropc
yt-44138,0,1,uJlLhbOO_R8
yt-44139,2,4,N3RD80vY2Ac
yt-44140,2,3,YGTaASXDQQU
yt-44141,0,1,wwGJJ4Yj3FA
yt-44142,2,3,GEYybssV-k4
yt-44144,1,2,M4yl9pIKqPc
yt-44145,0,1,iZN_hzqcYBo
yt-44146,0,1,Fg0ZbGg_CK8
yt-44147,2,3,M9W9zk014rY
yt-44151,2,3,baA2fEem9pY
yt-44152,0,1,_AJ9P_XCCcE
yt-44153,2,4,EiFZsv5o7eI
yt-44154,0,1,Iy__ksWAdws
yt-44158,2,3,jtq2hsjO75I
yt-44160,2,3,udeyypQDi5w
yt-44161,2,3,GgOOdZ-h1U0
yt-44163,1,2,AlNSoWBjas8
yt-44165,1,2,novideo-44165
yt-44167,0,1,TNkklfRYlbE
yt-44168,2,3,KdgSw94DlVk
yt-44169,2,3,eumaoa03BsI
yt-44170,0,1,6-KgPPx3uwI
yt-44171,2,3,aE47wKle1AQ
yt-44172,0,1,y-p04TtqMhw
yt-44173,1,2,mc484fveZeU
yt-44175,2,3,Eq8Ic1fZqMc
yt-44177,2,3,TEc0hbzEt70
yt-44178,2,4,MhEQyO4-2o4
yt-44179,0,1,EgFL3XZ1kmM
yt-44180,1,2,VkuFXSGqxe8
yt-44181,1,2,LdBDaQ6IAL4
yt-44182,0,1,aQMNTKqIcV0
yt-44183,2,4,m0_SMiOecko
yt-44184,2,4,qB6Bd8nMMqI
yt-44186,0,1,StekRBFRI_s
yt-44187,0,1,9TmO9LA0c0U
yt-44188,0,1,KdgSw94DlVk
yt-44189,0,1,MGS-oU_JyWU
yt-44192,2,3,h3EFevb9N6Y
yt-44193,2,3,y0He0g_YhKU
yt-44194,0,1,VUav4WLkni4
yt-44195,0,1,CWgX1XGKDpk
yt-44197,2,3,unB18Si-rwg
yt-44198,2,4,MCRlYg2l4Jg
yt-44199,1,2,elgMQtJasGc
yt-44200,0,1,mSzAvKLNgho
yt-44201,2,3,C4PFdGWRK7o
yt-44202,2,4,ZUfcqvRF-as
yt-44203,2,3,tQKaTTOd0pg
yt-44204,2,3,iQEYWDOuG7Q
yt-44205,0,0,novideo-44205
yt-44206,2,3,vcCoyEl_tpw
yt-44207,2,3,d2mChWd2Br0
yt-44208,2,3,xElN0Ndtl94
yt-44210,2,3,jUsqk8CjbVU
yt-44213,1,2,QGlKETlH1B4
yt-44214,0,1,ilsSBu6D5mQ
yt-44215,2,3,i0Ae16B9uu8
yt-44217,0,1,izjmMyE5mq8
yt-44218,2,3,m0_SMiOecko
yt-44219,1,2,9hABSMgOZZQ
yt-44221,0,0,aI7yJvoK4rE
yt-44222,0,1,naQ-OqFc0To
yt-44223,2,3,novideo-44223
yt-44225,2,3,qMAeQeZDgqA
yt-44226,0,1,DvdnwmwutCE
yt-44227,1,2,245tJt9MIgU
yt-44230,2,3,gHk3mTgBAGI
yt-44232,1,2,T0XYeiu2bVo
yt-44233,2,3,8UH6G1LnXR8
yt-44234,1,2,8H_wPFED5bI
yt-44235,1,2,1VTLzDSRNCE
yt-44236,2,3,H7EFBFU0xDM
yt-44237,2,3,ukDv9Yvq2yE
yt-44238,1,2,Poz7NGSawVg
yt-44239,2,3,8qWFCf7Ab7Y
yt-44240,1,2,53QBFdQGGUQ
yt-44241,1,2,teS7GwIzNP0
yt-44242,1,2,yxFNifrre78
yt-44243,1,2,bZAjeSUFiEE
yt-44244,0,1,XsmEUYIjrcY
yt-44245,2,3,zYfrMo8uHMQ
yt-44246,0,1,ilsSBu6D5mQ
yt-44247,1,2,LlxDEMjUfXQ
yt-44248,2,3,qzgGgh0AEB0
yt-44249,2,3,9cZRzlcBTLo
yt-44250,0,1,zj3YsbWaPeM
yt-44251,0,1,x6QDSYgZUqk
yt-44252,1,2,8UH6G1LnXR8
yt-44253,0,1,Eax6V6b4EMw
yt-44254,0,1,4dm3py3ZC0o
yt-44255,0,1,nfaADx4pcX8
yt-44256,2,3,DSbgJUhUn2I
yt-44258,0,1,d3-ZO8viWdI
yt-44259,0,0,F85faLwfcBI
yt-44260,0,1,Sm_dkyrR6tI
yt-44261,0,1,2VGJaaBrCyA
yt-44262,2,3,rCLX54yRVt0
yt-44263,0,1,E1-Oc13UO5U
yt-44264,2,3,8UH6G1LnXR8
yt-44265,1,2,IzGR6FIYTio
yt-44266,2,3,9hmhPF0bj9I
yt-44267,2,4,OVURuMEs0NM
yt-44268,2,3,IcVpCeocy44
yt-44269,2,3,MCRlYg2l4Jg
yt-44270,0,1,yuhO8zdMs8A
yt-44271,1,2,MeJx116tLFo
yt-44272,0,0,5Vn8pPRiJIg
yt-44273,0,1,novideo-44273
yt-44275,2,3,TcrYLcafriw
yt-44277,2,4,MhEQyO4-2o4
yt-44278,1,2,ytitID15C9w
yt-44279,1,2,RnEiqCtr7Jc
yt-44280,2,3,uRbjPF-1Udo
yt-44281,0,1,qpwjcdbZfRY
yt-44284,2,3,LbmOatgx-34
yt-44285,0,1,_X6OEsmXnBw
yt-44286,0,1,BxIMN2e6jYc
yt-44287,2,3,lLoN77KOTJw
yt-44288,0,0,tMeL7FKBpUQ
yt-44289,2,3,6K0qqR-yEz8
yt-44290,0,1,aUgYVg3wLNI
yt-44292,2,3,BxzKMAtbV_A
yt-44293,1,2,k0NbnlUxniI
yt-44294,2,3,Uk0B3EKJZj0
yt-44296,1,2,IJICQzsZoBA
yt-44297,0,1,-ged3TsXlU8
yt-44298,2,3,yTnHjR_HyMA
yt-44301,0,1,BvUSKnLQaWo
yt-44302,1,2,8qWFCf7Ab7Y
yt-44303,2,3,novideo-44303
yt-44305,1,2,SDHoAV8-Lbs
yt-44306,2,3,VTNyWzq3kj8
yt-44307,2,3,YS5e5OxkiVE
yt-44308,2,3,5wEpCknI7yg
yt-44309,2,3,EjhGqKqL25U
yt-44311,2,3,XeODiGQcQTg
yt-44312,0,1,KdgSw94DlVk
yt-44313,1,2,NJgMnHImxE8
yt-44314,0,1,vpoVEhc2Xgk
yt-44316,2,3,DC05VUtSHmA
yt-44317,2,3,oA3lSKxewMM
yt-44319,1,2,OUdkJZ24Xfg
yt-44320,1,2,bsskgFgtP-0
yt-44321,2,3,KD0uwOI5RZc
yt-44322,0,1,I1_YEir_YbM
yt-44323,2,3,il4nQa_F4go
yt-44325,2,3,VkuFXSGqxe8
yt-44326,2,3,DC05VUtSHmA
yt-44327,2,3,0uBQOW3Fmns
yt-44328,2,3,yEMY0GeVMsE
yt-44331,1,2,novideo-44331
yt-44334,2,3,Pe0SmG6Rzj0
yt-44335,0,1,ZpqJgmftaTg
yt-44336,0,1,-k2e_2zhrcU
yt-44337,2,3,B_1ivaUfegM
yt-44339,0,1,nTiapu5Irvk
yt-44340,0,0,fzQSr9zTB4U
yt-44342,2,3,6AhO7S64z0U
yt-44343,2,3,ZOUSjqTH1xk
yt-44345,0,1,cCJi_9GV44c
yt-44346,0,1,SxuKk3-9HuM
yt-44347,2,3,iJOGs-wscbk
yt-44348,1,2,8hjFXdX1Sw4
yt-44349,2,3,LKc7GVCieb0
yt-44350,2,3,NJAynZCKKbs
yt-44351,2,3,ulFwNfymkwk
yt-44352,0,1,sl5zBR5F9fk
yt-44353,0,1,23uamdMwpcA
yt-44354,2,3,PHt74nKN0HU
yt-44355,2,3,lH0hOoRKW8g
yt-44356,1,2,cfGcxajujAQ
yt-44357,1,2,gMip5cdQl3U
yt-44359,2,3,J9e-b-mek9A
yt-44361,0,1,oXXFG_i3qfE
yt-44362,1,2,PbnXIIkkmLk
yt-44363,1,2,r0TQoNUfz8o
yt-44364,2,3,kKzQScAZ-rA
yt-44365,1,2,WyRQqaKLmjQ
yt-44366,2,3,6-KgPPx3uwI
yt-44367,0,1,72ZZYxLv_L8
yt-44368,1,2,852q17z1D-A
yt-44369,0,1,novideo-44369
yt-44372,1,2,DK-L1hS6Iy4
yt-44374,2,3,DvTbjFIIa_A
yt-44375,2,3,IJ9vVLJA0Zw
yt-44376,1,2,oVd9Sgvsl-c
yt-44377,1,2,Z40emDptrVM
yt-44378,0,1,0gn0jISSgsk
yt-44379,0,1,sjRg0p_zBNk
yt-44380,0,0,47Tb8QZH02M
yt-44381,1,2,qzwDAVe6UuA
yt-44383,2,3,5nY2oCxR3Cg
yt-44384,0,1,hYY_cOIuE0U
yt-44386,2,3,MCRlYg2l4Jg
yt-44387,0,1,t-RAAKMZ3jU
yt-44388,0,1,H0bKUYV7g44
yt-44389,1,2,xyFvpYh1v9k
yt-44390,1,2,novideo-44390
yt-44391,2,3,x1z19gmdfNw
yt-44392,2,3,AkD944uT-lM
yt-44394,0,1,sZgbTEpm7XA
yt-44396,1,2,CEDBmkhOCwY
yt-44397,2,3,RQ_87n6BH10
yt-44399,2,3,oqhzw42jS38
yt-44400,2,3,JGDdMxxSEiw
yt-44402,1,2,UDQItSeTS8M
yt-44403,2,3,LJDxqnJksc0
yt-44404,1,2,R_-9ECHa8wE
yt-44405,2,3,Dggh-hbwaok
yt-44407,2,3,xyFvpYh1v9k
yt-44408,0,1,RFMEfhqfPas
yt-44409,2,3,o-3mzUJNov0
yt-44410,2,3,Ep61tpBLF_k
yt-44411,1,2,sopvQ1SiFnI
yt-44412,2,3,SvUqLNC_mPA
yt-44413,2,3,iJOGs-wscbk
yt-44414,2,3,LykotTtdTSQ
yt-44415,1,2,y-eH5oo7BP0
yt-44416,2,3,aJ2Ae6WAIgw
yt-44417,1,2,tm3SnDw9xqI
yt-44418,0,1,hURR5xNEy9g
yt-44420,2,3,8z-yaNav_ls
yt-44421,1,2,xwquU-4IGLU
yt-44422,0,1,bCqOkRyotAk
yt-44423,0,1,cCJi_9GV44c
yt-44424,2,3,q-9GYqtv1Ys
yt-44425,2,3,3TycaVO0Rso
yt-44426,0,1,RwyP5iuao0c
yt-44427,2,3,V7OcRCnZnqc
yt-44428,0,1,NvxUqsMgL1Y
yt-44429,2,3,QokMrwVKzZY
yt-44430,2,3,SH3-06sI77A
yt-44431,2,3,MfJ75ixwnUc
yt-44432,0,1,4oLANg-lKX4
yt-44433,2,3,H6WRH9RNcNw
yt-44434,0,1,edOT2L0K0WQ
yt-44435,1,2,UGR2BCGFxMo
yt-44436,0,0,uRFP_2R1xlU
yt-44438,0,1,RmJz0oF_goY
yt-44439,0,1,BKPd5aOL8hI
yt-44440,0,1,deqHw8MCPwQ
yt-44441,2,3,UBAY26elr-w
yt-44442,2,3,zhngeBSdLpc
yt-44444,0,1,nGZxH54Dgqg
yt-44445,0,1,w6mv_20HMnk
yt-44446,0,1,Uw5sSk-ZkYY
yt-44447,0,1,Nm8on_ZzXQc
yt-44448,1,2,Abq4vNaZH-w
yt-44451,2,3,Abq4vNaZH-w
yt-44452,1,2,qq2N5tkIRqI
yt-44453,1,2,Tn-3L8PMj9E
yt-44454,0,1,icobzjduqVw
yt-44455,2,4,BYGZzs8uZhI
yt-44456,0,0,2_JZVM_jFJM
yt-44457,2,3,voPIiBuUPtc
yt-44459,1,2,fwYZBXBlmsM
yt-44460,1,2,3ZO1w0exaO0
yt-44461,2,3,WgBoQYwsU8o
yt-44462,2,3,VkuFXSGqxe8
yt-44463,2,3,laLIidriPrs
yt-44464,1,2,R6UGk4QFXr4
yt-44465,2,3,VBL2qxlVypw
yt-44466,2,3,245tJt9MIgU
yt-44467,0,1,WF--CvhmU14
yt-44468,1,2,OhrX7At2UAs
yt-44469,2,3,EygQecaebe0
yt-44470,1,2,e9_5EDZtAVM
yt-44471,1,2,novideo-44471
yt-44472,2,3,86vAzL1qQIw
yt-44473,0,1,UahP7R7l168
yt-44474,1,2,qAoMIMeh7ns
yt-44475,0,1,ObkVz2OlMds
yt-44477,2,3,OOmCcAcFhEg
yt-44479,2,3,m0_SMiOecko
yt-44480,1,2,8Jbe4DKBy_M
yt-44481,0,1,SjBG8p6snGg
yt-44482,2,3,19J-hr046k0
yt-44484,2,3,TmhDyVM3mgo
yt-44485,0,0,OvXl7qGD8F4
yt-44486,2,3,y9UtWHfG31U
yt-44487,2,3,sZgbTEpm7XA
yt-44489,2,3,SjBG8p6snGg
yt-44490,2,4,WA4iX5D9Z64
yt-44491,2,3,m0_SMiOecko
yt-44492,2,3,BObJiy5noaM
yt-44493,2,3,novideo-44493
yt-44494,1,2,X7DNfUdKpNs
yt-44495,1,2,c0iP96eKztY
yt-44496,2,3,j6abzM1nCbo
yt-44497,0,1,0XQLpy6bHAc
yt-44498,2,3,f_q43PwPO90
yt-44499,2,3,8uJe2WQYzEY
yt-44503,2,3,SH3-06sI77A
yt-44505,0,1,fwYA2nZMN7Q
yt-44506,0,1,novideo-44506
yt-44508,0,0,UMS0Drd3GFU
yt-44509,2,4,i8fxVCzodU4
yt-44511,0,1,CDCgMIGBcNA
yt-44513,2,3,rau6I7_dyCA
yt-44514,1,2,dsOGnecnMdI
yt-44516,0,1,Jw7l5fag2f8
yt-44517,0,1,c5ZoOvhhEUU
yt-44518,2,3,m0_SMiOecko
yt-44519,2,3,P051rbLjttY
yt-44521,2,3,Hs-bKx4QK74
yt-44522,2,3,c-RIm4-wFK0
yt-44523,1,2,apYf5YiEqnE
yt-44524,0,1,-r7CxYS2qBs
yt-44525,2,3,BBUoXkpTe_c
yt-44526,2,3,PCFpZ0u_fyM
yt-44527,2,3,0s0PZqI_BOo
yt-44528,1,2,5_ZzO4c4bGE
yt-44529,0,1,sIfPoPvGN6M
yt-44530,0,1,6ZuNwK6kdmg
yt-44531,2,3,RnEiqCtr7Jc
yt-44532,2,3,m0_SMiOecko
yt-44533,0,1,vpoVEhc2Xgk
yt-44534,2,3,e1Uqw-tE6nU
yt-44535,1,2,DK-L1hS6Iy4
yt-44536,0,1,ol6xd_UkLzM
yt-44537,2,3,IMhdsMa6V9A
yt-44538,1,2,0tQkK6CUM8I
yt-44539,0,1,tMFYPR9s_n0
yt-44540,2,3,rt1E_PnNpYI
yt-44541,0,1,0f-IHQMpNA0
yt-44542,2,3,c0mWoXlglyU
yt-44543,2,3,v6m8b0x8Kdw
yt-44544,2,4,5a9XCO7ltyc
yt-44545,2,3,Lr6KQbQGkD0
yt-44547,2,3,IzGR6FIYTio
yt-44548,0,1,o8-4eE2YgDw
yt-44549,2,3,Y-6dOXDBflA
yt-44550,1,2,r2qBtNrhvJc
yt-44552,2,3,m0_SMiOecko
yt-44553,1,2,0l154Fz-9-g
yt-44554,0,1,EoliXTlgO00
yt-44555,1,2,EgTqRhG3i6Q
yt-44556,0,1,_QjGMChHEQc
yt-44557,1,2,_meH_tg8UwM
yt-44558,0,0,vpoVEhc2Xgk
yt-44559,0,1,JyZe2zffXzI
yt-44560,0,1,FsV5yOGYhrg
yt-44561,1,2,MPB2gw5lJ48
yt-44562,0,1,dSAjHWisG0c
yt-44563,2,3,qAoMIMeh7ns
yt-44564,2,3,g1UhspNtUiQ
yt-44565,0,1,ff6vbx_mCkg
yt-44567,2,3,BABRe53fna4
yt-44568,2,3,hmkI3JEXjmU
yt-44569,0,0,xCkjdAMMIsk
yt-44570,0,1,YG4v808VtXY
yt-44571,2,3,8NF7hx7ltHU
yt-44572,2,3,CueV2EQp9A0
yt-44573,1,2,lXvo5vZ4jH8
yt-44574,1,2,1Ym_jsAdMa4
yt-44575,2,3,7Y1Hh1Bgr-A
yt-44576,2,3,ilsSBu6D5mQ
yt-44577,2,3,UKpExvEDGx8
yt-44578,0,1,kWdmzvLjozE
yt-44579,0,1,pwq-txh6_VY
yt-44583,2,3,ZOUSjqTH1xk
yt-44585,0,1,ReejhPZfYmw
yt-44586,0,1,fnzs8oeTL7E
yt-44588,0,1,9QqyYZ1UrSM
yt-44589,2,3,e1Uqw-tE6nU
yt-44590,1,2,I4Ja9om70lc
yt-44591,0,0,Fld7D5lEomc
yt-44592,0,1,tPWDIxvvK48
yt-44594,2,3,8qWFCf7Ab7Y
yt-44595,0,1,IvZS9GW_C9s
yt-44596,0,1,GXpdksDVW9g
yt-44597,1,2,-Z0on3AaQ78
yt-44599,1,2,7x2bfxBXpgE
yt-44600,2,3,uRiW3NRF2Ys
yt-44601,0,1,AViiO6-p5ds
yt-44602,0,1,MhEQyO4-2o4
yt-44603,1,2,KD_seGGMQng
yt-44605,2,3,tXOU4o1-R8E
yt-44606,1,2,0M8ZZpCOzSo
yt-44610,1,2,z6o6I25klrc
yt-44611,2,3,novideo-44611
yt-44616,2,3,8qWFCf7Ab7Y
yt-44618,1,2,_BRrk_WgcQI
yt-44619,2,3,UKpExvEDGx8
yt-44621,1,2,P051rbLjttY
yt-44625,0,1,9LB-NzGgt-U
yt-44626,0,1,LdT7mTaAfIU
yt-44627,1,2,mD_D1JArYZE
yt-44628,2,4,aMJ41xb_nk4
yt-44630,0,1,ZBq8P6gIo9E
yt-44631,2,3,mHg4Wat0bdc
yt-44632,2,3,CD8pwUztP48
yt-44634,0,1,Ml8plcEh3fw
yt-44635,2,4,3aeJpHCTGMY
yt-44636,2,3,m0_SMiOecko
yt-44637,1,2,lvTBdyoNLM0
yt-44638,2,3,hURR5xNEy9g
yt-44639,1,2,MCRlYg2l4Jg
yt-44640,1,2,PpoCV3NVOSE
yt-44641,2,3,v9D3PKmtfYA
yt-44642,1,2,sQ3zaKODtaU
yt-44643,2,3,uCPkx7vX6ek
yt-44644,2,3,G3C_bJ_XwHw
yt-44645,0,0,CAzl_a-UDek
yt-44647,0,1,nvhf_kYoVms
yt-44649,0,1,SIiVdJ_HnUw
yt-44650,1,2,l7H8E1XFQvM
yt-44651,1,2,diOkxTDJWgI
yt-44652,2,4,M7_xKTcfHEc
yt-44653,1,2,P_2ONGBOEUM
yt-44654,1,2,RzXgg5vpyWk
yt-44655,0,1,LGEUmX6SWSg
yt-44656,0,1,xU7AVCl4XRs
yt-44657,1,2,2SS23xJULPk
yt-44658,1,2,EEN5X6bBtQc
yt-44659,2,3,J2SRVokb3IA
yt-44660,0,1,s0W0w2jeb18
yt-44661,0,1,8YGpGFiGZR4
yt-44662,1,2,pNbpijn86ec
yt-44663,2,3,6mhlN0VdTmY
yt-44664,2,3,h32evKyzJmQ
yt-44665,0,1,A5AqrSTQffo
yt-44666,2,3,3ramYQRrvz0
yt-44667,0,1,sZgbTEpm7XA
yt-44668,0,1,FuZVA3s7b1c
yt-44669,1,2,03R1dBgnIiU
yt-44670,2,3,m0_SMiOecko
yt-44671,1,2,UHljkYGbK18
yt-44672,2,3,E4JinWhJlP4
yt-44673,2,3,tCfU8b-XWHI
yt-44675,1,2,LsgX59cP77s
yt-44677,2,3,3DHoBRZ9nDs
yt-44678,2,4,UBAY26elr-w
yt-44679,1,2,UvKk4-jpv0Y
yt-44680,1,2,QRgVjOJIPRU
yt-44682,0,1,hAgmN5X4ZqU
yt-44683,0,1,ZpqJgmftaTg
yt-44684,0,1,novideo-44684
yt-44686,0,1,uRiW3NRF2Ys
yt-44687,0,0,novideo-44687
yt-44688,2,3,Q7J0kqyrJUE
yt-44689,0,1,vO4Qgzd3Z1A
yt-44691,2,4,7oIYlBL4LBI
yt-44693,0,1,qzXyi1ytWoY
yt-44695,0,1,2PezFGI3Mvk
yt-44698,1,2,Z97JSt35A2I
yt-44699,1,2,ONfMmSNXUzc
yt-44700,0,1,2wkLV1UvNyk
yt-44701,2,4,yypLKij21-Y
yt-44702,1,2,KSTQm3X7V7Q
yt-44703,0,1,2wgzBkbsPJg
yt-44704,0,1,KaUHWs3K8VE
yt-44705,1,2,Xw4FyKUpWs8
yt-44706,2,3,hmp4ZVhgm8o
yt-44707,2,3,4CO_qIXLOhY
yt-44708,0,1,5h0nRd32Jho
yt-44709,1,2,YoD3GqU9HJQ
yt-44710,2,3,novideo-44710
yt-44711,2,3,m0_SMiOecko
yt-44712,2,3,q8ieuQR4sKo
yt-44713,0,0,08zpfpBMiZ8
yt-44714,2,3,F-ni1DFtdr8
yt-44715,2,3,_kBt-B3CTHY
yt-44716,2,3,iDb9YO6YeXw
yt-44717,1,2,Eq8Ic1fZqMc
yt-44718,1,2,HGgVePO3MSI
yt-44719,0,1,C5sNA0hE9tE
yt-44720,2,3,PkLeE7ksifI
yt-44722,0,0,TxpmVP2EnCU
yt-44723,2,3,iRmZXzKS6e4
yt-44724,2,3,tAHK6E03ORo
yt-44725,0,1,x61QVEG7BPo
yt-44726,2,3,novideo-44726
yt-44728,2,3,novideo-44728
yt-44729,2,3,lounYQ5WELM
yt-44730,0,1,novideo-44730
yt-44732,0,1,QquXYHla7lg
yt-44733,1,2,BpNvIShIm3k
yt-44734,1,2,Z9k5dWX3Vlc
yt-44737,2,4,HXS-mMW28sg
yt-44738,2,3,ge-2TG1MFDE
yt-44739,2,3,7zFG6XcXU2g
yt-44740,0,1,uKOfdEFe9Ag
yt-44741,2,3,ZOUSjqTH1xk
yt-44742,2,3,50_ePQkWBhE
yt-44745,0,1,GbCJp2HqDJ4
yt-44747,1,2,7pdagiR3I6g
yt-44748,1,2,CVt3UBCUirg
yt-44749,1,2,Psf8wyxwj84
yt-44750,0,1,Dx1ynbOsMZ0
yt-44751,2,3,novideo-44751
yt-44752,0,1,Y75S3K2qeo0
yt-44753,2,3,m0_SMiOecko
yt-44754,2,3,novideo-44754
yt-44755,0,1,TaN8pJdUjH8
yt-44756,0,0,Q_BsKRzYE_w
yt-44757,0,1,4EPnmoWBUfU
yt-44758,2,3,Jm0QYJ4BqHs
yt-44760,2,3,LZVc0iDVrUE
yt-44761,2,3,XNk_K0xhR7A
yt-44762,0,1,W93B7cSaKLg
yt-44763,0,1,vWD9nT-m-tI
yt-44764,1,2,x6THsZwXioI
yt-44765,1,2,DC05VUtSHmA
yt-44766,0,1,jXcy0F1Zsv8
yt-44767,0,1,i-j51ugu4JI
yt-44768,1,2,6Whi2rQHBiU
yt-44770,0,1,rXCa53GRsyc
yt-44771,2,4,35knlJ4aOTg
yt-44773,2,3,N6TY2PqEa6Q
yt-44774,2,4,HtqyzjEuwlE
yt-44775,2,4,VkuFXSGqxe8
yt-44776,0,1,--D84UjD4XU
yt-44777,2,3,UaL1I72TgC0
yt-44778,0,1,bTz9okKE-NU
yt-44779,0,1,mHg4Wat0bdc
yt-44780,2,3,lwrg6SyK2EY
yt-44781,0,1,PNfdkQO4Scg
yt-44782,2,3,OxzRTxeJAII
yt-44783,2,3,xk5jUWlygLc
yt-44785,2,3,EXsaeOwgKHg
yt-44786,2,3,uu2zRlPidNk
yt-44787,2,3,DN8Y5hq8qro
yt-44788,0,1,H5WZyDQmS40
yt-44789,1,2,rHbJ3LxFqVI
yt-44790,1,2,GE1gQKXqiUk
yt-44793,1,2,TeYFrJ8x-Xs
yt-44794,2,3,4vgOTnNzkyk
yt-44795,0,1,tMFYPR9s_n0
yt-44796,0,1,06HSulZR5oc
yt-44797,1,2,YoD3GqU9HJQ
yt-44798,2,3,FuZVA3s7b1c
yt-44801,0,1,jXcy0F1Zsv8
yt-44802,2,3,sepI2oMcbsM
yt-44805,2,3,NHmGk7aC_wo
yt-44806,1,2,OhrX7At2UAs
yt-44807,2,3,EDUEW6-TjC4
yt-44808,2,3,JimcBwl9V64
yt-44809,1,2,wC9QWGmNGEo
yt-44810,1,2,IyoZBHfRydM
yt-44811,2,3,2HkImmJOlgE
yt-44812,0,1,fAZd8Zv3sQQ
yt-44814,0,1,ZpqJgmftaTg
yt-44816,2,3,tAHK6E03ORo
yt-44817,2,4,hYlLjR8TXMg
yt-44818,2,3,Y3T20pSx4C0
yt-44819,2,3,m0_SMiOecko
yt-44821,2,3,R7tmj96z8-w
yt-44823,0,1,1AqAmoMfAZs
yt-44824,0,1,lI1oqV2uKAU
yt-44826,0,0,U_R8n-5Ep3A
yt-44827,2,3,8qWFCf7Ab7Y
yt-44828,2,3,m0_SMiOecko
yt-44829,2,3,VkuFXSGqxe8
yt-44832,2,3,0VrZVZNR8oA
yt-44834,1,2,novideo-44834
yt-44835,1,2,qXgXIHB2a5o
yt-44836,2,3,Awi5YLCzRzk
yt-44837,0,1,iVgRvHzIkJg
yt-44838,1,2,iKJtzE16FIs
yt-44843,2,3,sBcv58DvnTc
yt-44844,0,1,tuqPFKF5NJo
yt-44845,2,3,Ci_V1mPxbVs
yt-44846,1,2,H5WZyDQmS40
yt-44847,0,1,novideo-44847
yt-44848,1,2,YD3OakzpBLc
yt-44849,2,3,1VTLzDSRNCE
yt-44850,2,3,DC05VUtSHmA
yt-44851,2,3,tAHK6E03ORo
yt-44852,0,1,cCJi_9GV44c
yt-44853,2,3,4nzT8ded-bc
yt-44854,0,1,AtYTtLKLrv0
yt-44855,0,1,f22PcbB4mM8
yt-44856,1,2,tuqPFKF5NJo
yt-44857,0,1,ZOUSjqTH1xk
yt-44858,0,1,M9W9zk014rY
yt-44859,2,3,DC05VUtSHmA
yt-44861,0,1,9Vs4_IFDAeY
yt-44862,2,3,novideo-44862
yt-44863,0,1,7TPbH0Wqw6I
yt-44865,1,2,YBT3tEQtL9E
yt-44866,1,2,0_6C6czeoRk
yt-44867,0,1,novideo-44867
yt-44868,1,2,Y4lTDBEr0BM
yt-44869,0,1,xYFR5YJ5gv0
yt-44870,1,2,M6gildqxbhI
yt-44871,0,1,novideo-44871
yt-44872,2,3,m0_SMiOecko
yt-44873,2,4,u7whJGwIipQ
yt-44875,1,2,qPw-VFxzyJY
yt-44876,2,3,lEDAfEtKjhE
yt-44880,1,2,Dr5zSI-8ZBg
yt-44881,2,3,NW5ZrDYzJEI
yt-44882,0,1,cGN5w_Glqok
yt-44883,2,3,9gGc3-cGYBA
yt-44884,2,4,Hl3Bg0grAwY
yt-44885,0,1,T2RfleNg7vQ
yt-44886,2,3,kHwHSMPne2U
yt-44887,2,3,YJ5n9i3mCbc
yt-44888,1,2,R8ynBEx81UE
yt-44889,1,2,pXdKUWlLH0g
yt-44890,0,0,o0xbhlphYTw
yt-44892,1,2,PCFpZ0u_fyM
yt-44893,2,3,zhngeBSdLpc
yt-44895,0,1,BFuz4UsYRVo
yt-44898,1,2,W0Xx5OzQP7o
yt-44899,2,3,9B6Ovwf9T6k
yt-44900,0,1,s274dj97BW4
yt-44901,2,3,Sox8CAYui5A
yt-44902,2,3,1DMiZxHKoRQ
yt-44904,1,2,wjkwoa74XyA
yt-44905,0,1,zWe_gwkgKlw
yt-44907,2,3,PSDZRrtFYn4
yt-44908,2,3,VDayebVfHLo
yt-44909,2,3,ysJDWeF5Z0A
yt-44912,0,1,5RnscnAPNms
yt-44913,2,3,8cnhmXyC7bY
yt-44914,2,3,Z9k5dWX3Vlc
yt-44915,1,2,js3AebN1HNo
yt-44916,2,3,CBVGd8NfMxk
yt-44917,2,3,VkuFXSGqxe8
yt-44918,0,1,PkLeE7ksifI
yt-44919,2,3,auv0_8Gofd4
yt-44922,2,3,Plg9P8sBAYE
yt-44923,0,1,y2tkxhVww4M
yt-44924,2,3,mZhm1zQ_RQg
yt-44925,1,2,4OxUJWF_jy0
yt-44926,0,1,NxypeHZMIGQ
yt-44927,2,3,miyR7b0h7Eo
yt-44928,1,2,k-1XRVJ0BI4
yt-44929,2,3,yLV4MyNTSvo
yt-44930,1,2,LTx36uysGuU
yt-44931,0,0,9FZQ0My-Wrg
yt-44933,1,2,iRaO_aZw1fA
yt-44934,0,1,SAiV087PyUI
yt-44935,0,1,lubv6JkEm98
yt-44936,2,4,ktwETEMGT6k
yt-44937,2,3,xxmBEiWYYPA
yt-44939,2,3,L7Y9DOGUjMk
yt-44940,0,1,kFhbROgtYXM
yt-44941,0,1,eivvYSLBvr8
yt-44942,0,1,w6mv_20HMnk
yt-44943,2,3,TM1VmKAh1HU
yt-44944,1,2,VAVm52g8qxw
yt-44945,2,3,pkseu5q2vnU
yt-44946,0,1,5RnscnAPNms
yt-44947,2,3,StEbUmobvwo
yt-44948,2,3,m0_SMiOecko
yt-44949,2,3,pqinvobBwRQ
yt-44950,0,1,Vl6zCgGzYVs
yt-44952,2,3,OhrX7At2UAs
yt-44954,2,3,5UXGwEGW51A
yt-44955,0,0,D-WhXYgdm40
yt-44956,0,1,5-pzX4BQz8c
yt-44957,2,3,OMQLXHJhhYs
yt-44958,2,3,DpkKmdxmpF8
yt-44959,1,2,X7fl-jN24j0
yt-44960,2,3,novideo-44960
yt-44961,2,4,F-ni1DFtdr8
yt-44963,2,3,142H3lq7_RQ
yt-44964,1,2,YA7DofuCcHs
yt-44965,1,2,novideo-44965
yt-44966,0,1,H0bKUYV7g44
yt-44967,2,3,HtqyzjEuwlE
yt-44970,2,3,mMWbZwrjWRE
yt-44971,0,1,-VDjG0yKBls
yt-44972,0,1,8-bDTTm3vuE
yt-44974,1,2,OMQLXHJhhYs
yt-44975,1,2,MEbQaysavtU
yt-44976,1,2,7zFG6XcXU2g
yt-44977,2,4,novideo-44977
yt-44979,1,2,hFz8QIR550k
yt-44980,2,3,Uy_hk3cZciw
yt-44981,0,1,iLNBSJBwqiI
yt-44982,0,1,xk6-HhfM7XI
yt-44983,0,1,_LOkVOKT9vM
yt-44984,1,2,1AqAmoMfAZs
yt-44985,0,1,NK-EG-bxX18
yt-44987,0,1,4vRbv9Nit-o
yt-44988,0,0,5AwtWNYnhxk
yt-44989,0,1,21CyJn0Dlkc
yt-44992,0,1,bCDKcKkR-KE
yt-44993,0,1,A7GZ5z25VRM
yt-44994,0,1,W5_bS9uv7sw
yt-44995,0,1,SW2-c9nfqyo
yt-44996,1,2,IOX4x1GPTLM
yt-44998,0,1,2TT6quG-ekw
yt-44999,0,1,zOlInbIgbyE
